customer_id,customer_name,country,city,plan,segment,signup_date
C00001,Maya Taylor,United States,Seattle,Basic,Consumer,2023-07-29
C00002,Henry Hassan,United Kingdom,Leeds,Basic,Consumer,2024-04-21
C00004,Lucas Green,Canada,Toronto,Plus,Consumer,2025-05-15
C00005,Ava Lewis,UAE,Dubai,Premium,Consumer,2023-07-09
C00006,Emma Taylor,Germany,Hamburg,Plus,Small Business,2025-07-29
C00007,James Taylor,France,Paris,Plus,Small Business,2025-01-10
C00008,Zoe Lee,United Kingdom,London,Plus,Small Business,2023-06-13
C00009,Sam Clark,United Kingdom,Leeds,Basic,Small Business,2025-01-17
C00010,Ethan Young,Germany,Munich,Plus,Small Business,2023-05-27
C00011,Yusuf Khan,UAE,Sharjah,Plus,Consumer,2025-02-16
C00012,Isla Thomas,Australia,Brisbane,Premium,Small Business,2024-04-14
C00013,Ella Johnson,Germany,Frankfurt,Basic,Consumer,2026-03-07
C00014,Chloe Ahmed,Germany,Munich,Plus,Consumer,2025-07-28
C00015,Mia Lewis,UAE,Dubai,Plus,Consumer,2026-04-12
C00016,Omar Anderson,France,Nice,Basic,Enterprise,2025-11-09
C00017,Daniel Brown,United States,New York,Basic,Consumer,2025-05-14
C00018,Yusuf Brown,France,Bordeaux,Plus,Consumer,2024-05-29
C00019,James Moore,United States,New York,Plus,Consumer,2024-06-30
C00020,Sara Khan,Germany,Berlin,Basic,Consumer,2023-01-07
C00021,Jack Anderson,Canada,Vancouver,Plus,Consumer,2024-09-03
C00022,Ella Khan,Australia,Melbourne,Basic,Consumer,2025-12-22
C00023,Ryan Smith,Germany,Frankfurt,Basic,Enterprise,2024-09-21
C00024,Lucas Johnson,Australia,Sydney,Basic,Consumer,2023-05-22
C00025,Sara Nelson,UAE,Dubai,Plus,Enterprise,2023-12-05
C00027,Lina Walker,France,Nice,Basic,Consumer,2023-09-05
C00028,Lucas Clark,United Kingdom,Bristol,Basic,Consumer,2024-03-27
C00029,Amelia Brown,United States,Austin,Basic,Consumer,2024-11-07
C00030,Olivia Adams,Australia,Brisbane,Plus,Consumer,2023-09-28
C00031,Jack Thomas,Singapore,Singapore,Plus,Small Business,2024-01-25
C00032,Liam Taylor,France,Nice,Basic,Consumer,2023-04-21
C00033,Henry Khan,United Kingdom,London,Basic,Consumer,2023-08-12
C00034,Lucas Lee,Australia,Perth,Basic,Consumer,2025-08-05
C00035,Lucas Moore,United Kingdom,Leeds,Plus,Small Business,2023-07-20
C00036,Noah Khan,United States,New York,Premium,Small Business,2023-12-07
C00037,Omar Baker,Singapore,Singapore,Premium,Small Business,2023-12-04
C00038,Emma Smith,France,Nice,Premium,Small Business,2024-08-07
C00039,Omar Ahmed,Singapore,Singapore,Basic,Consumer,2023-04-30
C00040,Zoe Hassan,United States,Seattle,Basic,Consumer,2025-10-26
C00041,Ryan Moore,UAE,Dubai,Premium,Consumer,2024-01-16
C00042,Olivia Mitchell,United Kingdom,Manchester,Basic,Enterprise,2026-03-12
C00043,Lucas Carter,United States,New York,Basic,Consumer,2025-12-06
C00044,Ava Thomas,Canada,Vancouver,Plus,Consumer,2024-06-27
C00045,Emma Wilson,Canada,Ottawa,Basic,Small Business,2023-05-29
C00046,Amelia Green,United Kingdom,London,Plus,Consumer,2023-09-29
C00047,Ryan Young,United Kingdom,Manchester,Basic,Consumer,2026-01-17
C00048,Lina Walker,United States,Seattle,Premium,Consumer,2023-10-03
C00049,Isla Taylor,United Kingdom,Manchester,Basic,Consumer,2024-12-03
C00050,Sophia Patel,Canada,Ottawa,Basic,Small Business,2023-04-15
C00051,Olivia Khan,France,Nice,Basic,Consumer,2023-09-25
C00052,Maya Lewis,UAE,Sharjah,Basic,Small Business,2026-02-22
C00053,Amelia Taylor,United Kingdom,Manchester,Plus,Small Business,2026-04-07
C00054,James Wilson,France,Lyon,Basic,Consumer,2023-03-23
C00055,Chloe Young,Australia,Melbourne,Plus,Consumer,2026-02-20
C00057,Alex Miller,UAE,Abu Dhabi,Basic,Small Business,2024-11-11
C00058,Alex Thomas,France,Lyon,Basic,Small Business,2023-08-10
C00059,Emma Moore,United States,Chicago,Basic,Small Business,2025-07-31
C00060,Adam Walker,Australia,Melbourne,Basic,Consumer,2024-11-03
C00061,Isla Moore,United Kingdom,Bristol,Basic,Consumer,2026-01-03
C00063,Noah Taylor,France,Nice,Plus,Consumer,2025-11-13
C00064,Liam King,Australia,Brisbane,Basic,Consumer,2025-11-30
C00065,Ryan Miller,Australia,Brisbane,Basic,Enterprise,2024-11-07
C00066,Yusuf Hall,United Kingdom,Bristol,Plus,Small Business,2024-10-30
C00067,Emma Ahmed,Canada,Vancouver,Basic,Small Business,2025-02-15
C00068,Henry Hassan,UAE,Sharjah,Plus,Consumer,2023-01-01
C00069,Leo Walker,Australia,Perth,Plus,Consumer,2024-10-21
C00071,Henry Brown,Canada,Calgary,Basic,Enterprise,2024-04-26
C00072,Henry Walker,Australia,Melbourne,Basic,Consumer,2025-08-31
C00073,Yusuf Moore,United Kingdom,Leeds,Basic,Small Business,2024-02-03
C00074,Lina Ahmed,France,Bordeaux,Basic,Consumer,2023-01-12
C00076,Nora Johnson,Australia,Sydney,Basic,Small Business,2025-12-23
C00077,James Mitchell,Germany,Frankfurt,Plus,Small Business,2025-10-30
C00078,Omar Davis,Singapore,Singapore,Plus,Consumer,2024-06-14
C00079,Sara Clark,Canada,Ottawa,Plus,Consumer,2023-06-08
C00080,Lina Walker,Australia,Brisbane,Basic,Small Business,2023-06-15
C00081,Mia Wilson,Australia,Perth,Plus,Small Business,2023-05-12
C00082,Omar Wright,Germany,Frankfurt,Basic,Consumer,2025-05-10
C00083,Emma Anderson,United States,Chicago,Basic,Enterprise,2024-09-03
C00084,Sara King,France,Lyon,Basic,Consumer,2025-09-21
C00085,Amelia King,Germany,Frankfurt,Plus,Small Business,2023-09-19
C00086,Yusuf Nelson,United States,Chicago,Plus,Small Business,2023-06-21
C00087,Maya Wright,UAE,Abu Dhabi,Basic,Consumer,2024-11-01
C00088,Sophia Green,Germany,Hamburg,Plus,Consumer,2025-05-13
C00089,Isla Davis,United Kingdom,Leeds,Basic,Consumer,2024-12-17
C00090,Lucas Khan,United Kingdom,London,Plus,Enterprise,2024-02-13
C00091,Ella Smith,UAE,Dubai,Basic,Small Business,2026-03-01
C00092,Sophia Green,Canada,Calgary,Basic,Consumer,2023-08-23
C00093,Sara Davis,UAE,Abu Dhabi,Basic,Consumer,2024-09-30
C00094,Zoe Patel,France,Bordeaux,Premium,Consumer,2024-05-12
C00095,Liam Ahmed,Canada,Toronto,Plus,Consumer,2023-03-26
C00096,Adam Nelson,France,Nice,Basic,Small Business,2023-01-26
C00097,Sam Wright,Singapore,Singapore,Basic,Consumer,2025-07-30
C00098,Lina Wilson,France,Lyon,Plus,Enterprise,2024-07-07
C00099,Yusuf Miller,Singapore,Singapore,Basic,Small Business,2024-07-03
C00100,Ava Moore,Australia,Sydney,Basic,Consumer,2025-08-09
C00101,Zoe Mitchell,France,Nice,Basic,Small Business,2024-01-08
C00102,Daniel Lee,Germany,Hamburg,Basic,Small Business,2024-07-19
C00103,James Smith,Australia,Sydney,Basic,Consumer,2026-02-11
C00104,Sara Clark,Singapore,Singapore,Basic,Consumer,2024-08-25
C00105,Lucas King,Australia,Brisbane,Plus,Consumer,2026-02-07
C00106,Layla Young,France,Nice,Basic,Consumer,2024-09-19
C00107,Isla Clark,United Kingdom,Manchester,Basic,Small Business,2024-01-15
C00108,Sophia Lee,Singapore,Singapore,Plus,Enterprise,2025-12-10
C00109,Yusuf Walker,United Kingdom,Manchester,Basic,Consumer,2024-09-11
C00110,Amelia Ahmed,UAE,Abu Dhabi,Basic,Consumer,2024-08-21
C00111,Lina Wilson,Singapore,Singapore,Premium,Consumer,2025-08-19
C00112,Daniel Green,Germany,Munich,Premium,Consumer,2025-09-05
C00113,Liam Davis,United Kingdom,Leeds,Basic,Consumer,2023-04-20
C00114,Mia Wilson,Canada,Toronto,Premium,Consumer,2025-05-02
C00115,Yusuf Mitchell,Australia,Perth,Basic,Consumer,2025-05-28
C00116,Leo Carter,United States,New York,Premium,Consumer,2024-03-08
C00117,Isla Patel,United Kingdom,Manchester,Basic,Consumer,2023-11-17
C00118,Amelia Wright,Singapore,Singapore,Basic,Consumer,2024-08-02
C00119,Lina Moore,Singapore,Singapore,Plus,Enterprise,2024-02-10
C00120,Omar Taylor,Australia,Melbourne,Premium,Small Business,2023-05-27
C00121,Noah Martin,Canada,Calgary,Basic,Consumer,2024-09-14
C00122,Lina King,Canada,Ottawa,Basic,Consumer,2025-06-03
C00123,Jack Hall,Canada,Toronto,Basic,Enterprise,2026-03-24
C00124,Zoe Smith,Canada,Toronto,Plus,Consumer,2025-11-28
C00125,Maya Green,Canada,Vancouver,Premium,Consumer,2025-10-04
C00126,Olivia Baker,Germany,Frankfurt,Basic,Small Business,2023-11-26
C00127,Ava Wright,Singapore,Singapore,Plus,Consumer,2026-01-31
C00128,Noah Green,United Kingdom,Bristol,Basic,Consumer,2025-04-07
C00129,Sam Adams,United States,Chicago,Basic,Consumer,2025-01-10
C00130,Yusuf Garcia,Singapore,Singapore,Plus,Consumer,2026-01-29
C00131,Mia Thomas,Canada,Ottawa,Premium,Consumer,2023-03-01
C00132,Maya Mitchell,Australia,Melbourne,Basic,Consumer,2025-04-15
C00133,Olivia Clark,United Kingdom,Leeds,Premium,Small Business,2023-11-12
C00134,Daniel Thomas,Canada,Calgary,Basic,Consumer,2025-08-25
C00135,Lucas Green,UAE,Abu Dhabi,Basic,Consumer,2023-10-07
C00136,Sam Brown,Canada,Ottawa,Basic,Small Business,2024-07-01
C00137,Ella Smith,Canada,Calgary,Premium,Consumer,2025-09-29
C00138,Sam Wilson,Singapore,Singapore,Basic,Consumer,2026-01-17
C00139,Emma Green,Germany,Munich,Premium,Consumer,2025-02-23
C00140,Lucas Moore,France,Paris,Basic,Consumer,2025-02-19
C00141,Emma Patel,UAE,Abu Dhabi,Premium,Consumer,2024-11-10
C00142,Sam Taylor,Singapore,Singapore,Plus,Consumer,2023-10-23
C00143,Omar Moore,UAE,Dubai,Basic,Enterprise,2024-11-24
C00144,Yusuf Ahmed,France,Paris,Premium,Small Business,2025-12-28
C00145,Emma Hall,Singapore,Singapore,Plus,Consumer,2024-08-11
C00146,Lucas Hassan,United Kingdom,Leeds,Premium,Small Business,2023-07-25
C00147,Nora Martin,Canada,Toronto,Basic,Small Business,2024-08-23
C00148,Adam Young,France,Lyon,Basic,Consumer,2024-01-04
C00150,Mia Clark,Singapore,Singapore,Basic,Small Business,2025-08-10
C00151,Chloe Walker,UAE,Dubai,Basic,Consumer,2024-09-04
C00152,Maya Wright,Canada,Ottawa,Premium,Consumer,2025-02-26
C00153,Sam Baker,United Kingdom,Manchester,Basic,Consumer,2024-08-28
C00154,Lina Walker,United States,Chicago,Basic,Consumer,2023-04-11
C00155,Ryan Mitchell,Singapore,Singapore,Plus,Consumer,2024-12-22
C00156,Lucas Khan,Australia,Brisbane,Plus,Small Business,2023-10-08
C00157,Maya Taylor,United States,Seattle,Plus,Consumer,2025-01-17
C00158,Jack Wilson,United Kingdom,Bristol,Basic,Consumer,2024-02-16
C00159,Mia Miller,Germany,Hamburg,Premium,Consumer,2025-09-13
C00160,Alex Walker,Germany,Berlin,Basic,Consumer,2024-04-07
C00161,Sam Patel,France,Nice,Basic,Consumer,2024-06-25
C00162,James Taylor,Singapore,Singapore,Plus,Small Business,2026-04-12
C00163,Emma Davis,Germany,Berlin,Plus,Consumer,2026-02-23
C00164,Ava Thomas,Australia,Sydney,Plus,Consumer,2024-09-10
C00165,Maya Wright,United Kingdom,Manchester,Basic,Consumer,2025-10-05
C00166,Liam Taylor,Australia,Melbourne,Basic,Consumer,2026-01-11
C00167,Omar Carter,UAE,Abu Dhabi,Plus,Small Business,2025-04-15
C00168,Isla Johnson,Germany,Munich,Basic,Enterprise,2025-01-12
C00169,Liam Patel,Germany,Hamburg,Basic,Consumer,2023-09-08
C00170,Sam Davis,Singapore,Singapore,Plus,Small Business,2023-02-13
C00171,Noah Miller,Germany,Munich,Premium,Small Business,2024-02-25
C00172,Olivia Davis,Australia,Melbourne,Plus,Consumer,2023-10-30
C00173,Alex Anderson,United States,Seattle,Premium,Consumer,2023-09-24
C00174,James Lewis,UAE,Dubai,Plus,Consumer,2023-01-31
C00175,Adam Miller,Australia,Brisbane,Basic,Consumer,2023-09-17
C00176,Jack Wright,United Kingdom,London,Basic,Small Business,2025-11-17
C00177,Zoe Taylor,Singapore,Singapore,Premium,Consumer,2025-12-03
C00178,Leo Green,United States,New York,Premium,Small Business,2025-05-23
C00179,Henry Taylor,Singapore,Singapore,Basic,Consumer,2023-10-31
C00180,Olivia Wilson,Canada,Calgary,Basic,Consumer,2024-08-26
C00181,Nora Adams,France,Paris,Plus,Consumer,2026-02-03
C00182,Jack Moore,Australia,Perth,Basic,Consumer,2024-11-25
C00183,Ella Green,France,Bordeaux,Plus,Consumer,2024-10-02
C00184,Henry Lewis,Germany,Munich,Plus,Consumer,2023-07-06
C00186,James Johnson,Germany,Berlin,Basic,Small Business,2025-05-16
C00187,Sam Thomas,United States,Seattle,Plus,Consumer,2026-03-29
C00188,Layla Lee,UAE,Sharjah,Basic,Small Business,2024-12-18
C00189,Sam Nelson,Germany,Berlin,Plus,Consumer,2025-05-28
C00190,Sam Nelson,United States,Seattle,Basic,Consumer,2024-09-24
C00191,Ryan Hall,Germany,Berlin,Basic,Consumer,2025-03-31
C00192,Olivia Wilson,United States,New York,Plus,Consumer,2025-05-09
C00193,Nora Hall,UAE,Abu Dhabi,Basic,Consumer,2026-03-08
C00194,Yusuf Brown,United States,Austin,Basic,Consumer,2023-06-17
C00195,Isla Green,France,Bordeaux,Plus,Consumer,2024-03-17
C00196,Sara Adams,United Kingdom,Bristol,Basic,Consumer,2025-09-23
C00197,Layla Patel,Canada,Toronto,Basic,Enterprise,2023-04-23
C00198,Amelia Lee,Canada,Vancouver,Plus,Small Business,2024-08-15
C00199,Ava Taylor,United States,Chicago,Plus,Consumer,2025-02-17
C00200,James Ahmed,Australia,Brisbane,Basic,Small Business,2023-03-28
C00201,Omar Smith,Singapore,Singapore,Premium,Consumer,2026-03-20
C00203,Ethan Miller,Singapore,Singapore,Basic,Small Business,2024-05-13
C00204,Omar Carter,France,Paris,Basic,Consumer,2024-11-26
C00205,Lucas Hall,UAE,Dubai,Plus,Consumer,2025-11-10
C00206,Sophia Anderson,Germany,Hamburg,Plus,Small Business,2023-10-30
C00207,Lucas Taylor,UAE,Abu Dhabi,Basic,Consumer,2023-06-04
C00208,Ethan Garcia,Singapore,Singapore,Plus,Small Business,2025-07-08
C00209,Henry Thomas,Germany,Hamburg,Basic,Consumer,2025-06-24
C00210,Maya Walker,Canada,Toronto,Basic,Consumer,2025-08-03
C00211,Nora Johnson,United States,Seattle,Premium,Consumer,2023-07-04
C00212,Yusuf Mitchell,France,Bordeaux,Plus,Enterprise,2023-03-26
C00213,Nora Thomas,Australia,Brisbane,Plus,Consumer,2023-05-07
C00214,Nora Taylor,Germany,Berlin,Plus,Consumer,2024-05-22
C00215,Lina Green,Singapore,Singapore,Basic,Enterprise,2025-03-04
C00216,Omar Garcia,Germany,Berlin,Plus,Small Business,2023-05-15
C00217,Ava Taylor,France,Nice,Basic,Small Business,2023-11-04
C00218,Ava Brown,UAE,Abu Dhabi,Basic,Small Business,2025-03-13
C00219,Mia Mitchell,United Kingdom,Bristol,Plus,Small Business,2024-11-03
C00220,Ella Wilson,United Kingdom,Leeds,Plus,Consumer,2024-09-24
C00221,Ethan Lee,Germany,Frankfurt,Basic,Enterprise,2023-11-14
C00222,Olivia Walker,United Kingdom,London,Plus,Small Business,2023-09-26
C00223,Yusuf King,UAE,Dubai,Basic,Small Business,2023-12-06
C00224,Jack Green,United States,Chicago,Basic,Small Business,2025-06-28
C00225,Yusuf Walker,Singapore,Singapore,Plus,Consumer,2025-08-18
C00226,Chloe Davis,Australia,Brisbane,Plus,Consumer,2025-06-21
C00227,Nora Garcia,Canada,Ottawa,Plus,Consumer,2023-11-28
C00229,James Thomas,United Kingdom,London,Basic,Small Business,2024-07-12
C00230,Nora Anderson,UAE,Abu Dhabi,Basic,Enterprise,2025-07-12
C00231,Chloe Young,United States,Chicago,Basic,Consumer,2024-04-27
C00232,Emma Brown,Germany,Munich,Basic,Enterprise,2024-11-17
C00233,Alex Wilson,UAE,Dubai,Basic,Small Business,2023-10-12
C00234,Sara Ahmed,Singapore,Singapore,Plus,Small Business,2023-02-08
C00236,Liam Garcia,Canada,Vancouver,Basic,Consumer,2025-05-09
C00237,Maya Miller,Singapore,Singapore,Basic,Small Business,2026-01-02
C00238,Amelia Khan,Australia,Melbourne,Basic,Consumer,2024-12-23
C00239,Lucas Carter,France,Lyon,Plus,Consumer,2025-01-08
C00240,Olivia Adams,United States,Chicago,Premium,Consumer,2025-03-03
C00241,Adam Lewis,United States,Seattle,Plus,Consumer,2023-08-01
C00242,Sara Carter,Germany,Munich,Basic,Consumer,2023-12-25
C00243,Ella Garcia,Singapore,Singapore,Plus,Small Business,2023-05-10
C00244,Lina Garcia,Singapore,Singapore,Basic,Consumer,2024-02-13
C00245,Chloe Johnson,Germany,Hamburg,Plus,Enterprise,2026-01-17
C00246,Daniel Lewis,United States,Austin,Basic,Small Business,2023-04-08
C00248,Jack Green,France,Nice,Premium,Consumer,2025-10-15
C00249,Adam Thomas,Canada,Toronto,Plus,Consumer,2024-01-05
C00250,James Walker,Germany,Berlin,Basic,Small Business,2024-09-19
C00251,Nora Mitchell,France,Lyon,Plus,Consumer,2023-03-28
C00252,Jack Moore,Germany,Frankfurt,Basic,Enterprise,2023-04-28
C00253,Olivia Patel,France,Nice,Plus,Small Business,2023-11-24
C00254,Amelia Wilson,Singapore,Singapore,Basic,Consumer,2025-01-20
C00255,Adam King,United States,Austin,Plus,Enterprise,2025-01-31
C00256,Nora Garcia,United Kingdom,Manchester,Plus,Consumer,2024-07-24
C00257,Lucas Taylor,United States,Austin,Basic,Consumer,2026-02-24
C00258,Liam Lewis,Canada,Ottawa,Basic,Consumer,2025-10-02
C00259,Sophia Taylor,UAE,Dubai,Basic,Small Business,2025-06-30
C00261,Chloe Walker,UAE,Sharjah,Plus,Small Business,2023-12-23
C00262,Alex Young,Australia,Sydney,Premium,Small Business,2024-04-29
C00263,Alex Baker,United States,Seattle,Plus,Consumer,2026-02-03
C00264,Mia Mitchell,United Kingdom,London,Basic,Enterprise,2025-09-07
C00265,Layla Wright,France,Paris,Basic,Consumer,2023-06-01
C00266,Nora Green,Germany,Munich,Premium,Small Business,2024-01-08
C00267,Sara Wilson,France,Paris,Premium,Consumer,2024-09-14
C00268,Ethan Martin,Germany,Munich,Basic,Enterprise,2024-08-04
C00269,Sam Brown,Canada,Vancouver,Plus,Consumer,2023-09-14
C00270,Maya Walker,United Kingdom,Manchester,Plus,Consumer,2023-12-17
C00271,Henry Mitchell,Germany,Berlin,Premium,Consumer,2023-04-04
C00272,Maya Garcia,Canada,Vancouver,Plus,Consumer,2023-03-04
C00273,Daniel Anderson,Canada,Calgary,Basic,Small Business,2025-04-11
C00275,Sophia Hall,UAE,Abu Dhabi,Premium,Consumer,2024-12-08
C00277,Nora Clark,UAE,Dubai,Basic,Enterprise,2025-05-06
C00278,Lucas Moore,UAE,Abu Dhabi,Premium,Small Business,2024-01-24
C00279,Sara Martin,Singapore,Singapore,Basic,Consumer,2023-02-17
C00280,Olivia King,Singapore,Singapore,Basic,Consumer,2023-04-14
C00281,Leo Baker,Singapore,Singapore,Plus,Small Business,2025-06-01
C00282,Mia Anderson,Canada,Calgary,Plus,Consumer,2025-03-31
C00283,Noah Carter,Australia,Brisbane,Plus,Consumer,2025-10-29
C00284,Nora Garcia,Canada,Toronto,Basic,Consumer,2025-02-03
C00285,Alex Hall,Germany,Munich,Basic,Consumer,2025-10-21
C00286,Noah Johnson,United States,Austin,Plus,Small Business,2025-11-29
C00287,Nora Wilson,UAE,Abu Dhabi,Premium,Consumer,2025-03-15
C00288,Yusuf Hassan,Canada,Calgary,Plus,Consumer,2025-09-30
C00289,Lina Carter,Canada,Ottawa,Plus,Consumer,2023-08-13
C00290,Omar Carter,Canada,Toronto,Plus,Consumer,2026-03-30
C00291,Zoe Clark,United States,Chicago,Basic,Small Business,2025-02-17
C00293,Amelia Green,Germany,Frankfurt,Basic,Small Business,2025-04-20
C00296,Ava Nelson,Germany,Hamburg,Plus,Consumer,2024-05-19
C00297,Isla Nelson,Canada,Vancouver,Premium,Enterprise,2024-08-14
C00299,Leo Taylor,France,Bordeaux,Plus,Enterprise,2023-10-27
C00300,Leo Johnson,Canada,Toronto,Basic,Consumer,2024-06-09
C00302,Lina Lewis,UAE,Dubai,Plus,Consumer,2024-05-11
C00303,Noah Patel,Australia,Melbourne,Basic,Consumer,2025-08-25
C00305,Omar Khan,Singapore,Singapore,Plus,Small Business,2024-08-11
C00306,Ava Walker,United States,New York,Plus,Consumer,2023-03-18
C00307,Ryan Thomas,UAE,Abu Dhabi,Premium,Consumer,2023-03-16
C00308,Ella King,Singapore,Singapore,Premium,Enterprise,2024-08-15
C00309,Chloe Johnson,United States,Seattle,Plus,Consumer,2024-11-17
C00310,Leo Green,Singapore,Singapore,Premium,Consumer,2024-01-30
C00311,Alex Taylor,Germany,Munich,Plus,Small Business,2024-01-17
C00312,Amelia Hassan,Germany,Hamburg,Plus,Small Business,2023-12-26
C00313,Yusuf Moore,France,Bordeaux,Plus,Consumer,2023-07-15
C00314,Ethan Wilson,Singapore,Singapore,Premium,Consumer,2025-02-24
C00315,Lucas Green,Canada,Calgary,Basic,Small Business,2023-01-24
C00316,Isla Khan,Germany,Munich,Basic,Consumer,2024-09-20
C00317,Ethan King,Canada,Toronto,Plus,Enterprise,2025-01-22
C00319,Omar Ahmed,Singapore,Singapore,Plus,Small Business,2023-06-17
C00320,Layla Green,Germany,Berlin,Premium,Consumer,2026-01-26
C00321,Chloe Adams,Australia,Melbourne,Basic,Small Business,2025-06-23
C00322,Liam Patel,Australia,Perth,Basic,Consumer,2023-04-24
C00323,Nora Wilson,France,Bordeaux,Plus,Consumer,2024-09-23
C00324,Jack Smith,France,Nice,Plus,Small Business,2026-03-30
C00325,Olivia Johnson,France,Nice,Plus,Consumer,2023-05-04
C00326,Ryan Anderson,United Kingdom,Leeds,Basic,Consumer,2023-10-05
C00327,Sara Khan,France,Nice,Premium,Consumer,2025-02-12
C00329,Emma Adams,UAE,Sharjah,Premium,Small Business,2023-02-16
C00330,Leo Green,France,Bordeaux,Premium,Consumer,2024-12-09
C00331,Mia Lewis,Australia,Sydney,Basic,Small Business,2023-02-02
C00332,Lucas Lee,United Kingdom,London,Plus,Consumer,2023-04-10
C00333,Lucas Hassan,United States,Chicago,Basic,Consumer,2023-04-26
C00334,Mia Adams,Canada,Vancouver,Plus,Small Business,2024-10-15
C00335,Zoe Mitchell,Germany,Munich,Basic,Consumer,2025-12-03
C00336,Lucas Wright,Canada,Calgary,Basic,Enterprise,2023-12-25
C00337,Maya Patel,France,Bordeaux,Basic,Consumer,2025-02-19
C00338,Alex Adams,Germany,Frankfurt,Basic,Consumer,2024-01-12
C00339,Sara Nelson,Singapore,Singapore,Premium,Consumer,2023-10-23
C00340,Alex Green,United States,Chicago,Premium,Consumer,2023-10-02
C00341,Emma Clark,Canada,Vancouver,Basic,Consumer,2025-07-10
C00342,Sam Young,United Kingdom,Manchester,Basic,Consumer,2023-03-22
C00343,Sam Brown,Australia,Melbourne,Basic,Small Business,2024-11-12
C00344,Leo Thomas,United States,Austin,Premium,Enterprise,2023-08-29
C00345,Jack Garcia,Singapore,Singapore,Plus,Small Business,2025-03-23
C00346,Ryan Clark,Germany,Hamburg,Basic,Consumer,2025-01-05
C00347,Leo Lewis,Germany,Frankfurt,Basic,Small Business,2025-08-19
C00348,Sara Davis,Germany,Munich,Basic,Consumer,2026-02-26
C00349,Sam Clark,UAE,Dubai,Basic,Enterprise,2026-04-01
C00350,Jack Wright,Canada,Vancouver,Basic,Consumer,2026-03-12
C00351,Ella Clark,Singapore,Singapore,Basic,Small Business,2025-10-01
C00352,Nora Martin,Germany,Munich,Basic,Consumer,2024-01-12
C00353,Ryan Anderson,United States,New York,Premium,Consumer,2023-04-10
C00354,Sara Smith,France,Lyon,Premium,Consumer,2023-11-06
C00356,Henry Baker,United States,New York,Plus,Consumer,2023-02-04
C00357,Layla Hassan,Canada,Calgary,Basic,Small Business,2025-05-31
C00358,Alex Thomas,UAE,Dubai,Premium,Consumer,2024-05-08
C00359,Sophia Mitchell,Canada,Calgary,Basic,Consumer,2025-02-03
C00360,Emma Green,Australia,Melbourne,Basic,Small Business,2023-06-15
C00361,Maya Moore,United States,New York,Basic,Consumer,2025-09-01
C00362,Noah Khan,United States,Austin,Basic,Small Business,2024-11-09
C00363,Zoe Moore,United Kingdom,London,Basic,Small Business,2026-03-06
C00364,Daniel Lewis,United States,New York,Plus,Consumer,2026-01-17
C00365,Zoe Patel,United States,Austin,Premium,Consumer,2024-02-29
C00366,Zoe Wilson,France,Paris,Basic,Consumer,2026-03-06
C00367,Ella Moore,France,Nice,Basic,Small Business,2023-06-10
C00369,Ava Mitchell,France,Nice,Basic,Consumer,2025-07-11
C00370,Daniel Clark,Germany,Frankfurt,Basic,Small Business,2025-02-17
C00371,Olivia Garcia,Canada,Vancouver,Plus,Consumer,2023-11-12
C00372,Emma Ahmed,UAE,Sharjah,Basic,Consumer,2023-07-07
C00373,Amelia Walker,Singapore,Singapore,Plus,Consumer,2023-06-28
C00374,Ethan Wright,Singapore,Singapore,Basic,Consumer,2026-02-09
C00376,Jack Anderson,Australia,Melbourne,Plus,Consumer,2024-07-04
C00377,Leo Lewis,Singapore,Singapore,Basic,Consumer,2025-05-12
C00378,Leo Baker,United Kingdom,Bristol,Basic,Consumer,2025-10-12
C00379,Yusuf Mitchell,Australia,Perth,Basic,Consumer,2025-03-21
C00380,Ava Davis,France,Nice,Basic,Consumer,2023-10-06
C00381,Leo Hall,Australia,Perth,Basic,Enterprise,2024-10-15
C00382,Leo Hassan,Singapore,Singapore,Basic,Consumer,2025-03-15
C00383,Adam Taylor,Australia,Melbourne,Plus,Consumer,2025-08-03
C00384,Lina Lee,Singapore,Singapore,Premium,Consumer,2025-04-17
C00385,Henry Baker,UAE,Sharjah,Basic,Consumer,2023-11-12
C00386,Lina Wright,France,Paris,Basic,Consumer,2026-04-07
C00387,Emma Nelson,France,Paris,Plus,Consumer,2026-01-04
C00388,Yusuf Khan,United Kingdom,London,Plus,Small Business,2024-12-28
C00389,Ethan Khan,United States,Chicago,Premium,Consumer,2025-05-31
C00390,Liam Smith,United Kingdom,Bristol,Basic,Small Business,2026-02-16
C00391,Zoe Ahmed,Australia,Perth,Basic,Consumer,2025-10-21
C00392,Mia Young,United States,Chicago,Basic,Consumer,2023-06-25
C00393,Liam Davis,UAE,Abu Dhabi,Basic,Consumer,2024-02-28
C00395,Ava Brown,Canada,Toronto,Plus,Consumer,2024-12-03
C00396,Maya Taylor,UAE,Sharjah,Basic,Consumer,2023-11-24
C00397,Ava Nelson,France,Bordeaux,Basic,Consumer,2024-01-13
C00398,Ethan Khan,France,Bordeaux,Basic,Consumer,2024-02-09
C00399,Nora Carter,France,Bordeaux,Basic,Consumer,2024-07-24
C00400,Sara Ahmed,United Kingdom,London,Plus,Consumer,2025-01-19
C00401,Ava Lee,Singapore,Singapore,Basic,Small Business,2025-12-16
C00402,Maya Hall,France,Bordeaux,Plus,Consumer,2025-07-26
C00403,Yusuf Martin,Canada,Toronto,Plus,Consumer,2024-05-03
C00404,Leo Taylor,UAE,Abu Dhabi,Plus,Consumer,2025-05-06
C00405,Yusuf Wilson,France,Bordeaux,Basic,Small Business,2023-12-21
C00406,James Martin,Singapore,Singapore,Basic,Consumer,2025-07-12
C00407,Yusuf Johnson,Germany,Berlin,Basic,Consumer,2025-02-25
C00408,James Adams,Singapore,Singapore,Plus,Consumer,2025-06-28
C00409,Daniel Martin,United Kingdom,London,Plus,Consumer,2023-03-08
C00410,Isla Clark,Canada,Vancouver,Plus,Consumer,2025-10-11
C00411,James Adams,United Kingdom,London,Basic,Consumer,2025-01-21
C00412,James Davis,United States,Chicago,Plus,Enterprise,2023-07-29
C00413,Jack Davis,Australia,Brisbane,Premium,Consumer,2024-06-22
C00414,Adam Moore,United Kingdom,Leeds,Premium,Consumer,2024-04-30
C00415,Sophia Miller,Germany,Frankfurt,Basic,Consumer,2024-02-28
C00416,Ella Lee,United States,Seattle,Plus,Consumer,2023-12-11
C00417,Ava Ahmed,Canada,Calgary,Plus,Enterprise,2025-11-19
C00418,Chloe Patel,United Kingdom,Manchester,Premium,Small Business,2023-05-02
C00419,Isla Moore,UAE,Sharjah,Premium,Consumer,2024-10-21
C00420,Ella Clark,France,Bordeaux,Basic,Small Business,2025-04-28
C00421,Emma Green,United Kingdom,London,Basic,Small Business,2025-01-25
C00422,Nora Baker,Germany,Berlin,Premium,Small Business,2023-07-10
C00423,Jack Green,Germany,Berlin,Plus,Consumer,2025-05-29
C00424,Ella Lee,Singapore,Singapore,Basic,Consumer,2026-01-25
C00425,Zoe Wilson,Singapore,Singapore,Premium,Small Business,2023-04-05
C00426,Liam Khan,Singapore,Singapore,Basic,Small Business,2025-06-22
C00427,Nora Smith,France,Lyon,Premium,Small Business,2024-09-10
C00428,Ethan Moore,Canada,Toronto,Plus,Consumer,2025-01-31
C00430,Omar Khan,United Kingdom,London,Basic,Consumer,2023-09-29
C00431,Zoe Clark,Singapore,Singapore,Basic,Consumer,2023-09-04
C00432,Sam Wright,UAE,Abu Dhabi,Basic,Consumer,2023-07-29
C00433,Liam Hall,Germany,Hamburg,Basic,Small Business,2023-09-30
C00434,Maya Patel,UAE,Dubai,Plus,Consumer,2023-12-03
C00435,Nora Young,Australia,Melbourne,Premium,Consumer,2025-06-25
C00436,Sam Lee,United Kingdom,London,Basic,Consumer,2025-02-25
C00437,Adam Wright,Germany,Munich,Basic,Small Business,2024-05-23
C00438,James Mitchell,Canada,Toronto,Premium,Small Business,2024-09-09
C00439,Sophia Adams,Australia,Perth,Basic,Consumer,2024-05-05
C00440,Daniel King,United Kingdom,Manchester,Basic,Consumer,2025-12-17
C00441,Chloe Smith,Germany,Hamburg,Basic,Small Business,2026-03-10
C00442,Omar Young,UAE,Abu Dhabi,Premium,Small Business,2023-02-04
C00443,Zoe Brown,United States,Seattle,Basic,Enterprise,2025-03-26
C00444,Layla Walker,France,Bordeaux,Plus,Consumer,2026-01-03
C00445,James Mitchell,UAE,Abu Dhabi,Basic,Consumer,2024-02-21
C00446,Alex Wilson,Germany,Frankfurt,Plus,Small Business,2023-05-16
C00447,Leo Ahmed,France,Lyon,Basic,Consumer,2025-06-08
C00448,Liam Green,United States,Seattle,Plus,Small Business,2023-12-26
C00449,Liam Smith,UAE,Sharjah,Basic,Consumer,2024-12-11
C00450,Layla Adams,Canada,Vancouver,Basic,Small Business,2024-07-04
C00451,Jack Anderson,United Kingdom,London,Basic,Consumer,2025-12-08
C00452,Olivia Lewis,United Kingdom,Leeds,Basic,Consumer,2025-10-20
C00453,Sam Carter,UAE,Abu Dhabi,Basic,Small Business,2026-03-21
C00454,Henry Hassan,United Kingdom,Manchester,Plus,Consumer,2023-01-26
C00455,Lucas Johnson,Singapore,Singapore,Basic,Consumer,2023-03-14
C00456,James Miller,France,Lyon,Basic,Consumer,2024-10-17
C00457,Isla Davis,United Kingdom,Bristol,Basic,Small Business,2023-04-18
C00458,Ethan Clark,United States,Chicago,Basic,Consumer,2024-08-01
C00459,Sara Moore,Canada,Calgary,Basic,Consumer,2025-01-25
C00460,Sophia Walker,Canada,Vancouver,Basic,Consumer,2025-10-07
C00461,Sara Garcia,Australia,Melbourne,Basic,Enterprise,2023-02-18
C00462,Lucas Nelson,Germany,Berlin,Premium,Consumer,2025-02-09
C00463,Sam Hassan,Canada,Toronto,Basic,Enterprise,2025-05-09
C00464,Daniel Johnson,UAE,Sharjah,Basic,Consumer,2024-04-19
C00465,Chloe Moore,France,Nice,Basic,Small Business,2026-04-04
C00466,Liam Adams,UAE,Sharjah,Plus,Consumer,2026-03-08
C00467,Noah Wright,UAE,Dubai,Basic,Small Business,2025-03-15
C00468,Lina Davis,Germany,Hamburg,Basic,Consumer,2024-02-20
C00469,Mia Garcia,United Kingdom,Manchester,Basic,Consumer,2024-10-05
C00471,Olivia Martin,Canada,Toronto,Basic,Small Business,2023-10-31
C00472,Olivia Ahmed,Australia,Brisbane,Basic,Consumer,2024-09-04
C00473,Isla Davis,UAE,Dubai,Premium,Small Business,2026-02-12
C00474,Jack Nelson,Australia,Sydney,Basic,Small Business,2023-10-14
C00475,Liam Smith,United States,Austin,Basic,Small Business,2025-02-01
C00476,Henry Khan,United Kingdom,Bristol,Premium,Consumer,2023-05-13
C00477,Sophia Anderson,Singapore,Singapore,Basic,Small Business,2024-11-10
C00478,Liam Johnson,Singapore,Singapore,Basic,Consumer,2025-03-19
C00479,Daniel Smith,France,Bordeaux,Basic,Consumer,2024-01-19
C00480,Isla Lewis,Singapore,Singapore,Basic,Consumer,2024-05-18
C00481,Maya Walker,Singapore,Singapore,Premium,Consumer,2023-06-29
C00482,Isla King,UAE,Abu Dhabi,Basic,Small Business,2025-12-12
C00483,Lucas Khan,United States,Chicago,Plus,Consumer,2026-01-20
C00484,Alex Baker,Germany,Hamburg,Basic,Consumer,2024-10-15
C00485,Yusuf Clark,United States,Seattle,Basic,Enterprise,2025-12-20
C00486,Adam Garcia,Australia,Melbourne,Basic,Small Business,2024-06-29
C00487,James Davis,United States,Austin,Plus,Enterprise,2025-03-06
C00488,Adam Thomas,UAE,Dubai,Basic,Consumer,2025-01-04
C00489,Ryan Carter,United States,Seattle,Premium,Consumer,2026-02-27
C00490,Sophia Davis,Singapore,Singapore,Basic,Consumer,2023-04-26
C00491,Lucas Mitchell,Australia,Sydney,Plus,Consumer,2024-02-17
C00492,Alex Wilson,Germany,Munich,Premium,Small Business,2024-10-24
C00493,Noah Smith,UAE,Sharjah,Plus,Consumer,2023-08-16
C00494,Sam Adams,Germany,Berlin,Basic,Enterprise,2025-03-21
C00495,Zoe Taylor,Germany,Hamburg,Basic,Enterprise,2025-06-13
C00496,Alex Khan,Singapore,Singapore,Basic,Enterprise,2024-12-31
C00497,Lucas Patel,UAE,Abu Dhabi,Basic,Small Business,2023-09-18
C00498,Ethan Hassan,United States,Chicago,Premium,Small Business,2026-03-08
C00499,Noah Martin,Germany,Munich,Plus,Consumer,2025-10-13
C00501,Ella Ahmed,Germany,Frankfurt,Basic,Consumer,2023-05-19
C00502,Adam Lewis,United Kingdom,London,Basic,Consumer,2025-05-09
C00503,Ethan Anderson,France,Bordeaux,Premium,Consumer,2025-02-07
C00504,Liam Davis,Singapore,Singapore,Basic,Consumer,2023-03-10
C00505,Leo Smith,Germany,Hamburg,Premium,Consumer,2023-12-15
C00506,Chloe King,UAE,Sharjah,Basic,Enterprise,2023-07-10
C00507,Ava Mitchell,Singapore,Singapore,Basic,Small Business,2025-06-08
C00508,Ethan Johnson,United Kingdom,Bristol,Basic,Consumer,2026-02-08
C00509,Jack Thomas,Canada,Calgary,Basic,Consumer,2025-03-15
C00510,Zoe Nelson,Singapore,Singapore,Basic,Consumer,2023-06-29
C00511,Leo Davis,Singapore,Singapore,Basic,Consumer,2024-08-20
C00512,Olivia Baker,United Kingdom,Bristol,Plus,Consumer,2024-06-26
C00513,Olivia Khan,France,Lyon,Basic,Consumer,2024-01-18
C00514,Nora Johnson,Canada,Ottawa,Basic,Consumer,2024-07-04
C00515,Zoe Johnson,UAE,Sharjah,Plus,Consumer,2024-12-05
C00516,Alex Nelson,France,Lyon,Plus,Small Business,2025-12-06
C00517,Omar Nelson,Singapore,Singapore,Basic,Consumer,2023-03-13
C00518,Layla Carter,UAE,Dubai,Premium,Consumer,2023-12-09
C00519,Sophia Miller,Australia,Melbourne,Basic,Consumer,2025-06-10
C00520,Sophia Davis,UAE,Sharjah,Basic,Enterprise,2023-05-18
C00521,Olivia King,France,Nice,Premium,Consumer,2023-01-26
C00522,Alex Ahmed,France,Paris,Basic,Consumer,2026-04-08
C00523,Sara Taylor,United Kingdom,London,Plus,Small Business,2024-12-05
C00524,Chloe Wright,Canada,Ottawa,Plus,Consumer,2025-08-26
C00525,Noah Martin,Canada,Ottawa,Basic,Consumer,2025-04-02
C00526,Noah King,Germany,Munich,Basic,Consumer,2024-07-04
C00527,Chloe Young,United States,Seattle,Plus,Consumer,2024-07-28
C00528,Ella Baker,United Kingdom,Manchester,Basic,Enterprise,2025-06-26
C00529,Sara Davis,Germany,Hamburg,Plus,Consumer,2023-07-02
C00530,Sophia Green,Australia,Perth,Plus,Small Business,2025-02-04
C00531,Ella Johnson,UAE,Dubai,Basic,Consumer,2023-10-05
C00532,Sara Moore,United States,Austin,Basic,Small Business,2023-04-29
C00533,Lucas Johnson,Singapore,Singapore,Premium,Small Business,2024-07-15
C00534,Adam Davis,Singapore,Singapore,Plus,Consumer,2023-03-04
C00535,Lucas Young,Singapore,Singapore,Basic,Small Business,2026-02-03
C00536,Adam Young,UAE,Abu Dhabi,Plus,Small Business,2024-08-06
C00537,Amelia King,United States,Austin,Premium,Small Business,2024-03-14
C00538,Sam Clark,Australia,Melbourne,Basic,Consumer,2023-02-11
C00539,Sam Garcia,United States,Chicago,Premium,Small Business,2023-01-18
C00540,Lucas Lewis,Canada,Calgary,Basic,Consumer,2024-12-15
C00542,Zoe Taylor,United States,Seattle,Plus,Consumer,2024-08-01
C00543,Leo Patel,United Kingdom,Leeds,Basic,Enterprise,2024-10-27
C00544,Sam Lewis,Canada,Calgary,Basic,Consumer,2024-05-07
C00545,Chloe Johnson,France,Nice,Plus,Small Business,2025-10-15
C00546,Leo Lewis,France,Bordeaux,Basic,Consumer,2026-03-17
C00547,Ella Lee,Germany,Munich,Plus,Small Business,2025-09-01
C00548,Ryan Patel,Germany,Hamburg,Premium,Small Business,2026-02-17
C00549,Ethan Walker,United Kingdom,Leeds,Basic,Consumer,2026-02-18
C00550,Sara Thomas,UAE,Sharjah,Premium,Small Business,2024-03-31
C00551,Adam Clark,Canada,Ottawa,Plus,Consumer,2024-06-17
C00552,Zoe Walker,Singapore,Singapore,Basic,Small Business,2026-04-10
C00553,Zoe Mitchell,United Kingdom,Leeds,Premium,Consumer,2025-02-20
C00554,Layla Walker,France,Paris,Premium,Consumer,2024-02-15
C00555,Ava Wright,Singapore,Singapore,Basic,Small Business,2023-06-15
C00556,Daniel Hall,UAE,Abu Dhabi,Plus,Consumer,2024-07-14
C00558,Mia Mitchell,France,Bordeaux,Basic,Enterprise,2025-02-24
C00559,Amelia Johnson,Australia,Brisbane,Premium,Small Business,2025-12-23
C00560,Sophia Smith,United States,Austin,Basic,Small Business,2024-10-01
C00561,Mia Taylor,France,Nice,Basic,Small Business,2024-09-02
C00563,Chloe Baker,Germany,Munich,Basic,Small Business,2025-04-06
C00564,Amelia Clark,Australia,Melbourne,Basic,Consumer,2025-10-30
C00565,Ethan Taylor,Germany,Berlin,Basic,Small Business,2025-12-31
C00566,Yusuf Johnson,United States,New York,Plus,Consumer,2023-08-26
C00567,Omar Green,France,Paris,Plus,Consumer,2023-11-10
C00568,Sophia Ahmed,United States,Seattle,Basic,Consumer,2025-12-01
C00569,Isla Mitchell,UAE,Abu Dhabi,Premium,Consumer,2023-08-30
C00570,Leo Taylor,United Kingdom,Leeds,Basic,Consumer,2024-06-22
C00571,Ella Adams,Australia,Brisbane,Plus,Consumer,2023-03-22
C00572,James Baker,Australia,Perth,Basic,Consumer,2023-07-02
C00573,Ryan Taylor,Singapore,Singapore,Premium,Small Business,2023-06-03
C00574,Jack Hassan,United Kingdom,Bristol,Plus,Consumer,2024-08-29
C00575,Isla Green,United States,New York,Plus,Small Business,2024-08-18
C00576,Adam Miller,Germany,Frankfurt,Plus,Consumer,2023-04-04
C00577,Amelia Moore,UAE,Sharjah,Plus,Consumer,2025-06-15
C00578,Yusuf Lewis,United Kingdom,Bristol,Plus,Consumer,2025-03-31
C00579,Emma Green,Canada,Ottawa,Plus,Consumer,2025-05-13
C00580,Maya Anderson,UAE,Dubai,Basic,Small Business,2023-11-23
C00581,Liam Wright,Singapore,Singapore,Basic,Consumer,2025-01-04
C00582,Yusuf Smith,UAE,Abu Dhabi,Premium,Consumer,2025-04-22
C00583,Nora Johnson,United Kingdom,Bristol,Plus,Consumer,2025-12-10
C00584,Sara Hassan,Australia,Brisbane,Plus,Small Business,2023-07-15
C00585,Omar Patel,Australia,Perth,Basic,Small Business,2025-02-27
C00586,Mia Davis,United States,New York,Plus,Consumer,2025-08-19
C00587,Sam Baker,UAE,Dubai,Plus,Consumer,2024-11-08
C00588,Isla Johnson,Australia,Perth,Basic,Consumer,2025-07-29
C00589,Nora Miller,Singapore,Singapore,Premium,Consumer,2023-09-01
C00590,Daniel Hassan,United States,New York,Basic,Consumer,2026-01-29
C00591,Amelia Davis,United Kingdom,Bristol,Premium,Consumer,2025-07-23
C00592,Ava Young,United States,Austin,Premium,Consumer,2025-08-26
C00593,Lina Patel,Germany,Frankfurt,Basic,Small Business,2024-03-30
C00594,Amelia Hall,Germany,Hamburg,Plus,Consumer,2023-08-06
C00595,Noah Anderson,UAE,Abu Dhabi,Basic,Small Business,2025-04-18
C00596,Liam Lewis,Australia,Melbourne,Basic,Small Business,2024-03-17
C00597,Nora Davis,Australia,Brisbane,Basic,Consumer,2023-09-10
C00598,Sara Anderson,Singapore,Singapore,Plus,Enterprise,2023-10-03
C00599,Daniel Smith,United States,Chicago,Premium,Consumer,2025-11-07
C00600,Sara Thomas,UAE,Sharjah,Plus,Small Business,2023-09-20
C00601,Liam King,Germany,Frankfurt,Basic,Consumer,2024-05-23
C00602,Isla King,Germany,Hamburg,Basic,Consumer,2025-04-25
C00603,Yusuf Ahmed,Canada,Calgary,Plus,Enterprise,2024-03-21
C00604,Sophia Lee,Canada,Calgary,Premium,Consumer,2023-12-31
C00605,Layla Nelson,Germany,Berlin,Plus,Consumer,2026-04-08
C00606,Zoe Patel,France,Nice,Premium,Consumer,2023-01-27
C00607,Layla Taylor,United States,Chicago,Basic,Small Business,2024-02-14
C00608,Isla Garcia,UAE,Abu Dhabi,Plus,Consumer,2023-05-08
C00610,Liam Mitchell,Australia,Perth,Basic,Small Business,2024-08-12
C00611,Lina Patel,United States,Chicago,Basic,Enterprise,2024-10-02
C00612,James Johnson,United States,Seattle,Basic,Small Business,2025-06-26
C00613,Ella Clark,Germany,Munich,Plus,Enterprise,2024-08-25
C00615,Emma Johnson,France,Nice,Plus,Consumer,2026-04-11
C00616,Sam Lewis,United States,Seattle,Basic,Enterprise,2023-03-23
C00617,Mia Thomas,Germany,Berlin,Plus,Small Business,2024-09-08
C00618,Daniel Miller,Germany,Berlin,Plus,Consumer,2024-03-26
C00619,Ethan Adams,United Kingdom,Manchester,Basic,Consumer,2023-07-08
C00620,Adam Clark,Australia,Brisbane,Basic,Consumer,2025-12-22
C00621,Daniel Nelson,United States,New York,Plus,Consumer,2024-05-14
C00622,Noah Patel,Germany,Frankfurt,Premium,Enterprise,2025-03-01
C00623,Isla Nelson,Canada,Toronto,Premium,Small Business,2025-02-06
C00624,Layla Miller,Singapore,Singapore,Basic,Small Business,2024-01-30
C00625,Ava Adams,United Kingdom,London,Basic,Enterprise,2026-01-06
C00626,James Smith,United Kingdom,Manchester,Plus,Small Business,2025-05-18
C00627,Ella Taylor,Australia,Perth,Plus,Enterprise,2023-11-11
C00628,Amelia Green,Germany,Berlin,Basic,Consumer,2024-05-30
C00629,James Brown,Australia,Brisbane,Basic,Consumer,2025-04-08
C00630,Omar Hall,United States,Chicago,Plus,Consumer,2023-05-10
C00631,Sara Hassan,United States,New York,Basic,Consumer,2024-08-16
C00632,Alex Patel,Canada,Toronto,Basic,Enterprise,2025-02-20
C00633,Emma Davis,United States,Chicago,Basic,Consumer,2025-03-11
C00634,Alex Miller,Canada,Vancouver,Basic,Small Business,2025-02-03
C00635,Amelia Nelson,UAE,Dubai,Basic,Consumer,2025-03-18
C00636,James Nelson,United Kingdom,Bristol,Basic,Small Business,2024-12-05
C00637,Sophia Wright,UAE,Dubai,Basic,Consumer,2024-06-01
C00638,Sophia Taylor,UAE,Sharjah,Plus,Small Business,2026-01-29
C00639,Nora Khan,United Kingdom,Bristol,Plus,Consumer,2024-02-09
C00640,Jack Carter,Singapore,Singapore,Basic,Small Business,2024-04-25
C00641,Liam Walker,United Kingdom,Manchester,Basic,Consumer,2024-09-18
C00642,Lina Carter,UAE,Sharjah,Plus,Small Business,2025-05-27
C00643,Ethan Smith,Germany,Munich,Plus,Small Business,2025-06-12
C00644,Isla Davis,Germany,Munich,Plus,Consumer,2025-09-09
C00645,Nora Green,Germany,Hamburg,Basic,Consumer,2023-06-17
C00646,Ella Lewis,UAE,Sharjah,Basic,Small Business,2023-06-06
C00647,Jack Brown,United States,New York,Plus,Consumer,2024-03-11
C00648,Ryan Johnson,Canada,Ottawa,Plus,Consumer,2025-03-14
C00650,Adam Adams,United States,Austin,Premium,Small Business,2023-12-06
C00651,Sara Adams,UAE,Abu Dhabi,Basic,Consumer,2026-03-04
C00652,Henry Moore,UAE,Sharjah,Plus,Enterprise,2023-03-24
C00653,Lucas Garcia,Singapore,Singapore,Basic,Consumer,2023-03-29
C00654,Henry Lee,Germany,Frankfurt,Basic,Consumer,2023-04-06
C00655,Noah Khan,Germany,Berlin,Plus,Consumer,2024-07-14
C00656,Ella Hassan,Canada,Vancouver,Basic,Consumer,2023-06-09
C00657,Layla Lewis,France,Lyon,Plus,Consumer,2024-12-07
C00658,Daniel Miller,Singapore,Singapore,Plus,Consumer,2023-12-06
C00659,Lucas Brown,Canada,Vancouver,Basic,Consumer,2023-08-31
C00660,Henry Clark,France,Nice,Plus,Consumer,2025-09-07
C00661,Daniel Lee,UAE,Sharjah,Premium,Consumer,2023-03-30
C00662,Mia Carter,UAE,Dubai,Plus,Consumer,2026-03-18
C00663,Mia Johnson,UAE,Abu Dhabi,Premium,Consumer,2025-04-10
C00664,Yusuf Carter,United States,Seattle,Premium,Consumer,2025-08-23
C00665,Sam Baker,UAE,Dubai,Premium,Consumer,2026-04-08
C00666,Ella Garcia,UAE,Sharjah,Plus,Consumer,2024-12-02
C00667,Ryan Green,United Kingdom,Manchester,Basic,Consumer,2023-02-03
C00668,Sophia Adams,France,Lyon,Plus,Consumer,2023-03-21
C00669,Chloe Miller,United Kingdom,London,Basic,Consumer,2026-01-09
C00670,Ella Smith,France,Bordeaux,Basic,Consumer,2025-12-21
C00671,Omar Clark,Singapore,Singapore,Basic,Small Business,2026-03-25
C00672,Liam Wright,UAE,Abu Dhabi,Basic,Consumer,2023-06-21
C00673,Leo Mitchell,France,Nice,Basic,Small Business,2023-01-15
C00674,Zoe Adams,United Kingdom,London,Basic,Consumer,2024-10-08
C00675,Omar Young,United Kingdom,Manchester,Basic,Consumer,2024-06-19
C00677,Sara Lee,France,Bordeaux,Basic,Consumer,2025-09-17
C00678,Isla Walker,Germany,Frankfurt,Plus,Small Business,2023-09-01
C00679,Jack Clark,Singapore,Singapore,Basic,Consumer,2024-11-24
C00680,Alex Nelson,United States,Austin,Basic,Small Business,2023-07-06
C00681,Ella Wilson,Singapore,Singapore,Basic,Consumer,2025-01-29
C00682,Olivia Mitchell,United States,Chicago,Premium,Consumer,2025-12-03
C00683,Leo Ahmed,United States,Austin,Plus,Consumer,2024-02-18
C00684,Sam Patel,Canada,Vancouver,Basic,Consumer,2025-11-22
C00685,Lina Clark,UAE,Sharjah,Basic,Consumer,2023-01-01
C00686,Ethan Brown,Canada,Ottawa,Basic,Consumer,2026-04-15
C00687,Sophia Adams,United States,New York,Premium,Consumer,2026-02-19
C00688,Ryan Carter,Germany,Hamburg,Premium,Consumer,2024-02-03
C00689,Nora Thomas,France,Paris,Basic,Consumer,2023-08-07
C00690,James Brown,Canada,Calgary,Premium,Small Business,2024-06-11
C00691,Chloe Nelson,Canada,Ottawa,Premium,Consumer,2024-05-13
C00693,Liam Lewis,United Kingdom,Leeds,Plus,Enterprise,2024-04-15
C00694,Alex Hall,France,Nice,Plus,Consumer,2024-06-23
C00695,Lucas Walker,United Kingdom,Leeds,Plus,Small Business,2023-06-05
C00696,James Thomas,UAE,Abu Dhabi,Basic,Consumer,2026-03-20
C00697,Isla Martin,Australia,Perth,Plus,Consumer,2024-05-10
C00698,Sam Lewis,Australia,Melbourne,Basic,Consumer,2024-12-30
C00699,Mia Garcia,United Kingdom,London,Premium,Small Business,2025-10-05
C00700,Yusuf Smith,United States,Chicago,Basic,Consumer,2026-03-22
C00701,Sam Lewis,Singapore,Singapore,Premium,Enterprise,2024-07-27
C00702,Emma Clark,UAE,Dubai,Plus,Consumer,2026-01-12
C00703,Noah Adams,Germany,Frankfurt,Premium,Small Business,2025-07-25
C00704,Liam Ahmed,Singapore,Singapore,Plus,Consumer,2024-03-07
C00705,Emma Carter,United Kingdom,Bristol,Basic,Small Business,2024-01-19
C00706,James Lewis,Australia,Brisbane,Basic,Consumer,2025-01-19
C00707,Ethan Baker,France,Lyon,Basic,Small Business,2025-01-17
C00708,Sam King,Canada,Ottawa,Basic,Consumer,2026-03-25
C00709,Henry Clark,United Kingdom,Bristol,Plus,Consumer,2025-02-19
C00710,Sophia Wilson,UAE,Abu Dhabi,Plus,Consumer,2025-10-20
C00711,Mia Anderson,Germany,Frankfurt,Basic,Consumer,2026-03-08
C00712,Noah King,United Kingdom,Manchester,Basic,Small Business,2025-09-02
C00713,Ella Khan,United Kingdom,Leeds,Plus,Consumer,2025-01-07
C00716,Sara Hassan,Singapore,Singapore,Basic,Consumer,2023-10-24
C00717,Sam Martin,Germany,Frankfurt,Plus,Consumer,2023-05-27
C00718,Olivia Martin,Germany,Munich,Basic,Small Business,2024-07-01
C00719,Yusuf Khan,France,Nice,Premium,Small Business,2025-01-13
C00720,Jack Carter,Singapore,Singapore,Basic,Small Business,2023-09-14
C00721,Jack Clark,Canada,Toronto,Basic,Consumer,2023-07-15
C00722,Olivia Thomas,Singapore,Singapore,Basic,Consumer,2023-06-20
C00723,Liam Lewis,UAE,Dubai,Plus,Small Business,2024-09-25
C00724,Lucas Clark,Canada,Ottawa,Plus,Consumer,2023-12-16
C00725,Amelia Johnson,Germany,Hamburg,Premium,Consumer,2026-01-12
C00726,Ryan Lewis,Singapore,Singapore,Premium,Small Business,2023-12-29
C00727,Zoe Mitchell,Singapore,Singapore,Plus,Small Business,2024-09-26
C00728,Ryan Young,Singapore,Singapore,Plus,Consumer,2025-01-19
C00729,Omar Lewis,UAE,Abu Dhabi,Basic,Consumer,2023-10-07
C00730,Adam Walker,Singapore,Singapore,Plus,Consumer,2025-09-04
C00731,Leo Smith,France,Nice,Plus,Small Business,2026-01-27
C00732,Adam Lee,France,Bordeaux,Basic,Consumer,2025-03-09
C00733,Ella King,Australia,Brisbane,Basic,Small Business,2025-11-24
C00734,Sara Miller,Canada,Calgary,Plus,Consumer,2024-07-04
C00735,Omar Lee,United Kingdom,Manchester,Basic,Consumer,2025-07-21
C00736,Yusuf Green,Canada,Ottawa,Basic,Consumer,2023-04-12
C00737,James Smith,UAE,Dubai,Basic,Consumer,2025-06-16
C00738,Jack Smith,Australia,Sydney,Basic,Consumer,2024-12-01
C00739,Omar Walker,Singapore,Singapore,Basic,Small Business,2024-11-07
C00740,Olivia Davis,UAE,Dubai,Basic,Consumer,2026-01-17
C00741,Daniel Martin,Australia,Brisbane,Plus,Small Business,2023-09-07
C00742,Sara Ahmed,Australia,Perth,Plus,Consumer,2023-03-10
C00743,Sophia Green,United Kingdom,Manchester,Basic,Small Business,2024-10-01
C00744,Ryan Hall,UAE,Sharjah,Plus,Small Business,2026-01-30
C00745,Layla Taylor,Canada,Ottawa,Plus,Consumer,2023-04-17
C00746,Sam Patel,Australia,Sydney,Basic,Consumer,2023-01-31
C00747,Ethan Miller,Canada,Toronto,Basic,Consumer,2023-03-28
C00748,Zoe Miller,Singapore,Singapore,Basic,Consumer,2023-11-19
C00749,Daniel Brown,Germany,Berlin,Basic,Small Business,2026-01-03
C00751,Alex Anderson,Singapore,Singapore,Basic,Consumer,2023-10-03
C00752,Isla Anderson,United States,Chicago,Plus,Consumer,2026-01-16
C00753,Lina Baker,Australia,Melbourne,Plus,Consumer,2025-08-17
C00754,Isla Moore,UAE,Dubai,Plus,Consumer,2024-06-23
C00755,James Young,Singapore,Singapore,Plus,Consumer,2024-01-15
C00756,Chloe Smith,Germany,Munich,Basic,Consumer,2026-01-08
C00757,Ella King,Australia,Perth,Plus,Consumer,2024-08-02
C00759,Ella Wilson,UAE,Dubai,Basic,Consumer,2023-07-22
C00761,Noah Young,Australia,Sydney,Basic,Enterprise,2025-10-03
C00762,Ryan Anderson,United Kingdom,Leeds,Plus,Consumer,2026-02-16
C00763,Jack Anderson,France,Nice,Plus,Consumer,2024-06-28
C00764,Layla Johnson,United Kingdom,Bristol,Basic,Consumer,2025-11-29
C00765,Liam Taylor,Australia,Perth,Basic,Consumer,2024-05-24
C00766,Zoe Khan,UAE,Sharjah,Plus,Consumer,2023-08-05
C00767,Sara Khan,Germany,Frankfurt,Plus,Consumer,2023-08-02
C00768,Ethan Miller,UAE,Sharjah,Basic,Consumer,2023-11-20
C00769,James Mitchell,Singapore,Singapore,Premium,Consumer,2024-10-26
C00770,Sam Young,France,Bordeaux,Premium,Consumer,2024-05-07
C00771,Zoe Nelson,Australia,Perth,Plus,Enterprise,2024-06-04
C00772,Adam Green,Singapore,Singapore,Basic,Consumer,2024-08-05
C00773,Yusuf Smith,UAE,Abu Dhabi,Basic,Enterprise,2024-03-15
C00774,Sam Hall,United States,Seattle,Premium,Consumer,2026-03-14
C00775,Ryan Carter,UAE,Dubai,Basic,Consumer,2023-10-11
C00776,Isla Young,Australia,Melbourne,Basic,Consumer,2026-03-14
C00777,Emma Carter,Australia,Sydney,Plus,Small Business,2023-12-21
C00778,Daniel Davis,United Kingdom,Bristol,Basic,Small Business,2025-02-20
C00779,Olivia Garcia,United States,Seattle,Basic,Small Business,2025-05-03
C00780,Ryan Moore,United Kingdom,Manchester,Plus,Small Business,2023-01-24
C00781,Maya Garcia,France,Paris,Basic,Consumer,2026-01-10
C00782,Zoe Wilson,Germany,Munich,Basic,Small Business,2025-03-15
C00783,Nora Garcia,United Kingdom,Manchester,Basic,Small Business,2023-10-31
C00784,Mia Hall,United Kingdom,Leeds,Plus,Consumer,2025-03-28
C00785,Isla Brown,France,Bordeaux,Plus,Consumer,2023-10-04
C00786,Daniel Nelson,Australia,Perth,Basic,Consumer,2026-02-23
C00787,Yusuf Hassan,Australia,Melbourne,Basic,Small Business,2024-10-24
C00788,Henry Thomas,United Kingdom,London,Plus,Consumer,2024-12-14
C00789,Sophia Hall,Germany,Berlin,Plus,Consumer,2024-12-17
C00790,Yusuf Davis,Singapore,Singapore,Basic,Enterprise,2024-04-23
C00791,Sophia Patel,Germany,Munich,Plus,Small Business,2023-08-19
C00792,Jack Johnson,Australia,Melbourne,Premium,Small Business,2023-01-29
C00793,Ava Ahmed,United Kingdom,Bristol,Basic,Consumer,2024-03-04
C00794,Jack Nelson,Australia,Melbourne,Plus,Small Business,2026-01-28
C00795,Daniel Mitchell,UAE,Sharjah,Plus,Consumer,2026-04-08
C00796,Chloe Patel,United States,Seattle,Basic,Consumer,2024-07-09
C00797,Noah Green,United States,New York,Basic,Consumer,2025-01-07
C00798,Sam Taylor,United States,Seattle,Premium,Small Business,2024-04-18
C00799,Emma Adams,United Kingdom,Bristol,Basic,Consumer,2023-06-30
C00800,Ethan Lee,Singapore,Singapore,Basic,Enterprise,2024-09-16
C00801,Ava Baker,France,Lyon,Basic,Small Business,2024-12-28
C00802,Maya Walker,Australia,Brisbane,Plus,Small Business,2025-03-03
C00803,Chloe Davis,United States,Seattle,Basic,Consumer,2025-03-15
C00804,Henry Wilson,United Kingdom,Leeds,Plus,Small Business,2024-04-10
C00805,Omar Clark,UAE,Abu Dhabi,Premium,Small Business,2024-11-05
C00806,Nora Nelson,UAE,Dubai,Plus,Consumer,2024-02-19
C00807,Sam Wilson,Canada,Vancouver,Basic,Small Business,2023-10-25
C00808,Maya Thomas,UAE,Abu Dhabi,Basic,Consumer,2023-08-31
C00809,Ethan Hall,UAE,Sharjah,Basic,Consumer,2025-04-27
C00810,Omar Walker,Singapore,Singapore,Basic,Consumer,2023-09-27
C00811,Ethan Smith,Canada,Vancouver,Plus,Consumer,2023-02-23
C00812,Adam Brown,Singapore,Singapore,Plus,Consumer,2025-02-04
C00813,Ethan Moore,France,Bordeaux,Basic,Consumer,2024-04-08
C00814,Noah Wright,United States,Seattle,Premium,Consumer,2024-02-20
C00815,Sara Lee,United Kingdom,Manchester,Premium,Enterprise,2025-09-30
C00816,Lina Hall,Singapore,Singapore,Basic,Small Business,2025-02-18
C00817,Jack Hall,France,Paris,Plus,Consumer,2023-03-28
C00818,Chloe Clark,France,Paris,Plus,Consumer,2023-04-11
C00819,Sophia Walker,Singapore,Singapore,Premium,Small Business,2024-08-08
C00820,Nora Martin,France,Nice,Plus,Consumer,2025-11-24
C00821,Chloe Wilson,Singapore,Singapore,Basic,Consumer,2024-01-04
C00822,Sara Carter,UAE,Abu Dhabi,Basic,Consumer,2024-01-02
C00823,Nora Carter,Australia,Perth,Basic,Consumer,2023-12-02
C00824,Lina Hassan,United Kingdom,London,Basic,Consumer,2025-01-13
C00825,Olivia Adams,France,Lyon,Basic,Consumer,2023-12-16
C00826,Ryan Hall,UAE,Dubai,Premium,Consumer,2023-04-16
C00828,Sophia Smith,Canada,Toronto,Basic,Small Business,2026-01-18
C00829,Alex Smith,Singapore,Singapore,Basic,Small Business,2025-07-18
C00830,Omar Green,United Kingdom,London,Basic,Consumer,2026-02-15
C00831,Ella Davis,Australia,Sydney,Basic,Consumer,2024-12-15
C00832,Noah Wilson,United States,Seattle,Basic,Consumer,2023-08-12
C00833,Omar Martin,UAE,Sharjah,Basic,Small Business,2026-03-18
C00834,Alex Nelson,UAE,Abu Dhabi,Plus,Consumer,2023-03-15
C00835,Olivia Garcia,Canada,Calgary,Basic,Consumer,2023-05-19
C00836,Sara Wright,United Kingdom,Bristol,Basic,Consumer,2024-07-16
C00837,Ava Adams,France,Lyon,Plus,Consumer,2023-08-12
C00838,Zoe Hassan,United Kingdom,Leeds,Plus,Consumer,2024-08-11
C00839,Omar Mitchell,Germany,Hamburg,Plus,Enterprise,2024-12-25
C00840,Ryan Wilson,Singapore,Singapore,Basic,Consumer,2024-04-21
C00841,Lina Walker,Australia,Sydney,Basic,Consumer,2023-08-30
C00842,Jack Moore,Australia,Perth,Basic,Consumer,2026-02-21
C00843,Alex Khan,Australia,Sydney,Plus,Small Business,2024-06-05
C00844,Alex Brown,Canada,Calgary,Plus,Consumer,2023-01-13
C00845,Liam Patel,Germany,Hamburg,Basic,Consumer,2023-03-01
C00846,Ella Martin,Australia,Brisbane,Premium,Enterprise,2025-09-08
C00847,Ryan Baker,United States,Austin,Basic,Small Business,2026-01-04
C00848,Chloe Hall,Singapore,Singapore,Premium,Consumer,2025-12-03
C00849,Leo Carter,Germany,Berlin,Basic,Small Business,2024-12-25
C00850,Olivia Wilson,Canada,Toronto,Basic,Consumer,2025-12-30
C00851,Ella Martin,France,Lyon,Plus,Small Business,2024-09-23
C00852,Lina Moore,Germany,Berlin,Basic,Consumer,2024-05-01
C00853,Adam Green,Canada,Vancouver,Plus,Consumer,2025-02-05
C00854,Alex Johnson,Australia,Sydney,Basic,Consumer,2025-09-15
C00855,Chloe Adams,UAE,Dubai,Basic,Consumer,2025-12-08
C00856,Leo Garcia,Germany,Munich,Plus,Consumer,2025-11-23
C00857,Henry Wilson,Australia,Sydney,Basic,Small Business,2025-12-05
C00858,Liam Smith,Canada,Toronto,Plus,Consumer,2023-06-28
C00859,Ava Green,United States,New York,Plus,Small Business,2024-10-01
C00860,Amelia Carter,Canada,Vancouver,Basic,Consumer,2024-07-20
C00861,James Hall,Singapore,Singapore,Basic,Consumer,2023-08-23
C00862,Amelia Mitchell,United Kingdom,Manchester,Plus,Consumer,2024-07-09
C00863,Mia Ahmed,Canada,Vancouver,Basic,Consumer,2024-11-24
C00864,James Green,United States,Austin,Basic,Small Business,2023-04-14
C00866,Yusuf Young,Canada,Calgary,Plus,Small Business,2025-12-28
C00868,Liam Green,Canada,Ottawa,Basic,Enterprise,2023-10-22
C00869,Sam Anderson,Canada,Calgary,Basic,Small Business,2024-11-07
C00870,Alex Moore,Germany,Frankfurt,Basic,Consumer,2023-08-20
C00871,Adam Baker,Singapore,Singapore,Basic,Consumer,2026-03-22
C00872,Mia Adams,United Kingdom,Leeds,Plus,Small Business,2024-10-29
C00873,James Khan,United Kingdom,Bristol,Plus,Consumer,2025-04-26
C00874,Lucas Mitchell,Australia,Melbourne,Premium,Consumer,2024-11-28
C00875,Sophia Davis,France,Bordeaux,Plus,Consumer,2024-04-28
C00876,Ethan Patel,United Kingdom,Leeds,Basic,Consumer,2024-10-28
C00877,James Taylor,Singapore,Singapore,Basic,Consumer,2023-08-11
C00878,Henry Davis,France,Nice,Basic,Small Business,2023-07-05
C00879,Sophia Davis,UAE,Sharjah,Premium,Small Business,2023-01-01
C00880,Sara Wilson,UAE,Abu Dhabi,Plus,Consumer,2026-03-29
C00881,Nora Lee,Australia,Brisbane,Basic,Small Business,2024-09-15
C00882,Ryan Thomas,France,Nice,Premium,Consumer,2025-11-11
C00883,Emma Moore,UAE,Abu Dhabi,Basic,Small Business,2023-04-19
C00885,Omar Ahmed,France,Nice,Plus,Consumer,2025-06-10
C00886,James Lee,UAE,Abu Dhabi,Basic,Consumer,2025-01-07
C00887,Ella Wright,UAE,Abu Dhabi,Premium,Small Business,2023-10-03
C00888,Amelia Brown,United States,Austin,Plus,Consumer,2025-06-13
C00889,Mia Brown,UAE,Sharjah,Plus,Small Business,2025-05-21
C00890,Yusuf Martin,Singapore,Singapore,Plus,Consumer,2024-12-28
C00891,Lucas Martin,France,Paris,Plus,Small Business,2024-04-29
C00892,Lina Adams,Canada,Ottawa,Premium,Consumer,2023-03-10
C00893,Noah Carter,Singapore,Singapore,Basic,Consumer,2023-06-13
C00894,Mia Hassan,Canada,Ottawa,Plus,Consumer,2023-07-01
C00895,Lucas Baker,United Kingdom,Bristol,Plus,Small Business,2025-12-31
C00896,Sara Smith,Singapore,Singapore,Plus,Consumer,2024-11-09
C00897,Omar Young,Canada,Calgary,Basic,Small Business,2024-09-14
C00898,Jack Miller,Canada,Toronto,Plus,Consumer,2026-03-19
C00899,Noah Patel,Canada,Toronto,Basic,Consumer,2025-11-01
C00900,Olivia Moore,Canada,Calgary,Basic,Consumer,2024-06-10
C00902,Adam Miller,UAE,Abu Dhabi,Plus,Consumer,2024-01-06
C00903,Alex Adams,United States,Seattle,Premium,Enterprise,2023-11-12
C00904,Ella Baker,France,Bordeaux,Basic,Consumer,2023-12-09
C00905,Sophia Carter,Germany,Berlin,Plus,Small Business,2023-08-26
C00906,Noah Martin,Singapore,Singapore,Basic,Consumer,2025-12-26
C00907,Lucas King,France,Bordeaux,Basic,Consumer,2025-06-09
C00908,Amelia Walker,Singapore,Singapore,Plus,Enterprise,2023-03-26
C00909,Liam Thomas,Germany,Frankfurt,Plus,Small Business,2024-07-12
C00910,Ava Lewis,Canada,Toronto,Basic,Consumer,2025-08-02
C00911,Sara Patel,Australia,Melbourne,Plus,Small Business,2024-01-04
C00912,Ava Nelson,United States,New York,Premium,Consumer,2023-07-20
C00913,Layla Taylor,Singapore,Singapore,Basic,Consumer,2024-01-31
C00914,Noah Smith,United Kingdom,London,Premium,Small Business,2024-03-20
C00915,Yusuf Khan,United Kingdom,London,Basic,Consumer,2025-02-08
C00916,Henry Garcia,UAE,Dubai,Plus,Consumer,2025-08-14
C00917,Henry Thomas,United Kingdom,Leeds,Premium,Consumer,2025-05-24
C00918,Lina Anderson,Germany,Hamburg,Basic,Consumer,2023-05-08
C00919,Emma King,Germany,Berlin,Basic,Small Business,2023-12-31
C00920,Nora Brown,Singapore,Singapore,Plus,Consumer,2025-10-04
C00921,Liam Wilson,France,Lyon,Plus,Consumer,2025-06-23
C00922,Lina Lewis,United Kingdom,London,Basic,Consumer,2024-05-28
C00923,Sara Green,United States,Chicago,Basic,Small Business,2023-03-19
C00924,Henry King,Canada,Vancouver,Plus,Small Business,2026-03-22
C00925,Amelia Adams,Singapore,Singapore,Basic,Small Business,2023-05-24
C00926,James Clark,United States,Chicago,Premium,Small Business,2025-09-14
C00927,Liam Carter,Germany,Hamburg,Plus,Consumer,2023-07-05
C00928,Adam Nelson,Germany,Berlin,Premium,Small Business,2024-08-16
C00929,Maya Lee,UAE,Sharjah,Basic,Consumer,2024-01-27
C00930,Leo Ahmed,France,Paris,Plus,Consumer,2023-06-23
C00931,Chloe Khan,Singapore,Singapore,Basic,Consumer,2024-05-03
C00932,Daniel King,United Kingdom,Bristol,Basic,Enterprise,2025-07-09
C00933,Amelia Johnson,Germany,Berlin,Basic,Small Business,2025-04-10
C00934,Liam Lee,Singapore,Singapore,Plus,Consumer,2023-05-28
C00935,Noah Hassan,UAE,Abu Dhabi,Plus,Consumer,2023-04-04
C00936,Lucas Ahmed,UAE,Dubai,Basic,Consumer,2024-09-21
C00937,Ella Miller,United Kingdom,Leeds,Plus,Small Business,2023-05-11
C00938,Ella Davis,United Kingdom,London,Basic,Small Business,2024-03-27
C00940,Ava Taylor,UAE,Abu Dhabi,Premium,Small Business,2023-04-04
C00941,Zoe Martin,Germany,Berlin,Basic,Consumer,2025-04-30
C00942,Ethan Ahmed,Germany,Munich,Basic,Enterprise,2023-03-25
C00943,Mia Taylor,France,Lyon,Basic,Consumer,2023-01-14
C00944,Amelia Martin,United Kingdom,Bristol,Basic,Small Business,2025-09-01
C00945,Lina Wilson,Australia,Melbourne,Plus,Consumer,2025-04-23
C00946,Lucas Martin,United States,Austin,Plus,Consumer,2023-06-30
C00947,Maya Davis,Canada,Calgary,Basic,Consumer,2024-01-29
C00949,Lucas Green,Australia,Brisbane,Basic,Consumer,2023-11-02
C00950,Henry Moore,Singapore,Singapore,Basic,Small Business,2023-03-30
C00951,Noah Khan,Germany,Hamburg,Basic,Consumer,2025-07-17
C00952,Noah Taylor,United States,Austin,Basic,Consumer,2025-11-20
C00953,Liam Brown,Australia,Perth,Plus,Consumer,2024-02-12
C00954,Jack Patel,Germany,Munich,Plus,Consumer,2023-07-20
C00955,Lucas Hassan,France,Lyon,Basic,Consumer,2025-08-22
C00956,Zoe Baker,United States,Chicago,Basic,Enterprise,2025-07-20
C00957,Ethan King,Germany,Munich,Basic,Consumer,2025-01-04
C00958,Isla Lee,Germany,Munich,Basic,Consumer,2024-07-28
C00959,Mia Taylor,Singapore,Singapore,Basic,Small Business,2024-03-26
C00960,Chloe Walker,UAE,Sharjah,Premium,Small Business,2026-03-29
C00961,James Moore,Australia,Sydney,Basic,Consumer,2024-03-19
C00962,Zoe Baker,Singapore,Singapore,Basic,Consumer,2024-05-20
C00963,Lucas Hall,France,Lyon,Premium,Consumer,2023-11-02
C00964,Ryan Carter,United States,Chicago,Premium,Consumer,2025-08-21
C00965,Jack Garcia,United States,Chicago,Plus,Consumer,2023-07-20
C00966,Nora Baker,Australia,Sydney,Plus,Consumer,2025-04-12
C00967,Sophia Wilson,Germany,Hamburg,Basic,Enterprise,2023-02-02
C00969,Amelia Green,Singapore,Singapore,Premium,Consumer,2025-01-28
C00970,Maya Green,United States,New York,Basic,Small Business,2025-12-23
C00971,Noah Walker,France,Nice,Plus,Consumer,2026-03-24
C00972,Alex Lee,United Kingdom,Bristol,Plus,Consumer,2025-01-15
C00973,Chloe Johnson,United Kingdom,Leeds,Basic,Consumer,2025-01-18
C00974,Adam Martin,United Kingdom,Manchester,Basic,Consumer,2026-01-10
C00975,Liam Khan,Singapore,Singapore,Plus,Small Business,2024-10-18
C00976,Adam Anderson,Canada,Ottawa,Basic,Consumer,2024-12-08
C00977,Nora Baker,United Kingdom,Leeds,Plus,Small Business,2025-12-27
C00978,Chloe Walker,Singapore,Singapore,Plus,Enterprise,2023-05-15
C00979,Sophia Anderson,Singapore,Singapore,Basic,Small Business,2024-08-13
C00980,Olivia Taylor,UAE,Abu Dhabi,Basic,Consumer,2023-11-05
C00981,Sam Lee,United States,Seattle,Basic,Small Business,2023-09-28
C00982,Daniel Young,France,Bordeaux,Plus,Consumer,2024-01-23
C00983,Olivia Smith,Australia,Brisbane,Basic,Consumer,2024-10-30
C00984,Daniel Carter,Singapore,Singapore,Basic,Consumer,2024-09-19
C00985,Ethan Miller,Canada,Vancouver,Basic,Enterprise,2023-04-07
C00986,Mia Young,Canada,Ottawa,Premium,Consumer,2023-11-26
C00987,Lina Nelson,Canada,Vancouver,Premium,Small Business,2023-11-11
C00988,Ethan Clark,United Kingdom,London,Premium,Consumer,2025-06-21
C00989,Isla Young,UAE,Dubai,Plus,Consumer,2024-10-11
C00990,Adam Wilson,Germany,Frankfurt,Plus,Consumer,2024-09-09
C00991,Liam Thomas,United States,Chicago,Premium,Small Business,2025-07-27
C00992,Ryan Hall,UAE,Dubai,Premium,Consumer,2025-11-05
C00994,Henry Wilson,Singapore,Singapore,Plus,Small Business,2023-03-24
C00995,Mia Patel,United Kingdom,Bristol,Basic,Consumer,2024-03-27
C00996,Nora Young,United Kingdom,Bristol,Basic,Small Business,2026-04-09
C00997,Layla Clark,Canada,Vancouver,Basic,Consumer,2025-07-01
C00999,Noah Thomas,Germany,Frankfurt,Basic,Small Business,2025-01-27
C01000,Emma Young,United States,Seattle,Basic,Consumer,2025-07-01
C01001,Sam Nelson,United Kingdom,Manchester,Plus,Consumer,2025-05-01
C01002,Alex Green,Canada,Vancouver,Plus,Enterprise,2025-05-18
C01004,Sophia Walker,Singapore,Singapore,Basic,Enterprise,2025-02-08
C01005,Olivia Smith,France,Nice,Basic,Consumer,2026-03-09
C01006,Sara Thomas,UAE,Dubai,Basic,Consumer,2026-02-08
C01007,Daniel Johnson,Canada,Calgary,Basic,Small Business,2024-04-04
C01008,Amelia Miller,United States,Austin,Basic,Enterprise,2025-08-25
C01009,Liam Khan,Canada,Ottawa,Basic,Small Business,2024-05-16
C01010,Amelia Taylor,Canada,Ottawa,Premium,Consumer,2025-01-10
C01011,Zoe Baker,France,Nice,Plus,Consumer,2023-09-02
C01012,Adam Adams,United States,Seattle,Basic,Consumer,2024-10-16
C01013,Nora Anderson,UAE,Abu Dhabi,Basic,Consumer,2025-05-09
C01014,Maya Thomas,Germany,Berlin,Basic,Consumer,2023-06-07
C01015,Layla Lee,UAE,Dubai,Plus,Consumer,2024-10-22
C01016,Sam Hall,Canada,Calgary,Plus,Small Business,2023-07-16
C01017,James Carter,Germany,Munich,Basic,Consumer,2025-02-02
C01018,Sara Baker,France,Nice,Premium,Consumer,2024-03-22
C01019,Mia Adams,Australia,Melbourne,Plus,Consumer,2025-12-12
C01020,Sam Nelson,United Kingdom,Leeds,Basic,Consumer,2023-09-26
C01021,Ryan Smith,Singapore,Singapore,Basic,Consumer,2025-06-24
C01022,Chloe Mitchell,Germany,Munich,Plus,Consumer,2023-08-31
C01023,Lucas Wilson,UAE,Sharjah,Basic,Consumer,2023-09-24
C01024,Olivia Wright,United Kingdom,London,Basic,Consumer,2025-06-02
C01025,Noah Lee,United Kingdom,London,Plus,Consumer,2023-05-02
C01026,Daniel Taylor,Canada,Toronto,Basic,Small Business,2023-07-17
C01027,Alex Taylor,Australia,Melbourne,Basic,Consumer,2023-07-05
C01028,Mia Moore,Canada,Calgary,Basic,Small Business,2024-05-10
C01029,Layla Carter,United Kingdom,London,Plus,Small Business,2025-12-19
C01031,Jack Taylor,Australia,Perth,Basic,Consumer,2025-06-19
C01032,Henry Taylor,UAE,Abu Dhabi,Premium,Consumer,2025-11-19
C01033,Lucas Wright,United Kingdom,Bristol,Basic,Consumer,2023-10-06
C01034,Daniel Garcia,Germany,Hamburg,Plus,Consumer,2024-11-02
C01035,Daniel Taylor,France,Nice,Basic,Small Business,2025-06-28
C01036,Lucas Nelson,France,Nice,Premium,Consumer,2023-05-23
C01037,Chloe Davis,Singapore,Singapore,Basic,Enterprise,2025-10-03
C01038,Henry Taylor,France,Bordeaux,Plus,Small Business,2023-09-02
C01040,Olivia Young,Australia,Brisbane,Basic,Small Business,2025-04-07
C01041,Liam Clark,France,Bordeaux,Basic,Small Business,2026-04-06
C01042,Zoe Lewis,France,Nice,Basic,Consumer,2025-04-08
C01043,Daniel Adams,Canada,Vancouver,Plus,Consumer,2024-05-28
C01044,Daniel Baker,Australia,Melbourne,Basic,Small Business,2023-05-20
C01045,Daniel Patel,United States,Austin,Basic,Small Business,2023-11-09
C01046,Leo Mitchell,United Kingdom,London,Plus,Consumer,2025-10-05
C01047,Alex Green,Australia,Brisbane,Plus,Consumer,2024-06-19
C01048,James Hall,United States,New York,Premium,Small Business,2023-09-01
C01049,Emma Green,Germany,Frankfurt,Basic,Consumer,2023-12-29
C01050,James Patel,Canada,Vancouver,Basic,Consumer,2025-03-07
C01051,Daniel Garcia,United Kingdom,Leeds,Plus,Small Business,2026-03-17
C01052,Daniel Baker,UAE,Sharjah,Basic,Consumer,2025-02-12
C01053,Yusuf Patel,Germany,Hamburg,Basic,Consumer,2023-04-03
C01054,Mia Davis,Germany,Hamburg,Plus,Consumer,2024-11-29
C01055,Emma Taylor,France,Nice,Premium,Consumer,2023-04-26
C01056,Henry Clark,Australia,Melbourne,Plus,Consumer,2023-05-15
C01057,Sam Walker,United Kingdom,Bristol,Basic,Consumer,2023-03-18
C01058,Nora Patel,France,Bordeaux,Basic,Small Business,2023-02-15
C01059,Ava King,France,Nice,Plus,Small Business,2023-07-24
C01060,Lina Patel,Australia,Brisbane,Basic,Small Business,2024-11-26
C01061,Ethan Mitchell,Canada,Calgary,Premium,Consumer,2023-06-04
C01062,Ella Moore,Australia,Brisbane,Basic,Consumer,2026-03-20
C01063,Emma Miller,Australia,Sydney,Plus,Consumer,2024-11-20
C01064,Isla Brown,Singapore,Singapore,Basic,Small Business,2024-09-10
C01065,Layla Miller,Canada,Ottawa,Plus,Consumer,2025-04-28
C01066,Emma Lewis,Singapore,Singapore,Premium,Small Business,2025-11-23
C01067,Sam Martin,Singapore,Singapore,Plus,Small Business,2025-08-15
C01068,Isla Thomas,France,Paris,Plus,Consumer,2023-10-30
C01069,Lucas Wilson,Canada,Ottawa,Basic,Small Business,2023-05-12
C01070,Maya Lee,France,Nice,Premium,Small Business,2024-06-09
C01071,Henry Mitchell,Australia,Perth,Basic,Consumer,2023-02-26
C01072,Lucas Miller,Canada,Ottawa,Basic,Enterprise,2025-05-14
C01073,Maya Anderson,United States,Austin,Basic,Consumer,2024-06-13
C01074,Alex Miller,Canada,Vancouver,Plus,Consumer,2025-09-22
C01075,Alex Smith,United States,New York,Basic,Consumer,2023-05-11
C01076,Chloe Wright,Germany,Berlin,Basic,Small Business,2023-10-15
C01077,Lucas Taylor,United Kingdom,Bristol,Basic,Consumer,2023-09-08
C01078,Sara Miller,Germany,Hamburg,Premium,Small Business,2024-04-28
C01079,Ryan Wright,Australia,Melbourne,Basic,Consumer,2024-07-16
C01080,Nora Wright,Canada,Toronto,Basic,Consumer,2023-08-20
C01081,Ava Nelson,France,Bordeaux,Plus,Enterprise,2023-10-24
C01082,Adam Baker,Germany,Hamburg,Basic,Enterprise,2023-03-13
C01083,Ella Hassan,United States,Austin,Basic,Consumer,2025-01-13
C01084,Chloe Miller,United Kingdom,Manchester,Premium,Consumer,2025-03-15
C01085,Ryan Thomas,Canada,Calgary,Basic,Small Business,2024-04-27
C01086,Leo Lee,UAE,Abu Dhabi,Plus,Small Business,2025-04-12
C01087,Alex Johnson,Canada,Toronto,Premium,Enterprise,2025-08-22
C01088,Jack Wright,Germany,Frankfurt,Premium,Small Business,2023-11-25
C01089,Lina Lewis,United Kingdom,Bristol,Basic,Small Business,2026-01-26
C01090,Jack Hall,Singapore,Singapore,Plus,Small Business,2024-01-12
C01091,Maya Green,UAE,Dubai,Basic,Small Business,2024-10-04
C01092,Zoe Brown,United Kingdom,Manchester,Basic,Small Business,2023-09-24
C01093,Sam Mitchell,France,Nice,Basic,Small Business,2023-10-01
C01094,Isla Martin,Germany,Hamburg,Basic,Consumer,2024-01-08
C01095,Emma Anderson,France,Lyon,Basic,Consumer,2026-02-17
C01096,Maya Mitchell,Australia,Sydney,Premium,Consumer,2023-12-12
C01098,Zoe Taylor,United States,Chicago,Plus,Enterprise,2025-10-09
C01099,Liam Clark,Australia,Melbourne,Premium,Small Business,2024-06-29
C01100,Leo Hassan,Singapore,Singapore,Basic,Small Business,2024-03-17
C01101,Ella Walker,Australia,Perth,Basic,Small Business,2023-02-28
C01102,Leo Lewis,Australia,Perth,Premium,Consumer,2025-07-27
C01103,Olivia Smith,Singapore,Singapore,Premium,Enterprise,2025-03-25
C01104,Henry Lee,France,Bordeaux,Plus,Consumer,2023-07-15
C01105,James Johnson,United States,Seattle,Premium,Consumer,2024-12-26
C01106,Yusuf Patel,United States,New York,Basic,Consumer,2024-09-11
C01107,Emma Patel,Germany,Munich,Premium,Consumer,2026-04-03
C01108,Ethan Lewis,UAE,Sharjah,Basic,Consumer,2025-08-16
C01109,Mia Brown,Germany,Frankfurt,Basic,Consumer,2023-04-01
C01110,Mia Baker,Canada,Calgary,Premium,Consumer,2024-06-23
C01111,Yusuf Davis,Canada,Calgary,Basic,Consumer,2025-10-03
C01112,Sara Wilson,Singapore,Singapore,Basic,Consumer,2024-01-11
C01114,Noah Green,Germany,Frankfurt,Basic,Consumer,2023-10-31
C01115,Liam Young,United Kingdom,Manchester,Premium,Consumer,2023-12-11
C01116,Jack Adams,Canada,Vancouver,Plus,Enterprise,2025-12-13
C01117,Sara Carter,UAE,Abu Dhabi,Premium,Consumer,2025-10-17
C01118,Henry Taylor,Germany,Berlin,Basic,Enterprise,2023-09-07
C01119,Emma Young,United Kingdom,Bristol,Basic,Consumer,2025-09-09
C01120,Nora Khan,Canada,Toronto,Basic,Consumer,2025-07-16
C01121,Ava Hassan,UAE,Dubai,Premium,Small Business,2024-08-02
C01122,Ava Miller,United States,New York,Plus,Consumer,2023-07-09
C01123,Emma Lewis,UAE,Dubai,Premium,Small Business,2023-07-02
C01124,Amelia Moore,Australia,Melbourne,Basic,Consumer,2023-11-12
C01125,Liam Walker,Singapore,Singapore,Plus,Enterprise,2023-09-26
C01126,Adam Patel,United Kingdom,Bristol,Plus,Consumer,2025-03-05
C01127,Daniel Lewis,France,Paris,Plus,Small Business,2024-01-17
C01128,Omar Khan,France,Paris,Basic,Consumer,2025-08-07
C01129,Henry Clark,UAE,Abu Dhabi,Plus,Small Business,2023-06-21
C01131,Mia Patel,Canada,Vancouver,Plus,Consumer,2023-04-08
C01132,James Brown,United States,New York,Plus,Consumer,2025-08-09
C01133,Henry Hassan,Canada,Calgary,Basic,Consumer,2025-10-28
C01135,Olivia Wright,Canada,Calgary,Plus,Consumer,2025-07-10
C01136,Yusuf Miller,Canada,Calgary,Premium,Small Business,2024-01-19
C01137,Sophia Martin,United Kingdom,Bristol,Premium,Consumer,2025-12-30
C01138,Amelia Smith,France,Paris,Basic,Small Business,2025-07-31
C01139,Lina King,Singapore,Singapore,Plus,Enterprise,2025-01-08
C01140,Lina Patel,France,Nice,Basic,Consumer,2024-01-26
C01141,Liam Davis,United States,Austin,Premium,Consumer,2023-10-25
C01142,Maya Clark,France,Lyon,Basic,Small Business,2023-10-31
C01143,Daniel Wright,United States,New York,Basic,Consumer,2025-06-30
C01144,Daniel Baker,United States,Chicago,Plus,Consumer,2026-03-12
C01145,Ella Davis,France,Paris,Basic,Consumer,2025-06-03
C01146,Omar Moore,Singapore,Singapore,Basic,Consumer,2025-11-17
C01147,Zoe Hassan,Singapore,Singapore,Plus,Consumer,2025-05-14
C01148,Zoe Hall,United Kingdom,Bristol,Premium,Consumer,2025-08-27
C01149,Liam Baker,Germany,Frankfurt,Plus,Consumer,2024-08-12
C01150,Jack Lee,Singapore,Singapore,Basic,Consumer,2024-11-25
C01151,Ryan Mitchell,Singapore,Singapore,Premium,Small Business,2025-03-10
C01152,Omar Davis,Germany,Frankfurt,Plus,Small Business,2024-02-29
C01153,Leo Ahmed,United Kingdom,Leeds,Basic,Consumer,2025-10-04
C01154,Liam Miller,France,Bordeaux,Basic,Consumer,2023-04-07
C01155,Amelia Young,Canada,Calgary,Plus,Consumer,2025-10-28
C01156,Noah Miller,United Kingdom,Bristol,Basic,Consumer,2023-09-05
C01157,James Clark,Singapore,Singapore,Premium,Small Business,2023-04-06
C01158,Sara Anderson,Canada,Vancouver,Premium,Small Business,2023-08-02
C01159,Lina Johnson,Singapore,Singapore,Premium,Small Business,2023-08-05
C01160,Alex Mitchell,United Kingdom,London,Plus,Consumer,2023-08-30
C01161,Sam Lee,Germany,Munich,Plus,Small Business,2025-11-02
C01162,Daniel Hassan,United Kingdom,Manchester,Plus,Consumer,2023-10-10
C01163,Liam Moore,Australia,Perth,Premium,Small Business,2023-01-14
C01164,Lucas Davis,Singapore,Singapore,Basic,Consumer,2024-06-28
C01165,Adam Ahmed,France,Nice,Plus,Consumer,2025-12-20
C01166,Omar Miller,Australia,Melbourne,Plus,Consumer,2025-04-18
C01167,Chloe Green,Germany,Berlin,Basic,Small Business,2025-11-25
C01168,Olivia Brown,Germany,Hamburg,Basic,Small Business,2025-06-07
C01169,Noah King,United States,Austin,Premium,Consumer,2025-11-30
C01170,Leo Wright,France,Nice,Plus,Consumer,2024-12-05
C01171,Amelia Davis,Canada,Vancouver,Plus,Consumer,2024-02-25
C01172,Chloe Nelson,Singapore,Singapore,Premium,Small Business,2025-04-08
C01173,Sara Lee,Canada,Toronto,Basic,Consumer,2023-09-16
C01174,Layla Nelson,Canada,Vancouver,Basic,Consumer,2025-12-03
C01176,Lucas Davis,Canada,Ottawa,Premium,Consumer,2023-05-03
C01177,Ella Young,Canada,Calgary,Basic,Small Business,2023-09-13
C01178,Nora Walker,United States,Chicago,Basic,Consumer,2026-04-06
C01179,Zoe Ahmed,Australia,Brisbane,Basic,Small Business,2026-03-19
C01180,Henry Wilson,France,Lyon,Basic,Consumer,2024-01-30
C01181,Ella Garcia,Germany,Frankfurt,Basic,Small Business,2025-04-23
C01182,Olivia Brown,United States,Chicago,Premium,Consumer,2025-07-02
C01183,Olivia Young,France,Bordeaux,Premium,Consumer,2025-05-17
C01184,Nora Ahmed,Singapore,Singapore,Premium,Consumer,2023-09-18
C01185,Daniel Ahmed,Singapore,Singapore,Premium,Consumer,2025-12-19
C01186,Liam Ahmed,Australia,Perth,Basic,Small Business,2026-02-18
C01187,Adam Thomas,United Kingdom,Leeds,Basic,Consumer,2024-08-16
C01188,Noah Adams,UAE,Dubai,Basic,Enterprise,2024-09-13
C01189,Leo Baker,United States,Austin,Basic,Consumer,2023-04-10
C01190,Ryan Anderson,Canada,Calgary,Basic,Small Business,2025-09-28
C01191,Amelia Taylor,Germany,Berlin,Premium,Consumer,2026-03-19
C01192,Leo Carter,Singapore,Singapore,Plus,Consumer,2023-09-29
C01193,Sara Wilson,Singapore,Singapore,Plus,Consumer,2024-10-28
C01194,Olivia Miller,France,Bordeaux,Basic,Consumer,2026-01-12
C01195,Noah Patel,Singapore,Singapore,Plus,Small Business,2023-02-20
C01196,Zoe Khan,Canada,Toronto,Plus,Consumer,2026-01-14
C01197,Zoe Garcia,United States,Austin,Plus,Consumer,2023-02-08
C01198,Liam Patel,UAE,Dubai,Basic,Consumer,2026-04-01
C01199,Nora Brown,Germany,Frankfurt,Plus,Consumer,2023-02-17
C01200,Ava Wright,UAE,Abu Dhabi,Basic,Consumer,2025-02-21
C01201,Isla Brown,United Kingdom,London,Plus,Consumer,2024-01-10
C01202,Isla Garcia,United Kingdom,Manchester,Basic,Consumer,2023-12-13
C01203,Noah Mitchell,Germany,Munich,Basic,Consumer,2025-03-09
C01204,Liam Hall,UAE,Abu Dhabi,Premium,Consumer,2023-09-05
C01205,Noah Lee,Australia,Melbourne,Basic,Small Business,2025-02-27
C01206,Liam Lewis,United States,Seattle,Basic,Consumer,2025-09-18
C01207,Amelia Wright,Australia,Sydney,Basic,Enterprise,2023-07-27
C01208,Lucas Garcia,UAE,Abu Dhabi,Plus,Consumer,2025-10-21
C01209,Sophia Miller,UAE,Abu Dhabi,Plus,Consumer,2024-05-17
C01210,James Wright,Singapore,Singapore,Basic,Consumer,2024-08-15
C01211,Maya Martin,United States,New York,Premium,Consumer,2024-05-28
C01212,Ella Patel,France,Nice,Premium,Consumer,2025-11-11
C01213,Leo Johnson,UAE,Sharjah,Plus,Consumer,2023-07-03
C01214,Emma Ahmed,United Kingdom,Manchester,Plus,Enterprise,2025-06-03
C01215,Sophia Mitchell,Germany,Hamburg,Plus,Enterprise,2025-07-16
C01216,Isla Clark,Germany,Hamburg,Basic,Enterprise,2024-11-03
C01217,Amelia Thomas,UAE,Sharjah,Premium,Consumer,2023-01-09
C01218,Chloe Smith,UAE,Abu Dhabi,Plus,Small Business,2025-09-28
C01219,Sara King,United Kingdom,London,Plus,Small Business,2025-06-30
C01220,Henry Taylor,Germany,Frankfurt,Premium,Consumer,2023-12-29
C01221,Ella Garcia,United States,New York,Basic,Enterprise,2025-06-29
C01222,Amelia Clark,United States,Seattle,Plus,Small Business,2024-01-28
C01223,Olivia Davis,Canada,Vancouver,Basic,Consumer,2025-01-13
C01224,Noah Lewis,Singapore,Singapore,Basic,Enterprise,2025-03-22
C01225,Liam Moore,Canada,Ottawa,Basic,Consumer,2026-03-04
C01226,Henry Patel,UAE,Dubai,Plus,Small Business,2023-09-18
C01227,Isla Thomas,Australia,Brisbane,Basic,Small Business,2025-12-27
C01228,Yusuf Lewis,Singapore,Singapore,Premium,Small Business,2023-04-17
C01229,Sam Hall,France,Bordeaux,Basic,Small Business,2025-08-13
C01230,Daniel Young,United States,Austin,Basic,Enterprise,2025-12-26
C01231,Nora Hall,United States,Chicago,Basic,Consumer,2026-03-17
C01232,Alex Smith,Australia,Perth,Premium,Enterprise,2024-02-08
C01233,Ethan Hall,Canada,Toronto,Plus,Consumer,2025-09-09
C01234,Omar Miller,United States,Seattle,Premium,Consumer,2025-08-27
C01235,Lucas Hall,United States,Seattle,Plus,Consumer,2023-05-30
C01236,Sara Mitchell,Singapore,Singapore,Plus,Consumer,2023-06-25
C01237,Noah Thomas,United States,Chicago,Basic,Small Business,2023-05-14
C01238,Alex Wilson,United States,Chicago,Basic,Consumer,2025-06-03
C01239,Olivia Taylor,United States,New York,Basic,Consumer,2023-07-16
C01240,Yusuf Garcia,France,Lyon,Premium,Small Business,2023-01-22
C01241,Nora King,Singapore,Singapore,Premium,Consumer,2024-11-26
C01242,Maya Patel,United States,Chicago,Plus,Consumer,2023-08-10
C01243,Liam Smith,United Kingdom,Manchester,Premium,Consumer,2025-11-08
C01244,Isla Young,France,Bordeaux,Plus,Consumer,2024-05-12
C01245,Mia Miller,United States,New York,Basic,Consumer,2025-11-16
C01246,Maya Garcia,Germany,Hamburg,Plus,Consumer,2023-10-26
C01247,Mia Baker,Canada,Calgary,Basic,Enterprise,2025-11-26
C01248,Zoe Patel,UAE,Dubai,Basic,Small Business,2026-02-19
C01250,Alex Brown,Germany,Munich,Plus,Small Business,2025-08-15
C01251,Yusuf Ahmed,Germany,Hamburg,Plus,Consumer,2023-11-29
C01252,Liam Green,United States,Chicago,Basic,Consumer,2024-04-01
C01253,Lina Clark,Singapore,Singapore,Basic,Small Business,2024-11-09
C01254,Alex Hassan,France,Lyon,Basic,Small Business,2023-01-14
C01255,Adam Smith,United Kingdom,Bristol,Basic,Consumer,2024-08-18
C01256,Nora Lee,Germany,Berlin,Premium,Consumer,2024-08-04
C01257,Ethan Clark,Canada,Vancouver,Basic,Consumer,2024-01-01
C01258,Sophia Smith,UAE,Abu Dhabi,Premium,Consumer,2023-10-09
C01259,Emma Khan,United Kingdom,Bristol,Premium,Consumer,2024-05-06
C01261,Chloe Ahmed,United Kingdom,London,Basic,Enterprise,2024-01-24
C01262,Sophia Nelson,France,Nice,Basic,Consumer,2024-05-15
C01263,Ryan Johnson,Australia,Brisbane,Plus,Consumer,2023-04-20
C01264,Maya Miller,Canada,Vancouver,Premium,Enterprise,2025-09-28
C01265,Sophia Hassan,United Kingdom,Leeds,Plus,Consumer,2023-12-09
C01266,Layla King,Germany,Frankfurt,Plus,Consumer,2025-02-04
C01267,Layla Ahmed,Singapore,Singapore,Basic,Consumer,2026-04-10
C01268,Maya Johnson,Australia,Melbourne,Premium,Consumer,2024-04-25
C01269,Emma Lee,Canada,Ottawa,Premium,Consumer,2025-02-05
C01270,Isla Nelson,United Kingdom,Manchester,Plus,Consumer,2025-11-28
C01271,Adam Clark,United States,Chicago,Plus,Consumer,2025-07-12
C01272,Nora Wright,France,Nice,Plus,Consumer,2025-02-22
C01273,Amelia Martin,Singapore,Singapore,Basic,Consumer,2023-06-18
C01274,Leo Davis,United Kingdom,Bristol,Premium,Consumer,2023-05-27
C01275,Adam Johnson,Australia,Brisbane,Basic,Consumer,2024-09-11
C01276,Jack Davis,Canada,Vancouver,Plus,Enterprise,2026-01-17
C01277,Ryan Lewis,United States,Seattle,Basic,Consumer,2025-04-07
C01278,Emma Davis,United States,Chicago,Plus,Enterprise,2023-11-02
C01279,Sam King,Australia,Melbourne,Plus,Consumer,2024-04-23
C01280,Layla Carter,Singapore,Singapore,Basic,Consumer,2024-01-20
C01281,Omar Garcia,France,Lyon,Basic,Small Business,2023-03-03
C01282,Adam Wilson,UAE,Abu Dhabi,Premium,Consumer,2024-12-27
C01283,Ava Clark,France,Bordeaux,Plus,Consumer,2026-01-06
C01284,Leo Hall,United States,New York,Premium,Consumer,2024-11-07
C01285,Zoe Khan,France,Bordeaux,Basic,Consumer,2025-12-30
C01287,Olivia Martin,United Kingdom,Manchester,Basic,Small Business,2025-09-27
C01288,Amelia Martin,Australia,Sydney,Premium,Consumer,2024-02-26
C01289,Lucas Walker,United Kingdom,Leeds,Basic,Consumer,2023-12-18
C01290,Ava Moore,France,Bordeaux,Basic,Consumer,2026-01-03
C01291,Omar Baker,United Kingdom,Leeds,Premium,Small Business,2023-09-24
C01293,Yusuf Carter,Canada,Vancouver,Plus,Small Business,2024-07-18
C01294,Sophia Smith,UAE,Abu Dhabi,Basic,Consumer,2024-05-20
C01295,Layla Hall,Singapore,Singapore,Basic,Consumer,2023-07-06
C01296,Leo Khan,Singapore,Singapore,Plus,Small Business,2024-09-01
C01297,Emma Mitchell,UAE,Abu Dhabi,Basic,Small Business,2025-06-03
C01298,Nora King,UAE,Sharjah,Plus,Consumer,2023-03-31
C01299,Lucas Anderson,UAE,Abu Dhabi,Premium,Consumer,2023-05-17
C01300,Lina Hassan,Australia,Perth,Basic,Small Business,2023-09-06
C01301,Adam Brown,United Kingdom,Bristol,Basic,Consumer,2024-02-29
C01302,Layla Johnson,Singapore,Singapore,Basic,Small Business,2025-08-03
C01303,Emma Hall,France,Lyon,Basic,Consumer,2023-08-23
C01304,Lina Thomas,UAE,Abu Dhabi,Plus,Consumer,2025-08-02
C01306,Ethan Davis,United States,New York,Basic,Consumer,2025-03-11
C01307,Ethan Brown,United States,Seattle,Basic,Consumer,2024-03-19
C01308,Lina Johnson,Australia,Perth,Plus,Small Business,2025-12-06
C01309,Maya Patel,United Kingdom,Leeds,Plus,Consumer,2023-01-10
C01310,Noah Garcia,France,Lyon,Premium,Consumer,2024-05-03
C01311,Sophia Brown,United States,Chicago,Basic,Consumer,2024-01-29
C01312,Henry Patel,United Kingdom,Manchester,Premium,Consumer,2023-12-10
C01313,Jack Martin,United States,Chicago,Plus,Small Business,2024-10-22
C01314,James Khan,Australia,Melbourne,Premium,Consumer,2025-05-26
C01316,Maya Hall,United States,Chicago,Basic,Consumer,2024-07-24
C01317,Maya Mitchell,Germany,Berlin,Basic,Consumer,2024-09-09
C01318,Sara Mitchell,Singapore,Singapore,Plus,Small Business,2026-03-11
C01319,Ethan Lewis,United Kingdom,Bristol,Premium,Small Business,2023-09-30
C01320,Ava Martin,Germany,Frankfurt,Basic,Consumer,2026-04-13
C01321,Nora King,Australia,Sydney,Basic,Consumer,2023-09-12
C01322,Leo Clark,France,Lyon,Plus,Consumer,2025-02-06
C01323,Daniel Walker,Australia,Melbourne,Basic,Small Business,2024-05-02
C01324,Ryan Hassan,Singapore,Singapore,Basic,Consumer,2023-03-23
C01325,Layla Miller,France,Nice,Plus,Consumer,2024-11-09
C01326,Ava Clark,Australia,Sydney,Premium,Small Business,2024-05-23
C01328,Olivia Moore,Singapore,Singapore,Premium,Consumer,2023-10-17
C01329,Sophia Wilson,United Kingdom,Manchester,Plus,Small Business,2024-02-23
C01330,Lucas Adams,United Kingdom,Leeds,Plus,Consumer,2024-02-09
C01331,Lucas Wright,UAE,Sharjah,Basic,Consumer,2025-07-07
C01332,Maya Lee,Canada,Ottawa,Basic,Enterprise,2025-03-26
C01333,Emma Martin,Singapore,Singapore,Basic,Consumer,2025-06-06
C01334,Sara Wilson,Singapore,Singapore,Plus,Consumer,2023-06-20
C01335,Sara Thomas,Canada,Vancouver,Plus,Consumer,2025-02-18
C01336,Nora Walker,Singapore,Singapore,Basic,Consumer,2023-05-28
C01337,Ava Wilson,Singapore,Singapore,Basic,Consumer,2023-01-27
C01338,Sam Adams,Germany,Frankfurt,Basic,Consumer,2025-03-19
C01339,Jack Young,France,Bordeaux,Basic,Enterprise,2023-05-26
C01340,Omar Anderson,United States,New York,Basic,Consumer,2024-02-02
C01341,Sara Wright,Canada,Calgary,Plus,Consumer,2025-01-24
C01342,Lina Johnson,France,Bordeaux,Plus,Consumer,2023-03-12
C01343,Ryan Davis,Germany,Berlin,Plus,Small Business,2024-06-19
C01344,Yusuf Green,UAE,Abu Dhabi,Basic,Consumer,2023-11-27
C01345,Amelia Taylor,United Kingdom,Leeds,Basic,Consumer,2023-06-14
C01346,Layla Thomas,Australia,Perth,Basic,Consumer,2024-09-10
C01347,Layla Nelson,France,Nice,Plus,Small Business,2023-07-02
C01348,Liam Khan,Germany,Munich,Basic,Consumer,2025-03-26
C01349,Lina Walker,United States,Austin,Plus,Consumer,2023-05-24
C01350,Sara Ahmed,France,Bordeaux,Plus,Small Business,2023-12-16
C01351,Ethan Young,UAE,Sharjah,Basic,Consumer,2025-10-26
C01353,Isla Anderson,France,Bordeaux,Plus,Small Business,2023-12-07
C01354,Olivia Walker,United Kingdom,Leeds,Basic,Consumer,2023-03-02
C01355,Zoe Clark,Singapore,Singapore,Plus,Consumer,2023-05-06
C01356,Isla Garcia,United States,New York,Basic,Consumer,2023-01-15
C01357,Emma Mitchell,Canada,Ottawa,Basic,Consumer,2025-05-29
C01358,Ava Young,Germany,Hamburg,Plus,Enterprise,2025-03-27
C01359,Emma Mitchell,United States,Seattle,Premium,Small Business,2023-01-07
C01360,Nora Moore,France,Lyon,Basic,Consumer,2025-12-22
C01361,Isla Ahmed,Australia,Brisbane,Basic,Small Business,2025-08-31
C01362,Layla Wright,Australia,Sydney,Premium,Enterprise,2024-10-21
C01363,Amelia Khan,Germany,Berlin,Premium,Small Business,2025-06-28
C01364,Lucas Mitchell,Singapore,Singapore,Plus,Small Business,2024-12-14
C01365,Omar Thomas,Singapore,Singapore,Plus,Consumer,2024-02-04
C01366,Lina Wilson,United States,Austin,Basic,Consumer,2026-01-28
C01367,Sam Green,UAE,Abu Dhabi,Premium,Consumer,2026-01-12
C01368,Lucas Clark,Australia,Melbourne,Plus,Small Business,2023-07-03
C01369,Liam Wright,United States,Austin,Premium,Consumer,2025-02-24
C01370,Sara Lewis,Australia,Brisbane,Plus,Enterprise,2023-09-10
C01371,Henry Wilson,Singapore,Singapore,Plus,Consumer,2024-04-03
C01372,Ryan Carter,United Kingdom,Bristol,Basic,Small Business,2025-02-20
C01373,Maya Khan,France,Lyon,Basic,Consumer,2023-06-29
C01374,Liam Brown,Germany,Munich,Plus,Consumer,2025-01-23
C01375,Mia Moore,Germany,Frankfurt,Plus,Consumer,2023-05-07
C01376,Zoe Nelson,Australia,Perth,Premium,Consumer,2025-01-17
C01377,Alex Patel,UAE,Sharjah,Plus,Consumer,2023-08-07
C01378,Emma Smith,Singapore,Singapore,Basic,Enterprise,2024-03-24
C01379,Daniel Patel,Singapore,Singapore,Plus,Consumer,2023-03-12
C01380,Yusuf Hall,Canada,Toronto,Basic,Small Business,2026-03-21
C01381,Daniel Khan,Australia,Perth,Basic,Enterprise,2023-05-01
C01382,Alex Hall,UAE,Sharjah,Basic,Small Business,2024-04-05
C01384,Ella Patel,UAE,Dubai,Plus,Consumer,2025-08-27
C01385,Adam Garcia,France,Bordeaux,Basic,Small Business,2024-08-01
C01386,Lina Thomas,Australia,Perth,Basic,Consumer,2026-04-03
C01387,Sam Miller,United States,Seattle,Basic,Consumer,2023-10-09
C01388,Nora Ahmed,Singapore,Singapore,Premium,Consumer,2024-02-05
C01389,Jack Khan,United States,Seattle,Plus,Consumer,2023-10-30
C01390,Emma Wright,UAE,Dubai,Basic,Enterprise,2024-01-03
C01391,Noah Taylor,Germany,Frankfurt,Premium,Small Business,2025-04-07
C01392,Lucas Johnson,United Kingdom,Manchester,Basic,Consumer,2023-12-20
C01393,Maya Hassan,France,Paris,Plus,Small Business,2025-02-21
C01394,Isla Khan,Singapore,Singapore,Basic,Consumer,2023-09-07
C01395,Daniel Khan,Australia,Sydney,Plus,Enterprise,2025-09-09
C01396,Isla Ahmed,United Kingdom,Manchester,Basic,Enterprise,2025-06-07
C01397,Leo Carter,UAE,Dubai,Basic,Small Business,2026-01-05
C01398,Ethan King,United States,Chicago,Plus,Consumer,2025-12-21
C01399,Daniel Brown,United Kingdom,Manchester,Premium,Small Business,2024-01-06
C01400,Sam Mitchell,UAE,Dubai,Plus,Small Business,2023-09-09
C01401,Noah Wilson,Australia,Melbourne,Basic,Consumer,2023-03-13
C01403,Lucas Walker,United States,Seattle,Plus,Consumer,2026-03-27
C01404,Daniel Ahmed,Germany,Hamburg,Plus,Consumer,2023-07-22
C01405,Henry Davis,United States,Austin,Basic,Consumer,2024-03-16
C01406,Mia Mitchell,Australia,Brisbane,Basic,Small Business,2025-05-14
C01407,Olivia Nelson,Canada,Calgary,Basic,Small Business,2025-03-30
C01408,Nora Brown,Canada,Ottawa,Premium,Consumer,2024-02-22
C01409,Olivia Khan,Canada,Vancouver,Plus,Consumer,2025-11-13
C01410,Yusuf Martin,France,Lyon,Basic,Small Business,2025-02-15
C01411,Amelia Mitchell,Australia,Sydney,Basic,Consumer,2026-01-28
C01412,Omar Brown,Germany,Berlin,Basic,Consumer,2024-07-13
C01413,Mia Moore,Australia,Brisbane,Basic,Consumer,2024-03-31
C01414,Emma Taylor,United Kingdom,Manchester,Plus,Small Business,2025-09-29
C01415,Liam Adams,Germany,Hamburg,Plus,Consumer,2023-04-09
C01416,Ethan Hall,France,Lyon,Basic,Small Business,2025-12-24
C01417,James Mitchell,France,Bordeaux,Plus,Consumer,2025-11-17
C01418,Lina Wilson,UAE,Dubai,Basic,Small Business,2023-04-19
C01419,Ryan Hassan,Germany,Munich,Plus,Consumer,2025-07-26
C01420,Ethan Green,Germany,Frankfurt,Plus,Consumer,2025-05-26
C01421,Layla Ahmed,Australia,Brisbane,Plus,Consumer,2024-09-17
C01422,Omar Garcia,Germany,Berlin,Plus,Consumer,2024-05-06
C01423,Olivia Martin,United States,New York,Plus,Consumer,2025-10-06
C01424,Alex Moore,United States,Chicago,Plus,Enterprise,2023-10-07
C01425,Daniel Baker,United Kingdom,Leeds,Basic,Consumer,2023-01-15
C01426,Lina Wright,Germany,Munich,Premium,Small Business,2025-12-17
C01427,Henry Mitchell,United States,Chicago,Premium,Small Business,2025-12-08
C01428,Chloe Clark,UAE,Dubai,Basic,Consumer,2024-12-24
C01429,Noah Wright,Singapore,Singapore,Basic,Enterprise,2024-11-23
C01430,Ryan Patel,Australia,Sydney,Basic,Consumer,2024-06-26
C01431,Sophia Smith,France,Lyon,Premium,Enterprise,2025-11-21
C01432,Ella Anderson,United States,Chicago,Premium,Small Business,2023-04-28
C01433,Adam Smith,Singapore,Singapore,Basic,Consumer,2024-12-17
C01434,Chloe Hassan,UAE,Abu Dhabi,Basic,Consumer,2025-10-04
C01435,Sophia Brown,UAE,Abu Dhabi,Basic,Consumer,2023-11-15
C01436,Sara Patel,Canada,Vancouver,Basic,Consumer,2025-01-16
C01437,Omar Anderson,UAE,Sharjah,Plus,Consumer,2025-06-17
C01438,Henry Davis,Singapore,Singapore,Basic,Small Business,2023-01-12
C01439,Adam Anderson,Australia,Sydney,Basic,Consumer,2025-03-19
C01440,Omar Hassan,Germany,Berlin,Basic,Consumer,2025-09-08
C01441,Henry Lewis,United Kingdom,Leeds,Basic,Consumer,2023-09-18
C01442,Ava Garcia,France,Bordeaux,Basic,Enterprise,2023-02-13
C01443,Mia Wilson,Germany,Berlin,Plus,Consumer,2024-12-01
C01444,Omar Mitchell,United States,Chicago,Basic,Consumer,2023-06-19
C01445,Sara Wright,Australia,Melbourne,Plus,Consumer,2024-07-29
C01446,Sara Taylor,Canada,Vancouver,Plus,Consumer,2025-08-28
C01447,Lina Miller,United Kingdom,Manchester,Basic,Small Business,2023-11-01
C01448,Lucas Taylor,UAE,Abu Dhabi,Basic,Enterprise,2023-10-27
C01449,Omar Smith,Australia,Sydney,Premium,Consumer,2025-12-11
C01450,Leo Ahmed,Australia,Melbourne,Basic,Consumer,2025-11-10
C01451,Omar Khan,United States,Seattle,Basic,Consumer,2024-12-19
C01452,Lina Wright,Australia,Brisbane,Premium,Consumer,2023-01-02
C01453,Noah Patel,Germany,Munich,Basic,Consumer,2023-07-26
C01454,Omar Martin,Canada,Ottawa,Basic,Consumer,2023-07-18
C01455,Henry Smith,UAE,Abu Dhabi,Basic,Small Business,2025-12-19
C01456,Yusuf Young,Australia,Brisbane,Basic,Consumer,2023-08-06
C01457,Mia Khan,United Kingdom,London,Plus,Enterprise,2024-01-26
C01458,Sophia Ahmed,Singapore,Singapore,Basic,Consumer,2024-12-03
C01459,Leo Hassan,Singapore,Singapore,Plus,Consumer,2023-09-19
C01460,Sophia Wright,Canada,Calgary,Premium,Consumer,2023-08-29
C01461,Ryan Wright,United Kingdom,Leeds,Basic,Enterprise,2025-10-28
C01462,Alex Smith,UAE,Sharjah,Basic,Enterprise,2024-08-16
C01463,Noah Carter,United States,Austin,Plus,Consumer,2025-12-26
C01464,Sam Adams,United Kingdom,Manchester,Basic,Consumer,2026-02-25
C01465,Sara King,France,Nice,Basic,Consumer,2026-03-17
C01467,Leo Moore,Australia,Brisbane,Plus,Consumer,2023-12-17
C01468,Lucas Johnson,Australia,Brisbane,Basic,Consumer,2024-07-22
C01469,Ryan Wilson,Canada,Toronto,Plus,Consumer,2024-03-06
C01470,James Taylor,United States,Seattle,Plus,Enterprise,2024-10-26
C01471,Olivia Ahmed,Canada,Vancouver,Basic,Consumer,2024-10-26
C01472,Noah Khan,United States,Seattle,Basic,Enterprise,2023-12-28
C01473,Isla Smith,United Kingdom,Leeds,Premium,Consumer,2026-02-02
C01474,Sophia Davis,Singapore,Singapore,Basic,Consumer,2025-03-20
C01475,Mia Green,Australia,Perth,Basic,Small Business,2023-07-11
C01476,Daniel Martin,Singapore,Singapore,Plus,Consumer,2026-03-12
C01477,Daniel Hassan,UAE,Sharjah,Basic,Consumer,2023-12-30
C01478,Ella King,Australia,Sydney,Basic,Consumer,2025-07-20
C01479,Ryan Khan,France,Paris,Plus,Consumer,2023-01-25
C01480,Yusuf Taylor,France,Bordeaux,Basic,Small Business,2023-03-31
C01482,Alex Smith,United Kingdom,Bristol,Premium,Consumer,2023-10-13
C01483,Daniel Garcia,Singapore,Singapore,Basic,Consumer,2024-05-14
C01484,Noah Nelson,Canada,Toronto,Basic,Consumer,2026-01-20
C01485,Leo Taylor,France,Lyon,Basic,Consumer,2024-04-09
C01486,Omar King,UAE,Abu Dhabi,Plus,Consumer,2025-02-26
C01487,Henry Anderson,United Kingdom,Leeds,Basic,Consumer,2023-07-28
C01488,Leo Young,United Kingdom,Bristol,Basic,Enterprise,2023-06-23
C01489,Chloe Johnson,UAE,Dubai,Basic,Consumer,2024-01-07
C01490,Henry Wright,UAE,Sharjah,Plus,Small Business,2024-08-10
C01491,Adam Anderson,United Kingdom,Bristol,Premium,Small Business,2024-06-27
C01492,Alex Thomas,United Kingdom,London,Premium,Enterprise,2023-10-28
C01493,Ava Wilson,France,Bordeaux,Plus,Small Business,2025-09-06
C01494,Ella Brown,United Kingdom,Leeds,Premium,Consumer,2023-07-05
C01495,Ava Wilson,UAE,Abu Dhabi,Basic,Consumer,2025-09-12
C01496,Lina Wright,Germany,Munich,Plus,Small Business,2024-05-18
C01498,Olivia Carter,France,Lyon,Plus,Consumer,2023-01-06
C01499,Sophia Moore,United States,Seattle,Plus,Enterprise,2023-08-14
C01500,Noah Thomas,Germany,Hamburg,Premium,Small Business,2023-10-13
C01501,Leo Green,UAE,Sharjah,Premium,Enterprise,2024-05-11
C01502,Sophia Davis,Australia,Sydney,Plus,Consumer,2023-10-21
C01503,Emma Hassan,United States,Chicago,Basic,Small Business,2026-04-06
C01504,Olivia Baker,UAE,Dubai,Basic,Consumer,2024-05-16
C01505,Olivia Smith,France,Lyon,Plus,Consumer,2023-10-14
C01506,Jack Adams,Canada,Ottawa,Basic,Consumer,2023-01-28
C01507,Leo Taylor,UAE,Dubai,Premium,Consumer,2023-12-22
C01508,Layla Martin,United States,Chicago,Premium,Small Business,2025-07-19
C01510,Isla Brown,France,Lyon,Plus,Consumer,2023-04-25
C01511,Lucas King,UAE,Sharjah,Premium,Consumer,2023-06-08
C01512,Ella Ahmed,Singapore,Singapore,Basic,Small Business,2025-02-18
C01513,Ethan Johnson,Germany,Frankfurt,Basic,Consumer,2023-06-09
C01514,Adam Mitchell,Germany,Berlin,Basic,Consumer,2023-08-07
C01515,Olivia Lee,United States,Seattle,Basic,Consumer,2023-03-08
C01516,Lucas Lewis,United Kingdom,London,Plus,Small Business,2023-04-04
C01517,Noah Hall,United Kingdom,Bristol,Basic,Consumer,2024-08-01
C01518,Emma Adams,Australia,Brisbane,Plus,Small Business,2023-09-23
C01519,Lina Patel,United Kingdom,Bristol,Basic,Small Business,2023-07-26
C01520,Layla Miller,UAE,Dubai,Plus,Consumer,2026-04-15
C01521,Sam Moore,United States,Seattle,Basic,Small Business,2023-06-11
C01522,Chloe Khan,United Kingdom,Manchester,Premium,Small Business,2023-10-16
C01524,Ryan Garcia,Germany,Frankfurt,Plus,Consumer,2025-01-07
C01525,Yusuf Moore,France,Paris,Premium,Small Business,2025-03-04
C01526,Lucas Lee,United Kingdom,Manchester,Plus,Enterprise,2023-07-19
C01527,Alex Smith,UAE,Abu Dhabi,Plus,Enterprise,2023-06-28
C01528,Daniel Taylor,Singapore,Singapore,Basic,Consumer,2023-05-20
C01529,Isla Carter,Germany,Hamburg,Basic,Consumer,2025-08-01
C01530,Isla Baker,Canada,Ottawa,Plus,Consumer,2023-09-11
C01531,Zoe Baker,United States,Seattle,Premium,Consumer,2023-09-22
C01532,Nora Young,Germany,Hamburg,Basic,Consumer,2025-07-10
C01533,Isla Anderson,United States,New York,Plus,Consumer,2026-02-22
C01534,Amelia Wilson,United Kingdom,Bristol,Basic,Consumer,2023-05-30
C01535,Lucas King,Singapore,Singapore,Basic,Consumer,2025-12-31
C01536,Chloe Davis,Singapore,Singapore,Basic,Small Business,2025-03-23
C01537,Sara Wright,Australia,Perth,Basic,Consumer,2025-09-22
C01538,Sophia Ahmed,Singapore,Singapore,Basic,Consumer,2023-11-15
C01539,Daniel Wilson,Australia,Brisbane,Plus,Enterprise,2025-02-17
C01541,Sam Smith,France,Nice,Basic,Consumer,2023-10-18
C01542,Olivia Lewis,France,Paris,Basic,Small Business,2025-05-09
C01543,Layla Lee,Canada,Vancouver,Premium,Consumer,2025-05-27
C01544,Ava Garcia,Canada,Vancouver,Basic,Enterprise,2025-09-13
C01546,Emma Davis,United States,Austin,Basic,Small Business,2023-10-24
C01547,Ava Patel,Germany,Berlin,Basic,Consumer,2023-10-30
C01548,Daniel Moore,Germany,Berlin,Plus,Small Business,2024-06-22
C01549,Layla Hassan,United States,Chicago,Premium,Small Business,2025-07-09
C01550,Maya Carter,United Kingdom,London,Basic,Enterprise,2025-05-10
C01551,Lina Nelson,UAE,Sharjah,Basic,Consumer,2024-01-27
C01552,Henry Carter,United States,Seattle,Plus,Consumer,2024-09-20
C01553,Layla Davis,United Kingdom,Leeds,Plus,Consumer,2025-04-20
C01554,Adam Young,France,Nice,Basic,Consumer,2025-05-27
C01555,Adam Martin,UAE,Sharjah,Basic,Consumer,2025-06-14
C01556,Maya Walker,United Kingdom,London,Plus,Consumer,2023-02-03
C01557,Yusuf Thomas,France,Paris,Basic,Small Business,2026-01-20
C01558,Liam Khan,Singapore,Singapore,Plus,Small Business,2024-03-09
C01559,Lucas Garcia,Singapore,Singapore,Basic,Small Business,2023-09-12
C01560,Adam Miller,Singapore,Singapore,Premium,Small Business,2025-03-21
C01561,Amelia Young,Australia,Brisbane,Basic,Small Business,2024-09-21
C01562,Ella Anderson,France,Lyon,Basic,Small Business,2023-03-08
C01563,Amelia Smith,UAE,Abu Dhabi,Premium,Consumer,2024-10-12
C01564,Ava Martin,France,Lyon,Plus,Consumer,2025-03-16
C01565,Ella Johnson,France,Lyon,Premium,Consumer,2023-12-22
C01566,Emma Anderson,Germany,Munich,Basic,Consumer,2023-09-16
C01567,Layla Taylor,France,Nice,Premium,Consumer,2024-10-22
C01568,Sophia Brown,United Kingdom,London,Basic,Small Business,2023-11-10
C01569,Amelia Mitchell,United Kingdom,Leeds,Basic,Small Business,2025-07-18
C01570,Maya Khan,Germany,Munich,Basic,Small Business,2024-08-31
C01571,Sophia Nelson,Australia,Perth,Plus,Small Business,2024-07-17
C01572,Olivia Thomas,UAE,Sharjah,Basic,Enterprise,2023-07-31
C01573,Liam Green,United Kingdom,London,Basic,Consumer,2024-01-05
C01574,Olivia Brown,Singapore,Singapore,Premium,Consumer,2023-07-26
C01575,Daniel Miller,United States,Chicago,Basic,Enterprise,2023-06-06
C01576,Sophia Patel,France,Bordeaux,Premium,Small Business,2025-07-12
C01577,Alex Martin,UAE,Abu Dhabi,Basic,Consumer,2026-03-07
C01578,Maya Mitchell,United States,New York,Premium,Enterprise,2025-09-18
C01580,Sophia Mitchell,United States,New York,Plus,Small Business,2024-03-18
C01581,Sam Young,United Kingdom,Manchester,Basic,Consumer,2023-06-20
C01583,Adam Ahmed,Canada,Ottawa,Plus,Consumer,2025-11-15
C01584,Emma Thomas,Australia,Brisbane,Basic,Small Business,2024-07-29
C01585,Emma Taylor,Canada,Vancouver,Plus,Enterprise,2025-09-26
C01586,Omar Anderson,Singapore,Singapore,Plus,Consumer,2024-10-14
C01587,Yusuf Taylor,France,Bordeaux,Basic,Consumer,2023-05-12
C01588,Nora Martin,United States,Seattle,Plus,Consumer,2025-12-22
C01589,Adam King,United States,New York,Basic,Consumer,2024-01-16
C01590,Adam Clark,United Kingdom,Manchester,Plus,Consumer,2024-10-05
C01591,Liam Smith,Germany,Berlin,Plus,Consumer,2026-03-08
C01592,Alex Hall,Australia,Sydney,Basic,Consumer,2025-12-15
C01593,Sophia Taylor,Canada,Toronto,Plus,Small Business,2025-06-10
C01594,Ava Davis,Germany,Munich,Basic,Small Business,2025-10-18
C01595,Noah Lewis,France,Paris,Basic,Consumer,2024-10-31
C01597,Amelia Thomas,Singapore,Singapore,Basic,Enterprise,2023-03-17
C01598,Chloe Nelson,United States,Seattle,Plus,Consumer,2023-07-14
C01599,Ella Miller,France,Nice,Basic,Small Business,2025-03-30
C01600,Olivia Nelson,Germany,Frankfurt,Plus,Consumer,2025-07-19
C01601,Daniel Moore,United Kingdom,Bristol,Premium,Consumer,2024-04-03
C01602,Noah Davis,United States,Austin,Basic,Consumer,2025-06-11
C01603,Lucas Martin,United Kingdom,Manchester,Plus,Small Business,2026-01-05
C01604,Amelia Thomas,United States,Seattle,Premium,Consumer,2023-04-09
C01605,Leo Brown,Canada,Calgary,Plus,Small Business,2025-02-16
C01606,Isla Ahmed,UAE,Dubai,Plus,Consumer,2024-10-15
C01607,Sam Wilson,France,Bordeaux,Plus,Consumer,2024-05-07
C01608,Zoe Baker,Singapore,Singapore,Basic,Small Business,2024-04-07
C01609,Olivia Lewis,Canada,Toronto,Basic,Small Business,2024-05-11
C01610,Henry Khan,Australia,Sydney,Basic,Consumer,2024-03-11
C01611,Amelia Patel,Australia,Perth,Plus,Consumer,2023-08-03
C01612,Ava Lee,Germany,Hamburg,Plus,Small Business,2025-10-30
C01613,Liam Thomas,UAE,Dubai,Premium,Consumer,2025-07-15
C01614,Sam Mitchell,Australia,Perth,Basic,Consumer,2023-12-03
C01615,Henry Walker,United Kingdom,Manchester,Basic,Consumer,2023-08-14
C01616,Lucas Smith,Singapore,Singapore,Basic,Consumer,2025-12-23
C01617,Nora Young,Canada,Toronto,Premium,Consumer,2025-06-02
C01618,Sophia Wilson,France,Bordeaux,Plus,Consumer,2024-07-12
C01619,Adam Taylor,United States,Chicago,Plus,Consumer,2024-08-25
C01620,Sophia King,UAE,Sharjah,Basic,Consumer,2025-11-28
C01621,Omar Taylor,United States,Austin,Premium,Consumer,2023-04-19
C01622,Chloe Johnson,Canada,Vancouver,Basic,Consumer,2024-04-08
C01623,Chloe Mitchell,France,Bordeaux,Basic,Consumer,2024-07-03
C01624,Daniel Lee,UAE,Dubai,Basic,Consumer,2024-08-12
C01625,Jack Smith,United Kingdom,Manchester,Plus,Small Business,2025-09-03
C01627,Ava Anderson,Singapore,Singapore,Premium,Small Business,2025-05-26
C01628,Ava Smith,UAE,Abu Dhabi,Premium,Consumer,2023-01-20
C01629,Yusuf Young,Singapore,Singapore,Basic,Consumer,2023-08-13
C01630,Noah Davis,United States,Seattle,Premium,Consumer,2023-12-09
C01631,Sara Wilson,United Kingdom,London,Basic,Small Business,2025-07-15
C01632,Daniel Hassan,Germany,Hamburg,Plus,Consumer,2025-07-28
C01633,Amelia Davis,Germany,Hamburg,Plus,Small Business,2025-09-18
C01634,Liam Lewis,United States,Austin,Premium,Small Business,2023-10-18
C01635,Adam Baker,United States,Austin,Plus,Small Business,2025-06-01
C01637,Isla Anderson,Singapore,Singapore,Basic,Small Business,2024-11-09
C01638,Emma Carter,France,Nice,Basic,Consumer,2025-12-01
C01639,Lina Hall,United Kingdom,Leeds,Plus,Consumer,2024-12-11
C01640,Leo Taylor,United States,Chicago,Premium,Consumer,2023-11-04
C01641,Layla Walker,UAE,Abu Dhabi,Basic,Consumer,2024-08-26
C01642,Amelia Green,United States,Austin,Basic,Consumer,2023-04-19
C01643,Daniel Walker,United States,Chicago,Basic,Small Business,2023-04-13
C01645,Mia Brown,Canada,Vancouver,Premium,Consumer,2026-04-13
C01646,Ryan Brown,Canada,Vancouver,Basic,Enterprise,2024-05-24
C01647,Alex Patel,France,Bordeaux,Basic,Small Business,2024-06-19
C01648,Ryan Walker,Canada,Vancouver,Plus,Small Business,2024-10-22
C01649,Alex Carter,UAE,Sharjah,Plus,Consumer,2025-05-02
C01650,James Lee,Canada,Calgary,Basic,Consumer,2025-08-02
C01651,James Martin,France,Bordeaux,Basic,Consumer,2024-10-03
C01652,Layla Thomas,Germany,Frankfurt,Basic,Consumer,2025-04-20
C01654,Alex Clark,Germany,Munich,Plus,Small Business,2024-08-23
C01655,Noah Garcia,France,Lyon,Basic,Consumer,2025-11-26
C01656,Nora Davis,United States,New York,Basic,Small Business,2023-08-08
C01657,Ava Mitchell,United Kingdom,Bristol,Plus,Small Business,2023-05-05
C01658,Liam Hassan,United States,Austin,Plus,Consumer,2025-10-11
C01659,Mia Clark,UAE,Abu Dhabi,Plus,Small Business,2023-01-14
C01660,Alex Baker,Australia,Sydney,Basic,Consumer,2023-09-05
C01661,Layla Taylor,Australia,Melbourne,Basic,Consumer,2025-11-01
C01662,Nora King,United States,New York,Basic,Consumer,2024-01-12
C01664,Mia Khan,United States,Austin,Basic,Small Business,2024-05-07
C01665,Ethan Adams,Australia,Perth,Basic,Consumer,2023-07-24
C01666,Zoe Baker,Germany,Hamburg,Basic,Small Business,2023-08-08
C01667,Nora Wright,France,Lyon,Basic,Consumer,2026-03-01
C01668,Emma Smith,Canada,Toronto,Plus,Small Business,2025-06-29
C01669,Noah Thomas,Germany,Munich,Basic,Small Business,2024-07-21
C01670,Amelia Martin,Germany,Munich,Basic,Small Business,2025-03-10
C01671,Layla Brown,UAE,Sharjah,Basic,Small Business,2026-02-27
C01672,Ava Green,UAE,Abu Dhabi,Plus,Small Business,2025-03-17
C01673,Olivia Thomas,Singapore,Singapore,Premium,Consumer,2024-01-05
C01674,Zoe Ahmed,Canada,Vancouver,Plus,Consumer,2026-04-04
C01675,Adam Carter,France,Paris,Basic,Small Business,2023-11-22
C01676,Lucas Taylor,United Kingdom,Leeds,Premium,Consumer,2024-04-19
C01677,Sara Miller,Australia,Sydney,Premium,Consumer,2025-02-25
C01678,Sara Wright,United Kingdom,London,Plus,Consumer,2023-05-30
C01679,Nora Garcia,Germany,Berlin,Premium,Consumer,2025-07-09
C01680,Emma Wilson,Australia,Melbourne,Basic,Consumer,2024-08-08
C01681,Lucas Lee,UAE,Abu Dhabi,Plus,Small Business,2024-01-29
C01682,Olivia Carter,United States,New York,Basic,Small Business,2023-01-11
C01683,Adam Garcia,France,Paris,Basic,Small Business,2025-12-17
C01684,Daniel Lee,Australia,Perth,Plus,Consumer,2026-02-18
C01685,Sam Wilson,United Kingdom,Leeds,Basic,Consumer,2023-05-26
C01686,Zoe Brown,UAE,Sharjah,Basic,Consumer,2024-04-17
C01687,Noah Mitchell,Germany,Berlin,Basic,Enterprise,2024-05-29
C01688,Emma Ahmed,Germany,Berlin,Premium,Consumer,2024-08-12
C01689,Olivia Nelson,Australia,Brisbane,Basic,Consumer,2023-08-16
C01690,Zoe Baker,Canada,Toronto,Basic,Consumer,2024-02-15
C01691,Ava Anderson,United States,Austin,Basic,Small Business,2024-11-06
C01692,Ryan Garcia,United States,Austin,Basic,Small Business,2026-02-28
C01693,Chloe Mitchell,United States,Seattle,Premium,Enterprise,2023-06-15
C01694,Chloe Nelson,Singapore,Singapore,Basic,Consumer,2023-03-14
C01695,Daniel Adams,Australia,Brisbane,Basic,Consumer,2024-04-11
C01696,Amelia Thomas,United States,New York,Plus,Small Business,2025-12-30
C01697,Yusuf Moore,France,Paris,Plus,Consumer,2025-02-11
C01698,Lina Wilson,France,Bordeaux,Plus,Consumer,2023-08-30
C01699,Chloe Mitchell,Germany,Hamburg,Basic,Consumer,2023-04-29
C01700,Lucas Clark,United Kingdom,London,Basic,Small Business,2026-01-03
C01701,Zoe Johnson,United States,Austin,Plus,Consumer,2023-09-17
C01702,Nora Martin,Canada,Toronto,Basic,Consumer,2024-05-15
C01703,Leo Wilson,France,Bordeaux,Plus,Small Business,2023-06-06
C01704,Isla Nelson,Australia,Perth,Plus,Small Business,2024-03-27
C01705,Nora Ahmed,Canada,Calgary,Plus,Consumer,2024-05-15
C01706,Layla Anderson,Canada,Calgary,Plus,Consumer,2023-04-21
C01707,Adam Anderson,France,Bordeaux,Basic,Consumer,2023-10-08
C01708,Ella Adams,Australia,Brisbane,Plus,Consumer,2025-02-01
C01709,Jack Davis,UAE,Dubai,Premium,Small Business,2025-07-18
C01710,Liam Smith,Singapore,Singapore,Basic,Consumer,2024-09-07
C01711,Ella Brown,United States,Seattle,Premium,Consumer,2023-02-08
C01712,Sam King,France,Bordeaux,Basic,Consumer,2024-01-13
C01713,Henry Wright,United States,Seattle,Basic,Small Business,2023-02-23
C01714,Ryan Mitchell,Germany,Hamburg,Plus,Consumer,2023-02-26
C01715,Ava Hassan,France,Bordeaux,Plus,Enterprise,2023-04-27
C01716,Alex Taylor,France,Nice,Premium,Enterprise,2025-08-07
C01717,Omar Carter,Canada,Vancouver,Premium,Consumer,2024-05-02
C01718,Mia Thomas,United States,Seattle,Plus,Enterprise,2023-06-25
C01719,Lucas Garcia,Canada,Calgary,Plus,Consumer,2024-07-15
C01720,Adam Lewis,Canada,Toronto,Basic,Consumer,2024-10-19
C01721,Ella Lewis,UAE,Abu Dhabi,Basic,Consumer,2025-08-13
C01722,Noah Young,Singapore,Singapore,Basic,Consumer,2023-06-12
C01723,Isla Anderson,Germany,Berlin,Basic,Consumer,2024-07-19
C01724,Isla Moore,Singapore,Singapore,Basic,Consumer,2023-04-12
C01725,Lucas Taylor,United States,Austin,Plus,Small Business,2026-04-02
C01726,Ava Johnson,Australia,Sydney,Premium,Enterprise,2024-06-11
C01727,Amelia Patel,Germany,Berlin,Plus,Consumer,2023-06-08
C01728,Layla Green,United Kingdom,London,Basic,Consumer,2025-01-30
C01729,Ella Davis,France,Paris,Plus,Small Business,2023-10-21
C01730,Amelia Hall,Germany,Hamburg,Premium,Small Business,2025-02-06
C01731,Daniel Walker,United States,Austin,Basic,Consumer,2023-11-04
C01732,Ryan Carter,United States,New York,Plus,Small Business,2025-11-12
C01733,Lina Garcia,Germany,Munich,Basic,Consumer,2023-11-04
C01734,Emma Garcia,United Kingdom,London,Premium,Enterprise,2026-03-03
C01735,Layla Carter,France,Paris,Premium,Consumer,2023-04-16
C01736,Yusuf Baker,Singapore,Singapore,Basic,Small Business,2024-08-23
C01737,Ryan Clark,Germany,Munich,Plus,Enterprise,2024-04-17
C01738,Nora Hall,United Kingdom,Manchester,Basic,Enterprise,2025-04-19
C01739,Adam Brown,Germany,Berlin,Premium,Small Business,2024-04-16
C01740,Nora Miller,France,Lyon,Plus,Small Business,2023-09-14
C01741,Ryan Nelson,Australia,Perth,Plus,Small Business,2024-06-17
C01742,Alex Walker,Germany,Hamburg,Basic,Consumer,2025-10-31
C01743,Mia Carter,Singapore,Singapore,Premium,Small Business,2023-02-01
C01744,Ethan Taylor,France,Nice,Plus,Small Business,2025-08-20
C01745,Jack Taylor,UAE,Dubai,Premium,Consumer,2023-12-08
C01746,Olivia Wilson,France,Bordeaux,Basic,Consumer,2026-02-14
C01748,Zoe Mitchell,United Kingdom,London,Basic,Enterprise,2025-07-08
C01749,Ryan Wright,Singapore,Singapore,Basic,Consumer,2023-10-03
C01750,Jack Martin,United Kingdom,Manchester,Premium,Consumer,2025-01-27
C01751,Henry Khan,Singapore,Singapore,Basic,Consumer,2024-07-26
C01752,Sara Taylor,Australia,Brisbane,Basic,Consumer,2025-11-26
C01753,Chloe Adams,France,Nice,Basic,Consumer,2024-01-01
C01756,Lucas Anderson,UAE,Abu Dhabi,Premium,Consumer,2023-08-06
C01757,Ryan Clark,Canada,Vancouver,Basic,Consumer,2025-11-07
C01758,Sara Martin,United States,New York,Premium,Consumer,2024-02-04
C01759,Amelia Baker,United States,Seattle,Basic,Enterprise,2026-03-15
C01760,Omar Hassan,Singapore,Singapore,Premium,Consumer,2023-08-13
C01761,Lina Ahmed,United Kingdom,Leeds,Premium,Consumer,2023-06-27
C01763,Jack Brown,Germany,Munich,Plus,Consumer,2025-11-16
C01764,Henry Garcia,United Kingdom,Bristol,Premium,Consumer,2023-07-25
C01765,Ryan Ahmed,Germany,Munich,Premium,Small Business,2023-03-14
C01766,Maya Khan,United States,Austin,Basic,Consumer,2024-03-26
C01767,Henry Lee,Canada,Ottawa,Basic,Small Business,2025-10-14
C01768,Leo Wilson,Australia,Sydney,Premium,Small Business,2024-03-14
C01769,Amelia Wright,United Kingdom,Leeds,Plus,Consumer,2023-12-31
C01770,Noah Wright,Canada,Ottawa,Plus,Consumer,2024-12-15
C01771,Daniel Adams,UAE,Abu Dhabi,Premium,Small Business,2025-09-20
C01772,Daniel Miller,France,Nice,Plus,Consumer,2024-03-24
C01773,Liam Anderson,Canada,Ottawa,Premium,Consumer,2025-05-20
C01774,Liam Martin,Singapore,Singapore,Plus,Consumer,2025-03-26
C01775,Lina Wilson,Singapore,Singapore,Plus,Small Business,2023-03-01
C01776,Leo Lewis,Australia,Perth,Basic,Small Business,2024-06-19
C01777,Henry Hall,France,Bordeaux,Plus,Consumer,2024-06-17
C01778,Ryan Johnson,Canada,Ottawa,Plus,Consumer,2023-04-04
C01779,Leo Green,France,Lyon,Plus,Consumer,2024-02-27
C01780,Sara Khan,United Kingdom,Bristol,Basic,Consumer,2023-02-13
C01782,Olivia Khan,United States,Austin,Basic,Consumer,2023-11-18
C01783,Ella Nelson,France,Lyon,Basic,Consumer,2025-02-04
C01784,Ava Wright,Australia,Melbourne,Premium,Consumer,2023-02-11
C01785,Sara Adams,United Kingdom,Leeds,Plus,Consumer,2024-08-02
C01786,Leo Smith,Australia,Melbourne,Basic,Small Business,2025-02-12
C01787,Maya King,UAE,Sharjah,Premium,Small Business,2023-06-06
C01788,Olivia Adams,France,Paris,Basic,Small Business,2023-11-07
C01789,Liam Hassan,France,Lyon,Premium,Small Business,2024-10-24
C01790,Omar Adams,United States,Seattle,Basic,Consumer,2024-06-25
C01791,Maya Carter,Singapore,Singapore,Basic,Consumer,2025-04-12
C01792,James Lewis,Singapore,Singapore,Premium,Consumer,2024-05-15
C01793,Emma Smith,Singapore,Singapore,Premium,Small Business,2023-08-10
C01794,Nora Clark,United States,Chicago,Plus,Consumer,2025-09-03
C01795,Zoe Taylor,Canada,Calgary,Basic,Small Business,2023-06-21
C01796,Liam Nelson,UAE,Dubai,Premium,Consumer,2024-05-26
C01797,Olivia Wilson,France,Bordeaux,Plus,Small Business,2024-04-21
C01798,Noah Garcia,Singapore,Singapore,Basic,Small Business,2023-11-05
C01799,Noah Hall,France,Paris,Basic,Consumer,2026-02-25
C01800,Alex Baker,Singapore,Singapore,Premium,Consumer,2025-08-02
C01801,Lina Baker,United Kingdom,London,Basic,Consumer,2023-09-18
C01802,Sara Smith,UAE,Sharjah,Plus,Consumer,2025-06-15
C01803,Sam Taylor,United States,Chicago,Basic,Small Business,2025-12-10
C01804,Daniel Wilson,France,Bordeaux,Basic,Consumer,2024-08-25
C01805,Jack Thomas,Canada,Calgary,Plus,Consumer,2023-12-06
C01806,Mia Walker,Australia,Brisbane,Plus,Consumer,2025-08-05
C01807,Sophia Thomas,Germany,Munich,Basic,Small Business,2025-08-28
C01808,Amelia Hall,France,Lyon,Basic,Consumer,2023-01-12
C01809,Leo Ahmed,Australia,Melbourne,Plus,Consumer,2024-11-08
C01810,Liam Johnson,Singapore,Singapore,Basic,Small Business,2024-04-07
C01811,Adam Khan,United States,Austin,Basic,Small Business,2025-05-22
C01812,Zoe Hassan,Canada,Calgary,Plus,Consumer,2024-06-05
C01813,James Nelson,Australia,Sydney,Plus,Consumer,2024-03-19
C01814,Isla Martin,Canada,Toronto,Basic,Consumer,2025-02-23
C01815,Ava Carter,Canada,Ottawa,Basic,Consumer,2024-04-19
C01816,Sophia Brown,UAE,Dubai,Basic,Small Business,2024-10-24
C01817,Olivia Anderson,United States,Austin,Plus,Consumer,2025-08-24
C01818,Ava Walker,United Kingdom,Manchester,Plus,Consumer,2025-02-28
C01819,Lina Baker,Germany,Hamburg,Premium,Consumer,2023-06-10
C01820,Chloe Mitchell,Australia,Melbourne,Premium,Small Business,2023-10-20
C01821,Ella Wright,Singapore,Singapore,Plus,Consumer,2023-09-04
C01822,James Anderson,France,Nice,Basic,Small Business,2025-08-12
C01823,Sara Patel,Germany,Frankfurt,Basic,Consumer,2024-01-27
C01824,Emma Young,UAE,Sharjah,Premium,Consumer,2025-01-09
C01825,Layla Lee,United States,Seattle,Basic,Enterprise,2024-06-03
C01826,Layla Thomas,United States,Seattle,Basic,Consumer,2025-09-07
C01827,Emma Johnson,Canada,Calgary,Plus,Enterprise,2023-03-04
C01828,Sam Ahmed,Singapore,Singapore,Basic,Consumer,2026-01-22
C01829,Alex Taylor,United States,Seattle,Basic,Small Business,2023-11-10
C01830,Lina Hassan,UAE,Dubai,Basic,Small Business,2023-09-02
C01831,Noah Green,United States,Seattle,Basic,Consumer,2024-02-02
C01832,Maya Mitchell,United States,Seattle,Premium,Small Business,2024-10-10
C01833,Chloe Ahmed,UAE,Sharjah,Plus,Consumer,2023-01-30
C01834,Henry King,France,Paris,Basic,Small Business,2025-10-24
C01835,Mia Hassan,Canada,Toronto,Basic,Consumer,2024-02-11
C01836,Lina Adams,France,Lyon,Plus,Small Business,2023-01-07
C01837,Leo Lewis,Germany,Berlin,Basic,Consumer,2023-06-26
C01838,Zoe Thomas,Singapore,Singapore,Basic,Consumer,2023-06-26
C01839,Ethan Hall,United States,Austin,Plus,Consumer,2025-02-06
C01840,Nora Brown,Australia,Brisbane,Premium,Small Business,2024-01-27
C01841,Jack Garcia,UAE,Abu Dhabi,Basic,Small Business,2023-12-31
C01842,Isla Wilson,Germany,Frankfurt,Basic,Consumer,2024-02-13
C01843,Ethan Walker,Canada,Ottawa,Basic,Consumer,2026-03-31
C01844,Adam Young,Singapore,Singapore,Basic,Small Business,2025-02-28
C01845,Mia Nelson,Australia,Perth,Basic,Small Business,2024-08-14
C01846,Sophia Hall,Canada,Toronto,Plus,Consumer,2024-03-22
C01848,Mia Green,Germany,Hamburg,Plus,Small Business,2023-03-11
C01849,Ava Ahmed,United Kingdom,Bristol,Premium,Consumer,2025-05-13
C01850,Daniel Hall,Germany,Berlin,Basic,Consumer,2023-11-30
C01851,Nora Nelson,UAE,Dubai,Basic,Consumer,2026-03-25
C01852,Lina Wright,France,Bordeaux,Premium,Consumer,2025-02-03
C01853,Yusuf Hall,Singapore,Singapore,Basic,Enterprise,2024-04-24
C01854,Sara Thomas,United Kingdom,Leeds,Basic,Consumer,2026-03-28
C01855,Emma Carter,United States,Austin,Plus,Enterprise,2025-12-09
C01856,Sophia Carter,UAE,Dubai,Plus,Small Business,2023-04-21
C01857,Olivia Walker,UAE,Abu Dhabi,Basic,Consumer,2023-01-02
C01858,Henry Wilson,Australia,Melbourne,Basic,Consumer,2024-04-28
C01859,Sam Lee,France,Paris,Plus,Consumer,2026-02-11
C01861,James Patel,France,Lyon,Premium,Small Business,2025-08-07
C01862,Lina Clark,United Kingdom,Leeds,Basic,Small Business,2023-10-01
C01863,Emma Garcia,Germany,Hamburg,Plus,Small Business,2025-05-19
C01864,Yusuf King,United Kingdom,Bristol,Basic,Small Business,2023-02-25
C01865,Lucas Anderson,UAE,Dubai,Basic,Consumer,2023-01-04
C01866,Yusuf Mitchell,France,Paris,Plus,Consumer,2024-01-20
C01867,Noah Lee,Canada,Ottawa,Basic,Consumer,2024-01-04
C01868,Omar Wilson,Canada,Calgary,Basic,Small Business,2023-03-13
C01869,Isla Wright,UAE,Dubai,Basic,Consumer,2023-08-06
C01870,Nora Miller,United Kingdom,Bristol,Plus,Consumer,2025-04-08
C01871,Alex Miller,United States,Austin,Basic,Consumer,2025-02-25
C01872,Henry Green,United States,Chicago,Plus,Small Business,2025-05-15
C01873,Sara Johnson,Canada,Ottawa,Basic,Small Business,2025-07-11
C01874,Layla Young,Singapore,Singapore,Premium,Enterprise,2023-08-17
C01875,Alex Martin,France,Bordeaux,Premium,Consumer,2023-01-15
C01876,Ava Thomas,Canada,Vancouver,Plus,Consumer,2025-07-20
C01877,Omar Johnson,Singapore,Singapore,Basic,Small Business,2025-07-31
C01878,Adam Johnson,Germany,Hamburg,Basic,Small Business,2023-02-18
C01879,James Lewis,UAE,Abu Dhabi,Basic,Consumer,2024-10-26
C01880,Leo Khan,United States,New York,Basic,Consumer,2025-03-22
C01881,Lucas Martin,United Kingdom,London,Basic,Consumer,2025-10-07
C01882,Omar Anderson,Canada,Calgary,Premium,Small Business,2024-05-14
C01883,Ryan Davis,Singapore,Singapore,Basic,Consumer,2023-10-28
C01884,Yusuf Hassan,United Kingdom,Leeds,Plus,Small Business,2024-11-22
C01885,Ryan Khan,Canada,Ottawa,Basic,Consumer,2024-06-10
C01886,Jack Khan,United Kingdom,Leeds,Premium,Small Business,2026-03-15
C01887,Isla Walker,Australia,Sydney,Basic,Consumer,2025-06-13
C01888,Isla Hassan,UAE,Abu Dhabi,Plus,Consumer,2025-03-27
C01889,Ryan Martin,Canada,Calgary,Basic,Consumer,2025-04-28
C01890,Henry Wilson,Canada,Calgary,Basic,Small Business,2024-10-13
C01891,Liam Clark,Australia,Sydney,Plus,Consumer,2024-08-12
C01892,Jack Ahmed,Singapore,Singapore,Plus,Consumer,2025-03-07
C01893,Daniel Thomas,United States,Seattle,Basic,Consumer,2025-06-29
C01894,Mia Green,Singapore,Singapore,Plus,Consumer,2025-03-09
C01895,Isla King,United States,New York,Plus,Consumer,2024-12-08
C01897,Amelia Wilson,UAE,Sharjah,Basic,Consumer,2023-02-17
C01898,Sara Walker,Singapore,Singapore,Basic,Consumer,2025-02-14
C01899,Yusuf Moore,United Kingdom,London,Basic,Consumer,2023-08-15
C01900,Zoe Walker,UAE,Dubai,Plus,Enterprise,2025-04-01
C01901,James Wright,Germany,Munich,Basic,Consumer,2024-10-16
C01902,Sara Young,United Kingdom,Bristol,Plus,Consumer,2024-04-06
C01903,Sam King,Singapore,Singapore,Basic,Enterprise,2023-11-18
C01904,Ryan Moore,UAE,Abu Dhabi,Basic,Consumer,2024-11-15
C01905,Sara Green,UAE,Sharjah,Premium,Consumer,2025-05-06
C01906,Omar Wright,Australia,Sydney,Plus,Consumer,2025-10-27
C01907,Olivia Mitchell,France,Paris,Basic,Consumer,2026-03-11
C01908,Maya Baker,United Kingdom,Bristol,Basic,Consumer,2025-03-08
C01909,James Adams,Australia,Melbourne,Basic,Small Business,2024-05-05
C01910,Ethan Baker,Australia,Brisbane,Basic,Consumer,2023-03-05
C01911,Sophia Carter,Singapore,Singapore,Basic,Consumer,2024-05-10
C01912,Alex Martin,Singapore,Singapore,Plus,Small Business,2023-11-23
C01913,Lucas Green,United Kingdom,London,Plus,Small Business,2025-04-12
C01914,Sam Adams,Singapore,Singapore,Basic,Consumer,2024-06-16
C01915,Chloe Ahmed,United Kingdom,London,Basic,Small Business,2023-05-03
C01916,Leo Miller,France,Paris,Basic,Small Business,2025-11-13
C01917,Maya Khan,Singapore,Singapore,Plus,Consumer,2024-06-21
C01918,Sara Davis,United Kingdom,Manchester,Basic,Small Business,2023-10-18
C01919,Ryan Clark,Singapore,Singapore,Basic,Consumer,2023-06-01
C01920,Nora Anderson,Singapore,Singapore,Plus,Consumer,2025-06-29
C01921,Ava Miller,Singapore,Singapore,Plus,Consumer,2023-10-14
C01922,Mia Adams,Canada,Toronto,Basic,Consumer,2025-01-12
C01923,Lina Walker,Canada,Vancouver,Plus,Consumer,2025-06-19
C01924,Henry Walker,UAE,Sharjah,Plus,Consumer,2024-08-21
C01925,Sam King,Canada,Vancouver,Basic,Consumer,2024-09-12
C01926,Mia Carter,United States,Seattle,Basic,Consumer,2025-11-24
C01927,Emma Baker,UAE,Abu Dhabi,Plus,Consumer,2025-10-23
C01928,Ava Adams,Germany,Frankfurt,Premium,Consumer,2023-12-13
C01929,Sam Adams,Singapore,Singapore,Basic,Consumer,2023-05-13
C01930,Ava Clark,Canada,Vancouver,Basic,Consumer,2023-09-02
C01931,Maya Lee,Germany,Frankfurt,Basic,Enterprise,2023-01-25
C01932,Ella Hassan,Australia,Melbourne,Basic,Consumer,2023-07-22
C01933,Ava Adams,United Kingdom,Bristol,Plus,Consumer,2026-01-06
C01934,Sam Brown,United States,Chicago,Plus,Consumer,2024-06-08
C01935,Alex Hassan,UAE,Sharjah,Premium,Small Business,2024-04-12
C01936,Lina Ahmed,Singapore,Singapore,Basic,Consumer,2026-02-04
C01937,Isla Brown,Australia,Sydney,Premium,Consumer,2024-09-12
C01938,Noah Lee,Australia,Melbourne,Plus,Consumer,2025-08-08
C01939,Liam Nelson,United States,Seattle,Plus,Consumer,2025-09-06
C01941,Yusuf Baker,Canada,Toronto,Plus,Small Business,2023-08-17
C01942,Jack Anderson,Singapore,Singapore,Plus,Small Business,2025-07-23
C01943,Amelia Lewis,France,Nice,Basic,Consumer,2025-11-04
C01945,Isla Patel,Canada,Ottawa,Basic,Small Business,2024-01-09
C01946,Daniel Smith,Germany,Frankfurt,Basic,Consumer,2025-06-03
C01947,Henry Walker,United Kingdom,Leeds,Basic,Small Business,2024-01-10
C01948,Sophia Garcia,United Kingdom,Manchester,Basic,Consumer,2024-10-17
C01949,Sara Adams,Singapore,Singapore,Plus,Enterprise,2024-03-06
C01950,Zoe Patel,UAE,Abu Dhabi,Basic,Small Business,2023-12-18
C01952,Sara Hassan,Canada,Vancouver,Premium,Consumer,2024-09-13
C01953,Adam Wilson,Canada,Calgary,Plus,Small Business,2024-10-07
C01954,Nora Walker,France,Bordeaux,Plus,Consumer,2025-04-07
C01956,Ella Ahmed,Australia,Melbourne,Plus,Consumer,2025-02-03
C01957,Amelia Hall,France,Bordeaux,Basic,Consumer,2024-02-13
C01958,Alex Lee,Singapore,Singapore,Basic,Consumer,2024-10-28
C01959,Jack Baker,Singapore,Singapore,Plus,Consumer,2025-09-24
C01960,Lucas Lewis,France,Paris,Basic,Small Business,2024-07-19
C01961,James Young,Singapore,Singapore,Basic,Consumer,2023-06-01
C01963,Sophia Nelson,United Kingdom,Leeds,Basic,Consumer,2024-06-17
C01964,James Adams,Canada,Toronto,Basic,Small Business,2024-10-04
C01965,Sam Young,Singapore,Singapore,Basic,Consumer,2025-08-01
C01966,Adam Hall,Australia,Brisbane,Basic,Small Business,2023-02-17
C01967,Mia Taylor,France,Bordeaux,Basic,Consumer,2023-04-09
C01968,Ella Adams,United States,Seattle,Basic,Consumer,2023-03-07
C01969,Layla Moore,Germany,Frankfurt,Basic,Consumer,2023-05-18
C01970,Jack Brown,United Kingdom,London,Plus,Small Business,2023-06-29
C01971,Zoe Thomas,Singapore,Singapore,Plus,Small Business,2025-06-01
C01972,Ella Lewis,Singapore,Singapore,Premium,Enterprise,2023-11-08
C01973,Maya Hall,United Kingdom,Manchester,Plus,Consumer,2025-12-16
C01974,Sara Ahmed,France,Paris,Basic,Consumer,2025-03-09
C01975,Amelia Smith,Australia,Brisbane,Basic,Consumer,2024-04-01
C01976,Zoe Patel,Germany,Frankfurt,Plus,Consumer,2026-03-22
C01977,Ryan Young,UAE,Dubai,Plus,Consumer,2024-01-07
C01978,Liam Smith,United States,Austin,Plus,Enterprise,2024-11-01
C01979,Sam Hall,Australia,Melbourne,Basic,Consumer,2024-07-09
C01980,Lucas Thomas,Australia,Brisbane,Basic,Small Business,2025-06-19
C01981,Liam Davis,France,Paris,Basic,Small Business,2024-03-03
C01983,Zoe Davis,United Kingdom,London,Premium,Consumer,2026-03-30
C01984,Jack Adams,United Kingdom,Manchester,Plus,Consumer,2025-09-28
C01985,Jack Mitchell,Germany,Hamburg,Basic,Consumer,2023-07-05
C01986,Alex Adams,Germany,Frankfurt,Basic,Consumer,2025-07-24
C01987,Amelia Smith,France,Bordeaux,Basic,Small Business,2024-12-27
C01988,Adam Walker,United Kingdom,Leeds,Premium,Small Business,2024-04-14
C01990,Noah Wilson,Australia,Melbourne,Plus,Consumer,2023-11-15
C01991,Mia Ahmed,Singapore,Singapore,Basic,Small Business,2024-08-23
C01992,Adam Mitchell,France,Lyon,Basic,Consumer,2025-11-28
C01993,Mia Hassan,UAE,Abu Dhabi,Premium,Consumer,2023-11-29
C01994,Amelia Baker,Australia,Brisbane,Basic,Consumer,2024-06-27
C01995,Yusuf Hall,United States,New York,Basic,Small Business,2023-03-12
C01996,Jack Moore,UAE,Abu Dhabi,Basic,Consumer,2025-12-11
C01997,Ethan Martin,United Kingdom,London,Basic,Consumer,2025-05-09
C01998,Olivia Taylor,Singapore,Singapore,Premium,Small Business,2026-01-04
C01999,Nora Wilson,United States,Seattle,Basic,Small Business,2024-06-10
C02000,Mia Hall,Germany,Berlin,Basic,Small Business,2026-03-15
C02001,Sophia Wilson,Australia,Melbourne,Plus,Consumer,2023-06-18
C02002,Jack Taylor,France,Nice,Premium,Consumer,2024-04-08
C02003,Isla Martin,Canada,Calgary,Plus,Consumer,2025-11-30
C02004,Layla Carter,Canada,Vancouver,Basic,Consumer,2023-10-25
C02005,Zoe Hassan,United States,Chicago,Plus,Small Business,2024-01-09
C02006,Amelia Wilson,United States,Austin,Basic,Consumer,2026-03-17
C02007,Daniel Baker,Germany,Munich,Plus,Small Business,2026-03-28
C02008,Emma Green,Australia,Perth,Plus,Consumer,2023-08-30
C02009,Jack Lewis,Germany,Hamburg,Premium,Consumer,2024-11-29
C02011,Sara Adams,Canada,Toronto,Plus,Consumer,2023-02-22
C02012,James Wilson,United Kingdom,Manchester,Premium,Small Business,2023-09-04
C02013,James Ahmed,Canada,Vancouver,Premium,Consumer,2025-06-12
C02014,James Brown,UAE,Abu Dhabi,Premium,Small Business,2025-11-12
C02016,Yusuf Garcia,UAE,Sharjah,Premium,Consumer,2025-12-27
C02017,Adam Nelson,Australia,Melbourne,Basic,Consumer,2023-12-06
C02018,Maya Khan,Australia,Melbourne,Plus,Enterprise,2025-05-18
C02019,Sam Lee,Canada,Toronto,Premium,Enterprise,2024-08-30
C02020,Emma Anderson,France,Bordeaux,Basic,Consumer,2024-09-06
C02021,Amelia Brown,Canada,Calgary,Basic,Small Business,2023-05-17
C02022,Noah Garcia,France,Lyon,Basic,Small Business,2024-05-11
C02023,Emma Miller,UAE,Sharjah,Basic,Consumer,2024-05-24
C02024,Ella Young,United Kingdom,Manchester,Premium,Consumer,2025-04-02
C02025,Liam Hassan,UAE,Dubai,Basic,Small Business,2024-11-01
C02026,Amelia Khan,United Kingdom,Bristol,Plus,Small Business,2025-08-22
C02027,Lucas Patel,Singapore,Singapore,Premium,Consumer,2025-07-19
C02028,Mia Brown,Germany,Hamburg,Premium,Consumer,2024-06-07
C02029,Liam Khan,Singapore,Singapore,Plus,Small Business,2025-09-24
C02030,Sara Walker,Australia,Sydney,Basic,Small Business,2025-01-12
C02031,Lucas Moore,Singapore,Singapore,Basic,Small Business,2024-07-27
C02032,Ella Hassan,Canada,Calgary,Plus,Consumer,2024-05-29
C02034,Daniel Clark,France,Nice,Basic,Small Business,2025-09-26
C02036,Zoe Taylor,United Kingdom,Manchester,Basic,Small Business,2025-05-13
C02037,Ella King,United States,Seattle,Plus,Consumer,2025-08-01
C02038,Zoe Moore,United States,Chicago,Plus,Small Business,2025-06-03
C02039,Henry Thomas,United States,Austin,Plus,Consumer,2024-11-04
C02040,Liam Walker,France,Paris,Plus,Small Business,2024-06-03
C02041,Adam Davis,Germany,Hamburg,Premium,Consumer,2025-07-02
C02042,Alex Johnson,Germany,Frankfurt,Plus,Small Business,2023-11-25
C02043,Sophia Nelson,Germany,Frankfurt,Plus,Small Business,2023-12-19
C02044,Sam Baker,United Kingdom,Bristol,Basic,Consumer,2024-04-11
C02045,Ava Davis,Canada,Toronto,Premium,Consumer,2025-04-11
C02046,Ava Mitchell,Singapore,Singapore,Plus,Consumer,2025-09-21
C02047,Adam Hall,Singapore,Singapore,Plus,Enterprise,2024-10-23
C02048,Amelia Taylor,Australia,Brisbane,Premium,Small Business,2026-02-21
C02049,Leo Garcia,UAE,Abu Dhabi,Plus,Consumer,2023-07-11
C02050,Olivia Ahmed,France,Nice,Basic,Consumer,2024-12-25
C02051,Emma Wilson,France,Paris,Premium,Small Business,2024-08-24
C02052,Yusuf Carter,United Kingdom,Bristol,Premium,Consumer,2023-03-25
C02053,Lucas Nelson,UAE,Sharjah,Premium,Consumer,2024-04-04
C02054,Ella Ahmed,Australia,Melbourne,Premium,Consumer,2024-03-18
C02055,Mia Smith,Canada,Vancouver,Premium,Small Business,2025-09-16
C02056,Ella Green,France,Lyon,Basic,Small Business,2026-04-04
C02057,Emma Khan,France,Nice,Plus,Enterprise,2024-06-23
C02058,Omar Young,Germany,Munich,Basic,Consumer,2023-10-03
C02059,Ava Moore,Australia,Melbourne,Basic,Enterprise,2025-11-05
C02060,Lina Baker,Germany,Berlin,Plus,Consumer,2024-12-14
C02061,Lina Ahmed,Australia,Perth,Basic,Small Business,2025-07-31
C02062,Yusuf Green,Singapore,Singapore,Basic,Enterprise,2023-02-15
C02063,James Green,United States,Seattle,Basic,Small Business,2023-05-11
C02064,Henry Young,United Kingdom,Bristol,Plus,Enterprise,2023-02-26
C02065,Lina Mitchell,Singapore,Singapore,Plus,Enterprise,2025-03-22
C02066,Sophia Patel,Singapore,Singapore,Plus,Small Business,2024-11-07
C02067,Lucas Carter,France,Lyon,Plus,Enterprise,2024-10-06
C02068,Sam Smith,United States,Seattle,Plus,Small Business,2023-05-26
C02069,Yusuf Brown,France,Lyon,Plus,Consumer,2024-01-03
C02070,Ella Martin,United States,Chicago,Plus,Consumer,2023-07-12
C02071,Emma Carter,France,Bordeaux,Basic,Consumer,2024-12-04
C02072,Ethan Taylor,Canada,Calgary,Basic,Consumer,2024-05-31
C02073,Daniel Brown,UAE,Abu Dhabi,Basic,Consumer,2023-06-17
C02074,Ava Green,United Kingdom,Bristol,Basic,Consumer,2026-02-14
C02075,Noah Patel,Germany,Berlin,Basic,Enterprise,2025-12-19
C02076,Amelia Smith,Germany,Frankfurt,Basic,Small Business,2026-03-09
C02077,Zoe Young,United Kingdom,Manchester,Basic,Small Business,2024-01-08
C02078,James Lee,Germany,Berlin,Premium,Enterprise,2025-02-05
C02079,Zoe Martin,Singapore,Singapore,Plus,Small Business,2025-06-30
C02080,Amelia Mitchell,United States,New York,Plus,Consumer,2024-08-19
C02081,Liam Young,UAE,Sharjah,Plus,Small Business,2025-10-16
C02082,Sophia Mitchell,UAE,Sharjah,Premium,Enterprise,2026-01-27
C02083,Ella King,Singapore,Singapore,Plus,Consumer,2024-05-19
C02085,Noah Thomas,Singapore,Singapore,Premium,Consumer,2024-10-18
C02086,Ryan Adams,France,Lyon,Basic,Consumer,2024-02-10
C02087,Leo Khan,France,Bordeaux,Basic,Consumer,2023-02-18
C02088,Daniel Taylor,Germany,Frankfurt,Plus,Consumer,2024-08-11
C02089,Sara Patel,United States,New York,Basic,Consumer,2026-03-15
C02090,James Martin,Germany,Berlin,Plus,Consumer,2024-09-12
C02091,Emma Lee,Germany,Berlin,Premium,Small Business,2025-06-07
C02092,Jack Adams,UAE,Sharjah,Basic,Small Business,2024-03-15
C02093,Liam Green,UAE,Dubai,Plus,Consumer,2024-02-21
C02094,Daniel Lee,United States,New York,Premium,Consumer,2023-08-27
C02095,Ryan Walker,United States,Austin,Plus,Enterprise,2024-11-08
C02096,Ethan King,Australia,Brisbane,Premium,Consumer,2023-11-16
C02097,Mia Mitchell,Australia,Brisbane,Premium,Consumer,2026-03-14
C02098,Lina Moore,Canada,Vancouver,Premium,Small Business,2024-07-12
C02099,Omar Ahmed,United States,Chicago,Premium,Consumer,2024-01-24
C02100,Ella Garcia,Singapore,Singapore,Plus,Small Business,2025-03-20
C02101,Noah Ahmed,Singapore,Singapore,Plus,Consumer,2023-08-23
C02102,Liam Martin,Singapore,Singapore,Basic,Consumer,2024-06-09
C02103,Henry Ahmed,France,Nice,Plus,Consumer,2026-03-13
C02104,Isla Taylor,United Kingdom,Leeds,Premium,Small Business,2023-06-27
C02105,James Moore,Singapore,Singapore,Basic,Enterprise,2025-08-18
C02106,Daniel Taylor,United Kingdom,Manchester,Basic,Consumer,2023-06-21
C02107,Sara Ahmed,United Kingdom,Manchester,Basic,Consumer,2023-10-20
C02108,Nora Mitchell,United States,Austin,Plus,Small Business,2023-03-31
C02109,Zoe Smith,UAE,Abu Dhabi,Premium,Consumer,2023-12-26
C02110,Adam Green,Australia,Sydney,Basic,Consumer,2024-08-20
C02111,Layla Brown,Australia,Melbourne,Plus,Consumer,2025-06-17
C02112,Amelia Moore,Singapore,Singapore,Premium,Consumer,2024-08-12
C02113,James Martin,UAE,Sharjah,Premium,Consumer,2023-05-14
C02114,Omar Adams,United States,Austin,Plus,Consumer,2023-03-20
C02115,Mia Anderson,United Kingdom,Manchester,Basic,Consumer,2023-04-30
C02116,Ella King,United Kingdom,Manchester,Plus,Consumer,2026-01-22
C02117,Olivia Smith,Singapore,Singapore,Basic,Consumer,2025-07-09
C02118,Ryan Hassan,Australia,Perth,Plus,Consumer,2025-07-20
C02119,Daniel Thomas,UAE,Abu Dhabi,Plus,Consumer,2023-10-23
C02120,Leo Khan,UAE,Abu Dhabi,Premium,Small Business,2025-01-23
C02121,Jack Smith,France,Nice,Basic,Consumer,2026-01-13
C02122,Sam Clark,France,Lyon,Premium,Consumer,2025-04-11
C02123,Omar Anderson,France,Bordeaux,Plus,Consumer,2025-03-06
C02124,Nora Young,Germany,Hamburg,Plus,Consumer,2025-12-21
C02125,Sophia Clark,Australia,Melbourne,Plus,Enterprise,2025-01-14
C02126,Chloe Green,France,Nice,Plus,Consumer,2023-10-17
C02127,Daniel Taylor,Singapore,Singapore,Premium,Enterprise,2025-04-24
C02128,Noah Lee,Australia,Brisbane,Plus,Consumer,2025-02-26
C02129,Ryan Adams,France,Lyon,Premium,Consumer,2024-02-27
C02130,Emma Carter,UAE,Abu Dhabi,Premium,Small Business,2023-11-16
C02131,Maya King,Australia,Melbourne,Basic,Consumer,2023-09-25
C02132,Sara Thomas,Singapore,Singapore,Plus,Small Business,2025-12-22
C02133,Jack Khan,United States,New York,Plus,Consumer,2023-01-18
C02134,Ryan Moore,United States,Seattle,Premium,Consumer,2024-12-31
C02135,Sophia Hassan,UAE,Dubai,Basic,Consumer,2024-10-08
C02136,Zoe Anderson,Singapore,Singapore,Basic,Consumer,2024-09-13
C02137,Liam Miller,UAE,Dubai,Basic,Consumer,2025-04-19
C02138,Ethan Nelson,Singapore,Singapore,Plus,Small Business,2023-08-21
C02139,Henry Wilson,Singapore,Singapore,Plus,Consumer,2025-02-19
C02140,Daniel King,Singapore,Singapore,Plus,Consumer,2025-01-12
C02141,Ryan Green,UAE,Abu Dhabi,Premium,Enterprise,2026-03-06
C02142,Adam Anderson,Germany,Berlin,Premium,Consumer,2023-10-04
C02143,Yusuf Walker,France,Lyon,Basic,Enterprise,2024-02-08
C02145,Amelia Mitchell,France,Lyon,Basic,Consumer,2025-11-17
C02146,Isla Adams,United States,Chicago,Basic,Consumer,2024-05-04
C02147,Lina Walker,Canada,Ottawa,Premium,Consumer,2024-07-12
C02148,Jack Garcia,Singapore,Singapore,Basic,Consumer,2023-01-22
C02149,Jack Carter,United States,Seattle,Basic,Small Business,2025-02-17
C02150,Emma Johnson,Canada,Ottawa,Basic,Small Business,2025-05-19
C02151,Omar Ahmed,Germany,Munich,Premium,Small Business,2026-02-05
C02152,Sophia Baker,Canada,Calgary,Basic,Consumer,2023-06-23
C02153,Alex Patel,Germany,Berlin,Basic,Consumer,2023-08-08
C02154,Lucas Brown,UAE,Abu Dhabi,Basic,Consumer,2024-04-30
C02155,Sara Brown,United Kingdom,London,Plus,Small Business,2024-11-29
C02156,Sam Thomas,United Kingdom,Manchester,Plus,Enterprise,2025-08-01
C02157,Maya Moore,Germany,Berlin,Plus,Consumer,2023-10-12
C02158,Sophia Thomas,United Kingdom,Manchester,Basic,Enterprise,2023-01-08
C02159,Omar Miller,Australia,Melbourne,Basic,Consumer,2024-10-18
C02160,Maya Adams,Australia,Perth,Plus,Small Business,2025-10-11
C02161,Yusuf Ahmed,UAE,Abu Dhabi,Basic,Small Business,2023-05-06
C02162,Nora Martin,United States,New York,Basic,Consumer,2023-10-22
C02163,Chloe Nelson,Australia,Sydney,Plus,Consumer,2024-01-19
C02164,Sam Hall,Australia,Melbourne,Basic,Small Business,2024-08-30
C02165,Yusuf Wright,Canada,Vancouver,Basic,Small Business,2024-05-08
C02166,Layla Smith,Canada,Calgary,Plus,Consumer,2023-05-09
C02167,Daniel Young,United States,Chicago,Basic,Small Business,2025-07-02
C02168,Amelia Hassan,United Kingdom,Bristol,Plus,Enterprise,2025-01-10
C02169,Lina Patel,United Kingdom,Bristol,Plus,Consumer,2025-01-03
C02170,Jack Miller,Singapore,Singapore,Basic,Small Business,2024-10-03
C02171,James Hassan,Australia,Melbourne,Plus,Consumer,2024-12-23
C02172,Omar Green,Singapore,Singapore,Premium,Small Business,2025-04-05
C02173,Nora Moore,Singapore,Singapore,Basic,Small Business,2025-02-28
C02174,Omar Smith,UAE,Abu Dhabi,Basic,Small Business,2023-11-02
C02175,Emma Young,United States,Chicago,Plus,Small Business,2023-12-20
C02176,Mia Carter,UAE,Dubai,Basic,Consumer,2023-11-03
C02177,Isla Hall,Australia,Sydney,Basic,Consumer,2026-01-30
C02180,Lina Baker,Canada,Vancouver,Basic,Enterprise,2024-03-19
C02181,Omar Baker,United States,Seattle,Plus,Consumer,2024-09-28
C02182,Henry Mitchell,France,Paris,Plus,Consumer,2024-11-29
C02183,Jack Young,UAE,Abu Dhabi,Plus,Consumer,2023-02-06
C02184,Nora Young,France,Lyon,Basic,Consumer,2024-04-23
C02185,Ryan Moore,Germany,Frankfurt,Plus,Consumer,2026-03-28
C02186,Alex Hall,Australia,Melbourne,Premium,Small Business,2026-03-18
C02187,Ryan Clark,Australia,Melbourne,Basic,Consumer,2023-02-09
C02188,Ava Adams,United Kingdom,Leeds,Plus,Small Business,2023-06-16
C02189,Layla Baker,Singapore,Singapore,Basic,Consumer,2024-01-31
C02190,Alex Garcia,Canada,Vancouver,Basic,Small Business,2025-08-28
C02191,Lucas Clark,United States,Seattle,Basic,Small Business,2026-02-24
C02192,Mia Miller,Canada,Calgary,Basic,Consumer,2026-01-03
C02193,Sophia Davis,Australia,Sydney,Basic,Consumer,2024-02-04
C02194,Layla Miller,Canada,Vancouver,Plus,Consumer,2023-01-23
C02195,Leo Lewis,Australia,Melbourne,Basic,Consumer,2025-05-13
C02196,Olivia Young,Singapore,Singapore,Basic,Consumer,2023-11-18
C02197,Yusuf Green,Germany,Berlin,Premium,Consumer,2024-02-10
C02198,Lina Mitchell,Singapore,Singapore,Basic,Consumer,2023-02-04
C02199,Liam Johnson,Germany,Frankfurt,Basic,Consumer,2025-02-07
C02200,James Smith,France,Nice,Basic,Consumer,2023-03-12
C02201,Maya Walker,Germany,Berlin,Premium,Consumer,2023-09-28
C02202,Daniel Brown,United Kingdom,Manchester,Basic,Consumer,2024-04-26
C02203,Olivia Garcia,Germany,Hamburg,Basic,Consumer,2023-05-23
C02204,Daniel King,United States,Chicago,Plus,Consumer,2023-11-14
C02205,James Davis,United Kingdom,Manchester,Basic,Consumer,2024-06-18
C02206,Lucas Clark,United States,New York,Basic,Small Business,2024-04-06
C02207,Daniel Johnson,United States,Austin,Plus,Enterprise,2023-10-09
C02208,Layla Hall,Germany,Frankfurt,Plus,Small Business,2023-02-09
C02209,Layla Garcia,Canada,Ottawa,Basic,Small Business,2025-04-29
C02210,James Brown,United States,Austin,Plus,Consumer,2026-04-08
C02211,Daniel Smith,Germany,Berlin,Plus,Consumer,2023-12-03
C02212,Emma Lee,UAE,Sharjah,Basic,Small Business,2024-07-30
C02213,Isla Nelson,Germany,Frankfurt,Basic,Consumer,2024-06-08
C02214,Ava Lee,Germany,Hamburg,Basic,Small Business,2025-07-13
C02215,Amelia Green,France,Lyon,Basic,Consumer,2023-08-07
C02216,Jack Thomas,Australia,Melbourne,Plus,Small Business,2024-09-03
C02217,Ella Ahmed,Australia,Brisbane,Basic,Consumer,2024-04-15
C02218,Zoe Anderson,Canada,Vancouver,Plus,Consumer,2024-03-19
C02219,Ella Martin,Germany,Munich,Basic,Small Business,2024-11-01
C02220,Nora King,UAE,Abu Dhabi,Basic,Consumer,2024-05-23
C02221,Olivia Mitchell,United Kingdom,London,Premium,Consumer,2023-01-23
C02222,Isla Thomas,United States,Seattle,Basic,Small Business,2023-11-23
C02223,Liam Johnson,Germany,Munich,Plus,Enterprise,2025-02-02
C02224,Olivia Lewis,France,Paris,Basic,Consumer,2023-09-03
C02225,Leo Wilson,Canada,Ottawa,Premium,Small Business,2024-02-24
C02226,Liam Thomas,United States,Chicago,Basic,Consumer,2024-04-25
C02227,Nora Moore,Canada,Calgary,Basic,Consumer,2023-05-10
C02228,Jack Ahmed,UAE,Dubai,Basic,Small Business,2023-03-03
C02229,Noah Baker,France,Bordeaux,Basic,Enterprise,2026-03-27
C02230,Chloe Johnson,United Kingdom,Bristol,Plus,Small Business,2024-02-20
C02231,Alex Lewis,United States,Seattle,Premium,Consumer,2025-07-06
C02232,Alex Smith,United States,Chicago,Plus,Small Business,2024-04-19
C02233,Lina Moore,United States,Seattle,Basic,Consumer,2025-07-23
C02234,Ella Baker,UAE,Abu Dhabi,Plus,Consumer,2026-02-02
C02235,James Wilson,Germany,Hamburg,Basic,Consumer,2025-02-01
C02236,Nora Young,Canada,Vancouver,Plus,Small Business,2025-10-09
C02237,Henry Nelson,France,Nice,Premium,Consumer,2024-06-02
C02238,Chloe Wilson,Germany,Hamburg,Plus,Consumer,2026-01-09
C02239,Sam Patel,UAE,Dubai,Basic,Enterprise,2023-10-25
C02240,Yusuf Hall,UAE,Sharjah,Basic,Small Business,2024-02-26
C02241,Ella Ahmed,France,Paris,Premium,Small Business,2025-10-23
C02243,Jack Clark,Germany,Frankfurt,Basic,Small Business,2025-02-03
C02244,James Thomas,France,Bordeaux,Basic,Consumer,2025-04-15
C02245,Lina Garcia,United Kingdom,Manchester,Plus,Consumer,2024-01-21
C02246,Lina Smith,United Kingdom,Leeds,Basic,Consumer,2024-09-19
C02247,Lucas Garcia,France,Nice,Premium,Consumer,2023-07-17
C02248,Ella Lee,United States,New York,Basic,Consumer,2024-01-16
C02249,Ella Garcia,United Kingdom,London,Basic,Enterprise,2025-05-14
C02250,Adam Patel,France,Paris,Plus,Consumer,2025-03-05
C02251,Adam Lee,Canada,Ottawa,Plus,Enterprise,2023-03-27
C02252,Henry Baker,United States,Chicago,Basic,Consumer,2025-08-27
C02253,Sam Miller,France,Paris,Basic,Consumer,2024-12-19
C02254,Henry Baker,United States,Chicago,Basic,Consumer,2023-06-27
C02255,Daniel Lewis,United Kingdom,London,Basic,Small Business,2023-07-12
C02256,Nora King,Germany,Munich,Plus,Consumer,2024-10-23
C02257,Leo Nelson,Singapore,Singapore,Plus,Consumer,2023-09-20
C02258,Zoe Moore,United States,Chicago,Basic,Consumer,2024-07-16
C02259,Lina Carter,France,Paris,Basic,Consumer,2025-11-24
C02260,Daniel Martin,Singapore,Singapore,Premium,Consumer,2024-11-09
C02261,Omar Taylor,UAE,Dubai,Basic,Consumer,2023-01-12
C02262,Emma Garcia,UAE,Abu Dhabi,Basic,Consumer,2024-11-27
C02263,Sam Patel,Singapore,Singapore,Plus,Small Business,2023-08-26
C02264,Liam Martin,UAE,Dubai,Plus,Enterprise,2026-02-26
C02265,Amelia Green,Singapore,Singapore,Plus,Consumer,2025-12-11
C02266,Chloe Ahmed,Germany,Berlin,Basic,Consumer,2025-06-12
C02267,James Ahmed,France,Paris,Basic,Consumer,2025-01-02
C02268,Daniel King,Australia,Melbourne,Basic,Consumer,2026-03-14
C02269,Ethan Patel,Australia,Perth,Plus,Consumer,2026-02-15
C02270,Isla Baker,United Kingdom,Manchester,Plus,Consumer,2023-03-23
C02271,Lucas Lee,UAE,Abu Dhabi,Basic,Small Business,2023-01-23
C02272,Adam Johnson,United States,New York,Plus,Consumer,2025-12-22
C02273,Amelia Walker,UAE,Abu Dhabi,Premium,Small Business,2024-03-13
C02274,Sophia Patel,Singapore,Singapore,Basic,Consumer,2025-03-05
C02275,James Khan,United Kingdom,Manchester,Plus,Small Business,2023-10-25
C02276,Sam Garcia,United Kingdom,Leeds,Plus,Enterprise,2026-03-05
C02277,Ethan Clark,France,Nice,Premium,Small Business,2025-04-12
C02278,Noah Garcia,France,Paris,Premium,Small Business,2023-02-26
C02279,Sophia Patel,Germany,Frankfurt,Basic,Small Business,2024-04-05
C02280,Jack Thomas,UAE,Abu Dhabi,Plus,Small Business,2025-04-12
C02281,Maya Moore,UAE,Dubai,Plus,Consumer,2023-06-03
C02282,Omar Mitchell,United States,Chicago,Basic,Consumer,2023-10-26
C02283,Sara Khan,United States,Seattle,Basic,Consumer,2024-11-30
C02284,Leo Davis,Germany,Hamburg,Premium,Consumer,2025-09-25
C02285,Emma Garcia,UAE,Abu Dhabi,Basic,Small Business,2024-12-02
C02286,James Adams,United Kingdom,Bristol,Plus,Enterprise,2024-08-14
C02287,Yusuf Adams,Australia,Brisbane,Premium,Consumer,2024-05-05
C02288,Zoe Lee,Germany,Hamburg,Basic,Consumer,2025-04-22
C02289,Isla Lewis,France,Lyon,Plus,Small Business,2023-10-13
C02291,James Hall,Australia,Perth,Plus,Consumer,2024-08-19
C02292,Maya Clark,Australia,Brisbane,Basic,Small Business,2025-10-14
C02293,Adam Clark,France,Bordeaux,Plus,Enterprise,2025-07-29
C02294,James Hall,UAE,Abu Dhabi,Plus,Consumer,2025-02-10
C02295,Ella Nelson,France,Paris,Basic,Small Business,2024-06-05
C02296,Ryan Baker,Singapore,Singapore,Plus,Consumer,2024-06-28
C02297,Noah Wright,Singapore,Singapore,Basic,Consumer,2023-09-02
C02298,Mia Martin,United Kingdom,Bristol,Plus,Enterprise,2023-03-26
C02299,Sam Brown,Canada,Toronto,Plus,Consumer,2023-07-16
C02300,Ryan Hassan,France,Lyon,Basic,Small Business,2023-05-03
C02302,Yusuf Mitchell,Canada,Calgary,Premium,Consumer,2026-02-07
C02303,Zoe Hall,Australia,Melbourne,Plus,Small Business,2024-02-21
C02304,James Mitchell,United States,Austin,Basic,Small Business,2024-07-06
C02305,Alex Baker,United Kingdom,London,Basic,Consumer,2024-05-10
C02306,Nora Mitchell,UAE,Dubai,Premium,Consumer,2023-01-07
C02307,Lucas Patel,Canada,Ottawa,Plus,Consumer,2025-03-02
C02308,Nora Lee,Australia,Sydney,Premium,Consumer,2025-06-28
C02309,Nora Wilson,France,Bordeaux,Basic,Small Business,2024-02-25
C02310,Chloe Patel,Singapore,Singapore,Plus,Consumer,2024-10-21
C02311,Amelia Baker,France,Bordeaux,Plus,Consumer,2023-06-08
C02312,Yusuf Davis,France,Lyon,Plus,Consumer,2024-10-05
C02313,Adam King,Canada,Vancouver,Plus,Small Business,2025-02-16
C02314,Yusuf Anderson,Singapore,Singapore,Plus,Consumer,2023-05-13
C02315,Nora Ahmed,United States,Chicago,Plus,Consumer,2023-02-11
C02316,Daniel Wright,Singapore,Singapore,Basic,Consumer,2024-04-13
C02317,Isla Young,Canada,Ottawa,Basic,Consumer,2026-04-14
C02318,Maya Adams,Australia,Sydney,Premium,Consumer,2024-04-13
C02319,Olivia Ahmed,UAE,Dubai,Plus,Consumer,2024-05-27
C02322,Lucas Moore,United Kingdom,London,Plus,Small Business,2023-12-27
C02323,Leo Nelson,Singapore,Singapore,Premium,Consumer,2024-02-05
C02324,Yusuf Ahmed,United Kingdom,London,Plus,Consumer,2024-01-02
C02325,James Taylor,Singapore,Singapore,Plus,Consumer,2024-01-18
C02326,Lucas Miller,United States,Seattle,Premium,Small Business,2025-11-17
C02327,Ella Smith,United States,Chicago,Basic,Consumer,2023-11-16
C02328,Sam Wilson,Australia,Brisbane,Plus,Consumer,2024-05-18
C02329,Nora Martin,United Kingdom,Manchester,Basic,Consumer,2023-03-28
C02331,Henry Garcia,France,Bordeaux,Premium,Consumer,2025-11-30
C02332,Adam Miller,France,Nice,Plus,Consumer,2025-10-27
C02334,Ella Walker,United Kingdom,Leeds,Basic,Consumer,2023-02-18
C02335,Ava Baker,Australia,Sydney,Basic,Small Business,2023-10-29
C02336,Nora Moore,UAE,Sharjah,Plus,Consumer,2023-10-19
C02337,Amelia Anderson,Australia,Perth,Basic,Consumer,2025-08-10
C02338,Adam Anderson,Australia,Perth,Basic,Enterprise,2024-05-17
C02340,Chloe Khan,France,Paris,Plus,Consumer,2025-11-15
C02341,James Baker,United States,Chicago,Basic,Consumer,2024-09-27
C02343,Isla Johnson,United States,Austin,Plus,Consumer,2025-07-07
C02344,Emma Hall,Singapore,Singapore,Plus,Consumer,2023-04-15
C02345,Alex Adams,United Kingdom,Leeds,Plus,Consumer,2025-11-18
C02346,Noah Patel,United Kingdom,Manchester,Premium,Consumer,2025-06-19
C02347,Jack Hassan,Canada,Vancouver,Basic,Enterprise,2023-07-10
C02348,Yusuf King,Canada,Ottawa,Basic,Consumer,2023-01-25
C02349,Mia Lee,France,Lyon,Basic,Small Business,2023-11-07
C02350,Omar Nelson,Canada,Vancouver,Basic,Consumer,2023-03-18
C02351,Isla Hassan,Singapore,Singapore,Basic,Enterprise,2023-12-06
C02352,Ryan Patel,Singapore,Singapore,Basic,Consumer,2024-12-02
C02353,Yusuf Hassan,Germany,Frankfurt,Premium,Consumer,2026-02-17
C02354,James Anderson,Germany,Hamburg,Plus,Small Business,2025-12-01
C02355,Henry Lewis,Australia,Melbourne,Plus,Consumer,2024-07-11
C02356,Ava Adams,Canada,Ottawa,Premium,Enterprise,2023-04-16
C02357,Zoe Walker,Canada,Toronto,Premium,Consumer,2024-03-24
C02358,Chloe Clark,Singapore,Singapore,Premium,Small Business,2025-11-01
C02359,Adam Wright,France,Bordeaux,Plus,Consumer,2024-05-11
C02360,Ethan Mitchell,Singapore,Singapore,Plus,Enterprise,2023-04-27
C02362,Adam Taylor,Canada,Vancouver,Basic,Enterprise,2025-03-22
C02363,Zoe Lee,France,Bordeaux,Premium,Consumer,2023-12-04
C02364,Ava Martin,Germany,Frankfurt,Premium,Consumer,2023-06-18
C02365,Alex Hassan,United States,Austin,Plus,Consumer,2023-07-09
C02366,Ryan Miller,UAE,Dubai,Basic,Consumer,2023-10-01
C02367,Leo Davis,Germany,Hamburg,Plus,Consumer,2023-12-05
C02368,Chloe Walker,Germany,Berlin,Basic,Consumer,2023-03-22
C02369,Yusuf Smith,Australia,Melbourne,Premium,Small Business,2025-10-01
C02370,Liam Lewis,Canada,Toronto,Premium,Consumer,2023-05-14
C02371,Nora Mitchell,Canada,Vancouver,Plus,Small Business,2023-07-16
C02372,Daniel Mitchell,Australia,Brisbane,Basic,Small Business,2023-11-30
C02373,Lina Baker,Singapore,Singapore,Premium,Consumer,2025-04-01
C02374,Omar Miller,Australia,Brisbane,Plus,Consumer,2025-08-02
C02375,Mia Ahmed,UAE,Dubai,Basic,Consumer,2023-08-30
C02376,Mia Taylor,Singapore,Singapore,Basic,Consumer,2024-11-12
C02377,Lina Hall,Australia,Perth,Basic,Consumer,2026-02-04
C02378,Jack Carter,Canada,Vancouver,Premium,Small Business,2025-01-15
C02379,Ethan King,Australia,Brisbane,Basic,Consumer,2024-05-31
C02380,Emma Martin,Singapore,Singapore,Plus,Consumer,2024-10-24
C02381,Nora Wilson,Germany,Frankfurt,Plus,Enterprise,2026-03-06
C02382,Sam Ahmed,UAE,Dubai,Premium,Consumer,2024-05-28
C02383,Omar Brown,Singapore,Singapore,Basic,Small Business,2024-05-06
C02384,Layla Mitchell,Singapore,Singapore,Premium,Small Business,2025-05-05
C02385,Noah Garcia,United States,Seattle,Plus,Small Business,2025-02-02
C02386,Ava Smith,United Kingdom,Leeds,Plus,Enterprise,2024-02-18
C02387,Sophia Wilson,Germany,Hamburg,Plus,Small Business,2024-02-07
C02388,Omar Garcia,United States,Chicago,Premium,Consumer,2024-08-17
C02389,James Garcia,Singapore,Singapore,Basic,Consumer,2023-05-09
C02390,Daniel Davis,France,Bordeaux,Premium,Consumer,2024-04-17
C02391,Ryan Hall,Australia,Perth,Basic,Small Business,2023-03-21
C02392,Ella Clark,Canada,Ottawa,Basic,Consumer,2023-03-25
C02393,Lucas Davis,Singapore,Singapore,Basic,Consumer,2023-06-05
C02394,Alex Miller,Canada,Ottawa,Basic,Small Business,2024-09-19
C02395,Sara Mitchell,United States,Chicago,Premium,Consumer,2026-02-05
C02396,Leo Garcia,United Kingdom,Manchester,Premium,Consumer,2024-11-03
C02397,Ethan Nelson,Australia,Sydney,Plus,Consumer,2024-05-17
C02398,Daniel Smith,United Kingdom,Manchester,Premium,Small Business,2023-12-13
C02399,Henry Walker,Canada,Ottawa,Basic,Consumer,2023-12-02
C02400,Adam Taylor,Canada,Calgary,Premium,Small Business,2023-05-21
C02401,Olivia Wilson,United Kingdom,London,Premium,Consumer,2024-07-07
C02402,Ethan Taylor,Singapore,Singapore,Basic,Small Business,2025-12-30
C02403,Nora Adams,United Kingdom,Leeds,Plus,Consumer,2023-06-20
C02404,Adam Miller,United Kingdom,Bristol,Basic,Small Business,2026-01-21
C02405,Isla Hassan,United States,New York,Premium,Consumer,2024-12-01
C02406,Ethan Adams,Australia,Perth,Premium,Small Business,2024-12-20
C02407,Amelia Hall,France,Bordeaux,Basic,Consumer,2025-04-04
C02408,Sophia Martin,Australia,Perth,Plus,Small Business,2023-05-18
C02409,Jack Clark,Singapore,Singapore,Basic,Small Business,2024-02-12
C02410,Chloe Johnson,United States,Chicago,Basic,Consumer,2023-02-05
C02411,Henry Thomas,Germany,Hamburg,Basic,Small Business,2024-10-07
C02412,Sam Green,United Kingdom,Manchester,Premium,Consumer,2026-02-23
C02413,Sara Taylor,UAE,Abu Dhabi,Basic,Enterprise,2024-11-28
C02414,Liam Mitchell,United States,Seattle,Basic,Consumer,2025-05-21
C02415,Leo Johnson,United Kingdom,London,Premium,Small Business,2023-10-08
C02416,Lina Lewis,France,Lyon,Basic,Small Business,2023-06-02
C02417,Layla Young,United Kingdom,Leeds,Basic,Consumer,2023-02-16
C02418,Amelia Walker,Germany,Munich,Plus,Small Business,2025-12-11
C02419,Yusuf Mitchell,United Kingdom,Bristol,Basic,Enterprise,2024-11-14
C02420,Ava Anderson,United Kingdom,Manchester,Plus,Consumer,2023-06-11
C02422,Ryan Moore,United Kingdom,Bristol,Premium,Small Business,2023-07-25
C02423,Chloe King,United States,Seattle,Premium,Consumer,2024-11-13
C02424,Isla Hassan,United States,Austin,Basic,Enterprise,2023-01-09
C02425,Liam Anderson,Singapore,Singapore,Basic,Consumer,2026-01-14
C02426,Liam Lewis,UAE,Sharjah,Premium,Small Business,2024-05-22
C02428,Maya Miller,United States,Chicago,Basic,Small Business,2023-12-13
C02429,Jack Davis,Australia,Perth,Basic,Consumer,2024-07-13
C02430,Zoe Miller,Australia,Perth,Plus,Consumer,2024-03-08
C02431,Yusuf Patel,France,Lyon,Premium,Consumer,2023-10-06
C02432,Emma Carter,France,Nice,Basic,Consumer,2023-09-13
C02433,Lina Wright,Canada,Ottawa,Basic,Consumer,2024-01-27
C02434,Jack Lewis,UAE,Sharjah,Basic,Small Business,2023-09-03
C02435,Henry Clark,UAE,Sharjah,Basic,Enterprise,2023-04-06
C02436,Jack Brown,France,Lyon,Premium,Consumer,2023-08-19
C02437,Zoe Smith,Australia,Sydney,Premium,Consumer,2023-08-08
C02438,Ava Lee,Singapore,Singapore,Basic,Small Business,2023-09-10
C02439,Sam Young,Germany,Frankfurt,Basic,Consumer,2024-07-17
C02440,Nora Patel,Australia,Melbourne,Basic,Consumer,2024-05-12
C02441,Daniel Baker,Canada,Ottawa,Basic,Consumer,2025-08-07
C02442,Ethan Johnson,United States,Chicago,Plus,Consumer,2023-08-15
C02443,Chloe Walker,UAE,Abu Dhabi,Basic,Consumer,2023-01-29
C02444,Daniel Miller,United Kingdom,Leeds,Basic,Small Business,2025-07-09
C02445,Sophia Ahmed,Canada,Ottawa,Premium,Consumer,2025-09-10
C02446,Lucas Green,UAE,Dubai,Plus,Small Business,2025-02-26
C02447,Lucas Nelson,UAE,Dubai,Basic,Consumer,2024-06-05
C02448,Lina Taylor,Canada,Calgary,Plus,Consumer,2026-03-07
C02449,Chloe Taylor,Australia,Brisbane,Basic,Consumer,2026-02-12
C02450,Sam Mitchell,UAE,Sharjah,Basic,Consumer,2023-11-02
C02451,Amelia Hall,France,Nice,Basic,Consumer,2023-08-11
C02452,Jack Walker,France,Nice,Plus,Consumer,2024-02-13
C02453,Maya King,Germany,Berlin,Basic,Small Business,2024-05-16
C02454,Ava Johnson,Germany,Hamburg,Basic,Consumer,2024-11-13
C02455,Daniel Clark,France,Paris,Plus,Consumer,2023-10-08
C02456,Lucas Wright,United States,Austin,Basic,Consumer,2023-05-29
C02457,Liam Patel,Singapore,Singapore,Basic,Consumer,2025-01-29
C02458,Liam Johnson,Canada,Toronto,Premium,Consumer,2024-07-28
C02459,Maya Carter,Singapore,Singapore,Basic,Enterprise,2023-09-01
C02460,Olivia Miller,Canada,Vancouver,Basic,Small Business,2026-01-13
C02461,Ethan Patel,United States,Chicago,Plus,Consumer,2025-04-23
C02462,Chloe Hall,United Kingdom,London,Plus,Consumer,2026-03-24
C02463,Isla Smith,France,Nice,Premium,Small Business,2026-02-13
C02464,Lina Martin,United States,New York,Premium,Consumer,2024-07-17
C02465,Sophia Martin,UAE,Dubai,Plus,Small Business,2024-02-06
C02467,Lucas Mitchell,UAE,Dubai,Basic,Enterprise,2024-02-23
C02468,Adam Khan,Canada,Ottawa,Basic,Consumer,2023-11-22
C02469,Daniel King,United States,Austin,Basic,Consumer,2025-05-10
C02470,Liam Brown,UAE,Dubai,Basic,Consumer,2025-06-09
C02471,Lucas Ahmed,UAE,Abu Dhabi,Plus,Small Business,2025-12-23
C02472,Chloe Thomas,Germany,Frankfurt,Basic,Enterprise,2025-12-27
C02473,Henry Carter,Australia,Perth,Basic,Consumer,2025-06-30
C02474,Isla Hall,Canada,Vancouver,Premium,Small Business,2023-02-11
C02475,Sophia King,Canada,Ottawa,Plus,Consumer,2023-07-06
C02476,Sam Carter,United Kingdom,Manchester,Premium,Consumer,2025-12-28
C02477,Sam Taylor,Singapore,Singapore,Premium,Consumer,2023-10-04
C02478,Noah Adams,UAE,Sharjah,Premium,Small Business,2024-05-07
C02479,Ryan Johnson,United Kingdom,Manchester,Plus,Consumer,2025-12-11
C02480,James Brown,Canada,Calgary,Basic,Consumer,2024-01-01
C02481,Noah Wright,Singapore,Singapore,Basic,Small Business,2023-07-03
C02482,Layla Wilson,Singapore,Singapore,Basic,Small Business,2023-06-14
C02483,Jack Garcia,Germany,Frankfurt,Basic,Consumer,2024-11-22
C02484,Amelia Johnson,United States,New York,Plus,Small Business,2023-03-04
C02485,Olivia Hall,UAE,Sharjah,Plus,Consumer,2023-06-19
C02486,Lina Lee,Singapore,Singapore,Basic,Small Business,2025-01-30
C02487,Noah Miller,United States,Austin,Premium,Consumer,2023-08-24
C02488,Alex Thomas,Canada,Calgary,Basic,Consumer,2023-10-30
C02489,Yusuf Patel,Singapore,Singapore,Basic,Enterprise,2023-06-06
C02490,Mia Martin,Canada,Toronto,Basic,Consumer,2025-11-04
C02491,Omar Green,United States,New York,Plus,Consumer,2024-06-19
C02492,Chloe Clark,France,Nice,Plus,Consumer,2025-11-22
C02493,Isla Adams,UAE,Abu Dhabi,Basic,Consumer,2025-04-25
C02494,Mia Miller,Canada,Vancouver,Premium,Consumer,2023-04-11
C02495,Adam Walker,UAE,Sharjah,Basic,Consumer,2023-03-22
C02496,Maya Baker,United States,Chicago,Basic,Consumer,2026-02-17
C02497,Nora Mitchell,Germany,Berlin,Plus,Small Business,2025-12-12
C02498,Ethan Wilson,United Kingdom,London,Basic,Consumer,2023-09-08
C02499,Sam King,Canada,Toronto,Premium,Enterprise,2023-01-11
C02500,Isla Khan,Canada,Vancouver,Plus,Consumer,2024-05-24
C02501,Layla Lee,France,Lyon,Plus,Consumer,2024-07-02
C02502,Lucas Wilson,United Kingdom,Manchester,Plus,Consumer,2024-08-27
C02503,Jack Martin,Canada,Ottawa,Basic,Consumer,2025-05-09
C02504,Sara Ahmed,UAE,Abu Dhabi,Plus,Small Business,2025-06-01
C02505,Sophia Taylor,Canada,Calgary,Basic,Small Business,2025-03-10
C02506,Leo Khan,France,Lyon,Basic,Small Business,2024-08-18
C02507,Sam Moore,United States,Austin,Basic,Consumer,2025-01-25
C02508,Ava Nelson,UAE,Abu Dhabi,Basic,Small Business,2023-02-17
C02509,Henry Brown,Singapore,Singapore,Basic,Small Business,2024-08-18
C02510,Layla Carter,United States,Austin,Plus,Consumer,2026-02-12
C02511,Lina Adams,UAE,Abu Dhabi,Basic,Enterprise,2025-08-11
C02512,Yusuf Davis,United States,Seattle,Basic,Small Business,2023-04-28
C02513,Sam Walker,Australia,Melbourne,Premium,Consumer,2024-12-28
C02514,Sophia Davis,Canada,Calgary,Premium,Consumer,2024-03-30
C02515,Alex Wilson,United Kingdom,London,Basic,Consumer,2025-12-13
C02516,Nora Hassan,United Kingdom,London,Plus,Consumer,2023-07-07
C02517,Maya Patel,Australia,Perth,Basic,Consumer,2024-10-23
C02518,Lucas Johnson,France,Paris,Plus,Enterprise,2025-10-31
C02519,Daniel Garcia,Germany,Frankfurt,Basic,Enterprise,2025-04-13
C02520,Sara Nelson,United States,New York,Premium,Consumer,2023-02-24
C02521,Alex Smith,United Kingdom,Bristol,Plus,Consumer,2023-09-19
C02522,Ella Mitchell,United States,Austin,Plus,Consumer,2025-10-15
C02523,Isla Hassan,Canada,Toronto,Premium,Small Business,2023-01-07
C02524,Chloe Mitchell,Australia,Perth,Basic,Small Business,2023-10-02
C02525,Chloe Johnson,United Kingdom,Bristol,Plus,Small Business,2025-12-13
C02526,Maya Garcia,Canada,Toronto,Plus,Consumer,2025-03-24
C02527,Layla Baker,Germany,Berlin,Plus,Small Business,2025-04-14
C02528,Sophia Martin,UAE,Dubai,Plus,Consumer,2023-05-31
C02529,Lucas Green,Canada,Calgary,Basic,Consumer,2024-06-06
C02530,Ryan Johnson,Canada,Vancouver,Plus,Consumer,2023-03-29
C02531,Ella Young,United States,Seattle,Basic,Enterprise,2025-05-27
C02533,Noah Lee,United States,Austin,Basic,Consumer,2023-07-01
C02534,Ella Moore,United States,Chicago,Basic,Consumer,2024-10-18
C02535,Jack Lee,United Kingdom,Manchester,Plus,Consumer,2024-11-28
C02536,Adam Johnson,France,Lyon,Basic,Consumer,2025-09-20
C02537,Omar Garcia,UAE,Sharjah,Basic,Consumer,2024-06-24
C02538,Leo Hassan,United States,New York,Basic,Small Business,2023-01-11
C02539,Alex Adams,Singapore,Singapore,Basic,Consumer,2026-01-31
C02540,Jack Anderson,UAE,Abu Dhabi,Basic,Consumer,2025-02-05
C02542,Yusuf Davis,United States,Seattle,Premium,Consumer,2023-05-13
C02543,Alex Walker,Canada,Vancouver,Premium,Small Business,2025-07-16
C02544,Isla Carter,UAE,Abu Dhabi,Plus,Small Business,2025-05-11
C02545,Sara Mitchell,France,Nice,Premium,Small Business,2025-07-23
C02546,Olivia Anderson,Canada,Vancouver,Plus,Consumer,2025-02-25
C02547,Maya Carter,Australia,Melbourne,Basic,Consumer,2023-02-13
C02548,Sara Adams,Canada,Vancouver,Premium,Small Business,2023-08-10
C02549,Ethan Davis,Australia,Brisbane,Plus,Small Business,2025-05-30
C02550,Emma Carter,United States,Chicago,Plus,Consumer,2026-02-16
C02552,Maya Green,UAE,Sharjah,Basic,Consumer,2024-04-12
C02553,Layla Mitchell,Australia,Brisbane,Plus,Consumer,2025-01-10
C02554,Maya Clark,UAE,Sharjah,Premium,Small Business,2024-08-06
C02555,Ella Smith,Germany,Frankfurt,Premium,Consumer,2023-10-19
C02556,Chloe Ahmed,France,Nice,Basic,Small Business,2023-10-29
C02557,Emma Carter,Germany,Munich,Basic,Consumer,2026-02-01
C02558,Emma Carter,France,Nice,Basic,Consumer,2024-03-19
C02559,Amelia Nelson,Singapore,Singapore,Basic,Small Business,2023-10-26
C02560,Sara Lee,Germany,Hamburg,Premium,Small Business,2024-05-30
C02561,Ella Lee,Canada,Ottawa,Plus,Consumer,2024-09-28
C02562,Sam Adams,Canada,Toronto,Premium,Small Business,2023-12-03
C02563,Daniel Garcia,Australia,Sydney,Basic,Small Business,2025-06-08
C02564,Yusuf King,France,Paris,Premium,Consumer,2025-03-03
C02566,Ella Davis,United States,New York,Premium,Consumer,2023-04-25
C02567,Yusuf Khan,Canada,Toronto,Basic,Consumer,2024-10-20
C02568,Noah Green,France,Lyon,Premium,Consumer,2026-04-07
C02569,Nora Khan,France,Lyon,Basic,Consumer,2024-07-27
C02570,Isla Smith,Singapore,Singapore,Basic,Consumer,2023-11-29
C02571,Noah Ahmed,Singapore,Singapore,Plus,Small Business,2025-04-23
C02572,Henry Wilson,UAE,Abu Dhabi,Basic,Small Business,2025-10-04
C02573,Jack Khan,Singapore,Singapore,Premium,Enterprise,2026-03-03
C02574,Lina Thomas,United Kingdom,Bristol,Basic,Enterprise,2025-12-28
C02575,Isla Brown,Australia,Melbourne,Basic,Consumer,2023-09-29
C02576,Ryan Hall,Germany,Munich,Basic,Enterprise,2025-04-01
C02577,Liam Green,United Kingdom,Leeds,Basic,Small Business,2023-12-03
C02578,Henry Taylor,United Kingdom,Manchester,Basic,Consumer,2025-05-14
C02579,Lucas Davis,Germany,Munich,Basic,Consumer,2024-12-07
C02580,Emma Taylor,Australia,Melbourne,Basic,Small Business,2026-01-21
C02581,Leo Walker,Canada,Toronto,Plus,Consumer,2026-03-31
C02582,Ava Johnson,UAE,Abu Dhabi,Basic,Consumer,2023-07-13
C02583,Omar Lewis,Canada,Toronto,Basic,Consumer,2024-05-27
C02584,Ella Taylor,France,Bordeaux,Plus,Enterprise,2025-08-06
C02585,Jack Miller,Singapore,Singapore,Premium,Consumer,2023-11-27
C02586,Maya Brown,Singapore,Singapore,Basic,Consumer,2025-11-29
C02587,Ryan Wright,UAE,Sharjah,Plus,Small Business,2025-10-03
C02588,Alex Hassan,Singapore,Singapore,Plus,Small Business,2024-04-19
C02589,Sam Davis,Australia,Sydney,Premium,Consumer,2024-10-14
C02590,Omar Smith,Germany,Munich,Plus,Consumer,2023-02-16
C02591,Daniel Miller,France,Bordeaux,Plus,Enterprise,2025-07-17
C02592,Daniel Ahmed,United States,Chicago,Premium,Consumer,2025-04-09
C02593,Layla Garcia,UAE,Dubai,Basic,Consumer,2026-01-12
C02594,Mia Brown,UAE,Dubai,Basic,Consumer,2023-11-23
C02595,Olivia King,Germany,Berlin,Plus,Consumer,2025-07-05
C02596,Ryan Taylor,Canada,Ottawa,Plus,Small Business,2025-12-06
C02597,Maya Garcia,UAE,Dubai,Premium,Consumer,2026-03-08
C02598,Emma Green,United States,Seattle,Basic,Small Business,2026-01-14
C02599,Leo Miller,United States,Austin,Basic,Enterprise,2024-11-08
C02600,Alex Johnson,Australia,Perth,Premium,Consumer,2024-05-28
C02601,Layla Walker,UAE,Abu Dhabi,Premium,Consumer,2025-11-14
C02602,James Khan,United Kingdom,London,Basic,Consumer,2026-01-22
C02604,Chloe Nelson,France,Bordeaux,Basic,Consumer,2024-01-18
C02605,Amelia Thomas,Singapore,Singapore,Basic,Consumer,2023-05-11
C02606,Jack Khan,Singapore,Singapore,Plus,Consumer,2026-01-14
C02607,Mia Moore,France,Bordeaux,Plus,Consumer,2023-09-23
C02608,Ava Adams,Australia,Perth,Premium,Consumer,2025-12-25
C02609,Ava Patel,United States,Chicago,Plus,Small Business,2024-05-01
C02610,Adam Johnson,Canada,Toronto,Plus,Small Business,2025-03-10
C02611,Emma Hassan,Germany,Frankfurt,Plus,Consumer,2023-09-13
C02612,Ethan Lewis,UAE,Sharjah,Basic,Consumer,2024-05-29
C02613,Ethan Thomas,France,Bordeaux,Plus,Consumer,2024-12-23
C02614,Ella Davis,Canada,Vancouver,Plus,Small Business,2023-09-30
C02615,Henry Nelson,Canada,Ottawa,Premium,Consumer,2024-02-03
C02616,James Anderson,United Kingdom,Bristol,Basic,Consumer,2024-11-02
C02617,Ethan Nelson,Germany,Frankfurt,Basic,Enterprise,2025-03-07
C02618,Ethan Carter,UAE,Abu Dhabi,Premium,Consumer,2024-03-31
C02619,Ava Adams,Germany,Berlin,Basic,Enterprise,2025-10-30
C02620,Liam Nelson,France,Nice,Basic,Enterprise,2025-09-29
C02621,Layla Lewis,France,Nice,Basic,Consumer,2025-09-25
C02622,Sara Patel,Canada,Calgary,Basic,Consumer,2023-09-03
C02623,Chloe Patel,United Kingdom,London,Premium,Consumer,2023-12-04
C02624,Noah Lee,Germany,Munich,Basic,Consumer,2025-01-15
C02625,Sophia King,Canada,Toronto,Basic,Consumer,2024-10-31
C02626,Ella Hall,Australia,Sydney,Basic,Consumer,2024-03-15
C02627,Ella Wright,Singapore,Singapore,Basic,Consumer,2024-10-11
C02628,Noah Smith,Canada,Vancouver,Plus,Small Business,2023-08-12
C02629,Leo Garcia,United Kingdom,London,Plus,Consumer,2025-02-23
C02630,Yusuf Adams,United Kingdom,Leeds,Plus,Consumer,2023-09-27
C02631,Sara Baker,United States,Seattle,Basic,Consumer,2025-11-19
C02632,Layla Nelson,Germany,Frankfurt,Basic,Consumer,2024-11-08
C02633,James Miller,France,Bordeaux,Basic,Consumer,2026-04-10
C02634,Layla Wright,Singapore,Singapore,Basic,Small Business,2023-10-11
C02635,Daniel Ahmed,Germany,Hamburg,Premium,Small Business,2024-07-26
C02636,James Khan,Germany,Frankfurt,Premium,Small Business,2024-10-11
C02637,Alex Ahmed,Canada,Vancouver,Plus,Consumer,2023-09-01
C02638,Olivia Miller,France,Nice,Basic,Enterprise,2023-01-13
C02639,Chloe Johnson,United States,Austin,Plus,Consumer,2024-04-15
C02640,Zoe Khan,Australia,Sydney,Premium,Consumer,2023-08-26
C02641,Alex Hall,Germany,Berlin,Basic,Consumer,2025-09-11
C02642,Noah Adams,Australia,Perth,Plus,Consumer,2023-07-25
C02643,Leo Walker,Canada,Ottawa,Basic,Consumer,2025-10-01
C02644,Mia Baker,Australia,Perth,Basic,Small Business,2025-06-22
C02645,Jack Walker,France,Lyon,Plus,Consumer,2025-11-21
C02646,Jack Ahmed,UAE,Abu Dhabi,Basic,Enterprise,2023-05-23
C02647,Layla Lee,UAE,Sharjah,Plus,Small Business,2023-10-01
C02648,Sophia Davis,United Kingdom,Manchester,Basic,Consumer,2023-01-15
C02649,Maya Walker,United Kingdom,London,Basic,Consumer,2023-07-04
C02650,Layla Clark,France,Nice,Basic,Consumer,2026-02-06
C02651,Nora Young,United States,Austin,Plus,Consumer,2023-06-28
C02653,Isla Hassan,Germany,Hamburg,Basic,Consumer,2026-03-15
C02655,Emma Anderson,Australia,Sydney,Basic,Consumer,2024-01-08
C02656,Lina Green,United Kingdom,Leeds,Basic,Consumer,2024-03-16
C02657,Sophia Green,Australia,Melbourne,Premium,Enterprise,2024-10-29
C02658,Ethan Martin,UAE,Sharjah,Premium,Small Business,2024-03-14
C02659,Jack Wright,UAE,Dubai,Plus,Small Business,2026-04-13
C02660,Olivia Khan,Canada,Vancouver,Plus,Consumer,2023-12-08
C02661,Ava Khan,Germany,Munich,Plus,Small Business,2026-01-11
C02662,Sophia Hall,Canada,Calgary,Basic,Consumer,2025-08-06
C02663,Jack Hassan,Singapore,Singapore,Basic,Consumer,2024-05-21
C02664,Amelia Carter,Germany,Hamburg,Premium,Consumer,2025-10-17
C02665,Yusuf Ahmed,United Kingdom,Manchester,Premium,Consumer,2026-04-07
C02666,Nora Smith,UAE,Sharjah,Basic,Consumer,2023-04-24
C02667,Ava Clark,Singapore,Singapore,Plus,Consumer,2024-10-31
C02668,Mia Carter,Australia,Melbourne,Basic,Small Business,2023-07-21
C02669,Mia Miller,Germany,Frankfurt,Plus,Small Business,2023-04-22
C02670,James Lee,UAE,Dubai,Premium,Consumer,2026-02-09
C02672,Henry Adams,Germany,Munich,Basic,Consumer,2023-05-05
C02673,Alex Davis,United States,Austin,Basic,Enterprise,2024-04-28
C02674,Ryan King,United Kingdom,Bristol,Basic,Consumer,2023-11-30
C02675,Sophia Moore,United Kingdom,London,Plus,Small Business,2023-12-09
C02677,Maya Moore,Australia,Sydney,Plus,Consumer,2023-01-11
C02678,Zoe Wright,Singapore,Singapore,Basic,Consumer,2023-07-10
C02679,Yusuf Taylor,UAE,Abu Dhabi,Basic,Consumer,2023-11-07
C02680,Liam Lee,UAE,Dubai,Premium,Enterprise,2025-07-31
C02681,Omar Green,UAE,Dubai,Basic,Small Business,2023-07-02
C02682,Liam Taylor,France,Bordeaux,Basic,Enterprise,2023-03-27
C02683,Liam Mitchell,United States,Chicago,Basic,Consumer,2025-12-19
C02684,Sara Green,Australia,Melbourne,Premium,Small Business,2024-03-14
C02685,Noah Walker,Australia,Perth,Basic,Consumer,2023-01-28
C02686,Henry Martin,Singapore,Singapore,Plus,Consumer,2024-07-31
C02687,Ethan Taylor,United Kingdom,Bristol,Basic,Consumer,2025-03-19
C02689,Mia Wilson,Canada,Ottawa,Basic,Small Business,2024-02-01
C02690,Lina Moore,Germany,Hamburg,Plus,Small Business,2023-05-16
C02692,Mia Garcia,Singapore,Singapore,Plus,Consumer,2025-07-18
C02693,Liam Wilson,Canada,Vancouver,Basic,Consumer,2024-10-30
C02694,James Young,France,Nice,Plus,Consumer,2023-02-25
C02695,Isla Brown,UAE,Dubai,Basic,Consumer,2023-04-21
C02696,Omar Taylor,Germany,Munich,Basic,Consumer,2024-07-23
C02697,Noah Martin,United States,Chicago,Plus,Enterprise,2025-06-02
C02698,Omar Moore,United States,Chicago,Basic,Consumer,2024-07-30
C02699,Layla Khan,United Kingdom,Bristol,Basic,Enterprise,2023-11-21
C02700,Ella Anderson,United States,Austin,Plus,Small Business,2023-03-08
C02701,Lucas Johnson,United Kingdom,London,Plus,Small Business,2025-04-10
C02702,Daniel Carter,Singapore,Singapore,Basic,Small Business,2023-05-13
C02705,Amelia Taylor,United States,New York,Plus,Small Business,2025-11-19
C02706,Liam Johnson,Australia,Sydney,Plus,Small Business,2025-04-24
C02707,James Clark,United Kingdom,Leeds,Basic,Small Business,2023-07-04
C02709,Nora Taylor,UAE,Sharjah,Basic,Small Business,2024-12-02
C02710,Lina Johnson,Singapore,Singapore,Basic,Consumer,2025-07-16
C02712,Ella Moore,Canada,Calgary,Premium,Enterprise,2025-10-04
C02713,Leo Lee,France,Lyon,Basic,Consumer,2023-02-05
C02714,Zoe Wright,UAE,Abu Dhabi,Plus,Consumer,2024-12-28
C02715,Nora Wright,France,Nice,Basic,Consumer,2026-02-23
C02716,Amelia Hall,Australia,Melbourne,Plus,Consumer,2025-06-19
C02717,Ryan Lewis,France,Bordeaux,Basic,Consumer,2024-12-24
C02718,Zoe Brown,Australia,Melbourne,Plus,Consumer,2023-03-07
C02719,Noah Lewis,France,Bordeaux,Basic,Consumer,2024-11-07
C02721,Henry Green,United Kingdom,Bristol,Basic,Small Business,2024-06-21
C02722,Zoe Clark,United Kingdom,Bristol,Plus,Consumer,2023-05-15
C02723,Ava Miller,UAE,Dubai,Basic,Consumer,2023-03-19
C02724,Alex Carter,Canada,Ottawa,Premium,Consumer,2025-12-19
C02725,Daniel Khan,Australia,Sydney,Basic,Consumer,2023-09-04
C02726,Ella Wright,France,Nice,Basic,Small Business,2023-07-23
C02727,Mia Lee,Singapore,Singapore,Premium,Consumer,2026-03-15
C02728,Isla Clark,Australia,Melbourne,Plus,Consumer,2024-03-07
C02729,Jack Ahmed,Canada,Toronto,Premium,Consumer,2023-01-31
C02730,Olivia Ahmed,Canada,Vancouver,Premium,Small Business,2023-10-13
C02732,Sam Martin,United Kingdom,London,Basic,Small Business,2023-02-26
C02733,Maya Miller,Canada,Toronto,Premium,Small Business,2026-01-22
C02734,Alex Brown,Australia,Brisbane,Plus,Small Business,2026-03-16
C02735,Layla Mitchell,Singapore,Singapore,Premium,Consumer,2025-06-29
C02736,Amelia Hassan,Canada,Toronto,Plus,Small Business,2026-01-24
C02737,Ryan King,Canada,Calgary,Plus,Consumer,2023-09-04
C02738,Nora Anderson,Germany,Munich,Plus,Consumer,2025-11-04
C02739,Adam Green,United States,Austin,Basic,Consumer,2026-01-11
C02740,Noah Wright,Singapore,Singapore,Basic,Consumer,2024-01-04
C02742,Ryan Martin,Singapore,Singapore,Plus,Consumer,2025-05-17
C02743,James Anderson,UAE,Abu Dhabi,Plus,Consumer,2025-09-04
C02744,Henry Khan,United States,Seattle,Basic,Consumer,2023-08-30
C02745,Isla Anderson,United Kingdom,Leeds,Basic,Consumer,2025-10-09
C02746,Chloe Nelson,Australia,Melbourne,Basic,Small Business,2026-02-06
C02748,Zoe Miller,France,Lyon,Basic,Consumer,2025-05-13
C02749,Lina Khan,Canada,Ottawa,Basic,Consumer,2024-06-26
C02750,Ryan Mitchell,France,Paris,Basic,Consumer,2023-11-07
C02751,Olivia Green,United States,Austin,Plus,Consumer,2023-10-19
C02752,Ethan Thomas,Germany,Munich,Premium,Consumer,2026-01-16
C02753,James Wilson,United States,Austin,Basic,Consumer,2025-10-24
C02754,Lucas Mitchell,United States,Chicago,Basic,Consumer,2025-09-09
C02755,Mia Garcia,Singapore,Singapore,Basic,Small Business,2023-05-10
C02756,Olivia Walker,United Kingdom,Manchester,Premium,Consumer,2024-05-23
C02757,Adam Patel,UAE,Dubai,Plus,Consumer,2024-03-12
C02759,Ryan Lewis,Germany,Berlin,Basic,Small Business,2023-02-14
C02760,Ryan Martin,Germany,Hamburg,Plus,Consumer,2024-06-20
C02761,Liam Mitchell,United Kingdom,Leeds,Basic,Consumer,2024-01-31
C02762,Lina Walker,Canada,Toronto,Plus,Consumer,2023-05-10
C02763,Daniel Garcia,Singapore,Singapore,Plus,Consumer,2024-06-13
C02764,Yusuf Nelson,United States,New York,Premium,Consumer,2026-02-02
C02765,Mia Taylor,Canada,Toronto,Basic,Consumer,2023-08-03
C02766,Alex Clark,Germany,Munich,Premium,Small Business,2024-06-26
C02767,James Wright,Australia,Perth,Plus,Consumer,2024-09-30
C02768,Ryan Adams,France,Nice,Plus,Small Business,2024-11-01
C02769,Ava Carter,Canada,Calgary,Plus,Consumer,2023-09-12
C02770,Yusuf Wilson,UAE,Dubai,Premium,Small Business,2025-01-09
C02771,Lucas Ahmed,France,Paris,Basic,Consumer,2023-06-10
C02772,Omar Patel,United States,Austin,Premium,Consumer,2026-02-11
C02773,Alex King,Australia,Perth,Basic,Consumer,2023-09-15
C02774,Liam Adams,Canada,Calgary,Basic,Consumer,2025-09-21
C02775,Amelia Johnson,United States,Seattle,Plus,Consumer,2026-04-03
C02776,Isla Martin,United States,Seattle,Premium,Enterprise,2024-07-15
C02777,Alex Anderson,France,Bordeaux,Basic,Consumer,2025-06-11
C02778,Isla Martin,United States,Seattle,Basic,Small Business,2025-09-30
C02779,Sara Green,Germany,Berlin,Plus,Small Business,2024-09-23
C02780,Sara Hall,Australia,Melbourne,Plus,Small Business,2023-03-01
C02781,Omar Wilson,Australia,Brisbane,Basic,Consumer,2025-02-19
C02782,Alex Wilson,UAE,Abu Dhabi,Basic,Consumer,2023-08-11
C02783,Emma Khan,Germany,Hamburg,Basic,Consumer,2025-05-21
C02784,Ethan Moore,UAE,Dubai,Basic,Consumer,2025-07-14
C02785,Omar Anderson,Singapore,Singapore,Basic,Consumer,2024-10-09
C02786,Yusuf Brown,France,Paris,Basic,Consumer,2023-07-24
C02787,Olivia Young,Canada,Ottawa,Premium,Consumer,2026-01-04
C02788,Amelia Taylor,Singapore,Singapore,Basic,Consumer,2026-02-18
C02789,Mia Lee,United Kingdom,Manchester,Plus,Small Business,2025-01-03
C02790,Nora Thomas,United States,Seattle,Basic,Enterprise,2025-04-16
C02791,Alex Lewis,UAE,Sharjah,Plus,Consumer,2023-08-16
C02792,Ryan Martin,United States,Austin,Plus,Consumer,2025-09-07
C02793,Ava Clark,France,Nice,Plus,Small Business,2025-12-26
C02794,Noah Green,Germany,Munich,Basic,Consumer,2025-11-18
C02795,Ethan Walker,UAE,Dubai,Plus,Small Business,2024-04-21
C02796,Layla Hall,Canada,Calgary,Plus,Enterprise,2024-07-03
C02797,Noah Johnson,France,Nice,Basic,Consumer,2025-08-14
C02798,Ava Hassan,UAE,Dubai,Premium,Consumer,2023-10-14
C02799,Sophia Wilson,Singapore,Singapore,Plus,Consumer,2025-10-03
C02800,Henry Mitchell,United Kingdom,Leeds,Basic,Small Business,2024-02-27
C02802,James King,UAE,Dubai,Premium,Consumer,2023-01-26
C02803,Maya Nelson,United States,New York,Plus,Consumer,2024-05-20
C02804,Ella Johnson,Canada,Calgary,Plus,Consumer,2025-03-02
C02805,Yusuf Miller,Australia,Brisbane,Plus,Consumer,2023-10-24
C02806,Isla Mitchell,Australia,Brisbane,Premium,Small Business,2023-01-25
C02807,Noah Moore,United Kingdom,London,Plus,Consumer,2025-08-29
C02808,Layla Walker,United Kingdom,Leeds,Basic,Consumer,2024-06-04
C02809,Isla Thomas,Germany,Hamburg,Basic,Consumer,2025-12-24
C02810,Sophia Davis,Germany,Berlin,Basic,Consumer,2025-07-11
C02811,Lina Miller,United Kingdom,London,Plus,Small Business,2024-10-18
C02812,Lucas Khan,United Kingdom,Manchester,Plus,Enterprise,2025-11-15
C02813,Henry Lewis,France,Bordeaux,Premium,Consumer,2023-11-14
C02814,Chloe Anderson,United States,Seattle,Premium,Consumer,2026-03-31
C02815,Lina Wilson,Singapore,Singapore,Basic,Consumer,2023-10-09
C02816,Isla King,Australia,Sydney,Plus,Small Business,2026-01-11
C02817,Jack King,Canada,Vancouver,Basic,Small Business,2026-02-14
C02818,Maya Clark,Singapore,Singapore,Plus,Consumer,2023-07-31
C02819,Mia Taylor,Singapore,Singapore,Basic,Small Business,2026-03-06
C02820,Sophia Martin,United States,Austin,Basic,Consumer,2023-08-28
C02821,Amelia Martin,Australia,Melbourne,Premium,Consumer,2025-12-05
C02822,Emma Green,France,Bordeaux,Basic,Enterprise,2025-11-06
C02823,Ella Khan,Singapore,Singapore,Basic,Consumer,2024-08-28
C02824,Sophia Young,France,Paris,Basic,Enterprise,2024-04-26
C02825,Chloe Nelson,Canada,Calgary,Plus,Small Business,2023-06-24
C02826,Zoe Adams,United States,Chicago,Basic,Small Business,2026-02-01
C02827,Maya Wilson,Australia,Brisbane,Basic,Small Business,2024-10-09
C02828,Ella Patel,United Kingdom,London,Basic,Small Business,2023-02-04
C02829,Nora Davis,France,Lyon,Basic,Small Business,2024-07-25
C02830,Ava Hassan,France,Bordeaux,Premium,Consumer,2023-04-05
C02831,Omar Wright,France,Bordeaux,Basic,Consumer,2025-03-15
C02832,Ryan Young,Canada,Toronto,Plus,Small Business,2024-04-05
C02833,Leo Smith,Singapore,Singapore,Basic,Consumer,2024-07-04
C02834,Sara Mitchell,Singapore,Singapore,Plus,Consumer,2026-02-24
C02835,Sara Lee,France,Bordeaux,Plus,Consumer,2023-10-16
C02836,Emma Nelson,France,Lyon,Basic,Consumer,2023-02-01
C02837,Layla Clark,France,Paris,Basic,Enterprise,2025-09-20
C02838,Alex Mitchell,United Kingdom,Bristol,Basic,Small Business,2025-05-28
C02839,Ethan Young,Singapore,Singapore,Plus,Small Business,2023-02-17
C02840,Lina Mitchell,Australia,Melbourne,Basic,Consumer,2025-06-02
C02841,Chloe Ahmed,Germany,Frankfurt,Premium,Small Business,2026-03-28
C02842,James Davis,UAE,Abu Dhabi,Basic,Enterprise,2026-02-07
C02843,Sam Smith,Germany,Munich,Premium,Small Business,2025-01-09
C02844,Ava Adams,Germany,Berlin,Basic,Consumer,2023-07-04
C02845,Henry Hassan,UAE,Abu Dhabi,Basic,Consumer,2023-06-02
C02846,Liam Nelson,UAE,Abu Dhabi,Basic,Small Business,2025-04-04
C02847,Mia Wright,Canada,Vancouver,Basic,Consumer,2025-09-04
C02848,Ava Adams,United Kingdom,Leeds,Basic,Small Business,2024-06-25
C02849,Jack Hassan,Germany,Hamburg,Premium,Consumer,2026-02-07
C02850,Adam Patel,Canada,Calgary,Basic,Small Business,2024-10-15
C02851,Omar Garcia,UAE,Dubai,Premium,Consumer,2025-01-21
C02852,Daniel Davis,United States,New York,Premium,Consumer,2025-03-28
C02853,Lucas Thomas,Germany,Frankfurt,Basic,Consumer,2023-12-18
C02854,Sophia Davis,UAE,Abu Dhabi,Premium,Consumer,2023-12-30
C02855,Layla Martin,Germany,Hamburg,Basic,Consumer,2025-12-01
C02856,Maya Thomas,UAE,Dubai,Plus,Small Business,2024-05-07
C02857,Olivia Wilson,France,Paris,Basic,Enterprise,2025-02-03
C02858,Amelia Baker,United Kingdom,London,Plus,Enterprise,2023-05-01
C02859,Olivia Taylor,Germany,Berlin,Plus,Small Business,2023-08-12
C02860,Ella Patel,United Kingdom,Bristol,Basic,Consumer,2023-03-31
C02861,Jack Young,Australia,Perth,Basic,Consumer,2024-02-13
C02862,Noah Johnson,Singapore,Singapore,Plus,Consumer,2023-01-31
C02863,Amelia Baker,Canada,Toronto,Premium,Consumer,2024-10-01
C02864,James Ahmed,Germany,Hamburg,Basic,Small Business,2026-03-08
C02865,Layla Green,France,Lyon,Premium,Consumer,2023-09-27
C02866,Yusuf Lewis,Canada,Ottawa,Plus,Consumer,2023-06-30
C02867,Yusuf Miller,UAE,Abu Dhabi,Basic,Consumer,2026-01-07
C02868,Olivia Lee,United Kingdom,London,Basic,Consumer,2024-12-21
C02869,Sara Nelson,France,Lyon,Plus,Consumer,2024-08-30
C02870,Sophia Anderson,Germany,Frankfurt,Basic,Small Business,2024-05-10
C02871,Ava Moore,UAE,Abu Dhabi,Plus,Consumer,2024-07-13
C02872,James Wright,United States,Chicago,Basic,Consumer,2024-03-24
C02873,Lina Lewis,Canada,Vancouver,Plus,Enterprise,2024-10-13
C02874,Alex Clark,France,Nice,Basic,Consumer,2023-04-08
C02875,Ava Hall,United States,Chicago,Plus,Enterprise,2023-04-13
C02876,Emma Young,Singapore,Singapore,Basic,Consumer,2025-03-24
C02877,Ethan Lee,UAE,Sharjah,Premium,Consumer,2026-01-12
C02878,Ryan Hall,Germany,Berlin,Basic,Small Business,2024-09-25
C02879,Jack Smith,United Kingdom,Manchester,Basic,Consumer,2023-07-25
C02880,Nora Garcia,France,Paris,Plus,Small Business,2023-10-19
C02881,Ava Miller,Canada,Ottawa,Plus,Consumer,2023-12-29
C02882,Ethan Khan,United States,Chicago,Plus,Consumer,2024-04-23
C02883,Ava Davis,Canada,Toronto,Plus,Enterprise,2023-06-19
C02884,Henry Wilson,UAE,Abu Dhabi,Premium,Small Business,2026-03-04
C02885,Adam Moore,United States,New York,Basic,Consumer,2023-04-14
C02886,Olivia Hall,United Kingdom,Bristol,Basic,Small Business,2024-01-10
C02887,Ryan Anderson,Germany,Hamburg,Basic,Small Business,2024-11-26
C02888,Noah Green,Canada,Toronto,Premium,Consumer,2025-06-26
C02889,Lina Lee,UAE,Abu Dhabi,Plus,Consumer,2024-12-25
C02890,Lina Hassan,Germany,Berlin,Premium,Small Business,2023-05-15
C02891,Noah Smith,France,Nice,Premium,Small Business,2024-09-14
C02892,Sara Hassan,United States,Austin,Plus,Consumer,2023-01-07
C02893,Isla Young,UAE,Dubai,Premium,Consumer,2025-11-03
C02894,Yusuf Ahmed,Canada,Toronto,Basic,Consumer,2023-07-12
C02895,Lucas Khan,Germany,Munich,Premium,Consumer,2024-05-13
C02896,Ryan Young,Germany,Munich,Basic,Consumer,2023-03-10
C02897,Noah Wright,Singapore,Singapore,Plus,Consumer,2025-05-27
C02898,Ryan Thomas,United States,New York,Plus,Small Business,2025-09-04
C02899,Isla Johnson,Australia,Perth,Plus,Small Business,2023-09-14
C02900,Lina Anderson,Australia,Melbourne,Plus,Consumer,2026-04-04
C02901,Lina Young,Australia,Sydney,Basic,Consumer,2025-02-11
C02902,Sara Moore,UAE,Abu Dhabi,Basic,Consumer,2024-12-13
C02903,Ella Smith,United Kingdom,Leeds,Basic,Consumer,2024-06-06
C02904,Mia Anderson,France,Lyon,Basic,Consumer,2024-06-05
C02905,Ethan Carter,United States,Austin,Plus,Consumer,2023-11-03
C02906,Lucas Miller,Australia,Brisbane,Basic,Consumer,2023-02-01
C02907,Jack Miller,United States,New York,Plus,Small Business,2023-04-06
C02908,Adam Clark,United States,Chicago,Plus,Consumer,2023-11-07
C02909,Chloe Anderson,United Kingdom,London,Basic,Consumer,2023-10-06
C02910,Yusuf Thomas,United States,Seattle,Premium,Consumer,2025-07-23
C02911,Ava Garcia,Singapore,Singapore,Premium,Small Business,2023-06-29
C02912,Ethan Carter,France,Nice,Basic,Consumer,2024-05-07
C02913,Omar Patel,UAE,Dubai,Premium,Consumer,2025-01-27
C02914,Adam Adams,UAE,Dubai,Basic,Enterprise,2023-02-20
C02915,Lina Mitchell,UAE,Dubai,Premium,Consumer,2024-12-06
C02916,Ella Martin,Australia,Sydney,Basic,Consumer,2023-12-11
C02917,Liam Khan,UAE,Dubai,Basic,Enterprise,2023-09-12
C02918,Layla Carter,Singapore,Singapore,Plus,Consumer,2025-06-07
C02919,Liam Garcia,United Kingdom,Leeds,Basic,Consumer,2026-01-31
C02920,James Brown,Germany,Frankfurt,Plus,Consumer,2023-07-12
C02921,Emma Nelson,United States,New York,Plus,Small Business,2024-04-29
C02922,Daniel Nelson,Australia,Sydney,Plus,Consumer,2023-11-13
C02923,Layla Thomas,Singapore,Singapore,Plus,Consumer,2024-09-28
C02924,Sam Johnson,United Kingdom,Manchester,Basic,Small Business,2023-11-29
C02925,Amelia Johnson,UAE,Sharjah,Basic,Consumer,2023-09-19
C02926,Maya Thomas,Australia,Melbourne,Plus,Consumer,2024-05-31
C02927,Olivia Lewis,Canada,Ottawa,Premium,Small Business,2023-09-27
C02928,Ryan Hassan,United Kingdom,London,Basic,Enterprise,2025-01-07
C02929,Zoe Mitchell,Australia,Sydney,Plus,Small Business,2023-01-27
C02930,Mia Johnson,Australia,Sydney,Basic,Small Business,2023-11-02
C02931,Lucas Moore,UAE,Dubai,Plus,Consumer,2023-09-18
C02932,Lina Anderson,United Kingdom,Manchester,Basic,Consumer,2023-09-25
C02933,Layla Brown,France,Nice,Premium,Consumer,2025-03-21
C02934,Sophia Smith,United States,Seattle,Plus,Consumer,2025-06-20
C02936,Lucas Wilson,United Kingdom,London,Plus,Enterprise,2023-07-03
C02937,Omar Patel,United Kingdom,Leeds,Basic,Small Business,2023-03-25
C02938,Sam Martin,Australia,Sydney,Premium,Consumer,2024-05-22
C02939,Ella Hassan,Canada,Toronto,Plus,Consumer,2023-11-05
C02940,Zoe Brown,Australia,Sydney,Basic,Consumer,2023-04-25
C02941,Adam King,Germany,Frankfurt,Premium,Small Business,2025-08-01
C02942,Sara Anderson,United States,Chicago,Basic,Consumer,2023-11-10
C02943,Olivia Carter,France,Nice,Basic,Consumer,2024-08-10
C02944,Sara Garcia,Canada,Calgary,Plus,Consumer,2025-06-02
C02945,Emma Lee,Canada,Vancouver,Plus,Consumer,2024-12-05
C02946,Amelia Walker,France,Lyon,Basic,Consumer,2023-12-12
C02947,Emma Wilson,France,Paris,Basic,Enterprise,2024-06-07
C02948,Sophia Miller,France,Lyon,Premium,Small Business,2026-02-10
C02949,Lina Hall,Canada,Vancouver,Basic,Consumer,2025-11-17
C02952,Henry Mitchell,France,Nice,Basic,Consumer,2024-05-05
C02954,Henry Johnson,Germany,Munich,Basic,Consumer,2024-02-19
C02955,Ella Johnson,Australia,Sydney,Basic,Small Business,2025-12-19
C02956,Daniel King,United States,Seattle,Premium,Consumer,2025-08-14
C02957,Sara Hassan,France,Nice,Basic,Small Business,2025-04-02
C02959,Omar Young,Singapore,Singapore,Basic,Enterprise,2025-10-26
C02960,Emma Miller,United Kingdom,Leeds,Basic,Consumer,2023-06-11
C02961,Ethan Hall,Canada,Calgary,Basic,Small Business,2023-01-17
C02962,Zoe Hall,Canada,Toronto,Plus,Consumer,2025-03-28
C02963,Yusuf Wilson,Germany,Hamburg,Plus,Consumer,2025-07-03
C02964,Ethan Taylor,Australia,Sydney,Basic,Enterprise,2023-10-07
C02965,Lucas Young,United Kingdom,Bristol,Basic,Consumer,2024-08-08
C02966,Noah Patel,Canada,Vancouver,Basic,Small Business,2025-04-30
C02967,Ella Taylor,Canada,Calgary,Premium,Consumer,2023-04-25
C02968,Nora Carter,France,Lyon,Plus,Consumer,2023-08-02
C02969,Ryan Patel,United States,New York,Plus,Small Business,2023-09-07
C02970,Daniel Adams,Germany,Munich,Basic,Consumer,2025-01-24
C02971,Jack Nelson,Singapore,Singapore,Premium,Consumer,2024-10-13
C02972,Ethan Lee,Germany,Hamburg,Plus,Consumer,2025-11-01
C02973,Alex Green,Canada,Calgary,Premium,Small Business,2025-10-17
C02974,Noah Taylor,Singapore,Singapore,Plus,Consumer,2023-02-21
C02975,Lina Adams,France,Nice,Premium,Small Business,2024-03-31
C02976,Chloe Green,Singapore,Singapore,Basic,Consumer,2024-10-25
C02977,Omar Lee,Australia,Perth,Basic,Consumer,2023-05-07
C02978,Maya Davis,United States,Seattle,Plus,Small Business,2026-01-04
C02979,Olivia Smith,Germany,Hamburg,Plus,Small Business,2023-04-04
C02980,Noah Smith,UAE,Abu Dhabi,Premium,Consumer,2023-09-20
C02981,Olivia Walker,UAE,Abu Dhabi,Basic,Small Business,2024-02-04
C02982,Liam Wright,United States,Seattle,Basic,Consumer,2023-09-10
C02983,Sara Thomas,Australia,Perth,Plus,Small Business,2023-06-27
C02984,Daniel Martin,United States,Austin,Basic,Consumer,2024-12-09
C02985,Adam Ahmed,UAE,Sharjah,Plus,Consumer,2023-02-24
C02987,Adam Wilson,Germany,Hamburg,Premium,Small Business,2024-03-12
C02988,Ryan Clark,UAE,Dubai,Basic,Small Business,2025-06-25
C02989,Lucas Ahmed,Australia,Melbourne,Basic,Consumer,2025-08-28
C02990,Lina Ahmed,Australia,Brisbane,Basic,Consumer,2025-05-24
C02991,Olivia Adams,Germany,Berlin,Basic,Consumer,2023-04-11
C02992,James Green,United States,Austin,Basic,Consumer,2023-09-05
C02994,Liam Wilson,France,Paris,Basic,Small Business,2026-02-07
C02995,Lucas Anderson,UAE,Sharjah,Basic,Small Business,2025-06-09
C02996,Ryan Ahmed,Canada,Calgary,Plus,Consumer,2024-10-26
C02997,Nora Garcia,Canada,Vancouver,Basic,Enterprise,2024-03-19
C02998,Lina Wilson,UAE,Dubai,Premium,Consumer,2023-08-06
C02999,Sara Mitchell,Canada,Calgary,Premium,Consumer,2026-03-05
C03000,Mia Ahmed,UAE,Dubai,Plus,Consumer,2023-04-28
C03001,Maya King,Singapore,Singapore,Plus,Small Business,2025-12-23
C03002,Maya Nelson,Singapore,Singapore,Plus,Consumer,2026-03-07
C03003,Maya Patel,Australia,Brisbane,Basic,Consumer,2025-11-05
C03004,Maya Garcia,United Kingdom,Leeds,Plus,Small Business,2025-04-07
C03005,Layla Patel,United States,Seattle,Basic,Consumer,2025-03-05
C03006,Noah Martin,UAE,Dubai,Premium,Consumer,2025-06-30
C03007,Sara Young,United States,Chicago,Plus,Small Business,2025-05-25
C03008,Alex Thomas,Singapore,Singapore,Plus,Consumer,2025-12-31
C03009,Amelia Wilson,United States,Chicago,Premium,Small Business,2025-07-22
C03010,Leo Nelson,Canada,Ottawa,Plus,Small Business,2025-06-02
C03011,Zoe Green,Singapore,Singapore,Basic,Small Business,2026-02-22
C03012,Emma Anderson,Australia,Brisbane,Plus,Enterprise,2025-01-18
C03013,Sam Hall,Canada,Toronto,Basic,Small Business,2025-05-06
C03014,Ava Ahmed,Germany,Munich,Plus,Consumer,2025-01-20
C03015,Isla Carter,France,Bordeaux,Premium,Consumer,2026-05-08
C03016,Nora Brown,Singapore,Singapore,Premium,Enterprise,2025-11-29
C03017,Mia Carter,Germany,Frankfurt,Basic,Small Business,2025-04-16
C03018,Lina Young,United States,Chicago,Premium,Consumer,2025-04-02
C03019,Adam Taylor,Germany,Munich,Premium,Consumer,2025-08-25
C03020,Henry Lee,France,Bordeaux,Plus,Consumer,2025-02-10
C03021,Yusuf Walker,Germany,Hamburg,Premium,Small Business,2025-06-28
C03022,Omar Patel,Canada,Ottawa,Basic,Small Business,2026-05-13
C03023,Sara Lewis,Germany,Hamburg,Premium,Consumer,2025-06-07
C03024,Alex Brown,Canada,Calgary,Premium,Consumer,2025-07-22
C03025,Sara Mitchell,Australia,Melbourne,Premium,Small Business,2025-05-22
C03026,Leo Clark,Singapore,Singapore,Plus,Small Business,2025-01-09
C03027,Mia Clark,UAE,Dubai,Premium,Small Business,2025-09-14
C03028,Mia Mitchell,France,Bordeaux,Premium,Consumer,2025-10-22
C03029,Liam Clark,Canada,Vancouver,Basic,Consumer,2026-04-03
C03030,Mia Johnson,Singapore,Singapore,Basic,Small Business,2026-01-25
C03031,Daniel Hall,United States,Seattle,Premium,Small Business,2025-04-09
C03032,Maya Ahmed,Canada,Ottawa,Plus,Small Business,2025-08-30
C03033,Sam Garcia,UAE,Dubai,Basic,Consumer,2025-01-06
C03034,Leo Lewis,United States,Chicago,Plus,Small Business,2026-04-21
C03035,Mia Hassan,United Kingdom,Manchester,Premium,Consumer,2026-02-26
C03036,Mia Anderson,United States,Seattle,Basic,Consumer,2026-02-03
C03037,Sophia Hassan,United Kingdom,Leeds,Plus,Small Business,2026-03-19
C03038,Layla Ahmed,Germany,Frankfurt,Basic,Small Business,2025-10-26
C03039,Maya Patel,Germany,Frankfurt,Basic,Enterprise,2026-04-27
C03040,Alex Brown,France,Lyon,Basic,Small Business,2025-12-28
C03041,James Walker,Germany,Munich,Plus,Enterprise,2025-06-17
C03042,Emma Clark,France,Paris,Basic,Consumer,2026-04-24
C03043,Noah Anderson,Germany,Munich,Plus,Consumer,2025-04-08
C03044,Ethan Thomas,France,Lyon,Basic,Consumer,2025-04-10
C03045,Nora Walker,Canada,Vancouver,Plus,Small Business,2025-04-17
C03046,Amelia Walker,United Kingdom,Manchester,Premium,Small Business,2026-01-01
C03047,Layla Hassan,France,Bordeaux,Premium,Consumer,2025-01-17
C03048,Lina Ahmed,Germany,Munich,Premium,Small Business,2025-07-15
C03049,Mia Anderson,United States,New York,Premium,Enterprise,2026-05-13
C03050,Nora Anderson,Singapore,Singapore,Basic,Small Business,2025-05-15
C03051,Noah Walker,Australia,Melbourne,Plus,Consumer,2025-03-21
C03052,James Miller,Australia,Brisbane,Basic,Consumer,2025-03-24
C03053,Omar King,Canada,Calgary,Basic,Small Business,2026-01-20
C03054,Jack Moore,Germany,Munich,Basic,Consumer,2025-03-10
C03055,Yusuf Miller,UAE,Dubai,Basic,Consumer,2025-01-09
C03056,Ava King,UAE,Sharjah,Basic,Consumer,2025-04-15
C03057,Lucas Smith,United States,Austin,Basic,Small Business,2025-07-29
C03058,Nora Brown,Singapore,Singapore,Premium,Small Business,2026-02-06
C03059,Adam Thomas,Singapore,Singapore,Plus,Small Business,2025-03-14
C03060,Yusuf Mitchell,Singapore,Singapore,Plus,Consumer,2026-04-06
C03061,Ethan Lewis,United States,Seattle,Basic,Consumer,2025-02-10
C03062,Ryan Clark,UAE,Sharjah,Premium,Enterprise,2026-01-30
C03063,Ella Baker,Canada,Vancouver,Basic,Consumer,2025-04-21
C03064,Lina Thomas,Canada,Vancouver,Basic,Consumer,2025-10-04
C03065,Nora Brown,Canada,Toronto,Basic,Small Business,2026-01-03
C03066,Ethan Patel,UAE,Dubai,Plus,Consumer,2026-03-28
C03067,Noah Green,Germany,Frankfurt,Plus,Enterprise,2026-03-29
C03068,Jack Garcia,Singapore,Singapore,Plus,Enterprise,2025-11-22
C03069,Ava Davis,Singapore,Singapore,Plus,Consumer,2025-11-15
C03070,Ryan Lewis,UAE,Dubai,Plus,Small Business,2025-11-24
C03071,James Moore,Australia,Perth,Basic,Enterprise,2025-08-29
C03072,Ava Adams,UAE,Dubai,Basic,Consumer,2025-06-12
C03073,Alex Carter,United States,Seattle,Plus,Small Business,2026-01-24
C03074,Lina Lewis,Canada,Vancouver,Basic,Small Business,2025-05-08
C03075,Nora Carter,Australia,Sydney,Basic,Consumer,2025-03-08
