order_id,customer_id,customer_details,product_category,unit_price,quantity,order_date,sales_channel,order_total,parsed_customer_name,parsed_country,parsed_plan,customer_name,country,city,plan,segment,signup_date,_merge,customer_master_match,order_before_signup,negative_price_corrected,invalid_quantity,total_mismatches,total_difference,duplicate_order_id,missing_order_date,no_customer_match
ORD-000002,C00966,Nora Baker | Australia | Plus,Clothing,274.73,5,2025-02-21,Website,1373.65,Nora Baker,Australia,Plus,Nora Baker,Australia,Sydney,Plus,Consumer,2025-04-12,both,Matched,True,False,False,False,0.0,False,False,False
ORD-000005,C00730,Adam Walker | Singapore | Plus,Clothing,324.89,1,2025-06-26,Mobile App,324.89,Adam Walker,Singapore,Plus,Adam Walker,Singapore,Singapore,Plus,Consumer,2025-09-04,both,Matched,True,False,False,False,0.0,False,False,False
ORD-000006,C00583,Nora Johnson | United Kingdom | Plus,Office Supplies,171.03,6,2025-08-14,Retail Store,1026.18,Nora Johnson,United Kingdom,Plus,Nora Johnson,United Kingdom,Bristol,Plus,Consumer,2025-12-10,both,Matched,True,False,False,False,0.0,False,False,False
ORD-000011,C02084,Adam Wilson | Australia | Basic,Clothing,20.87,4,2025-06-20,Website,83.48,Adam Wilson,Australia,Basic,Adam Wilson,Australia,,Basic,,,left_only,Not Found,False,False,False,False,0.0,True,False,True
ORD-000012,C01533,Isla Anderson | United States | Plus,Toys,231.96,6,2025-11-17,Mobile App,1391.76,Isla Anderson,United States,Plus,Isla Anderson,United States,New York,Plus,Consumer,2026-02-22,both,Matched,True,False,False,False,0.0,True,False,False
ORD-000013,C02793,Ava Clark | France | Plus,Office Supplies,458.53,5,2025-07-06,Retail Store,2292.65,Ava Clark,France,Plus,Ava Clark,France,Nice,Plus,Small Business,2025-12-26,both,Matched,True,False,False,False,4.547473508864641e-13,False,False,False
ORD-000015,C01098,Zoe Taylor | United States | Plus,Beauty,312.15,4,2025-06-24,Mobile App,1248.6,Zoe Taylor,United States,Plus,Zoe Taylor,United States,Chicago,Plus,Enterprise,2025-10-09,both,Matched,True,False,False,False,0.0,False,False,False
ORD-000016,C01470,James Taylor | United States | Plus,Beauty,576.64,1,2025-12-24,Website,576.64,James Taylor,United States,Plus,James Taylor,United States,Seattle,Plus,Enterprise,2024-10-26,both,Matched,False,False,False,False,0.0,True,False,False
ORD-000018,C02427,Olivia Hall | UAE | Plus,Books,601.21,3,2026-02-25,Mobile App,1803.63,Olivia Hall,UAE,Plus,Olivia Hall,UAE,,Plus,,,left_only,Not Found,False,False,False,False,0.0,False,False,True
ORD-000020,C01786,Leo Smith | Australia | Basic,Sports,529.44,6,2026-02-23,Mobile App,3176.64,Leo Smith,Australia,Basic,Leo Smith,Australia,Melbourne,Basic,Small Business,2025-02-12,both,Matched,False,False,False,False,-4.547473508864641e-13,True,False,False
ORD-000021,C02550,Emma Carter | United States | Plus,Books,34.96,2,2026-01-22,Website,69.92,Emma Carter,United States,Plus,Emma Carter,United States,Chicago,Plus,Consumer,2026-02-16,both,Matched,True,False,False,False,0.0,True,False,False
ORD-000023,C00398,Ethan Khan | France | Basic,Sports,150.8,1,2026-07-06,Website,150.8,Ethan Khan,France,Basic,Ethan Khan,France,Bordeaux,Basic,Consumer,2024-02-09,both,Matched,False,False,False,False,0.0,True,False,False
ORD-000029,C01267,Layla Ahmed | Singapore | Basic,Books,8.12,6,2026-02-02,Mobile App,48.72,Layla Ahmed,Singapore,Basic,Layla Ahmed,Singapore,Singapore,Basic,Consumer,2026-04-10,both,Matched,True,False,False,False,0.0,False,False,False
ORD-000034,C01165,Adam Ahmed | France | Plus,Beauty,146.9,5,2025-04-26,Marketplace,734.5,Adam Ahmed,France,Plus,Adam Ahmed,France,Nice,Plus,Consumer,2025-12-20,both,Matched,True,False,False,False,0.0,False,False,False
ORD-000038,C00256,Nora Garcia | United Kingdom | Plus,Electronics,488.09,2,2026-07-07,Marketplace,976.18,Nora Garcia,United Kingdom,Plus,Nora Garcia,United Kingdom,Manchester,Plus,Consumer,2024-07-24,both,Matched,False,False,False,False,0.0,True,False,False
ORD-000041,C01456,Yusuf Young | Australia | Basic,Beauty,117.31,5,2025-03-05,Website,586.55,Yusuf Young,Australia,Basic,Yusuf Young,Australia,Brisbane,Basic,Consumer,2023-08-06,both,Matched,False,False,False,False,0.0,True,False,False
ORD-000042,C01848,Mia Green | Germany | Plus,Toys,112.88,4,2026-04-14,Retail Store,451.52,Mia Green,Germany,Plus,Mia Green,Germany,Hamburg,Plus,Small Business,2023-03-11,both,Matched,False,False,False,False,0.0,True,False,False
ORD-000044,C02758,Daniel Hassan | France | Basic,Sports,269.32,4,2025-03-27,Marketplace,1077.28,Daniel Hassan,France,Basic,Daniel Hassan,France,,Basic,,,left_only,Not Found,False,False,False,False,0.0,True,False,True
ORD-000045,C02601,Layla Walker | UAE | Premium,Home & Kitchen,594.14,5,2026-02-17,Mobile App,2970.7,Layla Walker,UAE,Premium,Layla Walker,UAE,Abu Dhabi,Premium,Consumer,2025-11-14,both,Matched,False,False,False,False,0.0,True,False,False
ORD-000050,C01333,Emma Martin | Singapore | Basic,Electronics,324.26,4,2025-04-08,Website,1297.04,Emma Martin,Singapore,Basic,Emma Martin,Singapore,Singapore,Basic,Consumer,2025-06-06,both,Matched,True,False,False,False,0.0,False,False,False
ORD-000060,C00585,Omar Patel | Australia | Basic,Toys,47.93,3,2026-03-25,Retail Store,143.79,Omar Patel,Australia,Basic,Omar Patel,Australia,Perth,Basic,Small Business,2025-02-27,both,Matched,False,False,False,False,0.0,True,False,False
ORD-000063,C01130,Leo Green | France | Premium,Home & Kitchen,523.25,2,2026-06-01,Marketplace,1046.5,Leo Green,France,Premium,Leo Green,France,,Premium,,,left_only,Not Found,False,False,False,False,0.0,False,False,True
ORD-000066,C01200,Ava Wright | UAE | Basic,Electronics,13.85,3,2025-06-20,Retail Store,41.55,Ava Wright,UAE,Basic,Ava Wright,UAE,Abu Dhabi,Basic,Consumer,2025-02-21,both,Matched,False,False,False,False,0.0,True,False,False
ORD-000069,C00075,Chloe Garcia | United Kingdom | Basic,Beauty,237.88,3,2025-04-17,Mobile App,713.64,Chloe Garcia,United Kingdom,Basic,Chloe Garcia,United Kingdom,,Basic,,,left_only,Not Found,False,False,False,False,0.0,False,False,True
ORD-000070,C00003,Layla Mitchell | United States | Plus,Sports,219.45,1,2025-11-09,Mobile App,219.45,Layla Mitchell,United States,Plus,Layla Mitchell,United States,,Plus,,,left_only,Not Found,False,False,False,False,0.0,False,False,True
ORD-000073,C00003,Layla Mitchell | United States | Plus,Sports,470.23,3,2026-02-17,Website,1410.69,Layla Mitchell,United States,Plus,Layla Mitchell,United States,,Plus,,,left_only,Not Found,False,False,False,False,0.0,False,False,True
ORD-000080,C01983,Zoe Davis | United Kingdom | Premium,Books,366.42,4,2026-02-15,Marketplace,1465.68,Zoe Davis,United Kingdom,Premium,Zoe Davis,United Kingdom,London,Premium,Consumer,2026-03-30,both,Matched,True,False,False,False,0.0,False,False,False
ORD-000081,C00676,Sam Nelson | France | Plus,Books,98.58,4,2025-05-10,Website,394.32,Sam Nelson,France,Plus,Sam Nelson,France,,Plus,,,left_only,Not Found,False,False,False,False,0.0,False,False,True
ORD-000082,C01326,Ava Clark | Australia | Premium,Clothes,567.92,4,2025-05-21,Marketplace,2271.68,Ava Clark,Australia,Premium,Ava Clark,Australia,Sydney,Premium,Small Business,2024-05-23,both,Matched,False,False,False,False,0.0,True,False,False
ORD-000084,C00967,Sophia Wilson | Germany | Basic,Sprots,431.49,6,2026-03-27,Website,2588.94,Sophia Wilson,Germany,Basic,Sophia Wilson,Germany,Hamburg,Basic,Enterprise,2023-02-02,both,Matched,False,False,False,False,0.0,True,False,False
ORD-000089,C01021,Ryan Smith | Singapore | Basic,Toys,615.63,2,2025-03-11,Retail Store,1231.26,Ryan Smith,Singapore,Basic,Ryan Smith,Singapore,Singapore,Basic,Consumer,2025-06-24,both,Matched,True,False,False,False,0.0,False,False,False
ORD-000090,C00971,Noah Walker | France | Plus,Beauty,325.31,4,2026-03-12,Marketplace,1301.24,Noah Walker,France,Plus,Noah Walker,France,Nice,Plus,Consumer,2026-03-24,both,Matched,True,False,False,False,0.0,True,False,False
ORD-000094,C01509,James Ahmed | Canada | Plus,Home & Kitchen,223.37,1,2025-02-23,Website,223.37,James Ahmed,Canada,Plus,James Ahmed,Canada,,Plus,,,left_only,Not Found,False,False,False,False,0.0,False,False,True
ORD-000104,C01674,Zoe Ahmed | Canada | Plus,Clothing,602.83,2,2025-08-20,Retail Store,1205.66,Zoe Ahmed,Canada,Plus,Zoe Ahmed,Canada,Vancouver,Plus,Consumer,2026-04-04,both,Matched,True,False,False,False,0.0,False,False,False
ORD-000105,C02097,Mia Mitchell | Australia | Premium,Electronics,562.28,5,2025-12-31,Retail Store,2811.4,Mia Mitchell,Australia,Premium,Mia Mitchell,Australia,Brisbane,Premium,Consumer,2026-03-14,both,Matched,True,False,False,False,4.547473508864641e-13,False,False,False
ORD-000110,C00460,Sophia Walker | Canada | Basic,Electronics,226.13,5,2025-08-22,Website,1130.65,Sophia Walker,Canada,Basic,Sophia Walker,Canada,Vancouver,Basic,Consumer,2025-10-07,both,Matched,True,False,False,False,0.0,False,False,False
ORD-000111,C02177,Isla Hall | Australia | Basic,Sports,462.95,6,2025-06-17,Website,2777.7,Isla Hall,Australia,Basic,Isla Hall,Australia,Sydney,Basic,Consumer,2026-01-30,both,Matched,True,False,False,False,0.0,False,False,False
ORD-000119,C00406,James Martin | Singapore | Basic,Books,280.85,2,2025-06-13,Retail Store,561.7,James Martin,Singapore,Basic,James Martin,Singapore,Singapore,Basic,Consumer,2025-07-12,both,Matched,True,False,False,False,0.0,False,False,False
ORD-000120,C02144,Maya Hall | Canada | Basic,Home & Kitchen,147.33,6,2025-01-31,Mobile App,883.98,Maya Hall,Canada,Basic,Maya Hall,Canada,,Basic,,,left_only,Not Found,False,False,False,False,0.0,False,False,True
ORD-000130,C02827,Maya Wilson | Australia | Basic,Clothing,557.21,1,2025-05-06,Website,632.21,Maya Wilson,Australia,Basic,Maya Wilson,Australia,Brisbane,Basic,Small Business,2024-10-09,both,Matched,False,False,False,True,75.0,False,False,False
ORD-000136,C01763,Jack Brown | Germany | Plus,Home & Kitchen,296.86,3,2025-09-10,Website,890.58,Jack Brown,Germany,Plus,Jack Brown,Germany,Munich,Plus,Consumer,2025-11-16,both,Matched,True,False,False,False,0.0,False,False,False
ORD-000138,C01463,Noah Carter | United States | Plus,Clothing,72.56,1,2025-10-25,Mobile App,72.56,Noah Carter,United States,Plus,Noah Carter,United States,Austin,Plus,Consumer,2025-12-26,both,Matched,True,False,False,False,0.0,False,False,False
ORD-000146,C00034,Lucas Lee | Australia | Basic,Books,141.48,4,2025-05-18,Website,565.92,Lucas Lee,Australia,Basic,Lucas Lee,Australia,Perth,Basic,Consumer,2025-08-05,both,Matched,True,False,False,False,0.0,False,False,False
ORD-000150,C00710,Sophia Wilson | UAE | Plus,Books,299.42,5,2025-10-04,Marketplace,1497.1,Sophia Wilson,UAE,Plus,Sophia Wilson,UAE,Abu Dhabi,Plus,Consumer,2025-10-20,both,Matched,True,False,False,False,-2.2737367544323206e-13,False,False,False
ORD-000152,C00557,Sophia Garcia | UAE | Plus,Office Supplies,578.21,3,2025-01-22,Retail Store,1734.63,Sophia Garcia,UAE,Plus,Sophia Garcia,UAE,,Plus,,,left_only,Not Found,False,False,False,False,0.0,False,False,True
ORD-000153,C02265,Amelia Green | Singapore | Plus,Home & Kitchen,546.65,4,2025-10-05,Website,2186.6,Amelia Green,Singapore,Plus,Amelia Green,Singapore,Singapore,Plus,Consumer,2025-12-11,both,Matched,True,False,False,False,0.0,False,False,False
ORD-000157,C01029,Layla Carter | United Kingdom | Plus,Home & Kitchen,396.24,1,2025-04-26,Marketplace,396.24,Layla Carter,United Kingdom,Plus,Layla Carter,United Kingdom,London,Plus,Small Business,2025-12-19,both,Matched,True,False,False,False,0.0,False,False,False
ORD-000161,C00549,Ethan Walker | United Kingdom | Basic,Electronics,50.09,3,2025-02-27,Retail Store,150.27,Ethan Walker,United Kingdom,Basic,Ethan Walker,United Kingdom,Leeds,Basic,Consumer,2026-02-18,both,Matched,True,False,False,False,0.0,False,False,False
ORD-000170,C00612,James Johnson | United States | Basic,Toys,116.62,6,2025-06-05,Website,699.72,James Johnson,United States,Basic,James Johnson,United States,Seattle,Basic,Small Business,2025-06-26,both,Matched,True,False,False,False,0.0,False,False,False
ORD-000172,C00288,Yusuf Hassan | Canada | Plus,Clothing,382.33,5,2025-01-11,Marketplace,1911.65,Yusuf Hassan,Canada,Plus,Yusuf Hassan,Canada,Calgary,Plus,Consumer,2025-09-30,both,Matched,True,False,False,False,2.2737367544323206e-13,False,False,False
ORD-000179,C02242,James Johnson | United Kingdom | Basic,Home & Kitchen,299.7,1,2025-11-10,Mobile App,299.7,James Johnson,United Kingdom,Basic,James Johnson,United Kingdom,,Basic,,,left_only,Not Found,False,False,False,False,0.0,False,False,True
ORD-000182,C01403,Lucas Walker | United States | Plus,Beauty,180.9,5,2025-03-26,Mobile App,904.5,Lucas Walker,United States,Plus,Lucas Walker,United States,Seattle,Plus,Consumer,2026-03-27,both,Matched,True,False,False,False,0.0,False,False,False
ORD-000184,C00739,Omar Walker | Singapore | Basic,Toys,440.8,2,,Marketplace,881.6,Omar Walker,Singapore,Basic,Omar Walker,Singapore,Singapore,Basic,Small Business,2024-11-07,both,Matched,False,False,False,False,0.0,False,True,False
ORD-000189,C00700,Yusuf Smith | United States | Basic,Toys,645.74,4,2025-10-20,Retail Store,2582.96,Yusuf Smith,United States,Basic,Yusuf Smith,United States,Chicago,Basic,Consumer,2026-03-22,both,Matched,True,False,False,False,0.0,False,False,False
ORD-000190,C01046,Leo Mitchell | United Kingdom | Plus,Office Supplies,440.84,5,2025-05-10,Mobile App,2204.2,Leo Mitchell,United Kingdom,Plus,Leo Mitchell,United Kingdom,London,Plus,Consumer,2025-10-05,both,Matched,True,False,False,False,0.0,False,False,False
ORD-000196,C02089,Sara Patel | United States | Basic,Toys,331.43,1,2025-05-01,Mobile App,331.43,Sara Patel,United States,Basic,Sara Patel,United States,New York,Basic,Consumer,2026-03-15,both,Matched,True,False,False,False,0.0,False,False,False
ORD-000203,C02326,Lucas Miller | United States | Premium,Beauty,447.94,2,2025-07-26,Retail Store,895.88,Lucas Miller,United States,Premium,Lucas Miller,United States,Seattle,Premium,Small Business,2025-11-17,both,Matched,True,False,False,False,0.0,False,False,False
ORD-000204,C02384,Layla Mitchell | Singapore | Premium,Office Supplies,36.24,5,2025-01-10,Marketplace,181.2,Layla Mitchell,Singapore,Premium,Layla Mitchell,Singapore,Singapore,Premium,Small Business,2025-05-05,both,Matched,True,False,False,False,-2.842170943040401e-14,False,False,False
ORD-000205,C01230,Daniel Young | United States | Basic,Home & Kitchen,280.73,5,2025-09-22,Retail Store,1403.65,Daniel Young,United States,Basic,Daniel Young,United States,Austin,Basic,Enterprise,2025-12-26,both,Matched,True,False,False,False,0.0,False,False,False
ORD-000210,C00075,Chloe Garcia | United Kingdom | Basic,Sports,15.23,6,2026-01-07,Mobile App,91.38,Chloe Garcia,United Kingdom,Basic,Chloe Garcia,United Kingdom,,Basic,,,left_only,Not Found,False,False,False,False,0.0,False,False,True
ORD-000211,C01327,Alex Patel | Australia | Plus,Sports,26.76,4,2025-11-26,Retail Store,107.04,Alex Patel,Australia,Plus,Alex Patel,Australia,,Plus,,,left_only,Not Found,False,False,False,False,0.0,False,False,True
ORD-000215,C00565,Ethan Taylor | Germany | Basic,Sports,600.17,5,2025-10-23,Website,3000.85,Ethan Taylor,Germany,Basic,Ethan Taylor,Germany,Berlin,Basic,Small Business,2025-12-31,both,Matched,True,False,False,False,0.0,False,False,False
ORD-000216,C00612,James Johnson | United States | Basic,Toys,230.22,5,2025-03-13,Retail Store,1151.1,James Johnson,United States,Basic,James Johnson,United States,Seattle,Basic,Small Business,2025-06-26,both,Matched,True,False,False,False,0.0,False,False,False
ORD-000011,C00440,Daniel King | United Kingdom | Basic,Home & Kitchen,411.21,1,2025-12-02,Marketplace,411.21,Daniel King,United Kingdom,Basic,Daniel King,United Kingdom,Manchester,Basic,Consumer,2025-12-17,both,Matched,True,False,False,False,0.0,True,False,False
ORD-000221,C02313,Adam King | Canada | Plus,Electronics,81.02,4,2025-02-02,Website,324.08,Adam King,Canada,Plus,Adam King,Canada,Vancouver,Plus,Small Business,2025-02-16,both,Matched,True,False,False,False,0.0,False,False,False
ORD-000223,C00350,Jack Wright | Canada | Basic,Beauty,99.59,5,2025-03-30,Website,497.95,Jack Wright,Canada,Basic,Jack Wright,Canada,Vancouver,Basic,Consumer,2026-03-12,both,Matched,True,False,False,False,-5.684341886080802e-14,False,False,False
ORD-000224,C00368,Layla Hassan | Germany | Basic,Beauty,372.31,2,2026-03-14,Website,744.62,Layla Hassan,Germany,Basic,Layla Hassan,Germany,,Basic,,,left_only,Not Found,False,False,False,False,0.0,False,False,True
ORD-000230,C02015,Sophia Wilson | Australia | Basic,Beauty,366.23,3,2026-03-08,Website,1098.69,Sophia Wilson,Australia,Basic,Sophia Wilson,Australia,,Basic,,,left_only,Not Found,False,False,False,False,0.0,False,False,True
ORD-000236,C00062,Ava Smith | United Kingdom | Basic,Electronics,525.53,1,2025-11-07,Retail Store,525.53,Ava Smith,United Kingdom,Basic,Ava Smith,United Kingdom,,Basic,,,left_only,Not Found,False,False,False,False,0.0,False,False,True
ORD-000239,C00453,Sam Carter | UAE | Basic,Beauty,285.59,6,2025-09-16,Marketplace,1713.54,Sam Carter,UAE,Basic,Sam Carter,UAE,Abu Dhabi,Basic,Small Business,2026-03-21,both,Matched,True,False,False,False,0.0,False,False,False
ORD-000240,C00671,Omar Clark | Singapore | Basic,Clothing,18.55,2,2026-02-14,Marketplace,37.1,Omar Clark,Singapore,Basic,Omar Clark,Singapore,Singapore,Basic,Small Business,2026-03-25,both,Matched,True,False,False,False,0.0,False,False,False
ORD-000253,C00187,Sam Thomas | United States | Plus,Home & Kitchen,575.54,4,2025-06-09,Marketplace,2302.16,Sam Thomas,United States,Plus,Sam Thomas,United States,Seattle,Plus,Consumer,2026-03-29,both,Matched,True,False,False,False,0.0,False,False,False
ORD-000254,C02801,Lucas Patel | Canada | Basic,Electronics,70.8,3,2025-10-19,Retail Store,212.4,Lucas Patel,Canada,Basic,Lucas Patel,Canada,,Basic,,,left_only,Not Found,False,False,False,False,2.842170943040401e-14,False,False,True
ORD-000260,C02522,Ella Mitchell | United States | Plus,Office Supplies,90.88,2,2025-07-27,Retail Store,181.76,Ella Mitchell,United States,Plus,Ella Mitchell,United States,Austin,Plus,Consumer,2025-10-15,both,Matched,True,False,False,False,0.0,False,False,False
ORD-000261,C01030,Sophia Ahmed | Australia | Basic,Office Supplies,351.54,1,2026-05-12,Marketplace,351.54,Sophia Ahmed,Australia,Basic,Sophia Ahmed,Australia,,Basic,,,left_only,Not Found,False,False,False,False,0.0,False,False,True
ORD-000265,C02741,Ella Lee | France | Basic,Books,144.54,2,2026-02-09,Mobile App,289.08,Ella Lee,France,Basic,Ella Lee,France,,Basic,,,left_only,Not Found,False,False,False,False,0.0,False,False,True
ORD-000266,C00665,Sam Baker | UAE | Premium,Home & Kitchen,514.65,1,2026-01-29,Retail Store,514.65,Sam Baker,UAE,Premium,Sam Baker,UAE,Dubai,Premium,Consumer,2026-04-08,both,Matched,True,False,False,False,0.0,False,False,False
ORD-000268,C01594,Ava Davis | Germany | Basic,Office Supplies,50.09,3,2025-05-02,Mobile App,150.27,Ava Davis,Germany,Basic,Ava Davis,Germany,Munich,Basic,Small Business,2025-10-18,both,Matched,True,False,False,False,0.0,False,False,False
ORD-000274,C00042,Olivia Mitchell | United Kingdom | Basic,Books,280.62,6,2025-03-18,Website,1683.72,Olivia Mitchell,United Kingdom,Basic,Olivia Mitchell,United Kingdom,Manchester,Basic,Enterprise,2026-03-12,both,Matched,True,False,False,False,0.0,False,False,False
ORD-000276,C01951,Sam Martin | UAE | Premium,Clothing,360.91,6,2026-02-02,Marketplace,2165.46,Sam Martin,UAE,Premium,Sam Martin,UAE,,Premium,,,left_only,Not Found,False,False,False,False,0.0,False,False,True
ORD-000277,C01656,Nora Davis | United States | Basic,Sports,561.66,5,2025-08-27,Marketplace,2783.3,Nora Davis,United States,Basic,Nora Davis,United States,New York,Basic,Small Business,2023-08-08,both,Matched,False,False,False,True,-24.999999999999545,False,False,False
ORD-000282,C00960,Chloe Walker | UAE | Premium,Clothing,333.05,4,2025-12-16,Marketplace,1332.2,Chloe Walker,UAE,Premium,Chloe Walker,UAE,Sharjah,Premium,Small Business,2026-03-29,both,Matched,True,False,False,False,0.0,False,False,False
ORD-000293,C00043,Lucas Carter | United States | Basic,Office Supplies,446.45,4,2025-05-28,Retail Store,1785.8,Lucas Carter,United States,Basic,Lucas Carter,United States,New York,Basic,Consumer,2025-12-06,both,Matched,True,False,False,False,0.0,False,False,False
ORD-000296,C02958,Zoe Ahmed | Canada | Premium,Office Supplies,583.13,4,2025-01-31,Marketplace,2332.52,Zoe Ahmed,Canada,Premium,Zoe Ahmed,Canada,,Premium,,,left_only,Not Found,False,False,False,False,0.0,False,False,True
ORD-000298,C00964,Ryan Carter | United States | Premium,Books,449.09,1,2025-05-29,Retail Store,449.09,Ryan Carter,United States,Premium,Ryan Carter,United States,Chicago,Premium,Consumer,2025-08-21,both,Matched,True,False,False,False,0.0,False,False,False
ORD-000311,C01730,Amelia Hall | Germany | Premium,Electronics,305.98,4,2025-01-20,Mobile App,1223.92,Amelia Hall,Germany,Premium,Amelia Hall,Germany,Hamburg,Premium,Small Business,2025-02-06,both,Matched,True,False,False,False,0.0,False,False,False
ORD-000313,C02807,Noah Moore | United Kingdom | Plus,Electronics,382.27,3,2025-08-02,Mobile App,1146.81,Noah Moore,United Kingdom,Plus,Noah Moore,United Kingdom,London,Plus,Consumer,2025-08-29,both,Matched,True,False,False,False,0.0,False,False,False
ORD-000320,C01426,Lina Wright | Germany | Premium,Electronics,532.49,5,2025-03-02,Mobile App,2662.45,Lina Wright,Germany,Premium,Lina Wright,Germany,Munich,Premium,Small Business,2025-12-17,both,Matched,True,False,False,False,0.0,False,False,False
ORD-000327,C02539,Alex Adams | Singapore | Basic,Electronics,375.28,5,2025-02-05,Mobile App,1876.4,Alex Adams,Singapore,Basic,Alex Adams,Singapore,Singapore,Basic,Consumer,2026-01-31,both,Matched,True,False,False,False,2.2737367544323206e-13,False,False,False
ORD-000328,C00711,Mia Anderson | Germany | Basic,Beauty,166.37,2,2025-06-27,Website,332.74,Mia Anderson,Germany,Basic,Mia Anderson,Germany,Frankfurt,Basic,Consumer,2026-03-08,both,Matched,True,False,False,False,0.0,False,False,False
ORD-000339,C02320,Olivia Adams | Canada | Basic,Sprots,407.22,3,2025-04-11,Mobile App,1221.66,Olivia Adams,Canada,Basic,Olivia Adams,Canada,,Basic,,,left_only,Not Found,False,False,False,False,0.0,False,False,True
ORD-000342,C01305,Olivia Brown | Australia | Basic,Beauty,411.99,5,2026-02-13,Marketplace,2059.95,Olivia Brown,Australia,Basic,Olivia Brown,Australia,,Basic,,,left_only,Not Found,False,False,False,False,0.0,False,False,True
ORD-000345,C01292,Sam Lee | Canada | Plus,Beauty,114.29,2,2025-04-19,Website,228.58,Sam Lee,Canada,Plus,Sam Lee,Canada,,Plus,,,left_only,Not Found,False,False,False,False,0.0,False,False,True
ORD-000346,C01450,Leo Ahmed | Australia | Basic,Sports,13.88,3,2025-04-07,Marketplace,41.64,Leo Ahmed,Australia,Basic,Leo Ahmed,Australia,Melbourne,Basic,Consumer,2025-11-10,both,Matched,True,False,False,False,0.0,False,False,False
ORD-000366,C01763,Jack Brown | Germany | Plus,Sports,544.6,4,2025-02-10,Website,2178.4,Jack Brown,Germany,Plus,Jack Brown,Germany,Munich,Plus,Consumer,2025-11-16,both,Matched,True,False,False,False,0.0,False,False,False
ORD-000369,C01221,Ella Garcia | United States | Basic,Office Supplies,150.26,5,2025-01-06,Website,751.3,Ella Garcia,United States,Basic,Ella Garcia,United States,New York,Basic,Enterprise,2025-06-29,both,Matched,True,False,False,False,0.0,False,False,False
ORD-000374,C01822,James Anderson | France | Basic,Toys,440.09,2,2025-07-30,Mobile App,880.18,James Anderson,France,Basic,James Anderson,France,Nice,Basic,Small Business,2025-08-12,both,Matched,True,False,False,False,0.0,False,False,False
ORD-000379,C02837,Layla Clark | France | Basic,Sports,195.31,5,2025-02-16,Marketplace,976.55,Layla Clark,France,Basic,Layla Clark,France,Paris,Basic,Enterprise,2025-09-20,both,Matched,True,False,False,False,0.0,False,False,False
ORD-000386,C00924,Henry King | Canada | Plus,Toys,276.08,2,2025-02-12,Marketplace,552.16,Henry King,Canada,Plus,Henry King,Canada,Vancouver,Plus,Small Business,2026-03-22,both,Matched,True,False,False,False,0.0,False,False,False
ORD-000387,C02819,Mia Taylor | Singapore | Basic,Office Supplies,286.26,5,2025-09-30,Website,1431.3,Mia Taylor,Singapore,Basic,Mia Taylor,Singapore,Singapore,Basic,Small Business,2026-03-06,both,Matched,True,False,False,False,0.0,False,False,False
ORD-000393,C01130,Leo Green | France | Premium,Sports,475.07,4,2025-03-26,Retail Store,1900.28,Leo Green,France,Premium,Leo Green,France,,Premium,,,left_only,Not Found,False,False,False,False,0.0,False,False,True
ORD-000395,C02783,Emma Khan | Germany | Basic,Toys,363.09,4,2025-03-10,Marketplace,1452.36,Emma Khan,Germany,Basic,Emma Khan,Germany,Hamburg,Basic,Consumer,2025-05-21,both,Matched,True,False,False,False,0.0,False,False,False
ORD-000397,C00245,Chloe Johnson | Germany | Plus,Beauty,114.76,6,2025-04-23,Website,688.56,Chloe Johnson,Germany,Plus,Chloe Johnson,Germany,Hamburg,Plus,Enterprise,2026-01-17,both,Matched,True,False,False,False,-1.1368683772161603e-13,False,False,False
ORD-000401,C00111,Lina Wilson | Singapore | Premium,Toys,435.32,4,2025-01-23,Retail Store,1741.28,Lina Wilson,Singapore,Premium,Lina Wilson,Singapore,Singapore,Premium,Consumer,2025-08-19,both,Matched,True,False,False,False,0.0,False,False,False
ORD-000404,C02097,Mia Mitchell | Australia | Premium,Office Supplies,284.36,5,2025-08-12,Marketplace,1421.8,Mia Mitchell,Australia,Premium,Mia Mitchell,Australia,Brisbane,Premium,Consumer,2026-03-14,both,Matched,True,False,False,False,-2.2737367544323206e-13,False,False,False
ORD-000407,C01638,Emma Carter | France | Basic,Electronic Goods,520.74,3,2025-11-27,Website,1562.22,Emma Carter,France,Basic,Emma Carter,France,Nice,Basic,Consumer,2025-12-01,both,Matched,True,False,False,False,0.0,False,False,False
ORD-000410,C00122,Lina King | Canada | Basic,Toys,546.52,2,2025-03-13,Retail Store,1093.04,Lina King,Canada,Basic,Lina King,Canada,Ottawa,Basic,Consumer,2025-06-03,both,Matched,True,False,False,False,0.0,False,False,False
ORD-000413,C00956,Zoe Baker | United States | Basic,Office Supplies,595.01,6,2025-01-07,Retail Store,3570.06,Zoe Baker,United States,Basic,Zoe Baker,United States,Chicago,Basic,Enterprise,2025-07-20,both,Matched,True,False,False,False,0.0,False,False,False
ORD-000421,C02597,Maya Garcia | UAE | Premium,Toys,433.69,3,2025-04-27,Marketplace,1301.07,Maya Garcia,UAE,Premium,Maya Garcia,UAE,Dubai,Premium,Consumer,2026-03-08,both,Matched,True,False,False,False,0.0,False,False,False
ORD-000422,C02643,Leo Walker | Canada | Basic,Electronics,554.21,6,2025-05-26,Website,3325.26,Leo Walker,Canada,Basic,Leo Walker,Canada,Ottawa,Basic,Consumer,2025-10-01,both,Matched,True,False,False,False,0.0,False,False,False
ORD-000429,C00364,Daniel Lewis | United States | Plus,Home & Kitchen,279.27,1,2025-04-26,Retail Store,279.27,Daniel Lewis,United States,Plus,Daniel Lewis,United States,New York,Plus,Consumer,2026-01-17,both,Matched,True,True,False,False,0.0,False,False,False
ORD-000430,C00452,Olivia Lewis | United Kingdom | Basic,Beauty,259.3,4,2025-01-16,Website,1037.2,Olivia Lewis,United Kingdom,Basic,Olivia Lewis,United Kingdom,Leeds,Basic,Consumer,2025-10-20,both,Matched,True,False,False,False,0.0,False,False,False
ORD-000443,C02121,Jack Smith | France | Basic,Clothing,264.54,6,2025-06-05,Mobile App,1587.24,Jack Smith,France,Basic,Jack Smith,France,Nice,Basic,Consumer,2026-01-13,both,Matched,True,False,False,False,-2.2737367544323206e-13,False,False,False
ORD-000448,C00298,Lina Lee | Singapore | Basic,Office Supplies,382.34,5,2025-07-01,Mobile App,1911.7,Lina Lee,Singapore,Basic,Lina Lee,Singapore,,Basic,,,left_only,Not Found,False,False,False,False,2.2737367544323206e-13,False,False,True
ORD-000460,C00047,Ryan Young | United Kingdom | Basic,Clothes,424.46,6,2025-02-26,Mobile App,2546.76,Ryan Young,United Kingdom,Basic,Ryan Young,United Kingdom,Manchester,Basic,Consumer,2026-01-17,both,Matched,True,False,False,False,4.547473508864641e-13,False,False,False
ORD-000462,C01754,Mia Johnson | Australia | Plus,Home & Kitchen,366.46,3,2026-02-15,Mobile App,1099.38,Mia Johnson,Australia,Plus,Mia Johnson,Australia,,Plus,,,left_only,Not Found,False,False,False,False,2.2737367544323206e-13,False,False,True
ORD-000464,C00349,Sam Clark | UAE | Basic,Office Supplies,410.96,2,2025-01-03,Retail Store,821.92,Sam Clark,UAE,Basic,Sam Clark,UAE,Dubai,Basic,Enterprise,2026-04-01,both,Matched,True,False,False,False,0.0,False,False,False
ORD-000477,C02819,Mia Taylor | Singapore | Basic,Clothing,160.99,6,2025-06-20,Marketplace,965.94,Mia Taylor,Singapore,Basic,Mia Taylor,Singapore,Singapore,Basic,Small Business,2026-03-06,both,Matched,True,False,False,False,0.0,False,False,False
ORD-000480,C01315,Liam Clark | Australia | Basic,Office Supplies,521.99,6,2026-02-06,Marketplace,3131.94,Liam Clark,Australia,Basic,Liam Clark,Australia,,Basic,,,left_only,Not Found,False,False,False,False,0.0,False,False,True
ORD-000482,C00208,Ethan Garcia | Singapore | Plus,Books,580.78,2,2025-01-13,Marketplace,1161.56,Ethan Garcia,Singapore,Plus,Ethan Garcia,Singapore,Singapore,Plus,Small Business,2025-07-08,both,Matched,True,False,False,False,0.0,False,False,False
ORD-000489,C02953,Chloe Wilson | Canada | Premium,Toys,606.66,1,2026-04-25,Marketplace,606.66,Chloe Wilson,Canada,Premium,Chloe Wilson,Canada,,Premium,,,left_only,Not Found,False,False,False,False,0.0,False,False,True
ORD-000493,C00324,Jack Smith | France | Plus,Home & Kitchen,528.41,2,2026-01-23,Website,1056.82,Jack Smith,France,Plus,Jack Smith,France,Nice,Plus,Small Business,2026-03-30,both,Matched,True,False,False,False,0.0,False,False,False
ORD-000498,C01117,Sara Carter | UAE | Premium,Clothing,316.06,3,2025-02-28,Mobile App,948.18,Sara Carter,UAE,Premium,Sara Carter,UAE,Abu Dhabi,Premium,Consumer,2025-10-17,both,Matched,True,False,False,False,-1.1368683772161603e-13,False,False,False
ORD-000504,C01591,Liam Smith | Germany | Plus,Toys,260.24,1,2025-02-12,Retail Store,260.24,Liam Smith,Germany,Plus,Liam Smith,Germany,Berlin,Plus,Consumer,2026-03-08,both,Matched,True,False,False,False,0.0,False,False,False
ORD-000507,C00887,Ella Wright | UAE | Premium,Electronics,45.22,0,2025-08-31,Website,90.44,Ella Wright,UAE,Premium,Ella Wright,UAE,Abu Dhabi,Premium,Small Business,2023-10-03,both,Matched,False,False,True,True,90.44,False,False,False
ORD-000512,C02710,Lina Johnson | Singapore | Basic,Clothing,638.1,3,2025-05-21,Website,1914.3,Lina Johnson,Singapore,Basic,Lina Johnson,Singapore,Singapore,Basic,Consumer,2025-07-16,both,Matched,True,False,False,False,-2.2737367544323206e-13,False,False,False
ORD-000520,C01664,Mia Khan | United States | Basic,Electronics,521.36,3,,Marketplace,1564.08,Mia Khan,United States,Basic,Mia Khan,United States,Austin,Basic,Small Business,2024-05-07,both,Matched,False,False,False,False,0.0,False,True,False
ORD-000521,C02065,Lina Mitchell | Singapore | Plus,Clothing,621.02,3,2025-01-05,Website,1863.06,Lina Mitchell,Singapore,Plus,Lina Mitchell,Singapore,Singapore,Plus,Enterprise,2025-03-22,both,Matched,True,False,False,False,0.0,False,False,False
ORD-000528,C01781,Alex King | United Kingdom | Premium,Books,380.62,4,2026-03-16,Marketplace,1522.48,Alex King,United Kingdom,Premium,Alex King,United Kingdom,,Premium,,,left_only,Not Found,False,False,False,False,0.0,False,False,True
ORD-000535,C01062,Ella Moore | Australia | Basic,Electronics,599.6,5,2025-11-26,Mobile App,2998.0,Ella Moore,Australia,Basic,Ella Moore,Australia,Brisbane,Basic,Consumer,2026-03-20,both,Matched,True,False,False,False,0.0,False,False,False
ORD-000536,C00672,Liam Wright | UAE | Basic,Toys,249.12,4,,Marketplace,996.48,Liam Wright,UAE,Basic,Liam Wright,UAE,Abu Dhabi,Basic,Consumer,2023-06-21,both,Matched,False,False,False,False,0.0,False,True,False
ORD-000538,C02953,Chloe Wilson | Canada | Premium,Clothes,95.3,1,2025-07-06,Website,95.3,Chloe Wilson,Canada,Premium,Chloe Wilson,Canada,,Premium,,,left_only,Not Found,False,False,False,False,0.0,False,False,True
ORD-000543,C00236,Liam Garcia | Canada | Basic,Office Supplies,450.65,5,2025-03-13,Mobile App,2253.25,Liam Garcia,Canada,Basic,Liam Garcia,Canada,Vancouver,Basic,Consumer,2025-05-09,both,Matched,True,False,False,False,0.0,False,False,False
ORD-000550,C00348,Sara Davis | Germany | Basic,Electronics,198.65,6,2025-02-24,Mobile App,1191.9,Sara Davis,Germany,Basic,Sara Davis,Germany,Munich,Basic,Consumer,2026-02-26,both,Matched,True,False,False,False,0.0,False,False,False
ORD-000552,C02074,Ava Green | United Kingdom | Basic,Beauty,95.99,4,2025-01-03,Retail Store,383.96,Ava Green,United Kingdom,Basic,Ava Green,United Kingdom,Bristol,Basic,Consumer,2026-02-14,both,Matched,True,False,False,False,0.0,False,False,False
ORD-000558,C01285,Zoe Khan | France | Basic,Electronics,458.66,5,2025-08-01,Mobile App,2293.3,Zoe Khan,France,Basic,Zoe Khan,France,Bordeaux,Basic,Consumer,2025-12-30,both,Matched,True,False,False,False,0.0,False,False,False
ORD-000567,C01351,Ethan Young | UAE | Basic,Books,39.29,5,2025-03-20,Mobile App,196.45,Ethan Young,UAE,Basic,Ethan Young,UAE,Sharjah,Basic,Consumer,2025-10-26,both,Matched,True,False,False,False,0.0,False,False,False
ORD-000579,C01066,Emma Lewis | Singapore | Premium,Home & Kitchen,400.47,5,2025-10-31,Website,2002.35,Emma Lewis,Singapore,Premium,Emma Lewis,Singapore,Singapore,Premium,Small Business,2025-11-23,both,Matched,True,False,False,False,-2.2737367544323206e-13,False,False,False
ORD-000581,C02100,Ella Garcia | Singapore | Plus,Sports,564.72,4,2025-03-07,Retail Store,2258.88,Ella Garcia,Singapore,Plus,Ella Garcia,Singapore,Singapore,Plus,Small Business,2025-03-20,both,Matched,True,False,False,False,0.0,False,False,False
ORD-000596,C00274,Leo Green | United Kingdom | Basic,Toys,343.32,6,2025-06-12,Mobile App,2059.92,Leo Green,United Kingdom,Basic,Leo Green,United Kingdom,,Basic,,,left_only,Not Found,False,False,False,False,0.0,False,False,True
ORD-000599,C01759,Amelia Baker | United States | Basic,Electronic Goods,471.75,3,2026-01-21,Marketplace,1415.25,Amelia Baker,United States,Basic,Amelia Baker,United States,Seattle,Basic,Enterprise,2026-03-15,both,Matched,True,False,False,False,0.0,False,False,False
ORD-000602,C02692,Mia Garcia | Singapore | Plus,Home & Kitchen,600.73,5,2025-04-03,Retail Store,3003.65,Mia Garcia,Singapore,Plus,Mia Garcia,Singapore,Singapore,Plus,Consumer,2025-07-18,both,Matched,True,False,False,False,0.0,False,False,False
ORD-000604,C02307,Lucas Patel | Canada | Plus,Books,388.96,5,2025-01-24,Retail Store,1944.8,Lucas Patel,Canada,Plus,Lucas Patel,Canada,Ottawa,Plus,Consumer,2025-03-02,both,Matched,True,False,False,False,0.0,False,False,False
ORD-000608,C00228,Ella Lee | UAE | Basic,Books,380.74,4,2025-09-23,Website,1522.96,Ella Lee,UAE,Basic,Ella Lee,UAE,,Basic,,,left_only,Not Found,False,False,False,False,0.0,False,False,True
ORD-000612,C02089,Sara Patel | United States | Basic,Toys,142.49,5,2025-09-27,Retail Store,712.45,Sara Patel,United States,Basic,Sara Patel,United States,New York,Basic,Consumer,2026-03-15,both,Matched,True,False,False,False,0.0,False,False,False
ORD-000618,C00193,Nora Hall | UAE | Basic,Office Supplies,316.57,2,2025-05-31,Mobile App,633.14,Nora Hall,UAE,Basic,Nora Hall,UAE,Abu Dhabi,Basic,Consumer,2026-03-08,both,Matched,True,False,False,False,0.0,False,False,False
ORD-000623,C00968,Daniel Patel | Canada | Plus,Home & Kitchen,584.98,6,2025-08-12,Website,3509.88,Daniel Patel,Canada,Plus,Daniel Patel,Canada,,Plus,,,left_only,Not Found,False,False,False,False,0.0,False,False,True
ORD-000626,C02116,Ella King | United Kingdom | Plus,Books,176.74,3,2025-11-15,Marketplace,530.22,Ella King,United Kingdom,Plus,Ella King,United Kingdom,Manchester,Plus,Consumer,2026-01-22,both,Matched,True,False,False,False,0.0,False,False,False
ORD-000631,C00583,Nora Johnson | United Kingdom | Plus,Sports,524.26,3,2025-10-01,Marketplace,1572.78,Nora Johnson,United Kingdom,Plus,Nora Johnson,United Kingdom,Bristol,Plus,Consumer,2025-12-10,both,Matched,True,False,False,False,0.0,False,False,False
ORD-000632,C01747,Lucas Ahmed | Canada | Basic,Books,376.62,4,2025-10-28,Website,1506.48,Lucas Ahmed,Canada,Basic,Lucas Ahmed,Canada,,Basic,,,left_only,Not Found,False,False,False,False,0.0,False,False,True
ORD-000643,C02664,Amelia Carter | Germany | Premium,Home & Kitchen,179.52,4,2025-04-28,Retail Store,718.08,Amelia Carter,Germany,Premium,Amelia Carter,Germany,Hamburg,Premium,Consumer,2025-10-17,both,Matched,True,False,False,False,0.0,False,False,False
ORD-000659,C00451,Jack Anderson | United Kingdom | Basic,Toys,251.4,2,2025-03-10,Marketplace,502.8,Jack Anderson,United Kingdom,Basic,Jack Anderson,United Kingdom,London,Basic,Consumer,2025-12-08,both,Matched,True,False,False,False,0.0,False,False,False
ORD-000662,C00108,Sophia Lee | Singapore | Plus,Sprots,215.27,5,2025-07-03,Marketplace,1076.35,Sophia Lee,Singapore,Plus,Sophia Lee,Singapore,Singapore,Plus,Enterprise,2025-12-10,both,Matched,True,False,False,False,-2.2737367544323206e-13,False,False,False
ORD-000664,C02799,Sophia Wilson | Singapore | Plus,Books,316.61,4,2025-07-04,Mobile App,1266.44,Sophia Wilson,Singapore,Plus,Sophia Wilson,Singapore,Singapore,Plus,Consumer,2025-10-03,both,Matched,True,False,False,False,0.0,False,False,False
ORD-000665,C02346,Noah Patel | United Kingdom | Premium,Electronics,622.18,2,2025-03-09,Marketplace,1244.36,Noah Patel,United Kingdom,Premium,Noah Patel,United Kingdom,Manchester,Premium,Consumer,2025-06-19,both,Matched,True,False,False,False,0.0,False,False,False
ORD-000671,C00245,Chloe Johnson | Germany | Plus,Home & Kitchen,316.17,5,2025-09-07,Website,1580.85,Chloe Johnson,Germany,Plus,Chloe Johnson,Germany,Hamburg,Plus,Enterprise,2026-01-17,both,Matched,True,False,False,False,-2.2737367544323206e-13,False,False,False
ORD-000675,C01734,Emma Garcia | United Kingdom | Premium,Books,546.53,4,2026-02-21,Website,2186.12,Emma Garcia,United Kingdom,Premium,Emma Garcia,United Kingdom,London,Premium,Enterprise,2026-03-03,both,Matched,True,True,False,False,0.0,False,False,False
ORD-000679,C02849,Jack Hassan | Germany | Premium,Electronics,115.57,2,2025-04-08,Website,231.14,Jack Hassan,Germany,Premium,Jack Hassan,Germany,Hamburg,Premium,Consumer,2026-02-07,both,Matched,True,False,False,False,0.0,False,False,False
ORD-000680,C01185,Daniel Ahmed | Singapore | Premium,Beauty,316.16,4,2025-04-16,Marketplace,1264.64,Daniel Ahmed,Singapore,Premium,Daniel Ahmed,Singapore,Singapore,Premium,Consumer,2025-12-19,both,Matched,True,False,False,False,0.0,False,False,False
ORD-000685,C02683,Liam Mitchell | United States | Basic,Electronics,482.41,6,2025-02-17,Website,2894.46,Liam Mitchell,United States,Basic,Liam Mitchell,United States,Chicago,Basic,Consumer,2025-12-19,both,Matched,True,False,False,False,0.0,False,False,False
ORD-000688,C00649,Lucas Anderson | Canada | Basic,Sports,223.08,3,,Marketplace,669.24,Lucas Anderson,Canada,Basic,Lucas Anderson,Canada,,Basic,,,left_only,Not Found,False,False,False,False,0.0,False,True,True
ORD-000689,C01366,Lina Wilson | United States | Basic,Beauty,329.13,2,2025-11-02,Marketplace,658.26,Lina Wilson,United States,Basic,Lina Wilson,United States,Austin,Basic,Consumer,2026-01-28,both,Matched,True,False,False,False,0.0,False,False,False
ORD-000691,C01759,Amelia Baker | United States | Basic,Sports,42.52,6,2026-01-01,Mobile App,255.12,Amelia Baker,United States,Basic,Amelia Baker,United States,Seattle,Basic,Enterprise,2026-03-15,both,Matched,True,False,False,False,0.0,False,False,False
ORD-000696,C02620,Liam Nelson | France | Basic,Electronics,275.09,4,2025-04-18,Marketplace,1100.36,Liam Nelson,France,Basic,Liam Nelson,France,Nice,Basic,Enterprise,2025-09-29,both,Matched,True,False,False,False,0.0,False,False,False
ORD-000700,C02597,Maya Garcia | UAE | Premium,Clothing,193.59,2,2026-02-02,Retail Store,387.18,Maya Garcia,UAE,Premium,Maya Garcia,UAE,Dubai,Premium,Consumer,2026-03-08,both,Matched,True,False,False,False,0.0,False,False,False
ORD-000701,C02427,Olivia Hall | UAE | Plus,Beauty,312.57,3,2025-06-10,Retail Store,937.71,Olivia Hall,UAE,Plus,Olivia Hall,UAE,,Plus,,,left_only,Not Found,False,False,False,False,0.0,False,False,True
ORD-000711,C00483,Lucas Khan | United States | Plus,Beauty,263.36,3,2025-07-21,Marketplace,790.08,Lucas Khan,United States,Plus,Lucas Khan,United States,Chicago,Plus,Consumer,2026-01-20,both,Matched,True,False,False,False,0.0,False,False,False
ORD-000713,C01592,Alex Hall | Australia | Basic,Books,139.29,4,2025-07-15,Website,557.16,Alex Hall,Australia,Basic,Alex Hall,Australia,Sydney,Basic,Consumer,2025-12-15,both,Matched,True,False,False,False,0.0,False,False,False
ORD-000715,C00882,Ryan Thomas | France | Premium,Toys,332.37,3,2025-03-23,Website,997.11,Ryan Thomas,France,Premium,Ryan Thomas,France,Nice,Premium,Consumer,2025-11-11,both,Matched,True,False,False,False,0.0,False,False,False
ORD-000719,C00696,James Thomas | UAE | Basic,Clothing,25.19,5,2026-02-15,Mobile App,125.95,James Thomas,UAE,Basic,James Thomas,UAE,Abu Dhabi,Basic,Consumer,2026-03-20,both,Matched,True,False,False,False,0.0,False,False,False
ORD-000720,C02326,Lucas Miller | United States | Premium,Books,496.71,1,2025-03-25,Mobile App,496.71,Lucas Miller,United States,Premium,Lucas Miller,United States,Seattle,Premium,Small Business,2025-11-17,both,Matched,True,False,False,False,0.0,False,False,False
ORD-000722,C02691,Alex Hassan | United States | Plus,Sprots,350.26,3,2025-04-13,Marketplace,1050.78,Alex Hassan,United States,Plus,Alex Hassan,United States,,Plus,,,left_only,Not Found,False,False,False,False,0.0,False,False,True
ORD-000723,C00187,Sam Thomas | United States | Plus,Books,621.1,1,2026-03-21,Retail Store,621.1,Sam Thomas,United States,Plus,Sam Thomas,United States,Seattle,Plus,Consumer,2026-03-29,both,Matched,True,False,False,False,0.0,False,False,False
ORD-000724,C02460,Olivia Miller | Canada | Basic,Sports,591.35,3,2025-04-04,Website,1774.05,Olivia Miller,Canada,Basic,Olivia Miller,Canada,Vancouver,Basic,Small Business,2026-01-13,both,Matched,True,False,False,False,-2.2737367544323206e-13,False,False,False
ORD-000729,C02056,Ella Green | France | Basic,Clothing,578.14,3,2025-03-03,Mobile App,1734.42,Ella Green,France,Basic,Ella Green,France,Lyon,Basic,Small Business,2026-04-04,both,Matched,True,False,False,False,0.0,False,False,False
ORD-000730,C01308,Lina Johnson | Australia | Plus,Sports,454.27,1,2025-04-09,Retail Store,454.27,Lina Johnson,Australia,Plus,Lina Johnson,Australia,Perth,Plus,Small Business,2025-12-06,both,Matched,True,False,False,False,0.0,False,False,False
ORD-000735,C01186,Liam Ahmed | Australia | Basic,Home & Kitchen,302.65,5,2025-11-03,Marketplace,1513.25,Liam Ahmed,Australia,Basic,Liam Ahmed,Australia,Perth,Basic,Small Business,2026-02-18,both,Matched,True,False,False,False,0.0,False,False,False
ORD-000753,C00015,Mia Lewis | UAE | Plus,Toys,45.4,5,2025-10-06,Website,227.0,Mia Lewis,UAE,Plus,Mia Lewis,UAE,Dubai,Plus,Consumer,2026-04-12,both,Matched,True,False,False,False,0.0,False,False,False
ORD-000755,C02055,Mia Smith | Canada | Premium,Home & Kitchen,111.16,6,2025-08-23,Mobile App,666.96,Mia Smith,Canada,Premium,Mia Smith,Canada,Vancouver,Premium,Small Business,2025-09-16,both,Matched,True,False,False,False,0.0,False,False,False
ORD-000771,C01411,Amelia Mitchell | Australia | Basic,Office Supplies,375.12,5,2025-01-22,Marketplace,1875.6,Amelia Mitchell,Australia,Basic,Amelia Mitchell,Australia,Sydney,Basic,Consumer,2026-01-28,both,Matched,True,False,False,False,0.0,False,False,False
ORD-000784,C00714,James Nelson | Canada | Basic,Office Supplies,17.1,4,2025-10-12,Mobile App,68.4,James Nelson,Canada,Basic,James Nelson,Canada,,Basic,,,left_only,Not Found,False,False,False,False,0.0,False,False,True
ORD-000802,C01167,Chloe Green | Germany | Basic,Clothing,479.04,4,2025-09-08,Retail Store,1916.16,Chloe Green,Germany,Basic,Chloe Green,Germany,Berlin,Basic,Small Business,2025-11-25,both,Matched,True,False,False,False,0.0,False,False,False
ORD-000803,C00053,Amelia Taylor | United Kingdom | Plus,Home & Kitchen,133.31,3,2025-04-17,Website,399.93,Amelia Taylor,United Kingdom,Plus,Amelia Taylor,United Kingdom,Manchester,Plus,Small Business,2026-04-07,both,Matched,True,False,False,False,0.0,False,False,False
ORD-000808,C00541,Nora Lewis | Australia | Basic,Sports,258.58,1,2026-07-15,Retail Store,258.58,Nora Lewis,Australia,Basic,Nora Lewis,Australia,,Basic,,,left_only,Not Found,False,False,False,False,0.0,False,False,True
ORD-000824,C02412,Sam Green | United Kingdom | Premium,Toys,530.59,3,2025-10-22,Marketplace,1591.77,Sam Green,United Kingdom,Premium,Sam Green,United Kingdom,Manchester,Premium,Consumer,2026-02-23,both,Matched,True,False,False,False,0.0,False,False,False
ORD-000827,C00450,Layla Adams | Canada | Basic,Beauty,564.14,1,,Retail Store,564.14,Layla Adams,Canada,Basic,Layla Adams,Canada,Vancouver,Basic,Small Business,2024-07-04,both,Matched,False,False,False,False,0.0,False,True,False
ORD-000830,C02358,Chloe Clark | Singapore | Premium,Home & Kitchen,246.03,6,2025-01-05,Mobile App,1476.18,Chloe Clark,Singapore,Premium,Chloe Clark,Singapore,Singapore,Premium,Small Business,2025-11-01,both,Matched,True,False,False,False,0.0,False,False,False
ORD-000834,C02662,Sophia Hall | Canada | Basic,Beauty,364.41,4,2025-05-28,Mobile App,1457.64,Sophia Hall,Canada,Basic,Sophia Hall,Canada,Calgary,Basic,Consumer,2025-08-06,both,Matched,True,False,False,False,0.0,False,False,False
ORD-000837,C01668,Emma Smith | Canada | Plus,Sports,281.42,5,2025-01-05,Website,1407.1,Emma Smith,Canada,Plus,Emma Smith,Canada,Toronto,Plus,Small Business,2025-06-29,both,Matched,True,False,False,False,-2.2737367544323206e-13,False,False,False
ORD-000838,C00276,Emma Wilson | Germany | Basic,Beauty,24.89,2,2025-02-20,Marketplace,49.78,Emma Wilson,Germany,Basic,Emma Wilson,Germany,,Basic,,,left_only,Not Found,False,False,False,False,0.0,False,False,True
ORD-000848,C01046,Leo Mitchell | United Kingdom | Plus,Home & Kitchen,182.22,1,2025-03-07,Marketplace,182.22,Leo Mitchell,United Kingdom,Plus,Leo Mitchell,United Kingdom,London,Plus,Consumer,2025-10-05,both,Matched,True,False,False,False,0.0,False,False,False
ORD-000856,C02330,Olivia King | UAE | Basic,Office Supplies,289.26,4,2026-06-18,Mobile App,1157.04,Olivia King,UAE,Basic,Olivia King,UAE,,Basic,,,left_only,Not Found,False,False,False,False,0.0,False,False,True
ORD-000857,C02720,Maya Carter | United States | Plus,Sports,313.65,1,2025-02-12,Marketplace,313.65,Maya Carter,United States,Plus,Maya Carter,United States,,Plus,,,left_only,Not Found,False,False,False,False,0.0,False,False,True
ORD-000858,C00116,Leo Carter | United States | Premium,Clothing,140.74,5,2025-07-14,Marketplace,703.7,Leo Carter,United States,Premium,Leo Carter,United States,New York,Premium,Consumer,2024-03-08,both,Matched,False,True,False,False,0.0,False,False,False
ORD-000859,C01461,Ryan Wright | United Kingdom | Basic,Home & Kitchen,217.69,4,2025-06-03,Marketplace,870.76,Ryan Wright,United Kingdom,Basic,Ryan Wright,United Kingdom,Leeds,Basic,Enterprise,2025-10-28,both,Matched,True,False,False,False,0.0,False,False,False
ORD-000865,C02427,Olivia Hall | UAE | Plus,Sports,417.4,1,2025-03-04,Mobile App,417.4,Olivia Hall,UAE,Plus,Olivia Hall,UAE,,Plus,,,left_only,Not Found,False,False,False,False,0.0,False,False,True
ORD-000878,C00662,Mia Carter | UAE | Plus,Books,251.56,6,2026-01-09,Mobile App,1509.36,Mia Carter,UAE,Plus,Mia Carter,UAE,Dubai,Plus,Consumer,2026-03-18,both,Matched,True,False,False,False,-2.2737367544323206e-13,False,False,False
ORD-000881,C02840,Lina Mitchell | Australia | Basic,Books,278.21,2,2025-04-27,Marketplace,556.42,Lina Mitchell,Australia,Basic,Lina Mitchell,Australia,Melbourne,Basic,Consumer,2025-06-02,both,Matched,True,False,False,False,0.0,False,False,False
ORD-000883,C00284,Nora Garcia | Canada | Basic,Toys,276.75,2,2025-02-01,Website,553.5,Nora Garcia,Canada,Basic,Nora Garcia,Canada,Toronto,Basic,Consumer,2025-02-03,both,Matched,True,False,False,False,0.0,False,False,False
ORD-000884,C00552,Zoe Walker | Singapore | Basic,Toys,468.67,5,2025-09-25,Retail Store,2343.35,Zoe Walker,Singapore,Basic,Zoe Walker,Singapore,Singapore,Basic,Small Business,2026-04-10,both,Matched,True,False,False,False,0.0,False,False,False
ORD-000888,C02596,Ryan Taylor | Canada | Plus,Toys,541.9,6,2025-06-09,Website,3251.4,Ryan Taylor,Canada,Plus,Ryan Taylor,Canada,Ottawa,Plus,Small Business,2025-12-06,both,Matched,True,False,False,False,4.547473508864641e-13,False,False,False
ORD-000892,C00162,James Taylor | Singapore | Plus,Electronics,441.38,6,2025-05-25,Website,2648.28,James Taylor,Singapore,Plus,James Taylor,Singapore,Singapore,Plus,Small Business,2026-04-12,both,Matched,True,False,False,False,4.547473508864641e-13,False,False,False
ORD-000898,C02414,Liam Mitchell | United States | Basic,Electronics,385.7,5,2025-03-09,Retail Store,1928.5,Liam Mitchell,United States,Basic,Liam Mitchell,United States,Seattle,Basic,Consumer,2025-05-21,both,Matched,True,False,False,False,0.0,False,False,False
ORD-000905,C01876,Ava Thomas | Canada | Plus,Electronics,149.04,6,2025-04-01,Website,894.24,Ava Thomas,Canada,Plus,Ava Thomas,Canada,Vancouver,Plus,Consumer,2025-07-20,both,Matched,True,False,False,False,0.0,False,False,False
ORD-000910,C01962,Ava Garcia | France | Premium,Home & Kitchen,263.3,4,2025-05-09,Mobile App,1053.2,Ava Garcia,France,Premium,Ava Garcia,France,,Premium,,,left_only,Not Found,False,False,False,False,0.0,False,False,True
ORD-000921,C02342,Ryan Adams | UAE | Premium,Home & Kitchen,386.72,2,2025-12-27,Retail Store,773.44,Ryan Adams,UAE,Premium,Ryan Adams,UAE,,Premium,,,left_only,Not Found,False,False,False,False,0.0,False,False,True
ORD-000927,C02596,Ryan Taylor | Canada | Plus,Electronics,258.99,5,2025-02-06,Retail Store,1294.95,Ryan Taylor,Canada,Plus,Ryan Taylor,Canada,Ottawa,Plus,Small Business,2025-12-06,both,Matched,True,False,False,False,0.0,False,False,False
ORD-000945,C02953,Chloe Wilson | Canada | Premium,Electronics,180.42,5,2026-04-20,Mobile App,902.1,Chloe Wilson,Canada,Premium,Chloe Wilson,Canada,,Premium,,,left_only,Not Found,False,False,False,False,1.1368683772161603e-13,False,False,True
ORD-000946,C00034,Lucas Lee | Australia | Basic,Electronics,118.15,3,2025-07-20,Website,354.45,Lucas Lee,Australia,Basic,Lucas Lee,Australia,Perth,Basic,Consumer,2025-08-05,both,Matched,True,False,False,False,-5.684341886080802e-14,False,False,False
ORD-000947,C02855,Layla Martin | Germany | Basic,Office Supplies,322.34,6,2025-05-26,Marketplace,1934.04,Layla Martin,Germany,Basic,Layla Martin,Germany,Hamburg,Basic,Consumer,2025-12-01,both,Matched,True,False,False,False,0.0,False,False,False
ORD-000952,C02801,Lucas Patel | Canada | Basic,Sports,406.13,4,2025-12-05,Mobile App,1624.52,Lucas Patel,Canada,Basic,Lucas Patel,Canada,,Basic,,,left_only,Not Found,False,False,False,False,0.0,False,False,True
ORD-000954,C00684,Sam Patel | Canada | Basic,Toys,532.5,4,2025-06-02,Retail Store,2130.0,Sam Patel,Canada,Basic,Sam Patel,Canada,Vancouver,Basic,Consumer,2025-11-22,both,Matched,True,False,False,False,0.0,False,False,False
ORD-000962,C02736,Amelia Hassan | Canada | Plus,Clothing,626.43,3,2025-06-20,Retail Store,1879.29,Amelia Hassan,Canada,Plus,Amelia Hassan,Canada,Toronto,Plus,Small Business,2026-01-24,both,Matched,True,False,False,False,0.0,False,False,False
ORD-000965,C02339,Mia Anderson | United Kingdom | Basic,Sports,162.02,4,2025-08-29,Marketplace,648.08,Mia Anderson,United Kingdom,Basic,Mia Anderson,United Kingdom,,Basic,,,left_only,Not Found,False,False,False,False,0.0,False,False,True
ORD-000966,C00303,Noah Patel | Australia | Basic,Toys,207.17,1,2025-02-03,Marketplace,207.17,Noah Patel,Australia,Basic,Noah Patel,Australia,Melbourne,Basic,Consumer,2025-08-25,both,Matched,True,False,False,False,0.0,False,False,False
ORD-000969,C01264,Maya Miller | Canada | Premium,Clothing,429.99,1,2025-06-05,Website,429.99,Maya Miller,Canada,Premium,Maya Miller,Canada,Vancouver,Premium,Enterprise,2025-09-28,both,Matched,True,False,False,False,0.0,False,False,False
ORD-000975,C01019,Mia Adams | Australia | Plus,Toys,152.08,3,2025-03-28,Website,456.24,Mia Adams,Australia,Plus,Mia Adams,Australia,Melbourne,Plus,Consumer,2025-12-12,both,Matched,True,False,False,False,0.0,False,False,False
ORD-000976,C02809,Isla Thomas | Germany | Basic,Beauty,318.35,5,2025-05-02,Website,1591.75,Isla Thomas,Germany,Basic,Isla Thomas,Germany,Hamburg,Basic,Consumer,2025-12-24,both,Matched,True,False,False,False,0.0,False,False,False
ORD-000983,C01811,Adam Khan | United States | Basic,Books,483.26,5,2025-03-24,Marketplace,2416.3,Adam Khan,United States,Basic,Adam Khan,United States,Austin,Basic,Small Business,2025-05-22,both,Matched,True,False,False,False,0.0,False,False,False
ORD-000987,C01854,Sara Thomas | United Kingdom | Basic,Toys,508.08,6,2025-10-06,Website,3048.48,Sara Thomas,United Kingdom,Basic,Sara Thomas,United Kingdom,Leeds,Basic,Consumer,2026-03-28,both,Matched,True,False,False,False,0.0,False,False,False
ORD-000991,C00294,Layla Garcia | Singapore | Plus,Electronics,71.83,3,2025-09-08,Marketplace,215.49,Layla Garcia,Singapore,Plus,Layla Garcia,Singapore,,Plus,,,left_only,Not Found,False,False,False,False,0.0,False,False,True
ORD-000994,C02807,Noah Moore | United Kingdom | Plus,Home & Kitchen,255.98,6,2025-05-05,Retail Store,1535.88,Noah Moore,United Kingdom,Plus,Noah Moore,United Kingdom,London,Plus,Consumer,2025-08-29,both,Matched,True,False,False,False,2.2737367544323206e-13,False,False,False
ORD-000996,C01006,Sara Thomas | UAE | Basic,Toys,488.79,4,2025-11-10,Retail Store,1955.16,Sara Thomas,UAE,Basic,Sara Thomas,UAE,Dubai,Basic,Consumer,2026-02-08,both,Matched,True,False,False,False,0.0,False,False,False
ORD-000997,C01755,Liam Young | Canada | Basic,Office Supplies,22.36,1,2025-05-13,Website,22.36,Liam Young,Canada,Basic,Liam Young,Canada,,Basic,,,left_only,Not Found,False,False,False,False,0.0,False,False,True
ORD-001002,C01722,Noah Young | Singapore | Basic,Office Supplies,228.6,4,2026-02-03,Website,914.4,Noah Young,Singapore,Basic,Noah Young,Singapore,Singapore,Basic,Consumer,2023-06-12,both,Matched,False,True,False,False,0.0,False,False,False
ORD-001011,C01873,Sara Johnson | Canada | Basic,Toys,199.09,6,2025-04-15,Marketplace,1194.54,Sara Johnson,Canada,Basic,Sara Johnson,Canada,Ottawa,Basic,Small Business,2025-07-11,both,Matched,True,False,False,False,0.0,False,False,False
ORD-001014,C01545,Daniel Nelson | UAE | Basic,Toys,603.08,4,2025-08-10,Retail Store,2412.32,Daniel Nelson,UAE,Basic,Daniel Nelson,UAE,,Basic,,,left_only,Not Found,False,False,False,False,0.0,False,False,True
ORD-001016,C01645,Mia Brown | Canada | Premium,Sports,499.34,1,2025-07-05,Mobile App,499.34,Mia Brown,Canada,Premium,Mia Brown,Canada,Vancouver,Premium,Consumer,2026-04-13,both,Matched,True,False,False,False,0.0,False,False,False
ORD-001018,C01351,Ethan Young | UAE | Basic,Sports,590.79,1,2025-02-21,Retail Store,590.79,Ethan Young,UAE,Basic,Ethan Young,UAE,Sharjah,Basic,Consumer,2025-10-26,both,Matched,True,False,False,False,0.0,False,False,False
ORD-001019,C02809,Isla Thomas | Germany | Basic,Beauty,356.52,1,2025-06-24,Mobile App,356.52,Isla Thomas,Germany,Basic,Isla Thomas,Germany,Hamburg,Basic,Consumer,2025-12-24,both,Matched,True,False,False,False,0.0,False,False,False
ORD-001023,C02362,Adam Taylor | Canada | Basic,Office Supplies,402.19,5,2025-02-28,Marketplace,2010.95,Adam Taylor,Canada,Basic,Adam Taylor,Canada,Vancouver,Basic,Enterprise,2025-03-22,both,Matched,True,False,False,False,0.0,False,False,False
ORD-001027,C00997,Layla Clark | Canada | Basic,Home & Kitchen,540.19,2,2025-06-22,Retail Store,1080.38,Layla Clark,Canada,Basic,Layla Clark,Canada,Vancouver,Basic,Consumer,2025-07-01,both,Matched,True,False,False,False,0.0,False,False,False
ORD-001030,C00364,Daniel Lewis | United States | Plus,Sports,464.01,6,2025-02-24,Retail Store,2784.06,Daniel Lewis,United States,Plus,Daniel Lewis,United States,New York,Plus,Consumer,2026-01-17,both,Matched,True,False,False,False,0.0,False,False,False
ORD-001031,C02173,Nora Moore | Singapore | Basic,Beauty,498.12,1,2025-01-14,Retail Store,498.12,Nora Moore,Singapore,Basic,Nora Moore,Singapore,Singapore,Basic,Small Business,2025-02-28,both,Matched,True,False,False,False,0.0,False,False,False
ORD-001033,C01594,Ava Davis | Germany | Basic,Sports,132.45,6,2025-05-04,Mobile App,794.7,Ava Davis,Germany,Basic,Ava Davis,Germany,Munich,Basic,Small Business,2025-10-18,both,Matched,True,False,False,False,1.1368683772161603e-13,False,False,False
ORD-001038,C01320,Ava Martin | Germany | Basic,Clothing,52.31,3,2025-07-08,Marketplace,156.93,Ava Martin,Germany,Basic,Ava Martin,Germany,Frankfurt,Basic,Consumer,2026-04-13,both,Matched,True,False,False,False,0.0,False,False,False
ORD-001042,C01304,Lina Thomas | UAE | Plus,Sports,147.33,4,2025-02-23,Mobile App,589.32,Lina Thomas,UAE,Plus,Lina Thomas,UAE,Abu Dhabi,Plus,Consumer,2025-08-02,both,Matched,True,False,False,False,0.0,False,False,False
ORD-001050,C02665,Yusuf Ahmed | United Kingdom | Premium,Beauty,554.26,6,2025-10-04,Website,3325.56,Yusuf Ahmed,United Kingdom,Premium,Yusuf Ahmed,United Kingdom,Manchester,Premium,Consumer,2026-04-07,both,Matched,True,False,False,False,0.0,False,False,False
ORD-001056,C02738,Nora Anderson | Germany | Plus,Toys,275.12,3,2025-10-08,Website,825.36,Nora Anderson,Germany,Plus,Nora Anderson,Germany,Munich,Plus,Consumer,2025-11-04,both,Matched,True,False,False,False,0.0,False,False,False
ORD-001059,C01331,Lucas Wright | UAE | Basic,Home & Kitchen,43.35,5,2025-07-03,Retail Store,216.75,Lucas Wright,UAE,Basic,Lucas Wright,UAE,Sharjah,Basic,Consumer,2025-07-07,both,Matched,True,False,False,False,0.0,False,False,False
ORD-001071,C00669,Chloe Miller | United Kingdom | Basic,Clothes,549.47,4,2025-01-09,Mobile App,2197.88,Chloe Miller,United Kingdom,Basic,Chloe Miller,United Kingdom,London,Basic,Consumer,2026-01-09,both,Matched,True,False,False,False,0.0,False,False,False
ORD-001081,C01380,Yusuf Hall | Canada | Basic,Toys,276.6,3,2025-11-30,Website,829.8,Yusuf Hall,Canada,Basic,Yusuf Hall,Canada,Toronto,Basic,Small Business,2026-03-21,both,Matched,True,False,False,False,-1.1368683772161603e-13,False,False,False
ORD-001097,C00884,Amelia Ahmed | Germany | Premium,Books,143.25,3,2025-09-22,Retail Store,429.75,Amelia Ahmed,Germany,Premium,Amelia Ahmed,Germany,,Premium,,,left_only,Not Found,False,False,False,False,0.0,False,False,True
ORD-001098,C02084,Adam Wilson | Australia | Basic,Toys,164.66,6,2025-04-18,Website,987.96,Adam Wilson,Australia,Basic,Adam Wilson,Australia,,Basic,,,left_only,Not Found,False,False,False,False,0.0,False,False,True
ORD-001106,C02284,Leo Davis | Germany | Premium,Office Supplies,567.84,3,2025-01-24,Retail Store,1703.52,Leo Davis,Germany,Premium,Leo Davis,Germany,Hamburg,Premium,Consumer,2025-09-25,both,Matched,True,False,False,False,0.0,False,False,False
ORD-001112,C01497,Emma Wright | Singapore | Plus,Sports,594.61,2,2025-05-14,Retail Store,1189.22,Emma Wright,Singapore,Plus,Emma Wright,Singapore,,Plus,,,left_only,Not Found,False,False,False,False,0.0,False,False,True
ORD-001118,C01747,Lucas Ahmed | Canada | Basic,Home & Kitchen,309.72,3,2026-03-12,Website,929.16,Lucas Ahmed,Canada,Basic,Lucas Ahmed,Canada,,Basic,,,left_only,Not Found,False,False,False,False,-1.1368683772161603e-13,False,False,True
ORD-001120,C01638,Emma Carter | France | Basic,Toys,462.5,2,2025-01-17,Marketplace,925.0,Emma Carter,France,Basic,Emma Carter,France,Nice,Basic,Consumer,2025-12-01,both,Matched,True,False,False,False,0.0,False,False,False
ORD-001126,C02179,Sam Martin | Singapore | Basic,Toys,318.83,3,2026-04-07,Mobile App,956.49,Sam Martin,Singapore,Basic,Sam Martin,Singapore,,Basic,,,left_only,Not Found,False,False,False,False,0.0,False,False,True
ORD-001136,C02551,Daniel Wilson | France | Basic,Electronic Goods,202.56,5,2025-03-19,Mobile App,1012.8,Daniel Wilson,France,Basic,Daniel Wilson,France,,Basic,,,left_only,Not Found,False,False,False,False,0.0,False,False,True
ORD-001139,C02407,Amelia Hall | France | Basic,Sports,66.42,5,2025-02-12,Website,332.1,Amelia Hall,France,Basic,Amelia Hall,France,Bordeaux,Basic,Consumer,2025-04-04,both,Matched,True,False,False,False,0.0,False,False,False
ORD-001146,C00043,Lucas Carter | United States | Basic,Office Supplies,439.08,0,2025-04-13,Website,439.08,Lucas Carter,United States,Basic,Lucas Carter,United States,New York,Basic,Consumer,2025-12-06,both,Matched,True,False,True,True,439.08,False,False,False
ORD-001156,C00125,Maya Green | Canada | Premium,Sports,375.61,4,2025-03-30,Website,1502.44,Maya Green,Canada,Premium,Maya Green,Canada,Vancouver,Premium,Consumer,2025-10-04,both,Matched,True,False,False,False,0.0,False,False,False
ORD-001164,C00053,Amelia Taylor | United Kingdom | Plus,Toys,577.02,3,2025-09-27,Retail Store,1731.06,Amelia Taylor,United Kingdom,Plus,Amelia Taylor,United Kingdom,Manchester,Plus,Small Business,2026-04-07,both,Matched,True,False,False,False,0.0,False,False,False
ORD-001165,C01635,Adam Baker | United States | Plus,Clothing,22.47,5,2025-03-27,Marketplace,112.35,Adam Baker,United States,Plus,Adam Baker,United States,Austin,Plus,Small Business,2025-06-01,both,Matched,True,False,False,False,0.0,False,False,False
ORD-001174,C00301,Jack Baker | Australia | Premium,Home & Kitchen,477.22,5,2026-01-06,Mobile App,2386.1,Jack Baker,Australia,Premium,Jack Baker,Australia,,Premium,,,left_only,Not Found,False,False,False,False,-4.547473508864641e-13,False,False,True
ORD-001176,C01943,Amelia Lewis | France | Basic,Sports,220.41,5,2025-08-15,Mobile App,1102.05,Amelia Lewis,France,Basic,Amelia Lewis,France,Nice,Basic,Consumer,2025-11-04,both,Matched,True,False,False,False,0.0,False,False,False
ORD-001178,C02568,Noah Green | France | Premium,Toys,251.65,3,2025-06-02,Mobile App,754.95,Noah Green,France,Premium,Noah Green,France,Lyon,Premium,Consumer,2026-04-07,both,Matched,True,False,False,False,0.0,False,False,False
ORD-001188,C02671,Daniel Mitchell | Singapore | Basic,Home & Kitchen,324.27,5,2025-09-21,Marketplace,1621.35,Daniel Mitchell,Singapore,Basic,Daniel Mitchell,Singapore,,Basic,,,left_only,Not Found,False,False,False,False,0.0,False,False,True
ORD-001191,C00974,Adam Martin | United Kingdom | Basic,Electronics,370.98,1,2025-07-31,Marketplace,370.98,Adam Martin,United Kingdom,Basic,Adam Martin,United Kingdom,Manchester,Basic,Consumer,2026-01-10,both,Matched,True,False,False,False,0.0,False,False,False
ORD-001196,C01786,Leo Smith | Australia | Basic,Electronics,569.2,6,2025-02-04,Marketplace,3415.2,Leo Smith,Australia,Basic,Leo Smith,Australia,Melbourne,Basic,Small Business,2025-02-12,both,Matched,True,False,False,False,-4.547473508864641e-13,False,False,False
ORD-001197,C00034,Lucas Lee | Australia | Basic,Sports,363.16,3,2025-03-15,Marketplace,1089.48,Lucas Lee,Australia,Basic,Lucas Lee,Australia,Perth,Basic,Consumer,2025-08-05,both,Matched,True,False,False,False,0.0,False,False,False
ORD-001210,C00394,Layla Baker | Germany | Basic,Books,225.34,2,2025-04-13,Retail Store,450.68,Layla Baker,Germany,Basic,Layla Baker,Germany,,Basic,,,left_only,Not Found,False,False,False,False,0.0,False,False,True
ORD-001219,C01179,Zoe Ahmed | Australia | Basic,Books,533.48,1,2025-09-26,Retail Store,533.48,Zoe Ahmed,Australia,Basic,Zoe Ahmed,Australia,Brisbane,Basic,Small Business,2026-03-19,both,Matched,True,False,False,False,0.0,False,False,False
ORD-001221,C01644,Isla Wilson | Germany | Plus,Books,181.21,3,2026-05-15,Marketplace,543.63,Isla Wilson,Germany,Plus,Isla Wilson,Germany,,Plus,,,left_only,Not Found,False,False,False,False,0.0,False,False,True
ORD-001222,C00391,Zoe Ahmed | Australia | Basic,Toys,247.85,6,2025-08-08,Marketplace,1487.1,Zoe Ahmed,Australia,Basic,Zoe Ahmed,Australia,Perth,Basic,Consumer,2025-10-21,both,Matched,True,False,False,False,0.0,False,False,False
ORD-001224,C02264,Liam Martin | UAE | Plus,Electronics,489.3,6,2025-12-19,Retail Store,2935.8,Liam Martin,UAE,Plus,Liam Martin,UAE,Dubai,Plus,Enterprise,2026-02-26,both,Matched,True,False,False,False,0.0,False,False,False
ORD-001225,C02449,Chloe Taylor | Australia | Basic,Books,603.72,3,2025-04-11,Retail Store,1811.16,Chloe Taylor,Australia,Basic,Chloe Taylor,Australia,Brisbane,Basic,Consumer,2026-02-12,both,Matched,True,False,False,False,0.0,False,False,False
ORD-001234,C02003,Isla Martin | Canada | Plus,Toys,614.12,2,2025-11-17,Marketplace,1228.24,Isla Martin,Canada,Plus,Isla Martin,Canada,Calgary,Plus,Consumer,2025-11-30,both,Matched,True,False,False,False,0.0,False,False,False
ORD-001239,C01107,Emma Patel | Germany | Premium,Home & Kitchen,522.04,2,2025-04-20,Mobile App,1044.08,Emma Patel,Germany,Premium,Emma Patel,Germany,Munich,Premium,Consumer,2026-04-03,both,Matched,True,False,False,False,0.0,False,False,False
ORD-001241,C00676,Sam Nelson | France | Plus,Office Supplies,153.16,5,2026-02-19,Mobile App,765.8,Sam Nelson,France,Plus,Sam Nelson,France,,Plus,,,left_only,Not Found,False,False,False,False,0.0,False,False,True
ORD-001246,C02988,Ryan Clark | UAE | Basic,Office Supplies,462.1,3,2025-03-11,Mobile App,1386.3,Ryan Clark,UAE,Basic,Ryan Clark,UAE,Dubai,Basic,Small Business,2025-06-25,both,Matched,True,False,False,False,-2.2737367544323206e-13,False,False,False
ORD-001247,C02075,Noah Patel | Germany | Basic,Toys,74.12,5,2025-05-10,Mobile App,370.6,Noah Patel,Germany,Basic,Noah Patel,Germany,Berlin,Basic,Enterprise,2025-12-19,both,Matched,True,False,False,False,0.0,False,False,False
ORD-001253,C00350,Jack Wright | Canada | Basic,Sports,128.02,4,2025-01-19,Marketplace,512.08,Jack Wright,Canada,Basic,Jack Wright,Canada,Vancouver,Basic,Consumer,2026-03-12,both,Matched,True,False,False,False,0.0,False,False,False
ORD-001254,C00592,Ava Young | United States | Premium,Electronics,420.93,6,2025-04-13,Mobile App,2525.58,Ava Young,United States,Premium,Ava Young,United States,Austin,Premium,Consumer,2025-08-26,both,Matched,True,False,False,False,0.0,False,False,False
ORD-001257,C02712,Ella Moore | Canada | Premium,Sports,179.02,3,2025-03-03,Website,537.06,Ella Moore,Canada,Premium,Ella Moore,Canada,Calgary,Premium,Enterprise,2025-10-04,both,Matched,True,False,False,False,-1.1368683772161603e-13,False,False,False
ORD-001266,C02519,Daniel Garcia | Germany | Basic,Toys,385.82,1,2025-03-27,Retail Store,385.82,Daniel Garcia,Germany,Basic,Daniel Garcia,Germany,Frankfurt,Basic,Enterprise,2025-04-13,both,Matched,True,False,False,False,0.0,False,False,False
ORD-001267,C00152,Maya Wright | Canada | Premium,Clothing,491.13,6,2025-01-21,Retail Store,2946.78,Maya Wright,Canada,Premium,Maya Wright,Canada,Ottawa,Premium,Consumer,2025-02-26,both,Matched,True,False,False,False,4.547473508864641e-13,False,False,False
ORD-001268,C01025,Noah Lee | United Kingdom | Plus,Electronics,463.45,6,,Website,2780.7,Noah Lee,United Kingdom,Plus,Noah Lee,United Kingdom,London,Plus,Consumer,2023-05-02,both,Matched,False,False,False,False,0.0,False,True,False
ORD-001275,C01503,Emma Hassan | United States | Basic,Books,563.16,2,2025-08-26,Mobile App,1126.32,Emma Hassan,United States,Basic,Emma Hassan,United States,Chicago,Basic,Small Business,2026-04-06,both,Matched,True,False,False,False,0.0,False,False,False
ORD-001276,C01508,Layla Martin | United States | Premium,Sports,130.94,3,2025-03-26,Website,392.82,Layla Martin,United States,Premium,Layla Martin,United States,Chicago,Premium,Small Business,2025-07-19,both,Matched,True,False,False,False,0.0,False,False,False
ORD-001281,C02320,Olivia Adams | Canada | Basic,Electronics,526.66,3,2026-04-10,Website,1579.98,Olivia Adams,Canada,Basic,Olivia Adams,Canada,,Basic,,,left_only,Not Found,False,False,False,False,0.0,False,False,True
ORD-001289,C00328,Emma Brown | UAE | Premium,Office Supplies,153.76,1,2025-07-01,Marketplace,153.76,Emma Brown,UAE,Premium,Emma Brown,UAE,,Premium,,,left_only,Not Found,False,False,False,False,0.0,False,False,True
ORD-001290,C02377,Lina Hall | Australia | Basic,Toys,473.5,6,2025-12-08,Retail Store,2841.0,Lina Hall,Australia,Basic,Lina Hall,Australia,Perth,Basic,Consumer,2026-02-04,both,Matched,True,False,False,False,0.0,False,False,False
ORD-001294,C00665,Sam Baker | UAE | Premium,Office Supplies,508.3,5,2026-01-04,Marketplace,2541.5,Sam Baker,UAE,Premium,Sam Baker,UAE,Dubai,Premium,Consumer,2026-04-08,both,Matched,True,False,False,False,0.0,False,False,False
ORD-001318,C00502,Adam Lewis | United Kingdom | Basic,Sports,29.46,4,2025-04-06,Marketplace,117.84,Adam Lewis,United Kingdom,Basic,Adam Lewis,United Kingdom,London,Basic,Consumer,2025-05-09,both,Matched,True,False,False,False,0.0,False,False,False
ORD-001322,C02731,Amelia Lee | Singapore | Plus,Toys,281.92,1,2025-08-29,Mobile App,281.92,Amelia Lee,Singapore,Plus,Amelia Lee,Singapore,,Plus,,,left_only,Not Found,False,False,False,False,0.0,False,False,True
ORD-001323,C00749,Daniel Brown | Germany | Basic,Electronics,215.79,1,2025-02-12,Mobile App,215.79,Daniel Brown,Germany,Basic,Daniel Brown,Germany,Berlin,Basic,Small Business,2026-01-03,both,Matched,True,False,False,False,0.0,False,False,False
ORD-001325,C02790,Nora Thomas | United States | Basic,Beauty,490.75,6,2025-03-26,Retail Store,2944.5,Nora Thomas,United States,Basic,Nora Thomas,United States,Seattle,Basic,Enterprise,2025-04-16,both,Matched,True,False,False,False,0.0,False,False,False
ORD-001333,C00201,Omar Smith | Singapore | Premium,Home & Kitchen,293.69,3,2025-06-07,Mobile App,881.07,Omar Smith,Singapore,Premium,Omar Smith,Singapore,Singapore,Premium,Consumer,2026-03-20,both,Matched,True,False,False,False,1.1368683772161603e-13,False,False,False
ORD-001343,C01225,Liam Moore | Canada | Basic,Office Supplies,272.24,5,2026-01-30,Mobile App,1361.2,Liam Moore,Canada,Basic,Liam Moore,Canada,Ottawa,Basic,Consumer,2026-03-04,both,Matched,True,False,False,False,0.0,False,False,False
ORD-001344,C01417,James Mitchell | France | Plus,Home & Kitchen,160.24,5,2025-03-13,Mobile App,801.2,James Mitchell,France,Plus,James Mitchell,France,Bordeaux,Plus,Consumer,2025-11-17,both,Matched,True,False,False,False,0.0,False,False,False
ORD-001350,C01107,Emma Patel | Germany | Premium,Electronics,195.76,2,2026-03-05,Website,391.52,Emma Patel,Germany,Premium,Emma Patel,Germany,Munich,Premium,Consumer,2026-04-03,both,Matched,True,False,False,False,0.0,False,False,False
ORD-001352,C02864,James Ahmed | Germany | Basic,Clothing,274.27,4,2025-10-22,Mobile App,1097.08,James Ahmed,Germany,Basic,James Ahmed,Germany,Hamburg,Basic,Small Business,2026-03-08,both,Matched,True,False,False,False,0.0,False,False,False
ORD-001353,C01661,Layla Taylor | Australia | Basic,Toys,542.89,6,2025-05-09,Marketplace,3257.34,Layla Taylor,Australia,Basic,Layla Taylor,Australia,Melbourne,Basic,Consumer,2025-11-01,both,Matched,True,False,False,False,0.0,False,False,False
ORD-001357,C00756,Chloe Smith | Germany | Basic,Beauty,173.67,1,2025-12-03,Retail Store,173.67,Chloe Smith,Germany,Basic,Chloe Smith,Germany,Munich,Basic,Consumer,2026-01-08,both,Matched,True,False,False,False,0.0,False,False,False
ORD-001358,C02342,Ryan Adams | UAE | Premium,Electronics,49.76,6,2025-09-30,Mobile App,298.56,Ryan Adams,UAE,Premium,Ryan Adams,UAE,,Premium,,,left_only,Not Found,False,False,False,False,0.0,False,False,True
ORD-001362,C01021,Ryan Smith | Singapore | Basic,Electronic Goods,284.59,2,2025-06-17,Marketplace,569.18,Ryan Smith,Singapore,Basic,Ryan Smith,Singapore,Singapore,Basic,Consumer,2025-06-24,both,Matched,True,False,False,False,0.0,False,False,False
ORD-001364,C02479,Ryan Johnson | United Kingdom | Plus,Electronics,631.62,6,2025-02-26,Retail Store,3789.72,Ryan Johnson,United Kingdom,Plus,Ryan Johnson,United Kingdom,Manchester,Plus,Consumer,2025-12-11,both,Matched,True,False,False,False,-4.547473508864641e-13,False,False,False
ORD-001376,C00782,Zoe Wilson | Germany | Basic,Office Supplies,155.37,2,2025-02-15,Marketplace,310.74,Zoe Wilson,Germany,Basic,Zoe Wilson,Germany,Munich,Basic,Small Business,2025-03-15,both,Matched,True,False,False,False,0.0,False,False,False
ORD-001377,C00298,Lina Lee | Singapore | Basic,Toys,535.31,2,2025-12-01,Website,1070.62,Lina Lee,Singapore,Basic,Lina Lee,Singapore,,Basic,,,left_only,Not Found,False,False,False,False,0.0,False,False,True
ORD-001380,C02653,Isla Hassan | Germany | Basic,Books,203.81,4,2025-03-22,Mobile App,815.24,Isla Hassan,Germany,Basic,Isla Hassan,Germany,Hamburg,Basic,Consumer,2026-03-15,both,Matched,True,False,False,False,0.0,False,False,False
ORD-001383,C01431,Sophia Smith | France | Premium,Sports,400.22,3,2025-09-18,Website,1200.66,Sophia Smith,France,Premium,Sophia Smith,France,Lyon,Premium,Enterprise,2025-11-21,both,Matched,True,False,False,False,0.0,False,False,False
ORD-001385,C02033,Adam Brown | United States | Plus,Home & Kitchen,285.22,4,2025-08-25,Mobile App,1140.88,Adam Brown,United States,Plus,Adam Brown,United States,,Plus,,,left_only,Not Found,False,False,False,False,0.0,False,False,True
ORD-001388,C02934,Sophia Smith | United States | Plus,Toys,13.45,2,2025-01-01,Retail Store,26.9,Sophia Smith,United States,Plus,Sophia Smith,United States,Seattle,Plus,Consumer,2025-06-20,both,Matched,True,False,False,False,0.0,False,False,False
ORD-001396,C00363,Zoe Moore | United Kingdom | Basic,Clothing,36.89,5,2025-12-25,Website,184.45,Zoe Moore,United Kingdom,Basic,Zoe Moore,United Kingdom,London,Basic,Small Business,2026-03-06,both,Matched,True,False,False,False,0.0,False,False,False
ORD-001400,C00633,Emma Davis | United States | Basic,Sports,277.33,3,2025-01-19,Retail Store,831.99,Emma Davis,United States,Basic,Emma Davis,United States,Chicago,Basic,Consumer,2025-03-11,both,Matched,True,True,False,False,0.0,False,False,False
ORD-001408,C02564,Yusuf King | France | Premium,Office Supplies,17.95,2,2025-02-03,Mobile App,35.9,Yusuf King,France,Premium,Yusuf King,France,Paris,Premium,Consumer,2025-03-03,both,Matched,True,False,False,False,0.0,False,False,False
ORD-001412,C02758,Daniel Hassan | France | Basic,Beauty,99.75,1,2025-02-28,Mobile App,99.75,Daniel Hassan,France,Basic,Daniel Hassan,France,,Basic,,,left_only,Not Found,False,False,False,False,0.0,False,False,True
ORD-001417,C01019,Mia Adams | Australia | Plus,Sports,25.17,1,2025-03-23,Marketplace,25.17,Mia Adams,Australia,Plus,Mia Adams,Australia,Melbourne,Plus,Consumer,2025-12-12,both,Matched,True,False,False,False,0.0,False,False,False
ORD-001419,C02015,Sophia Wilson | Australia | Basic,Books,371.41,5,2026-02-27,Marketplace,1857.05,Sophia Wilson,Australia,Basic,Sophia Wilson,Australia,,Basic,,,left_only,Not Found,False,False,False,False,-2.2737367544323206e-13,False,False,True
ORD-001432,C01893,Daniel Thomas | United States | Basic,Home & Kitchen,152.94,1,2025-03-17,Website,152.94,Daniel Thomas,United States,Basic,Daniel Thomas,United States,Seattle,Basic,Consumer,2025-06-29,both,Matched,True,False,False,False,0.0,False,False,False
ORD-001434,C00498,Ethan Hassan | United States | Premium,Sports,11.61,4,2025-03-29,Website,46.44,Ethan Hassan,United States,Premium,Ethan Hassan,United States,Chicago,Premium,Small Business,2026-03-08,both,Matched,True,False,False,False,0.0,False,False,False
ORD-001436,C02377,Lina Hall | Australia | Basic,Beauty,622.0,4,2025-05-27,Marketplace,2488.0,Lina Hall,Australia,Basic,Lina Hall,Australia,Perth,Basic,Consumer,2026-02-04,both,Matched,True,False,False,False,0.0,False,False,False
ORD-001438,C00260,Olivia Miller | Germany | Plus,Electronics,187.98,1,2025-07-22,Website,187.98,Olivia Miller,Germany,Plus,Olivia Miller,Germany,,Plus,,,left_only,Not Found,False,False,False,False,0.0,False,False,True
ORD-001454,C02084,Adam Wilson | Australia | Basic,Books,15.29,4,2025-09-10,Retail Store,61.16,Adam Wilson,Australia,Basic,Adam Wilson,Australia,,Basic,,,left_only,Not Found,False,False,False,False,0.0,False,False,True
ORD-001457,C02440,Nora Patel | Australia | Basic,Sports,292.87,0,2025-04-16,Website,292.87,Nora Patel,Australia,Basic,Nora Patel,Australia,Melbourne,Basic,Consumer,2024-05-12,both,Matched,False,False,True,True,292.87,False,False,False
ORD-001458,C00303,Noah Patel | Australia | Basic,Office Supplies,495.09,6,2025-02-23,Website,2970.54,Noah Patel,Australia,Basic,Noah Patel,Australia,Melbourne,Basic,Consumer,2025-08-25,both,Matched,True,False,False,False,0.0,False,False,False
ORD-001460,C01461,Ryan Wright | United Kingdom | Basic,Clothing,295.17,4,2025-08-21,Mobile App,1180.68,Ryan Wright,United Kingdom,Basic,Ryan Wright,United Kingdom,Leeds,Basic,Enterprise,2025-10-28,both,Matched,True,False,False,False,0.0,False,False,False
ORD-001462,C00663,Mia Johnson | UAE | Premium,Sports,315.93,1,2025-01-28,Mobile App,315.93,Mia Johnson,UAE,Premium,Mia Johnson,UAE,Abu Dhabi,Premium,Consumer,2025-04-10,both,Matched,True,False,False,False,0.0,False,False,False
ORD-001463,C02978,Maya Davis | United States | Plus,Sports,570.61,1,2025-02-26,Marketplace,570.61,Maya Davis,United States,Plus,Maya Davis,United States,Seattle,Plus,Small Business,2026-01-04,both,Matched,True,False,False,False,0.0,False,False,False
ORD-001467,C01119,Emma Young | United Kingdom | Basic,Office Supplies,604.44,2,2025-07-20,Marketplace,1208.88,Emma Young,United Kingdom,Basic,Emma Young,United Kingdom,Bristol,Basic,Consumer,2025-09-09,both,Matched,True,False,False,False,0.0,False,False,False
ORD-001471,C00137,Ella Smith | Canada | Premium,Toys,366.8,3,2025-04-14,Retail Store,1100.4,Ella Smith,Canada,Premium,Ella Smith,Canada,Calgary,Premium,Consumer,2025-09-29,both,Matched,True,False,False,False,0.0,False,False,False
ORD-001484,C02787,Olivia Young | Canada | Premium,Toys,440.45,2,2025-08-12,Website,880.9,Olivia Young,Canada,Premium,Olivia Young,Canada,Ottawa,Premium,Consumer,2026-01-04,both,Matched,True,False,False,False,0.0,False,False,False
ORD-001489,C00498,Ethan Hassan | United States | Premium,Office Supplies,412.08,6,2025-08-17,Website,2472.48,Ethan Hassan,United States,Premium,Ethan Hassan,United States,Chicago,Premium,Small Business,2026-03-08,both,Matched,True,False,False,False,0.0,False,False,False
ORD-001494,C02602,James Khan | United Kingdom | Basic,Toys,119.81,1,2025-09-04,Retail Store,119.81,James Khan,United Kingdom,Basic,James Khan,United Kingdom,London,Basic,Consumer,2026-01-22,both,Matched,True,False,False,False,0.0,False,False,False
ORD-001496,C01283,Ava Clark | France | Plus,Beauty,496.83,4,2025-09-22,Marketplace,1987.32,Ava Clark,France,Plus,Ava Clark,France,Bordeaux,Plus,Consumer,2026-01-06,both,Matched,True,False,False,False,0.0,False,False,False
ORD-001497,C02801,Lucas Patel | Canada | Basic,Books,522.42,2,,Retail Store,1044.84,Lucas Patel,Canada,Basic,Lucas Patel,Canada,,Basic,,,left_only,Not Found,False,False,False,False,0.0,False,True,True
ORD-001500,C02302,Yusuf Mitchell | Canada | Premium,Office Supplies,211.34,3,2025-12-23,Website,634.02,Yusuf Mitchell,Canada,Premium,Yusuf Mitchell,Canada,Calgary,Premium,Consumer,2026-02-07,both,Matched,True,False,False,False,0.0,False,False,False
ORD-001505,C02084,Adam Wilson | Australia | Basic,Books,120.07,1,2025-11-24,Marketplace,120.07,Adam Wilson,Australia,Basic,Adam Wilson,Australia,,Basic,,,left_only,Not Found,False,False,False,False,0.0,False,False,True
ORD-001507,C02003,Isla Martin | Canada | Plus,Clothing,370.08,1,2025-05-30,Marketplace,370.08,Isla Martin,Canada,Plus,Isla Martin,Canada,Calgary,Plus,Consumer,2025-11-30,both,Matched,True,False,False,False,0.0,False,False,False
ORD-001512,C01481,Mia Clark | United Kingdom | Basic,Toys,484.95,1,2026-06-05,Mobile App,484.95,Mia Clark,United Kingdom,Basic,Mia Clark,United Kingdom,,Basic,,,left_only,Not Found,False,False,False,False,0.0,False,False,True
ORD-001522,C00528,Ella Baker | United Kingdom | Basic,Toys,450.88,2,2025-01-14,Mobile App,901.76,Ella Baker,United Kingdom,Basic,Ella Baker,United Kingdom,Manchester,Basic,Enterprise,2025-06-26,both,Matched,True,False,False,False,0.0,False,False,False
ORD-001531,C01349,Lina Walker | United States | Plus,Home & Kitchen,99.19,0,2026-02-27,Mobile App,297.57,Lina Walker,United States,Plus,Lina Walker,United States,Austin,Plus,Consumer,2023-05-24,both,Matched,False,False,True,True,297.57,False,False,False
ORD-001534,C02994,Liam Wilson | France | Basic,Sports,462.61,2,2026-01-17,Mobile App,925.22,Liam Wilson,France,Basic,Liam Wilson,France,Paris,Basic,Small Business,2026-02-07,both,Matched,True,False,False,False,0.0,False,False,False
ORD-001538,C01658,Liam Hassan | United States | Plus,Beauty,566.71,6,2025-07-23,Marketplace,3400.26,Liam Hassan,United States,Plus,Liam Hassan,United States,Austin,Plus,Consumer,2025-10-11,both,Matched,True,False,False,False,0.0,False,False,False
ORD-001547,C02788,Amelia Taylor | Singapore | Basic,Sports,519.88,5,2025-08-17,Website,2599.4,Amelia Taylor,Singapore,Basic,Amelia Taylor,Singapore,Singapore,Basic,Consumer,2026-02-18,both,Matched,True,False,False,False,0.0,False,False,False
ORD-001560,C01281,Omar Garcia | France | Basic,Office Supplies,431.2,6,,Marketplace,2587.2,Omar Garcia,France,Basic,Omar Garcia,France,Lyon,Basic,Small Business,2023-03-03,both,Matched,False,False,False,False,0.0,False,True,False
ORD-001561,C00452,Olivia Lewis | United Kingdom | Basic,Electronics,589.37,5,2025-06-24,Retail Store,2946.85,Olivia Lewis,United Kingdom,Basic,Olivia Lewis,United Kingdom,Leeds,Basic,Consumer,2025-10-20,both,Matched,True,False,False,False,0.0,False,False,False
ORD-001563,C01852,Lina Wright | France | Premium,Clothing,450.42,1,2025-02-01,Marketplace,450.42,Lina Wright,France,Premium,Lina Wright,France,Bordeaux,Premium,Consumer,2025-02-03,both,Matched,True,False,False,False,0.0,False,False,False
ORD-001575,C00487,James Davis | United States | Plus,Books,176.14,2,2025-02-24,Mobile App,352.28,James Davis,United States,Plus,James Davis,United States,Austin,Plus,Enterprise,2025-03-06,both,Matched,True,False,False,False,0.0,False,False,False
ORD-001578,C01508,Layla Martin | United States | Premium,Clothes,594.26,1,2025-06-02,Website,594.26,Layla Martin,United States,Premium,Layla Martin,United States,Chicago,Premium,Small Business,2025-07-19,both,Matched,True,False,False,False,0.0,False,False,False
ORD-001584,C01582,Jack Ahmed | UAE | Basic,Books,454.02,5,2025-09-12,Website,2270.1,Jack Ahmed,UAE,Basic,Jack Ahmed,UAE,,Basic,,,left_only,Not Found,False,False,False,False,0.0,False,False,True
ORD-001590,C01738,Nora Hall | United Kingdom | Basic,Electronics,125.57,6,2025-03-05,Retail Store,753.42,Nora Hall,United Kingdom,Basic,Nora Hall,United Kingdom,Manchester,Basic,Enterprise,2025-04-19,both,Matched,True,False,False,False,0.0,False,False,False
ORD-001591,C01535,Lucas King | Singapore | Basic,Clothes,74.44,4,2025-02-08,Retail Store,297.76,Lucas King,Singapore,Basic,Lucas King,Singapore,Singapore,Basic,Consumer,2025-12-31,both,Matched,True,False,False,False,0.0,False,False,False
ORD-001593,C00708,Sam King | Canada | Basic,Electronics,552.56,5,2025-09-16,Marketplace,2762.8,Sam King,Canada,Basic,Sam King,Canada,Ottawa,Basic,Consumer,2026-03-25,both,Matched,True,False,False,False,4.547473508864641e-13,False,False,False
ORD-001598,C00710,Sophia Wilson | UAE | Plus,Toys,584.28,1,2025-05-09,Mobile App,584.28,Sophia Wilson,UAE,Plus,Sophia Wilson,UAE,Abu Dhabi,Plus,Consumer,2025-10-20,both,Matched,True,False,False,False,0.0,False,False,False
ORD-001617,C01529,Isla Carter | Germany | Basic,Books,516.23,4,2025-03-28,Website,2064.92,Isla Carter,Germany,Basic,Isla Carter,Germany,Hamburg,Basic,Consumer,2025-08-01,both,Matched,True,False,False,False,0.0,False,False,False
ORD-001623,C00276,Emma Wilson | Germany | Basic,Home & Kitchen,601.91,5,2025-02-22,Retail Store,3009.55,Emma Wilson,Germany,Basic,Emma Wilson,Germany,,Basic,,,left_only,Not Found,False,False,False,False,4.547473508864641e-13,False,False,True
ORD-001640,C00749,Daniel Brown | Germany | Basic,Books,211.39,2,2026-03-28,Website,462.78,Daniel Brown,Germany,Basic,Daniel Brown,Germany,Berlin,Basic,Small Business,2026-01-03,both,Matched,False,False,False,True,40.0,False,False,False
ORD-001645,C02840,Lina Mitchell | Australia | Basic,Electronics,575.95,1,2025-06-01,Retail Store,575.95,Lina Mitchell,Australia,Basic,Lina Mitchell,Australia,Melbourne,Basic,Consumer,2025-06-02,both,Matched,True,False,False,False,0.0,False,False,False
ORD-001656,C02958,Zoe Ahmed | Canada | Premium,Sports,451.63,1,2026-03-22,Mobile App,451.63,Zoe Ahmed,Canada,Premium,Zoe Ahmed,Canada,,Premium,,,left_only,Not Found,False,False,False,False,0.0,False,False,True
ORD-001657,C02849,Jack Hassan | Germany | Premium,Office Supplies,642.21,1,2025-08-02,Marketplace,642.21,Jack Hassan,Germany,Premium,Jack Hassan,Germany,Hamburg,Premium,Consumer,2026-02-07,both,Matched,True,False,False,False,0.0,False,False,False
ORD-001687,C01402,Olivia Taylor | Canada | Premium,Clothing,342.38,4,2025-08-17,Retail Store,1369.52,Olivia Taylor,Canada,Premium,Olivia Taylor,Canada,,Premium,,,left_only,Not Found,False,False,False,False,0.0,False,False,True
ORD-001690,C02162,Nora Martin | United States | Basic,Toys,251.72,3,2025-01-11,Marketplace,830.16,Nora Martin,United States,Basic,Nora Martin,United States,New York,Basic,Consumer,2023-10-22,both,Matched,False,False,False,True,75.0,False,False,False
ORD-001704,C00105,Lucas King | Australia | Plus,Clothing,161.69,6,2026-02-01,Mobile App,970.14,Lucas King,Australia,Plus,Lucas King,Australia,Brisbane,Plus,Consumer,2026-02-07,both,Matched,True,False,False,False,0.0,False,False,False
ORD-001709,C01227,Isla Thomas | Australia | Basic,Clothing,197.58,6,2025-06-02,Website,1185.48,Isla Thomas,Australia,Basic,Isla Thomas,Australia,Brisbane,Basic,Small Business,2025-12-27,both,Matched,True,False,False,False,0.0,False,False,False
ORD-001714,C02877,Ethan Lee | UAE | Premium,Beauty,157.56,4,2025-01-23,Marketplace,630.24,Ethan Lee,UAE,Premium,Ethan Lee,UAE,Sharjah,Premium,Consumer,2026-01-12,both,Matched,True,False,False,False,0.0,False,False,False
ORD-001715,C00370,Daniel Clark | Germany | Basic,Beauty,536.11,1,2025-02-09,Marketplace,536.11,Daniel Clark,Germany,Basic,Daniel Clark,Germany,Frankfurt,Basic,Small Business,2025-02-17,both,Matched,True,False,False,False,0.0,False,False,False
ORD-001718,C01331,Lucas Wright | UAE | Basic,Books,363.24,1,2025-03-31,Website,363.24,Lucas Wright,UAE,Basic,Lucas Wright,UAE,Sharjah,Basic,Consumer,2025-07-07,both,Matched,True,False,False,False,0.0,False,False,False
ORD-001725,C02370,Liam Lewis | Canada | Premium,Toys,527.65,3,2025-06-11,Mobile App,1657.95,Liam Lewis,Canada,Premium,Liam Lewis,Canada,Toronto,Premium,Consumer,2023-05-14,both,Matched,False,False,False,True,75.00000000000023,False,False,False
ORD-001730,C00349,Sam Clark | UAE | Basic,Electronics,451.33,2,2025-04-05,Website,902.66,Sam Clark,UAE,Basic,Sam Clark,UAE,Dubai,Basic,Enterprise,2026-04-01,both,Matched,True,False,False,False,0.0,False,False,False
ORD-001731,C02074,Ava Green | United Kingdom | Basic,Office Supplies,529.94,3,2025-01-31,Website,1589.82,Ava Green,United Kingdom,Basic,Ava Green,United Kingdom,Bristol,Basic,Consumer,2026-02-14,both,Matched,True,False,False,False,-2.2737367544323206e-13,False,False,False
ORD-001740,C02812,Lucas Khan | United Kingdom | Plus,Sports,641.53,2,2025-09-11,Mobile App,1283.06,Lucas Khan,United Kingdom,Plus,Lucas Khan,United Kingdom,Manchester,Plus,Enterprise,2025-11-15,both,Matched,True,False,False,False,0.0,False,False,False
ORD-001744,C01383,Lina Hassan | United States | Premium,Office Supplies,355.55,6,2026-06-23,Mobile App,2133.3,Lina Hassan,United States,Premium,Lina Hassan,United States,,Premium,,,left_only,Not Found,False,False,False,False,0.0,False,False,True
ORD-001745,C02553,Layla Mitchell | Australia | Plus,Beauty,392.86,3,2025-01-06,Retail Store,1178.58,Layla Mitchell,Australia,Plus,Layla Mitchell,Australia,Brisbane,Plus,Consumer,2025-01-10,both,Matched,True,False,False,False,0.0,False,False,False
ORD-001746,C00764,Layla Johnson | United Kingdom | Basic,Beauty,594.32,3,2025-05-25,Marketplace,1782.96,Layla Johnson,United Kingdom,Basic,Layla Johnson,United Kingdom,Bristol,Basic,Consumer,2025-11-29,both,Matched,True,False,False,False,0.0,False,False,False
ORD-001748,C02541,Yusuf Hassan | United Kingdom | Basic,Home & Kitchen,509.76,4,2025-08-08,Marketplace,2039.04,Yusuf Hassan,United Kingdom,Basic,Yusuf Hassan,United Kingdom,,Basic,,,left_only,Not Found,False,False,False,False,0.0,False,False,True
ORD-001758,C01697,Yusuf Moore | France | Plus,Toys,255.96,3,2025-02-01,Mobile App,767.88,Yusuf Moore,France,Plus,Yusuf Moore,France,Paris,Plus,Consumer,2025-02-11,both,Matched,True,False,False,False,0.0,False,False,False
ORD-001759,C01537,Sara Wright | Australia | Basic,Home & Kitchen,114.4,5,2025-01-23,Marketplace,572.0,Sara Wright,Australia,Basic,Sara Wright,Australia,Perth,Basic,Consumer,2025-09-22,both,Matched,True,False,False,False,0.0,False,False,False
ORD-001762,C02048,Amelia Taylor | Australia | Premium,Office Supplies,525.97,3,2025-07-23,Marketplace,1577.91,Amelia Taylor,Australia,Premium,Amelia Taylor,Australia,Brisbane,Premium,Small Business,2026-02-21,both,Matched,True,False,False,False,0.0,False,False,False
ORD-001763,C02772,Omar Patel | United States | Premium,Books,187.92,3,2025-12-13,Marketplace,563.76,Omar Patel,United States,Premium,Omar Patel,United States,Austin,Premium,Consumer,2026-02-11,both,Matched,True,False,False,False,0.0,False,False,False
ORD-001764,C02764,Yusuf Nelson | United States | Premium,Toys,13.2,1,2025-01-08,Website,13.2,Yusuf Nelson,United States,Premium,Yusuf Nelson,United States,New York,Premium,Consumer,2026-02-02,both,Matched,True,False,False,False,0.0,False,False,False
ORD-001766,C02141,Ryan Green | UAE | Premium,Toys,590.31,4,2025-05-09,Website,2361.24,Ryan Green,UAE,Premium,Ryan Green,UAE,Abu Dhabi,Premium,Enterprise,2026-03-06,both,Matched,True,False,False,False,0.0,False,False,False
ORD-001768,C02192,Mia Miller | Canada | Basic,Clothes,612.93,1,2025-11-29,Retail Store,612.93,Mia Miller,Canada,Basic,Mia Miller,Canada,Calgary,Basic,Consumer,2026-01-03,both,Matched,True,False,False,False,0.0,False,False,False
ORD-001769,C00088,Sophia Green | Germany | Plus,Sports,395.93,6,2025-03-29,Retail Store,2375.58,Sophia Green,Germany,Plus,Sophia Green,Germany,Hamburg,Plus,Consumer,2025-05-13,both,Matched,True,False,False,False,0.0,False,False,False
ORD-001773,C02919,Liam Garcia | United Kingdom | Basic,Clothing,203.39,1,2025-07-05,Marketplace,203.39,Liam Garcia,United Kingdom,Basic,Liam Garcia,United Kingdom,Leeds,Basic,Consumer,2026-01-31,both,Matched,True,False,False,False,0.0,False,False,False
ORD-001776,C00535,Lucas Young | Singapore | Basic,Office Supplies,12.48,5,2025-01-13,Website,62.4,Lucas Young,Singapore,Basic,Lucas Young,Singapore,Singapore,Basic,Small Business,2026-02-03,both,Matched,True,False,False,False,-7.105427357601002e-15,False,False,False
ORD-001777,C01700,Lucas Clark | United Kingdom | Basic,Home & Kitchen,139.02,4,2025-11-10,Retail Store,556.08,Lucas Clark,United Kingdom,Basic,Lucas Clark,United Kingdom,London,Basic,Small Business,2026-01-03,both,Matched,True,False,False,False,0.0,False,False,False
ORD-001795,C02292,Maya Clark | Australia | Basic,Office Supplies,308.68,1,2025-05-04,Mobile App,308.68,Maya Clark,Australia,Basic,Maya Clark,Australia,Brisbane,Basic,Small Business,2025-10-14,both,Matched,True,False,False,False,0.0,False,False,False
ORD-001800,C00259,Sophia Taylor | UAE | Basic,Toys,347.77,6,2025-04-22,Website,2086.62,Sophia Taylor,UAE,Basic,Sophia Taylor,UAE,Dubai,Basic,Small Business,2025-06-30,both,Matched,True,False,False,False,0.0,False,False,False
ORD-001807,C02758,Daniel Hassan | France | Basic,Books,210.96,4,2025-05-17,Retail Store,843.84,Daniel Hassan,France,Basic,Daniel Hassan,France,,Basic,,,left_only,Not Found,False,False,False,False,0.0,False,False,True
ORD-001810,C00015,Mia Lewis | UAE | Plus,Electronics,498.83,3,2025-06-02,Website,1496.49,Mia Lewis,UAE,Plus,Mia Lewis,UAE,Dubai,Plus,Consumer,2026-04-12,both,Matched,True,False,False,False,0.0,False,False,False
ORD-001811,C00762,Ryan Anderson | United Kingdom | Plus,Toys,400.36,4,2025-08-20,Website,1601.44,Ryan Anderson,United Kingdom,Plus,Ryan Anderson,United Kingdom,Leeds,Plus,Consumer,2026-02-16,both,Matched,True,False,False,False,0.0,False,False,False
ORD-001817,C02950,Maya Anderson | United States | Premium,Clothing,264.14,2,2026-02-22,Mobile App,528.28,Maya Anderson,United States,Premium,Maya Anderson,United States,,Premium,,,left_only,Not Found,False,False,False,False,0.0,False,False,True
ORD-001820,C01907,Olivia Mitchell | France | Basic,Beauty,327.01,2,2025-06-30,Mobile App,654.02,Olivia Mitchell,France,Basic,Olivia Mitchell,France,Paris,Basic,Consumer,2026-03-11,both,Matched,True,False,False,False,0.0,False,False,False
ORD-001823,C01826,Layla Thomas | United States | Basic,Electronics,157.34,2,2025-07-21,Website,314.68,Layla Thomas,United States,Basic,Layla Thomas,United States,Seattle,Basic,Consumer,2025-09-07,both,Matched,True,False,False,False,0.0,False,False,False
ORD-001826,C00898,Jack Miller | Canada | Plus,Office Supplies,522.11,5,2026-01-16,Website,2610.55,Jack Miller,Canada,Plus,Jack Miller,Canada,Toronto,Plus,Consumer,2026-03-19,both,Matched,True,False,False,False,0.0,False,False,False
ORD-001831,C02653,Isla Hassan | Germany | Basic,Toys,403.76,3,2025-09-27,Mobile App,1211.28,Isla Hassan,Germany,Basic,Isla Hassan,Germany,Hamburg,Basic,Consumer,2026-03-15,both,Matched,True,False,False,False,0.0,False,False,False
ORD-001834,C00676,Sam Nelson | France | Plus,Home & Kitchen,494.23,3,2026-03-07,Marketplace,1482.69,Sam Nelson,France,Plus,Sam Nelson,France,,Plus,,,left_only,Not Found,False,False,False,False,0.0,False,False,True
ORD-001849,C00394,Layla Baker | Germany | Basic,Home & Kitchen,201.77,1,2026-06-16,Retail Store,201.77,Layla Baker,Germany,Basic,Layla Baker,Germany,,Basic,,,left_only,Not Found,False,False,False,False,0.0,False,False,True
ORD-001858,C02701,Lucas Johnson | United Kingdom | Plus,Clothing,597.57,3,2025-03-31,Mobile App,1792.71,Lucas Johnson,United Kingdom,Plus,Lucas Johnson,United Kingdom,London,Plus,Small Business,2025-04-10,both,Matched,True,False,False,False,0.0,False,False,False
ORD-001862,C00614,Nora Martin | United Kingdom | Premium,Sports,421.86,5,2026-02-04,Marketplace,2109.3,Nora Martin,United Kingdom,Premium,Nora Martin,United Kingdom,,Premium,,,left_only,Not Found,False,False,False,False,0.0,False,False,True
ORD-001864,C01029,Layla Carter | United Kingdom | Plus,Toys,647.91,2,2025-07-11,Website,1295.82,Layla Carter,United Kingdom,Plus,Layla Carter,United Kingdom,London,Plus,Small Business,2025-12-19,both,Matched,True,False,False,False,0.0,False,False,False
ORD-001865,C02810,Sophia Davis | Germany | Basic,Clothing,331.58,2,2025-03-07,Website,663.16,Sophia Davis,Germany,Basic,Sophia Davis,Germany,Berlin,Basic,Consumer,2025-07-11,both,Matched,True,False,False,False,0.0,False,False,False
ORD-001869,C01746,Olivia Wilson | France | Basic,Home & Kitchen,529.52,1,2025-02-15,Mobile App,529.52,Olivia Wilson,France,Basic,Olivia Wilson,France,Bordeaux,Basic,Consumer,2026-02-14,both,Matched,True,False,False,False,0.0,False,False,False
ORD-001886,C01579,Yusuf Mitchell | United States | Plus,Beauty,355.03,3,2026-02-02,Retail Store,1065.09,Yusuf Mitchell,United States,Plus,Yusuf Mitchell,United States,,Plus,,,left_only,Not Found,False,False,False,False,0.0,False,False,True
ORD-001889,C01759,Amelia Baker | United States | Basic,Clothing,115.45,1,2025-05-01,Retail Store,115.45,Amelia Baker,United States,Basic,Amelia Baker,United States,Seattle,Basic,Enterprise,2026-03-15,both,Matched,True,False,False,False,0.0,False,False,False
ORD-001900,C00123,Jack Hall | Canada | Basic,Toys,528.92,6,2025-12-07,Website,3173.52,Jack Hall,Canada,Basic,Jack Hall,Canada,Toronto,Basic,Enterprise,2026-03-24,both,Matched,True,False,False,False,4.547473508864641e-13,False,False,False
ORD-001903,C01996,Jack Moore | UAE | Basic,Books,57.73,3,2025-05-27,Website,173.19,Jack Moore,UAE,Basic,Jack Moore,UAE,Abu Dhabi,Basic,Consumer,2025-12-11,both,Matched,True,False,False,False,0.0,False,False,False
ORD-001906,C01600,Olivia Nelson | Germany | Plus,Home & Kitchen,132.95,3,2025-04-09,Retail Store,398.85,Olivia Nelson,Germany,Plus,Olivia Nelson,Germany,Frankfurt,Plus,Consumer,2025-07-19,both,Matched,True,False,False,False,5.684341886080802e-14,False,False,False
ORD-001908,C02754,Lucas Mitchell | United States | Basic,Toys,381.72,3,2025-01-15,Mobile App,1145.16,Lucas Mitchell,United States,Basic,Lucas Mitchell,United States,Chicago,Basic,Consumer,2025-09-09,both,Matched,True,False,False,False,0.0,False,False,False
ORD-001909,C02812,Lucas Khan | United Kingdom | Plus,Toys,622.57,4,2025-03-28,Website,2490.28,Lucas Khan,United Kingdom,Plus,Lucas Khan,United Kingdom,Manchester,Plus,Enterprise,2025-11-15,both,Matched,True,False,False,False,0.0,False,False,False
ORD-001913,C02801,Lucas Patel | Canada | Basic,Books,583.72,1,2026-05-25,Mobile App,583.72,Lucas Patel,Canada,Basic,Lucas Patel,Canada,,Basic,,,left_only,Not Found,False,False,False,False,0.0,False,False,True
ORD-001917,C00257,Lucas Taylor | United States | Basic,Office Supplies,621.6,3,2025-02-27,Marketplace,1864.8,Lucas Taylor,United States,Basic,Lucas Taylor,United States,Austin,Basic,Consumer,2026-02-24,both,Matched,True,False,False,False,-2.2737367544323206e-13,False,False,False
ORD-001921,C00028,Lucas Clark | United Kingdom | Basic,Home & Kitchen,181.53,0,2025-09-22,Mobile App,907.65,Lucas Clark,United Kingdom,Basic,Lucas Clark,United Kingdom,Bristol,Basic,Consumer,2024-03-27,both,Matched,False,False,True,True,907.65,False,False,False
ORD-001922,C02972,Ethan Lee | Germany | Plus,Home & Kitchen,591.39,3,2025-03-18,Marketplace,1774.17,Ethan Lee,Germany,Plus,Ethan Lee,Germany,Hamburg,Plus,Consumer,2025-11-01,both,Matched,True,False,False,False,0.0,False,False,False
ORD-001923,C00127,Ava Wright | Singapore | Plus,Office Supplies,453.82,3,2025-07-21,Retail Store,1361.46,Ava Wright,Singapore,Plus,Ava Wright,Singapore,Singapore,Plus,Consumer,2026-01-31,both,Matched,True,False,False,False,0.0,False,False,False
ORD-001926,C02551,Daniel Wilson | France | Basic,Home & Kitchen,17.45,6,2025-02-13,Retail Store,104.7,Daniel Wilson,France,Basic,Daniel Wilson,France,,Basic,,,left_only,Not Found,False,False,False,False,1.4210854715202004e-14,False,False,True
ORD-001932,C02268,Daniel King | Australia | Basic,Electronics,169.26,2,2026-01-10,Mobile App,338.52,Daniel King,Australia,Basic,Daniel King,Australia,Melbourne,Basic,Consumer,2026-03-14,both,Matched,True,False,False,False,0.0,False,False,False
ORD-001936,C00324,Jack Smith | France | Plus,Beauty,208.86,4,2025-03-15,Mobile App,835.44,Jack Smith,France,Plus,Jack Smith,France,Nice,Plus,Small Business,2026-03-30,both,Matched,True,False,False,False,0.0,False,False,False
ORD-001943,C02549,Ethan Davis | Australia | Plus,Toys,25.81,4,2025-01-26,Website,103.24,Ethan Davis,Australia,Plus,Ethan Davis,Australia,Brisbane,Plus,Small Business,2025-05-30,both,Matched,True,False,False,False,0.0,False,False,False
ORD-001946,C01951,Sam Martin | UAE | Premium,Toys,647.41,6,2025-05-14,Website,3884.46,Sam Martin,UAE,Premium,Sam Martin,UAE,,Premium,,,left_only,Not Found,False,False,False,False,0.0,False,False,True
ORD-001954,C00052,Maya Lewis | UAE | Basic,Electronics,250.12,4,2025-05-23,Mobile App,1000.48,Maya Lewis,UAE,Basic,Maya Lewis,UAE,Sharjah,Basic,Small Business,2026-02-22,both,Matched,True,False,False,False,0.0,False,False,False
ORD-001970,C00295,Ava Patel | Singapore | Basic,Sports,64.87,3,2025-09-21,Website,194.61,Ava Patel,Singapore,Basic,Ava Patel,Singapore,,Basic,,,left_only,Not Found,False,False,False,False,0.0,False,False,True
ORD-001975,C00752,Isla Anderson | United States | Plus,Sports,328.36,3,2025-06-10,Website,985.08,Isla Anderson,United States,Plus,Isla Anderson,United States,Chicago,Plus,Consumer,2026-01-16,both,Matched,True,False,False,False,0.0,False,False,False
ORD-001984,C02003,Isla Martin | Canada | Plus,Office Supplies,445.23,1,2025-11-12,Website,445.23,Isla Martin,Canada,Plus,Isla Martin,Canada,Calgary,Plus,Consumer,2025-11-30,both,Matched,True,False,False,False,0.0,False,False,False
ORD-001995,C00097,Sam Wright | Singapore | Basic,Clothing,116.5,4,2025-01-06,Marketplace,466.0,Sam Wright,Singapore,Basic,Sam Wright,Singapore,Singapore,Basic,Consumer,2025-07-30,both,Matched,True,False,False,False,0.0,False,False,False
ORD-001997,C00111,Lina Wilson | Singapore | Premium,Sports,187.18,3,2025-02-03,Retail Store,561.54,Lina Wilson,Singapore,Premium,Lina Wilson,Singapore,Singapore,Premium,Consumer,2025-08-19,both,Matched,True,False,False,False,0.0,False,False,False
ORD-002001,C00907,Lucas King | France | Basic,Office Supplies,63.63,3,2025-01-02,Retail Store,165.89,Lucas King,France,Basic,Lucas King,France,Bordeaux,Basic,Consumer,2025-06-09,both,Matched,True,False,False,True,-25.00000000000003,False,False,False
ORD-002002,C00895,Lucas Baker | United Kingdom | Plus,Beauty,172.99,6,2025-01-31,Marketplace,1037.94,Lucas Baker,United Kingdom,Plus,Lucas Baker,United Kingdom,Bristol,Plus,Small Business,2025-12-31,both,Matched,True,False,False,False,0.0,False,False,False
ORD-002009,C02185,Ryan Moore | Germany | Plus,Home & Kitchen,218.17,5,2026-02-06,Marketplace,1090.85,Ryan Moore,Germany,Plus,Ryan Moore,Germany,Frankfurt,Plus,Consumer,2026-03-28,both,Matched,True,False,False,False,0.0,False,False,False
ORD-002011,C02124,Nora Young | Germany | Plus,Sprots,281.92,1,2025-09-27,Marketplace,281.92,Nora Young,Germany,Plus,Nora Young,Germany,Hamburg,Plus,Consumer,2025-12-21,both,Matched,True,False,False,False,0.0,False,False,False
ORD-002024,C00873,James Khan | United Kingdom | Plus,Toys,431.51,3,2025-01-08,Marketplace,1294.53,James Khan,United Kingdom,Plus,James Khan,United Kingdom,Bristol,Plus,Consumer,2025-04-26,both,Matched,True,False,False,False,0.0,False,False,False
ORD-002035,C02797,Noah Johnson | France | Basic,Office Supplies,24.05,2,2025-05-30,Marketplace,48.1,Noah Johnson,France,Basic,Noah Johnson,France,Nice,Basic,Consumer,2025-08-14,both,Matched,True,False,False,False,0.0,False,False,False
ORD-002039,C02321,Isla Moore | UAE | Basic,Sprots,591.88,1,2025-12-21,Marketplace,591.88,Isla Moore,UAE,Basic,Isla Moore,UAE,,Basic,,,left_only,Not Found,False,False,False,False,0.0,False,False,True
ORD-002041,C01989,Lina Brown | France | Basic,Office Supplies,528.79,5,2025-06-03,Marketplace,2643.95,Lina Brown,France,Basic,Lina Brown,France,,Basic,,,left_only,Not Found,False,False,False,False,0.0,False,False,True
ORD-002048,C02056,Ella Green | France | Basic,Office Supplies,520.99,6,2025-01-16,Marketplace,3125.94,Ella Green,France,Basic,Ella Green,France,Lyon,Basic,Small Business,2026-04-04,both,Matched,True,False,False,False,0.0,False,False,False
ORD-002060,C00123,Jack Hall | Canada | Basic,Beauty,294.54,4,2025-01-22,Retail Store,1178.16,Jack Hall,Canada,Basic,Jack Hall,Canada,Toronto,Basic,Enterprise,2026-03-24,both,Matched,True,False,False,False,0.0,False,False,False
ORD-002063,C01132,James Brown | United States | Plus,Home & Kitchen,533.79,6,2025-02-27,Marketplace,3202.74,James Brown,United States,Plus,James Brown,United States,New York,Plus,Consumer,2025-08-09,both,Matched,True,False,False,False,0.0,False,False,False
ORD-002065,C02550,Emma Carter | United States | Plus,Clothing,600.93,3,2025-07-11,Website,1802.79,Emma Carter,United States,Plus,Emma Carter,United States,Chicago,Plus,Consumer,2026-02-16,both,Matched,True,False,False,False,0.0,False,False,False
ORD-002067,C02085,Noah Thomas | Singapore | Premium,Electronics,236.31,0,2025-01-08,Marketplace,1181.55,Noah Thomas,Singapore,Premium,Noah Thomas,Singapore,Singapore,Premium,Consumer,2024-10-18,both,Matched,False,False,True,True,1181.55,False,False,False
ORD-002090,C00499,Noah Martin | Germany | Plus,Beauty,509.62,5,2025-05-30,Mobile App,2548.1,Noah Martin,Germany,Plus,Noah Martin,Germany,Munich,Plus,Consumer,2025-10-13,both,Matched,True,False,False,False,0.0,False,False,False
ORD-002091,C02724,Alex Carter | Canada | Premium,Beauty,322.74,5,2025-07-10,Website,1613.7,Alex Carter,Canada,Premium,Alex Carter,Canada,Ottawa,Premium,Consumer,2025-12-19,both,Matched,True,False,False,False,0.0,False,False,False
ORD-002103,C02748,Zoe Miller | France | Basic,Electronic Goods,247.84,4,2025-04-14,Mobile App,991.36,Zoe Miller,France,Basic,Zoe Miller,France,Lyon,Basic,Consumer,2025-05-13,both,Matched,True,False,False,False,0.0,False,False,False
ORD-002107,C01144,Daniel Baker | United States | Plus,Beauty,69.04,5,2026-02-16,Website,345.2,Daniel Baker,United States,Plus,Daniel Baker,United States,Chicago,Plus,Consumer,2026-03-12,both,Matched,True,False,False,False,-5.684341886080802e-14,False,False,False
ORD-000016,C02525,Chloe Johnson | United Kingdom | Plus,Toys,522.64,1,2025-08-09,Marketplace,522.64,Chloe Johnson,United Kingdom,Plus,Chloe Johnson,United Kingdom,Bristol,Plus,Small Business,2025-12-13,both,Matched,True,False,False,False,0.0,True,False,False
ORD-002115,C00452,Olivia Lewis | United Kingdom | Basic,Books,628.43,2,2025-06-08,Website,1256.86,Olivia Lewis,United Kingdom,Basic,Olivia Lewis,United Kingdom,Leeds,Basic,Consumer,2025-10-20,both,Matched,True,False,False,False,0.0,False,False,False
ORD-002116,C01161,Sam Lee | Germany | Plus,Sports,292.43,2,2025-09-12,Website,584.86,Sam Lee,Germany,Plus,Sam Lee,Germany,Munich,Plus,Small Business,2025-11-02,both,Matched,True,False,False,False,0.0,False,False,False
ORD-002121,C00590,Daniel Hassan | United States | Basic,Office Supplies,12.46,1,2025-12-31,Retail Store,12.46,Daniel Hassan,United States,Basic,Daniel Hassan,United States,New York,Basic,Consumer,2026-01-29,both,Matched,True,False,False,False,0.0,False,False,False
ORD-002124,C02819,Mia Taylor | Singapore | Basic,Sports,242.0,2,2025-07-12,Mobile App,484.0,Mia Taylor,Singapore,Basic,Mia Taylor,Singapore,Singapore,Basic,Small Business,2026-03-06,both,Matched,True,False,False,False,0.0,False,False,False
ORD-002138,C01560,Adam Miller | Singapore | Premium,Home & Kitchen,293.06,5,2025-02-07,Marketplace,1465.3,Adam Miller,Singapore,Premium,Adam Miller,Singapore,Singapore,Premium,Small Business,2025-03-21,both,Matched,True,False,False,False,0.0,False,False,False
ORD-002139,C02476,Sam Carter | United Kingdom | Premium,Home & Kitchen,159.61,6,2025-09-02,Website,957.66,Sam Carter,United Kingdom,Premium,Sam Carter,United Kingdom,Manchester,Premium,Consumer,2025-12-28,both,Matched,True,False,False,False,-1.1368683772161603e-13,False,False,False
ORD-002142,C01178,Nora Walker | United States | Basic,Office Supplies,465.85,5,2025-09-21,Marketplace,2329.25,Nora Walker,United States,Basic,Nora Walker,United States,Chicago,Basic,Consumer,2026-04-06,both,Matched,True,False,False,False,0.0,False,False,False
ORD-002143,C00177,Zoe Taylor | Singapore | Premium,Toys,522.42,6,2025-10-31,Marketplace,3134.52,Zoe Taylor,Singapore,Premium,Zoe Taylor,Singapore,Singapore,Premium,Consumer,2025-12-03,both,Matched,True,False,False,False,4.547473508864641e-13,False,False,False
ORD-000045,C00612,James Johnson | United States | Basic,Clothing,307.6,3,2026-05-25,Retail Store,922.8,James Johnson,United States,Basic,James Johnson,United States,Seattle,Basic,Small Business,2025-06-26,both,Matched,False,False,False,False,-1.1368683772161603e-13,True,False,False
ORD-002149,C01786,Leo Smith | Australia | Basic,Electronics,386.3,1,2025-01-04,Website,386.3,Leo Smith,Australia,Basic,Leo Smith,Australia,Melbourne,Basic,Small Business,2025-02-12,both,Matched,True,False,False,False,0.0,False,False,False
ORD-002168,C01532,Nora Young | Germany | Basic,Sports,121.82,3,2025-06-25,Website,365.46,Nora Young,Germany,Basic,Nora Young,Germany,Hamburg,Basic,Consumer,2025-07-10,both,Matched,True,False,False,False,0.0,False,False,False
ORD-002169,C00557,Sophia Garcia | UAE | Plus,Books,170.43,4,2026-06-01,Website,681.72,Sophia Garcia,UAE,Plus,Sophia Garcia,UAE,,Plus,,,left_only,Not Found,False,False,False,False,0.0,False,False,True
ORD-002170,C00466,Liam Adams | UAE | Plus,Beauty,387.15,4,2025-07-21,Marketplace,1548.6,Liam Adams,UAE,Plus,Liam Adams,UAE,Sharjah,Plus,Consumer,2026-03-08,both,Matched,True,False,False,False,0.0,False,False,False
ORD-002171,C01509,James Ahmed | Canada | Plus,Home & Kitchen,633.01,5,2025-05-11,Mobile App,3165.05,James Ahmed,Canada,Plus,James Ahmed,Canada,,Plus,,,left_only,Not Found,False,False,False,False,0.0,False,False,True
ORD-002182,C02373,Lina Baker | Singapore | Premium,Books,46.33,1,2025-03-11,Website,46.33,Lina Baker,Singapore,Premium,Lina Baker,Singapore,Singapore,Premium,Consumer,2025-04-01,both,Matched,True,False,False,False,0.0,False,False,False
ORD-002186,C00638,Sophia Taylor | UAE | Plus,Sports,142.51,3,2025-11-11,Website,427.53,Sophia Taylor,UAE,Plus,Sophia Taylor,UAE,Sharjah,Plus,Small Business,2026-01-29,both,Matched,True,True,False,False,0.0,False,False,False
ORD-002194,C01062,Ella Moore | Australia | Basic,Office Supplies,432.83,6,2026-03-04,Website,2596.98,Ella Moore,Australia,Basic,Ella Moore,Australia,Brisbane,Basic,Consumer,2026-03-20,both,Matched,True,False,False,False,0.0,False,False,False
ORD-002196,C01603,Lucas Martin | United Kingdom | Plus,Sports,174.39,1,2025-03-29,Mobile App,174.39,Lucas Martin,United Kingdom,Plus,Lucas Martin,United Kingdom,Manchester,Plus,Small Business,2026-01-05,both,Matched,True,False,False,False,0.0,False,False,False
ORD-002198,C00276,Emma Wilson | Germany | Basic,Toys,224.3,5,2025-09-17,Website,1121.5,Emma Wilson,Germany,Basic,Emma Wilson,Germany,,Basic,,,left_only,Not Found,False,False,False,False,0.0,False,False,True
ORD-002204,C02665,Yusuf Ahmed | United Kingdom | Premium,Books,592.49,5,2025-10-04,Website,2962.45,Yusuf Ahmed,United Kingdom,Premium,Yusuf Ahmed,United Kingdom,Manchester,Premium,Consumer,2026-04-07,both,Matched,True,False,False,False,0.0,False,False,False
ORD-002206,C02841,Chloe Ahmed | Germany | Premium,Toys,129.29,5,2025-05-04,Marketplace,646.45,Chloe Ahmed,Germany,Premium,Chloe Ahmed,Germany,Frankfurt,Premium,Small Business,2026-03-28,both,Matched,True,False,False,False,1.1368683772161603e-13,False,False,False
ORD-002216,C00966,Nora Baker | Australia | Plus,Books,607.65,3,2025-01-13,Mobile App,1822.95,Nora Baker,Australia,Plus,Nora Baker,Australia,Sydney,Plus,Consumer,2025-04-12,both,Matched,True,False,False,False,2.2737367544323206e-13,False,False,False
ORD-002217,C00605,Layla Nelson | Germany | Plus,Books,313.72,4,2025-03-25,Mobile App,1254.88,Layla Nelson,Germany,Plus,Layla Nelson,Germany,Berlin,Plus,Consumer,2026-04-08,both,Matched,True,False,False,False,0.0,False,False,False
ORD-002223,C02819,Mia Taylor | Singapore | Basic,Electronics,456.58,2,2026-01-15,Website,913.16,Mia Taylor,Singapore,Basic,Mia Taylor,Singapore,Singapore,Basic,Small Business,2026-03-06,both,Matched,True,False,False,False,0.0,False,False,False
ORD-002229,C02250,Adam Patel | France | Plus,Toys,575.88,4,2025-02-10,Marketplace,2303.52,Adam Patel,France,Plus,Adam Patel,France,Paris,Plus,Consumer,2025-03-05,both,Matched,True,False,False,False,0.0,False,False,False
ORD-002230,C00740,Olivia Davis | UAE | Basic,Sports,504.33,4,2025-08-25,Website,2017.32,Olivia Davis,UAE,Basic,Olivia Davis,UAE,Dubai,Basic,Consumer,2026-01-17,both,Matched,True,False,False,False,0.0,False,False,False
ORD-002234,C00026,Isla Adams | France | Premium,Books,378.78,6,2026-02-14,Mobile App,2272.68,Isla Adams,France,Premium,Isla Adams,France,,Premium,,,left_only,Not Found,False,False,False,False,0.0,False,False,True
ORD-002236,C00290,Omar Carter | Canada | Plus,Sports,529.12,1,2026-01-03,Website,529.12,Omar Carter,Canada,Plus,Omar Carter,Canada,Toronto,Plus,Consumer,2026-03-30,both,Matched,True,False,False,False,0.0,False,False,False
ORD-002247,C00290,Omar Carter | Canada | Plus,Beauty,616.58,3,2026-03-10,Mobile App,1849.74,Omar Carter,Canada,Plus,Omar Carter,Canada,Toronto,Plus,Consumer,2026-03-30,both,Matched,True,False,False,False,-2.2737367544323206e-13,False,False,False
ORD-002252,C02242,James Johnson | United Kingdom | Basic,Clothing,31.55,6,2025-02-15,Mobile App,189.3,James Johnson,United Kingdom,Basic,James Johnson,United Kingdom,,Basic,,,left_only,Not Found,False,False,False,False,0.0,False,False,True
ORD-002254,C01834,Henry King | France | Basic,Electronics,632.34,3,2025-03-06,Retail Store,1897.02,Henry King,France,Basic,Henry King,France,Paris,Basic,Small Business,2025-10-24,both,Matched,True,False,False,False,0.0,False,False,False
ORD-002256,C00264,Mia Mitchell | United Kingdom | Basic,Books,314.77,5,2025-01-12,Mobile App,1573.85,Mia Mitchell,United Kingdom,Basic,Mia Mitchell,United Kingdom,London,Basic,Enterprise,2025-09-07,both,Matched,True,False,False,False,0.0,False,False,False
ORD-002263,C02445,Sophia Ahmed | Canada | Premium,Clothing,305.78,6,2025-03-29,Retail Store,1834.68,Sophia Ahmed,Canada,Premium,Sophia Ahmed,Canada,Ottawa,Premium,Consumer,2025-09-10,both,Matched,True,False,False,False,2.2737367544323206e-13,False,False,False
ORD-002273,C00977,Nora Baker | United Kingdom | Plus,Toys,239.89,1,2025-10-13,Marketplace,239.89,Nora Baker,United Kingdom,Plus,Nora Baker,United Kingdom,Leeds,Plus,Small Business,2025-12-27,both,Matched,True,False,False,False,0.0,False,False,False
ORD-002274,C02462,Chloe Hall | United Kingdom | Plus,Sports,124.88,5,2025-03-25,Marketplace,624.4,Chloe Hall,United Kingdom,Plus,Chloe Hall,United Kingdom,London,Plus,Consumer,2026-03-24,both,Matched,True,False,False,False,0.0,False,False,False
ORD-002288,C00482,Isla King | UAE | Basic,Office Supplies,155.87,1,2025-06-10,Marketplace,155.87,Isla King,UAE,Basic,Isla King,UAE,Abu Dhabi,Basic,Small Business,2025-12-12,both,Matched,True,False,False,False,0.0,False,False,False
ORD-002289,C01898,Sara Walker | Singapore | Basic,Electronics,196.24,6,2025-01-30,Retail Store,1177.44,Sara Walker,Singapore,Basic,Sara Walker,Singapore,Singapore,Basic,Consumer,2025-02-14,both,Matched,True,False,False,False,0.0,False,False,False
ORD-002296,C01523,Sara Ahmed | UAE | Plus,Home & Kitchen,114.19,1,2026-01-12,Website,114.19,Sara Ahmed,UAE,Plus,Sara Ahmed,UAE,,Plus,,,left_only,Not Found,False,False,False,False,0.0,False,False,True
ORD-002306,C01107,Emma Patel | Germany | Premium,Beauty,62.29,6,2025-10-09,Marketplace,373.74,Emma Patel,Germany,Premium,Emma Patel,Germany,Munich,Premium,Consumer,2026-04-03,both,Matched,True,False,False,False,0.0,False,False,False
ORD-002310,C01423,Olivia Martin | United States | Plus,Clothing,335.93,3,2025-07-31,Marketplace,1007.79,Olivia Martin,United States,Plus,Olivia Martin,United States,New York,Plus,Consumer,2025-10-06,both,Matched,True,False,False,False,0.0,False,False,False
ORD-002315,C01084,Chloe Miller | United Kingdom | Premium,Sports,188.89,4,2025-02-24,Website,755.56,Chloe Miller,United Kingdom,Premium,Chloe Miller,United Kingdom,Manchester,Premium,Consumer,2025-03-15,both,Matched,True,False,False,False,0.0,False,False,False
ORD-002316,C01781,Alex King | United Kingdom | Premium,Electronics,568.91,5,2025-05-19,Retail Store,2844.55,Alex King,United Kingdom,Premium,Alex King,United Kingdom,,Premium,,,left_only,Not Found,False,False,False,False,4.547473508864641e-13,False,False,True
ORD-002319,C02676,Sara Thomas | Germany | Basic,Toys,97.27,1,2025-01-23,Marketplace,97.27,Sara Thomas,Germany,Basic,Sara Thomas,Germany,,Basic,,,left_only,Not Found,False,False,False,False,0.0,False,False,True
ORD-002321,C02471,Lucas Ahmed | UAE | Plus,Toys,46.34,4,2025-08-16,Mobile App,185.36,Lucas Ahmed,UAE,Plus,Lucas Ahmed,UAE,Abu Dhabi,Plus,Small Business,2025-12-23,both,Matched,True,False,False,False,0.0,False,False,False
ORD-002326,C02809,Isla Thomas | Germany | Basic,Sports,387.56,4,2025-09-28,Retail Store,1550.24,Isla Thomas,Germany,Basic,Isla Thomas,Germany,Hamburg,Basic,Consumer,2025-12-24,both,Matched,True,False,False,False,0.0,False,False,False
ORD-002331,C00662,Mia Carter | UAE | Plus,Sports,260.73,2,2025-05-13,Retail Store,521.46,Mia Carter,UAE,Plus,Mia Carter,UAE,Dubai,Plus,Consumer,2026-03-18,both,Matched,True,False,False,False,0.0,False,False,False
ORD-002332,C01588,Nora Martin | United States | Plus,Home & Kitchen,463.99,3,2025-10-11,Website,1391.97,Nora Martin,United States,Plus,Nora Martin,United States,Seattle,Plus,Consumer,2025-12-22,both,Matched,True,False,False,False,0.0,False,False,False
ORD-002334,C00948,Liam Adams | United Kingdom | Premium,Home & Kitchen,232.51,1,2025-05-20,Mobile App,232.51,Liam Adams,United Kingdom,Premium,Liam Adams,United Kingdom,,Premium,,,left_only,Not Found,False,False,False,False,0.0,False,False,True
ORD-002335,C02179,Sam Martin | Singapore | Basic,Beauty,195.08,6,2025-12-13,Marketplace,1170.48,Sam Martin,Singapore,Basic,Sam Martin,Singapore,,Basic,,,left_only,Not Found,False,False,False,False,0.0,False,False,True
ORD-002336,C00696,James Thomas | UAE | Basic,Beauty,322.56,4,2025-10-07,Mobile App,1290.24,James Thomas,UAE,Basic,James Thomas,UAE,Abu Dhabi,Basic,Consumer,2026-03-20,both,Matched,True,False,False,False,0.0,False,False,False
ORD-002339,C00327,Sara Khan | France | Premium,Clothing,96.14,1,2025-01-02,Retail Store,96.14,Sara Khan,France,Premium,Sara Khan,France,Nice,Premium,Consumer,2025-02-12,both,Matched,True,False,False,False,0.0,False,False,False
ORD-002344,C01951,Sam Martin | UAE | Premium,Sports,296.17,4,2025-08-22,Website,1184.68,Sam Martin,UAE,Premium,Sam Martin,UAE,,Premium,,,left_only,Not Found,False,False,False,False,0.0,False,False,True
ORD-002351,C01437,Omar Anderson | UAE | Plus,Home & Kitchen,514.79,4,2025-01-31,Mobile App,2059.16,Omar Anderson,UAE,Plus,Omar Anderson,UAE,Sharjah,Plus,Consumer,2025-06-17,both,Matched,True,False,False,False,0.0,False,False,False
ORD-002352,C00686,Ethan Brown | Canada | Basic,Sports,345.31,5,2025-02-28,Retail Store,1726.55,Ethan Brown,Canada,Basic,Ethan Brown,Canada,Ottawa,Basic,Consumer,2026-04-15,both,Matched,True,False,False,False,0.0,False,False,False
ORD-002353,C00013,Ella Johnson | Germany | Basic,Books,223.52,4,2025-06-23,Marketplace,894.08,Ella Johnson,Germany,Basic,Ella Johnson,Germany,Frankfurt,Basic,Consumer,2026-03-07,both,Matched,True,False,False,False,0.0,False,False,False
ORD-002364,C01620,Sophia King | UAE | Basic,Toys,636.08,2,2025-10-24,Website,1247.16,Sophia King,UAE,Basic,Sophia King,UAE,Sharjah,Basic,Consumer,2025-11-28,both,Matched,True,False,False,True,-25.0,False,False,False
ORD-002372,C02033,Adam Brown | United States | Plus,Home & Kitchen,579.98,4,2025-07-09,Website,2319.92,Adam Brown,United States,Plus,Adam Brown,United States,,Plus,,,left_only,Not Found,False,False,False,False,0.0,False,False,True
ORD-002375,C01591,Liam Smith | Germany | Plus,Toys,354.23,5,2025-01-01,Marketplace,1771.15,Liam Smith,Germany,Plus,Liam Smith,Germany,Berlin,Plus,Consumer,2026-03-08,both,Matched,True,False,False,False,0.0,False,False,False
ORD-002379,C02526,Maya Garcia | Canada | Plus,Office Supplies,532.02,4,2025-01-29,Retail Store,2128.08,Maya Garcia,Canada,Plus,Maya Garcia,Canada,Toronto,Plus,Consumer,2025-03-24,both,Matched,True,False,False,False,0.0,False,False,False
ORD-002383,C00807,Sam Wilson | Canada | Basic,Toys,431.75,1,2026-01-26,Mobile App,506.75,Sam Wilson,Canada,Basic,Sam Wilson,Canada,Vancouver,Basic,Small Business,2023-10-25,both,Matched,False,False,False,True,75.0,False,False,False
ORD-002392,C00568,Sophia Ahmed | United States | Basic,Electronics,616.64,3,2025-09-22,Marketplace,1849.92,Sophia Ahmed,United States,Basic,Sophia Ahmed,United States,Seattle,Basic,Consumer,2025-12-01,both,Matched,True,False,False,False,0.0,False,False,False
ORD-002404,C02809,Isla Thomas | Germany | Basic,Books,521.76,4,2025-05-24,Marketplace,2087.04,Isla Thomas,Germany,Basic,Isla Thomas,Germany,Hamburg,Basic,Consumer,2025-12-24,both,Matched,True,False,False,False,0.0,False,False,False
ORD-002405,C01700,Lucas Clark | United Kingdom | Basic,Toys,165.4,1,2025-03-31,Marketplace,165.4,Lucas Clark,United Kingdom,Basic,Lucas Clark,United Kingdom,London,Basic,Small Business,2026-01-03,both,Matched,True,False,False,False,0.0,False,False,False
ORD-002408,C02739,Adam Green | United States | Basic,Electronics,329.89,3,2025-11-28,Marketplace,989.67,Adam Green,United States,Basic,Adam Green,United States,Austin,Basic,Consumer,2026-01-11,both,Matched,True,False,False,False,0.0,False,False,False
ORD-002410,C02333,Sam Baker | UAE | Basic,Toys,185.14,1,2026-02-26,Retail Store,185.14,Sam Baker,UAE,Basic,Sam Baker,UAE,,Basic,,,left_only,Not Found,False,False,False,False,0.0,False,False,True
ORD-002411,C01037,Chloe Davis | Singapore | Basic,Clothing,143.15,5,2025-03-16,Retail Store,715.75,Chloe Davis,Singapore,Basic,Chloe Davis,Singapore,Singapore,Basic,Enterprise,2025-10-03,both,Matched,True,False,False,False,0.0,False,False,False
ORD-002412,C02343,Isla Johnson | United States | Plus,Sports,465.36,4,2025-04-02,Mobile App,1861.44,Isla Johnson,United States,Plus,Isla Johnson,United States,Austin,Plus,Consumer,2025-07-07,both,Matched,True,False,False,False,0.0,False,False,False
ORD-002420,C00784,Mia Hall | United Kingdom | Plus,Toys,546.21,6,2025-02-19,Website,3277.26,Mia Hall,United Kingdom,Plus,Mia Hall,United Kingdom,Leeds,Plus,Consumer,2025-03-28,both,Matched,True,False,False,False,0.0,False,False,False
ORD-002421,C00017,Daniel Brown | United States | Basic,Beauty,529.97,4,2025-03-01,Marketplace,2119.88,Daniel Brown,United States,Basic,Daniel Brown,United States,New York,Basic,Consumer,2025-05-14,both,Matched,True,False,False,False,0.0,False,False,False
ORD-002422,C02951,Jack Mitchell | France | Plus,Beauty,354.47,2,2026-04-11,Mobile App,708.94,Jack Mitchell,France,Plus,Jack Mitchell,France,,Plus,,,left_only,Not Found,False,False,False,False,0.0,False,False,True
ORD-002438,C01596,Zoe King | Australia | Basic,Toys,580.17,3,2025-09-10,Mobile App,1740.51,Zoe King,Australia,Basic,Zoe King,Australia,,Basic,,,left_only,Not Found,False,False,False,False,2.2737367544323206e-13,False,False,True
ORD-002440,C00283,Noah Carter | Australia | Plus,Clothing,70.61,6,2025-09-18,Mobile App,423.66,Noah Carter,Australia,Plus,Noah Carter,Australia,Brisbane,Plus,Consumer,2025-10-29,both,Matched,True,False,False,False,5.684341886080802e-14,False,False,False
ORD-002445,C01893,Daniel Thomas | United States | Basic,Home & Kitchen,61.65,2,2025-04-02,Retail Store,123.3,Daniel Thomas,United States,Basic,Daniel Thomas,United States,Seattle,Basic,Consumer,2025-06-29,both,Matched,True,False,False,False,0.0,False,False,False
ORD-002452,C02234,Ella Baker | UAE | Plus,Clothes,43.72,1,2025-08-12,Mobile App,43.72,Ella Baker,UAE,Plus,Ella Baker,UAE,Abu Dhabi,Plus,Consumer,2026-02-02,both,Matched,True,False,False,False,0.0,False,False,False
ORD-002453,C02214,Ava Lee | Germany | Basic,Clothing,35.51,1,2025-02-14,Website,35.51,Ava Lee,Germany,Basic,Ava Lee,Germany,Hamburg,Basic,Small Business,2025-07-13,both,Matched,True,False,False,False,0.0,False,False,False
ORD-002454,C02727,Mia Lee | Singapore | Premium,Toys,227.3,2,2026-03-11,Retail Store,454.6,Mia Lee,Singapore,Premium,Mia Lee,Singapore,Singapore,Premium,Consumer,2026-03-15,both,Matched,True,False,False,False,0.0,False,False,False
ORD-002463,C01834,Henry King | France | Basic,Clothing,549.13,5,2025-10-06,Marketplace,2745.65,Henry King,France,Basic,Henry King,France,Paris,Basic,Small Business,2025-10-24,both,Matched,True,False,False,False,0.0,False,False,False
ORD-002467,C01167,Chloe Green | Germany | Basic,Beauty,145.0,3,2025-07-09,Retail Store,435.0,Chloe Green,Germany,Basic,Chloe Green,Germany,Berlin,Basic,Small Business,2025-11-25,both,Matched,True,False,False,False,0.0,False,False,False
ORD-002471,C00546,Leo Lewis | France | Basic,Books,442.39,4,2025-12-03,Mobile App,1769.56,Leo Lewis,France,Basic,Leo Lewis,France,Bordeaux,Basic,Consumer,2026-03-17,both,Matched,True,False,False,False,0.0,False,False,False
ORD-002472,C02472,Chloe Thomas | Germany | Basic,Electronics,353.48,4,2025-08-06,Marketplace,1413.92,Chloe Thomas,Germany,Basic,Chloe Thomas,Germany,Frankfurt,Basic,Enterprise,2025-12-27,both,Matched,True,False,False,False,0.0,False,False,False
ORD-002478,C01545,Daniel Nelson | UAE | Basic,Toys,142.88,2,2025-05-27,Marketplace,285.76,Daniel Nelson,UAE,Basic,Daniel Nelson,UAE,,Basic,,,left_only,Not Found,False,False,False,False,0.0,False,False,True
ORD-002480,C01940,Liam Green | United Kingdom | Basic,Electronics,307.88,3,2025-07-17,Mobile App,923.64,Liam Green,United Kingdom,Basic,Liam Green,United Kingdom,,Basic,,,left_only,Not Found,False,False,False,False,0.0,False,False,True
ORD-002487,C02733,Maya Miller | Canada | Premium,Books,633.95,5,2025-08-22,Mobile App,3169.75,Maya Miller,Canada,Premium,Maya Miller,Canada,Toronto,Premium,Small Business,2026-01-22,both,Matched,True,False,False,False,0.0,False,False,False
ORD-002497,C00401,Ava Lee | Singapore | Basic,Office Supplies,263.76,3,2025-01-15,Website,791.28,Ava Lee,Singapore,Basic,Ava Lee,Singapore,Singapore,Basic,Small Business,2025-12-16,both,Matched,True,False,False,False,0.0,False,False,False
ORD-002498,C02864,James Ahmed | Germany | Basic,Electronics,381.33,6,2025-03-23,Retail Store,2287.98,James Ahmed,Germany,Basic,James Ahmed,Germany,Hamburg,Basic,Small Business,2026-03-08,both,Matched,True,False,False,False,0.0,False,False,False
ORD-002505,C02234,Ella Baker | UAE | Plus,Sports,372.38,6,2025-04-27,Mobile App,2234.28,Ella Baker,UAE,Plus,Ella Baker,UAE,Abu Dhabi,Plus,Consumer,2026-02-02,both,Matched,True,False,False,False,4.547473508864641e-13,False,False,False
ORD-002511,C01583,Adam Ahmed | Canada | Plus,Office Supplies,488.93,1,2025-03-27,Retail Store,488.93,Adam Ahmed,Canada,Plus,Adam Ahmed,Canada,Ottawa,Plus,Consumer,2025-11-15,both,Matched,True,False,False,False,0.0,False,False,False
ORD-002514,C01051,Daniel Garcia | United Kingdom | Plus,Beauty,508.47,2,2025-06-24,Mobile App,1016.94,Daniel Garcia,United Kingdom,Plus,Daniel Garcia,United Kingdom,Leeds,Plus,Small Business,2026-03-17,both,Matched,True,False,False,False,0.0,False,False,False
ORD-002517,C02492,Chloe Clark | France | Plus,Books,434.6,1,2025-01-29,Retail Store,434.6,Chloe Clark,France,Plus,Chloe Clark,France,Nice,Plus,Consumer,2025-11-22,both,Matched,True,False,False,False,0.0,False,False,False
ORD-002521,C02665,Yusuf Ahmed | United Kingdom | Premium,Office Supplies,196.47,6,2025-02-11,Marketplace,1178.82,Yusuf Ahmed,United Kingdom,Premium,Yusuf Ahmed,United Kingdom,Manchester,Premium,Consumer,2026-04-07,both,Matched,True,False,False,False,0.0,False,False,False
ORD-002522,C02089,Sara Patel | United States | Basic,Sports,583.05,6,2025-03-28,Retail Store,3498.3,Sara Patel,United States,Basic,Sara Patel,United States,New York,Basic,Consumer,2026-03-15,both,Matched,True,False,False,False,4.547473508864641e-13,False,False,False
ORD-002525,C00535,Lucas Young | Singapore | Basic,Electronics,490.28,1,2025-03-06,Mobile App,490.28,Lucas Young,Singapore,Basic,Lucas Young,Singapore,Singapore,Basic,Small Business,2026-02-03,both,Matched,True,False,False,False,0.0,False,False,False
ORD-002531,C00670,Ella Smith | France | Basic,Books,481.84,4,2025-01-26,Marketplace,1927.36,Ella Smith,France,Basic,Ella Smith,France,Bordeaux,Basic,Consumer,2025-12-21,both,Matched,True,False,False,False,0.0,False,False,False
ORD-002535,C00292,Mia Davis | Australia | Plus,Clothing,263.93,5,2025-01-30,Website,1319.65,Mia Davis,Australia,Plus,Mia Davis,Australia,,Plus,,,left_only,Not Found,False,False,False,False,0.0,False,False,True
ORD-002536,C01983,Zoe Davis | United Kingdom | Premium,Electronics,296.53,1,2025-11-10,Marketplace,296.53,Zoe Davis,United Kingdom,Premium,Zoe Davis,United Kingdom,London,Premium,Consumer,2026-03-30,both,Matched,True,False,False,False,0.0,False,False,False
ORD-002538,C00625,Ava Adams | United Kingdom | Basic,Sports,459.8,3,2025-12-25,Mobile App,1379.4,Ava Adams,United Kingdom,Basic,Ava Adams,United Kingdom,London,Basic,Enterprise,2026-01-06,both,Matched,True,False,False,False,0.0,False,False,False
ORD-002546,C01308,Lina Johnson | Australia | Plus,Toys,91.58,3,2025-09-03,Website,274.74,Lina Johnson,Australia,Plus,Lina Johnson,Australia,Perth,Plus,Small Business,2025-12-06,both,Matched,True,False,False,False,0.0,False,False,False
ORD-002547,C02266,Chloe Ahmed | Germany | Basic,Toys,114.17,4,2025-06-09,Retail Store,456.68,Chloe Ahmed,Germany,Basic,Chloe Ahmed,Germany,Berlin,Basic,Consumer,2025-06-12,both,Matched,True,False,False,False,0.0,False,False,False
ORD-002550,C01107,Emma Patel | Germany | Premium,Electronics,571.31,6,2025-04-05,Marketplace,3427.86,Emma Patel,Germany,Premium,Emma Patel,Germany,Munich,Premium,Consumer,2026-04-03,both,Matched,True,False,False,False,4.547473508864641e-13,False,False,False
ORD-002551,C01632,Daniel Hassan | Germany | Plus,Sports,640.33,6,2025-07-01,Retail Store,3841.98,Daniel Hassan,Germany,Plus,Daniel Hassan,Germany,Hamburg,Plus,Consumer,2025-07-28,both,Matched,True,False,False,False,-4.547473508864641e-13,False,False,False
ORD-002561,C01535,Lucas King | Singapore | Basic,Home & Kitchen,46.79,1,2025-11-20,Website,46.79,Lucas King,Singapore,Basic,Lucas King,Singapore,Singapore,Basic,Consumer,2025-12-31,both,Matched,True,False,False,False,0.0,False,False,False
ORD-002568,C00055,Chloe Young | Australia | Plus,Toys,386.79,6,2025-04-27,Website,2320.74,Chloe Young,Australia,Plus,Chloe Young,Australia,Melbourne,Plus,Consumer,2026-02-20,both,Matched,True,False,False,False,-4.547473508864641e-13,False,False,False
ORD-002574,C00677,Sara Lee | France | Basic,Toys,625.54,5,2025-05-17,Website,3127.7,Sara Lee,France,Basic,Sara Lee,France,Bordeaux,Basic,Consumer,2025-09-17,both,Matched,True,False,False,False,0.0,False,False,False
ORD-002590,C00677,Sara Lee | France | Basic,Beauty,191.07,6,2025-04-17,Website,1121.42,Sara Lee,France,Basic,Sara Lee,France,Bordeaux,Basic,Consumer,2025-09-17,both,Matched,True,False,False,True,-25.0,False,False,False
ORD-002592,C01318,Sara Mitchell | Singapore | Plus,Toys,108.68,3,2025-10-11,Mobile App,326.04,Sara Mitchell,Singapore,Plus,Sara Mitchell,Singapore,Singapore,Plus,Small Business,2026-03-11,both,Matched,True,False,False,False,0.0,False,False,False
ORD-002594,C02793,Ava Clark | France | Plus,Clothing,302.25,3,2025-08-17,Retail Store,906.75,Ava Clark,France,Plus,Ava Clark,France,Nice,Plus,Small Business,2025-12-26,both,Matched,True,False,False,False,0.0,False,False,False
ORD-002597,C01876,Ava Thomas | Canada | Plus,Electronics,524.99,4,2025-06-23,Mobile App,2099.96,Ava Thomas,Canada,Plus,Ava Thomas,Canada,Vancouver,Plus,Consumer,2025-07-20,both,Matched,True,False,False,False,0.0,False,False,False
ORD-002599,C00664,Yusuf Carter | United States | Premium,Sports,326.41,4,2025-02-24,Mobile App,1305.64,Yusuf Carter,United States,Premium,Yusuf Carter,United States,Seattle,Premium,Consumer,2025-08-23,both,Matched,True,False,False,False,0.0,False,False,False
ORD-002600,C00247,Sam Khan | Germany | Basic,Sports,180.46,3,2026-03-25,Website,541.38,Sam Khan,Germany,Basic,Sam Khan,Germany,,Basic,,,left_only,Not Found,False,False,False,False,0.0,False,False,True
ORD-002610,C00349,Sam Clark | UAE | Basic,Toys,137.5,2,2025-08-25,Website,275.0,Sam Clark,UAE,Basic,Sam Clark,UAE,Dubai,Basic,Enterprise,2026-04-01,both,Matched,True,False,False,False,0.0,False,False,False
ORD-002619,C00842,Jack Moore | Australia | Basic,Sports,404.74,5,2025-05-19,Mobile App,2023.7,Jack Moore,Australia,Basic,Jack Moore,Australia,Perth,Basic,Consumer,2026-02-21,both,Matched,True,False,False,False,0.0,False,False,False
ORD-002620,C02831,Omar Wright | France | Basic,Sports,139.71,1,2025-03-13,Marketplace,139.71,Omar Wright,France,Basic,Omar Wright,France,Bordeaux,Basic,Consumer,2025-03-15,both,Matched,True,False,False,False,0.0,False,False,False
ORD-002621,C02683,Liam Mitchell | United States | Basic,Clothing,305.95,1,2025-05-27,Retail Store,305.95,Liam Mitchell,United States,Basic,Liam Mitchell,United States,Chicago,Basic,Consumer,2025-12-19,both,Matched,True,False,False,False,0.0,False,False,False
ORD-002627,C00692,Sara Hall | Singapore | Premium,Clothing,108.81,1,2026-01-05,Mobile App,108.81,Sara Hall,Singapore,Premium,Sara Hall,Singapore,,Premium,,,left_only,Not Found,False,False,False,False,0.0,False,False,True
ORD-002628,C01860,Sam Garcia | Germany | Basic,Office Supplies,247.95,2,2025-07-05,Marketplace,495.9,Sam Garcia,Germany,Basic,Sam Garcia,Germany,,Basic,,,left_only,Not Found,False,False,False,False,0.0,False,False,True
ORD-002635,C02000,Mia Hall | Germany | Basic,Clothing,581.44,1,2025-11-05,Retail Store,581.44,Mia Hall,Germany,Basic,Mia Hall,Germany,Berlin,Basic,Small Business,2026-03-15,both,Matched,True,False,False,False,0.0,False,False,False
ORD-002638,C00235,Isla Lee | UAE | Premium,Books,318.19,4,2025-02-03,Retail Store,1272.76,Isla Lee,UAE,Premium,Isla Lee,UAE,,Premium,,,left_only,Not Found,False,False,False,False,0.0,False,False,True
ORD-002643,C02301,Amelia Taylor | Germany | Basic,Toys,224.95,5,2025-04-03,Marketplace,1124.75,Amelia Taylor,Germany,Basic,Amelia Taylor,Germany,,Basic,,,left_only,Not Found,False,False,False,False,0.0,False,False,True
ORD-002646,C02775,Amelia Johnson | United States | Plus,Toys,273.87,4,2025-11-05,Website,1095.48,Amelia Johnson,United States,Plus,Amelia Johnson,United States,Seattle,Plus,Consumer,2026-04-03,both,Matched,True,False,False,False,0.0,False,False,False
ORD-002647,C02317,Isla Young | Canada | Basic,Sports,161.05,6,2025-09-14,Retail Store,966.3,Isla Young,Canada,Basic,Isla Young,Canada,Ottawa,Basic,Consumer,2026-04-14,both,Matched,True,False,False,False,-1.1368683772161603e-13,False,False,False
ORD-002649,C00294,Layla Garcia | Singapore | Plus,Sports,274.35,3,2025-07-12,Mobile App,823.05,Layla Garcia,Singapore,Plus,Layla Garcia,Singapore,,Plus,,,left_only,Not Found,False,False,False,False,-1.1368683772161603e-13,False,False,True
ORD-002660,C02734,Alex Brown | Australia | Plus,Clothing,10.35,4,2025-06-03,Mobile App,41.4,Alex Brown,Australia,Plus,Alex Brown,Australia,Brisbane,Plus,Small Business,2026-03-16,both,Matched,True,False,False,False,0.0,False,False,False
ORD-000012,C00053,Amelia Taylor | United Kingdom | Plus,Sports,9.62,5,2026-03-16,Marketplace,48.1,Amelia Taylor,United Kingdom,Plus,Amelia Taylor,United Kingdom,Manchester,Plus,Small Business,2026-04-07,both,Matched,True,False,False,False,7.105427357601002e-15,True,False,False
ORD-002669,C02661,Ava Khan | Germany | Plus,Home & Kitchen,428.89,1,2025-06-17,Website,428.89,Ava Khan,Germany,Plus,Ava Khan,Germany,Munich,Plus,Small Business,2026-01-11,both,Matched,True,False,False,False,0.0,False,False,False
ORD-002679,C00516,Alex Nelson | France | Plus,Toys,553.12,3,2025-10-27,Website,1659.36,Alex Nelson,France,Plus,Alex Nelson,France,Lyon,Plus,Small Business,2025-12-06,both,Matched,True,False,False,False,-2.2737367544323206e-13,False,False,False
ORD-002690,C02951,Jack Mitchell | France | Plus,Toys,127.97,5,2025-08-02,Marketplace,639.85,Jack Mitchell,France,Plus,Jack Mitchell,France,,Plus,,,left_only,Not Found,False,False,False,False,0.0,False,False,True
ORD-002694,C00003,Layla Mitchell | United States | Plus,Beauty,602.72,2,2025-08-08,Website,1205.44,Layla Mitchell,United States,Plus,Layla Mitchell,United States,,Plus,,,left_only,Not Found,False,False,False,False,0.0,False,False,True
ORD-002695,C00274,Leo Green | United Kingdom | Basic,Beauty,404.44,5,2026-02-10,Retail Store,2022.2,Leo Green,United Kingdom,Basic,Leo Green,United Kingdom,,Basic,,,left_only,Not Found,False,False,False,False,0.0,False,False,True
ORD-002702,C01744,Ethan Taylor | France | Plus,Office Supplies,469.25,2,2025-02-21,Marketplace,938.5,Ethan Taylor,France,Plus,Ethan Taylor,France,Nice,Plus,Small Business,2025-08-20,both,Matched,True,False,False,False,0.0,False,False,False
ORD-002708,C00144,Yusuf Ahmed | France | Premium,Office Supplies,610.28,5,2025-09-21,Retail Store,3051.4,Yusuf Ahmed,France,Premium,Yusuf Ahmed,France,Paris,Premium,Small Business,2025-12-28,both,Matched,True,False,False,False,4.547473508864641e-13,False,False,False
ORD-002711,C00429,Henry Anderson | UAE | Basic,Sports,211.79,5,2026-01-23,Retail Store,1058.95,Henry Anderson,UAE,Basic,Henry Anderson,UAE,,Basic,,,left_only,Not Found,False,False,False,False,0.0,False,False,True
ORD-002713,C00516,Alex Nelson | France | Plus,Books,120.03,6,2025-03-11,Website,720.18,Alex Nelson,France,Plus,Alex Nelson,France,Lyon,Plus,Small Business,2025-12-06,both,Matched,True,False,False,False,-1.1368683772161603e-13,False,False,False
ORD-002714,C00355,Amelia Lee | Singapore | Basic,Electronics,393.75,3,2025-01-15,Marketplace,1181.25,Amelia Lee,Singapore,Basic,Amelia Lee,Singapore,,Basic,,,left_only,Not Found,False,False,False,False,0.0,False,False,True
ORD-002717,C02783,Emma Khan | Germany | Basic,Toys,555.29,4,2025-02-07,Retail Store,2221.16,Emma Khan,Germany,Basic,Emma Khan,Germany,Hamburg,Basic,Consumer,2025-05-21,both,Matched,True,False,False,False,0.0,False,False,False
ORD-002720,C01175,Ava Garcia | UAE | Basic,Books,132.42,6,2026-06-25,Website,794.52,Ava Garcia,UAE,Basic,Ava Garcia,UAE,,Basic,,,left_only,Not Found,False,False,False,False,0.0,False,False,True
ORD-002728,C01794,Nora Clark | United States | Plus,Books,408.58,5,2025-07-10,Mobile App,2042.9,Nora Clark,United States,Plus,Nora Clark,United States,Chicago,Plus,Consumer,2025-09-03,both,Matched,True,False,False,False,2.2737367544323206e-13,False,False,False
ORD-002732,C02361,Omar King | France | Basic,Toys,455.97,3,2025-04-08,Marketplace,1367.91,Omar King,France,Basic,Omar King,France,,Basic,,,left_only,Not Found,False,False,False,False,0.0,False,False,True
ORD-002735,C02897,Noah Wright | Singapore | Plus,Home & Kitchen,616.77,3,2025-04-16,Website,1850.31,Noah Wright,Singapore,Plus,Noah Wright,Singapore,Singapore,Plus,Consumer,2025-05-27,both,Matched,True,False,False,False,0.0,False,False,False
ORD-002754,C00264,Mia Mitchell | United Kingdom | Basic,Beauty,577.92,5,2025-09-02,Website,2889.6,Mia Mitchell,United Kingdom,Basic,Mia Mitchell,United Kingdom,London,Basic,Enterprise,2025-09-07,both,Matched,True,False,False,False,0.0,False,False,False
ORD-002759,C00379,Yusuf Mitchell | Australia | Basic,Sports,517.49,6,2025-03-03,Retail Store,3104.94,Yusuf Mitchell,Australia,Basic,Yusuf Mitchell,Australia,Perth,Basic,Consumer,2025-03-21,both,Matched,True,False,False,False,0.0,False,False,False
ORD-002760,C00708,Sam King | Canada | Basic,Toys,255.46,3,2025-08-04,Marketplace,766.38,Sam King,Canada,Basic,Sam King,Canada,Ottawa,Basic,Consumer,2026-03-25,both,Matched,True,False,False,False,0.0,False,False,False
ORD-002764,C01625,Jack Smith | United Kingdom | Plus,Sports,196.08,5,2025-02-12,Website,980.4,Jack Smith,United Kingdom,Plus,Jack Smith,United Kingdom,Manchester,Plus,Small Business,2025-09-03,both,Matched,True,False,False,False,-1.1368683772161603e-13,False,False,False
ORD-002766,C00850,Olivia Wilson | Canada | Basic,Toys,338.75,1,2025-10-18,Retail Store,338.75,Olivia Wilson,Canada,Basic,Olivia Wilson,Canada,Toronto,Basic,Consumer,2025-12-30,both,Matched,True,False,False,False,0.0,False,False,False
ORD-002767,C01153,Leo Ahmed | United Kingdom | Basic,Home & Kitchen,526.01,4,2025-09-03,Marketplace,2104.04,Leo Ahmed,United Kingdom,Basic,Leo Ahmed,United Kingdom,Leeds,Basic,Consumer,2025-10-04,both,Matched,True,False,False,False,0.0,False,False,False
ORD-002768,C02671,Daniel Mitchell | Singapore | Basic,Sports,29.71,6,2025-04-08,Website,178.26,Daniel Mitchell,Singapore,Basic,Daniel Mitchell,Singapore,,Basic,,,left_only,Not Found,False,False,False,False,0.0,False,False,True
ORD-002771,C02185,Ryan Moore | Germany | Plus,Clothing,105.33,4,2025-12-27,Website,421.32,Ryan Moore,Germany,Plus,Ryan Moore,Germany,Frankfurt,Plus,Consumer,2026-03-28,both,Matched,True,False,False,False,0.0,False,False,False
ORD-002773,C02995,Lucas Anderson | UAE | Basic,Toys,431.44,6,2025-03-03,Mobile App,2588.64,Lucas Anderson,UAE,Basic,Lucas Anderson,UAE,Sharjah,Basic,Small Business,2025-06-09,both,Matched,True,False,False,False,0.0,False,False,False
ORD-002774,C01596,Zoe King | Australia | Basic,Electronics,18.8,5,2025-04-17,Retail Store,94.0,Zoe King,Australia,Basic,Zoe King,Australia,,Basic,,,left_only,Not Found,False,False,False,False,0.0,False,False,True
ORD-002779,C00867,Olivia Thomas | Singapore | Basic,Sports,170.85,6,2025-01-15,Retail Store,1025.1,Olivia Thomas,Singapore,Basic,Olivia Thomas,Singapore,,Basic,,,left_only,Not Found,False,False,False,False,0.0,False,False,True
ORD-002795,C01178,Nora Walker | United States | Basic,Toys,387.08,2,2025-02-17,Marketplace,774.16,Nora Walker,United States,Basic,Nora Walker,United States,Chicago,Basic,Consumer,2026-04-06,both,Matched,True,False,False,False,0.0,False,False,False
ORD-002798,C00866,Yusuf Young | Canada | Plus,Office Supplies,45.63,1,2025-02-23,Retail Store,45.63,Yusuf Young,Canada,Plus,Yusuf Young,Canada,Calgary,Plus,Small Business,2025-12-28,both,Matched,True,False,False,False,0.0,False,False,False
ORD-002799,C01037,Chloe Davis | Singapore | Basic,Books,451.39,5,2025-04-20,Website,2256.95,Chloe Davis,Singapore,Basic,Chloe Davis,Singapore,Singapore,Basic,Enterprise,2025-10-03,both,Matched,True,False,False,False,0.0,False,False,False
ORD-002811,C02653,Isla Hassan | Germany | Basic,Home & Kitchen,320.71,2,2025-10-02,Mobile App,641.42,Isla Hassan,Germany,Basic,Isla Hassan,Germany,Hamburg,Basic,Consumer,2026-03-15,both,Matched,True,False,False,False,0.0,False,False,False
ORD-002821,C01645,Mia Brown | Canada | Premium,Home & Kitchen,563.42,5,2025-01-21,Marketplace,2817.1,Mia Brown,Canada,Premium,Mia Brown,Canada,Vancouver,Premium,Consumer,2026-04-13,both,Matched,True,False,False,False,0.0,False,False,False
ORD-002824,C02711,Liam Clark | United States | Plus,Office Supplies,469.4,6,2025-04-14,Retail Store,2816.4,Liam Clark,United States,Plus,Liam Clark,United States,,Plus,,,left_only,Not Found,False,False,False,False,4.547473508864641e-13,False,False,True
ORD-002829,C02010,Alex Moore | Singapore | Plus,Clothing,173.43,2,2025-03-07,Retail Store,346.86,Alex Moore,Singapore,Plus,Alex Moore,Singapore,,Plus,,,left_only,Not Found,False,False,False,False,0.0,False,False,True
ORD-002835,C00149,Ethan Martin | United Kingdom | Plus,Office Supplies,103.23,1,2025-05-06,Website,103.23,Ethan Martin,United Kingdom,Plus,Ethan Martin,United Kingdom,,Plus,,,left_only,Not Found,False,False,False,False,0.0,False,False,True
ORD-002841,C02084,Adam Wilson | Australia | Basic,Office Supplies,636.11,6,2025-09-07,Retail Store,3816.66,Adam Wilson,Australia,Basic,Adam Wilson,Australia,,Basic,,,left_only,Not Found,False,False,False,False,0.0,False,False,True
ORD-002845,C01186,Liam Ahmed | Australia | Basic,Sports,46.86,3,2025-06-11,Marketplace,140.58,Liam Ahmed,Australia,Basic,Liam Ahmed,Australia,Perth,Basic,Small Business,2026-02-18,both,Matched,True,False,False,False,2.842170943040401e-14,False,False,False
ORD-002846,C01545,Daniel Nelson | UAE | Basic,Electronics,136.63,1,2025-04-12,Retail Store,136.63,Daniel Nelson,UAE,Basic,Daniel Nelson,UAE,,Basic,,,left_only,Not Found,False,False,False,False,0.0,False,False,True
ORD-002849,C01799,Noah Hall | France | Basic,Toys,13.46,3,2025-10-30,Mobile App,40.38,Noah Hall,France,Basic,Noah Hall,France,Paris,Basic,Consumer,2026-02-25,both,Matched,True,False,False,False,0.0,False,False,False
ORD-002859,C01799,Noah Hall | France | Basic,Toys,191.57,3,2025-01-05,Marketplace,574.71,Noah Hall,France,Basic,Noah Hall,France,Paris,Basic,Consumer,2026-02-25,both,Matched,True,False,False,False,0.0,False,False,False
ORD-002860,C00960,Chloe Walker | UAE | Premium,Beauty,631.78,6,2025-04-27,Retail Store,3790.68,Chloe Walker,UAE,Premium,Chloe Walker,UAE,Sharjah,Premium,Small Business,2026-03-29,both,Matched,True,False,False,False,0.0,False,False,False
ORD-002862,C00301,Jack Baker | Australia | Premium,Office Supplies,242.46,1,2025-03-11,Mobile App,242.46,Jack Baker,Australia,Premium,Jack Baker,Australia,,Premium,,,left_only,Not Found,False,False,False,False,0.0,False,False,True
ORD-002865,C01361,Isla Ahmed | Australia | Basic,Clothing,210.08,1,2025-01-31,Retail Store,210.08,Isla Ahmed,Australia,Basic,Isla Ahmed,Australia,Brisbane,Basic,Small Business,2025-08-31,both,Matched,True,False,False,False,0.0,False,False,False
ORD-002868,C01408,Nora Brown | Canada | Premium,Toys,368.15,3,2025-06-04,Retail Store,1079.45,Nora Brown,Canada,Premium,Nora Brown,Canada,Ottawa,Premium,Consumer,2024-02-22,both,Matched,False,False,False,True,-24.999999999999773,False,False,False
ORD-002883,C00137,Ella Smith | Canada | Premium,Home & Kitchen,225.37,1,2025-08-15,Marketplace,225.37,Ella Smith,Canada,Premium,Ella Smith,Canada,Calgary,Premium,Consumer,2025-09-29,both,Matched,True,False,False,False,0.0,False,False,False
ORD-002886,C00091,Ella Smith | UAE | Basic,Beauty,110.79,1,2025-10-25,Retail Store,110.79,Ella Smith,UAE,Basic,Ella Smith,UAE,Dubai,Basic,Small Business,2026-03-01,both,Matched,True,False,False,False,0.0,False,False,False
ORD-002890,C01003,Jack Anderson | France | Premium,Sports,486.22,3,2026-01-14,Retail Store,1458.66,Jack Anderson,France,Premium,Jack Anderson,France,,Premium,,,left_only,Not Found,False,False,False,False,0.0,False,False,True
ORD-002891,C02814,Chloe Anderson | United States | Premium,Clothing,495.17,1,2026-02-05,Marketplace,495.17,Chloe Anderson,United States,Premium,Chloe Anderson,United States,Seattle,Premium,Consumer,2026-03-31,both,Matched,True,False,False,False,0.0,False,False,False
ORD-002905,C01926,Mia Carter | United States | Basic,Clothing,86.38,3,2025-07-30,Marketplace,259.14,Mia Carter,United States,Basic,Mia Carter,United States,Seattle,Basic,Consumer,2025-11-24,both,Matched,True,False,False,False,0.0,False,False,False
ORD-002917,C00546,Leo Lewis | France | Basic,Clothing,612.21,2,2025-05-13,Mobile App,1224.42,Leo Lewis,France,Basic,Leo Lewis,France,Bordeaux,Basic,Consumer,2026-03-17,both,Matched,True,False,False,False,0.0,False,False,False
ORD-000066,C01081,Ava Nelson | France | Plus,Beauty,313.9,4,2025-07-05,Retail Store,1255.6,Ava Nelson,France,Plus,Ava Nelson,France,Bordeaux,Plus,Enterprise,2023-10-24,both,Matched,False,False,False,False,0.0,True,False,False
ORD-002923,C02733,Maya Miller | Canada | Premium,Books,409.61,6,2025-09-10,Marketplace,2457.66,Maya Miller,Canada,Premium,Maya Miller,Canada,Toronto,Premium,Small Business,2026-01-22,both,Matched,True,False,False,False,0.0,False,False,False
ORD-002945,C01372,Ryan Carter | United Kingdom | Basic,Office Supplies,435.16,2,2025-01-10,Marketplace,870.32,Ryan Carter,United Kingdom,Basic,Ryan Carter,United Kingdom,Bristol,Basic,Small Business,2025-02-20,both,Matched,True,False,False,False,0.0,False,False,False
ORD-002953,C00848,Chloe Hall | Singapore | Premium,Clothing,630.46,4,2025-04-06,Website,2521.84,Chloe Hall,Singapore,Premium,Chloe Hall,Singapore,Singapore,Premium,Consumer,2025-12-03,both,Matched,True,False,False,False,0.0,False,False,False
ORD-002955,C01582,Jack Ahmed | UAE | Basic,Books,488.84,4,2025-03-15,Mobile App,1955.36,Jack Ahmed,UAE,Basic,Jack Ahmed,UAE,,Basic,,,left_only,Not Found,False,False,False,False,0.0,False,False,True
ORD-002958,C01616,Lucas Smith | Singapore | Basic,Books,564.86,5,2025-02-09,Marketplace,2824.3,Lucas Smith,Singapore,Basic,Lucas Smith,Singapore,Singapore,Basic,Consumer,2025-12-23,both,Matched,True,False,False,False,0.0,False,False,False
ORD-002960,C02671,Daniel Mitchell | Singapore | Basic,Toys,464.32,2,2025-05-01,Website,928.64,Daniel Mitchell,Singapore,Basic,Daniel Mitchell,Singapore,,Basic,,,left_only,Not Found,False,False,False,False,0.0,False,False,True
ORD-002962,C01231,Nora Hall | United States | Basic,Home & Kitchen,427.72,6,2025-07-20,Retail Store,2566.32,Nora Hall,United States,Basic,Nora Hall,United States,Chicago,Basic,Consumer,2026-03-17,both,Matched,True,False,False,False,0.0,False,False,False
ORD-002965,C02855,Layla Martin | Germany | Basic,Electronics,339.56,3,2025-02-07,Retail Store,1018.68,Layla Martin,Germany,Basic,Layla Martin,Germany,Hamburg,Basic,Consumer,2025-12-01,both,Matched,True,False,False,False,-1.1368683772161603e-13,False,False,False
ORD-002966,C00366,Zoe Wilson | France | Basic,Beauty,254.34,5,2025-04-09,Marketplace,1271.7,Zoe Wilson,France,Basic,Zoe Wilson,France,Paris,Basic,Consumer,2026-03-06,both,Matched,True,False,False,False,0.0,False,False,False
ORD-002967,C01198,Liam Patel | UAE | Basic,Beauty,13.58,4,2025-05-11,Mobile App,54.32,Liam Patel,UAE,Basic,Liam Patel,UAE,Dubai,Basic,Consumer,2026-04-01,both,Matched,True,False,False,False,0.0,False,False,False
ORD-002971,C00708,Sam King | Canada | Basic,Clothing,234.43,5,2026-02-28,Website,1172.15,Sam King,Canada,Basic,Sam King,Canada,Ottawa,Basic,Consumer,2026-03-25,both,Matched,True,False,False,False,0.0,False,False,False
ORD-002972,C01938,Noah Lee | Australia | Plus,Toys,223.38,3,2025-06-10,Mobile App,670.14,Noah Lee,Australia,Plus,Noah Lee,Australia,Melbourne,Plus,Consumer,2025-08-08,both,Matched,True,False,False,False,0.0,False,False,False
ORD-002985,C00795,Daniel Mitchell | UAE | Plus,Toys,257.22,3,2025-12-05,Mobile App,771.66,Daniel Mitchell,UAE,Plus,Daniel Mitchell,UAE,Sharjah,Plus,Consumer,2026-04-08,both,Matched,True,False,False,False,-1.1368683772161603e-13,False,False,False
ORD-002991,C02595,Olivia King | Germany | Plus,Electronics,490.37,2,2025-01-28,Retail Store,980.74,Olivia King,Germany,Plus,Olivia King,Germany,Berlin,Plus,Consumer,2025-07-05,both,Matched,True,False,False,False,0.0,False,False,False
ORD-002993,C00968,Daniel Patel | Canada | Plus,Toys,349.72,5,2025-11-21,Website,1748.6,Daniel Patel,Canada,Plus,Daniel Patel,Canada,,Plus,,,left_only,Not Found,False,False,False,False,-2.2737367544323206e-13,False,False,True
ORD-002997,C01855,Emma Carter | United States | Plus,Home & Kitchen,400.76,6,2025-09-17,Marketplace,2404.56,Emma Carter,United States,Plus,Emma Carter,United States,Austin,Plus,Enterprise,2025-12-09,both,Matched,True,False,False,False,0.0,False,False,False
ORD-003002,C01361,Isla Ahmed | Australia | Basic,Clothing,353.08,6,2025-08-15,Mobile App,2118.48,Isla Ahmed,Australia,Basic,Isla Ahmed,Australia,Brisbane,Basic,Small Business,2025-08-31,both,Matched,True,False,False,False,0.0,False,False,False
ORD-003003,C02993,Sara Adams | UAE | Basic,Beauty,418.22,1,2025-01-30,Website,418.22,Sara Adams,UAE,Basic,Sara Adams,UAE,,Basic,,,left_only,Not Found,False,False,False,False,0.0,False,False,True
ORD-003007,C00552,Zoe Walker | Singapore | Basic,Sports,610.0,2,2025-02-26,Retail Store,1220.0,Zoe Walker,Singapore,Basic,Zoe Walker,Singapore,Singapore,Basic,Small Business,2026-04-10,both,Matched,True,False,False,False,0.0,False,False,False
ORD-003009,C01286,Emma Lee | Singapore | Basic,Electronics,331.17,2,2025-05-03,Retail Store,662.34,Emma Lee,Singapore,Basic,Emma Lee,Singapore,,Basic,,,left_only,Not Found,False,False,False,False,0.0,False,False,True
ORD-003018,C00974,Adam Martin | United Kingdom | Basic,Electronics,438.43,3,2025-12-26,Retail Store,1315.29,Adam Martin,United Kingdom,Basic,Adam Martin,United Kingdom,Manchester,Basic,Consumer,2026-01-10,both,Matched,True,False,False,False,0.0,False,False,False
ORD-003021,C02747,James Clark | Germany | Basic,Electronics,329.27,6,2025-01-08,Retail Store,1975.62,James Clark,Germany,Basic,James Clark,Germany,,Basic,,,left_only,Not Found,False,False,False,False,0.0,False,False,True
ORD-003030,C02320,Olivia Adams | Canada | Basic,Electronics,246.5,5,2025-08-09,Website,1232.5,Olivia Adams,Canada,Basic,Olivia Adams,Canada,,Basic,,,left_only,Not Found,False,False,False,False,0.0,False,False,True
ORD-003034,C01839,Ethan Hall | United States | Plus,Sports,194.22,3,2025-01-04,Marketplace,582.66,Ethan Hall,United States,Plus,Ethan Hall,United States,Austin,Plus,Consumer,2025-02-06,both,Matched,True,False,False,False,0.0,False,False,False
ORD-003035,C02617,Ethan Nelson | Germany | Basic,Office Supplies,91.56,6,2025-01-13,Marketplace,549.36,Ethan Nelson,Germany,Basic,Ethan Nelson,Germany,Frankfurt,Basic,Enterprise,2025-03-07,both,Matched,True,False,False,False,0.0,False,False,False
ORD-003051,C02877,Ethan Lee | UAE | Premium,Sports,502.49,1,2025-02-05,Marketplace,502.49,Ethan Lee,UAE,Premium,Ethan Lee,UAE,Sharjah,Premium,Consumer,2026-01-12,both,Matched,True,False,False,False,0.0,False,False,False
ORD-003052,C01463,Noah Carter | United States | Plus,Sports,360.09,6,2025-10-07,Retail Store,2160.54,Noah Carter,United States,Plus,Noah Carter,United States,Austin,Plus,Consumer,2025-12-26,both,Matched,True,False,False,False,0.0,False,False,False
ORD-000084,C02040,Liam Walker | France | Plus,Electronics,629.83,5,2026-02-12,Retail Store,3149.15,Liam Walker,France,Plus,Liam Walker,France,Paris,Plus,Small Business,2024-06-03,both,Matched,False,False,False,False,0.0,True,False,False
ORD-003059,C01799,Noah Hall | France | Basic,Sports,148.23,3,2025-04-21,Mobile App,444.69,Noah Hall,France,Basic,Noah Hall,France,Paris,Basic,Consumer,2026-02-25,both,Matched,True,False,False,False,5.684341886080802e-14,False,False,False
ORD-003061,C02041,Adam Davis | Germany | Premium,Books,31.35,3,2025-03-03,Retail Store,94.05,Adam Davis,Germany,Premium,Adam Davis,Germany,Hamburg,Premium,Consumer,2025-07-02,both,Matched,True,False,False,False,-1.4210854715202004e-14,False,False,False
ORD-003063,C00386,Lina Wright | France | Basic,Toys,118.32,3,2025-03-26,Marketplace,354.96,Lina Wright,France,Basic,Lina Wright,France,Paris,Basic,Consumer,2026-04-07,both,Matched,True,False,False,False,0.0,False,False,False
ORD-003072,C02842,James Davis | UAE | Basic,Home & Kitchen,188.95,2,2025-11-30,Marketplace,377.9,James Davis,UAE,Basic,James Davis,UAE,Abu Dhabi,Basic,Enterprise,2026-02-07,both,Matched,True,False,False,False,0.0,False,False,False
ORD-003085,C00644,Isla Davis | Germany | Plus,Toys,463.24,3,2025-01-05,Marketplace,1389.72,Isla Davis,Germany,Plus,Isla Davis,Germany,Munich,Plus,Consumer,2025-09-09,both,Matched,True,False,False,False,0.0,False,False,False
ORD-003088,C01982,Emma Johnson | Singapore | Basic,Office Supplies,163.84,3,2025-02-12,Mobile App,491.52,Emma Johnson,Singapore,Basic,Emma Johnson,Singapore,,Basic,,,left_only,Not Found,False,False,False,False,0.0,False,False,True
ORD-003089,C02272,Adam Johnson | United States | Plus,Sports,427.81,1,2025-04-09,Website,427.81,Adam Johnson,United States,Plus,Adam Johnson,United States,New York,Plus,Consumer,2025-12-22,both,Matched,True,False,False,False,0.0,False,False,False
ORD-003092,C00795,Daniel Mitchell | UAE | Plus,Home & Kitchen,505.37,3,2025-09-04,Retail Store,1516.11,Daniel Mitchell,UAE,Plus,Daniel Mitchell,UAE,Sharjah,Plus,Consumer,2026-04-08,both,Matched,True,False,False,False,-2.2737367544323206e-13,False,False,False
ORD-003093,C02229,Noah Baker | France | Basic,Home & Kitchen,174.61,2,2025-03-30,Marketplace,349.22,Noah Baker,France,Basic,Noah Baker,France,Bordeaux,Basic,Enterprise,2026-03-27,both,Matched,True,False,False,False,0.0,False,False,False
ORD-003103,C01603,Lucas Martin | United Kingdom | Plus,Beauty,291.82,1,2025-08-20,Retail Store,291.82,Lucas Martin,United Kingdom,Plus,Lucas Martin,United Kingdom,Manchester,Plus,Small Business,2026-01-05,both,Matched,True,False,False,False,0.0,False,False,False
ORD-003107,C00163,Emma Davis | Germany | Plus,Office Supplies,640.33,2,2025-10-19,Retail Store,1280.66,Emma Davis,Germany,Plus,Emma Davis,Germany,Berlin,Plus,Consumer,2026-02-23,both,Matched,True,False,False,False,0.0,False,False,False
ORD-003113,C01276,Jack Davis | Canada | Plus,Clothing,358.36,4,2025-02-28,Retail Store,1433.44,Jack Davis,Canada,Plus,Jack Davis,Canada,Vancouver,Plus,Enterprise,2026-01-17,both,Matched,True,False,False,False,0.0,False,False,False
ORD-003115,C01684,Daniel Lee | Australia | Plus,Sports,238.46,3,2026-01-10,Website,715.38,Daniel Lee,Australia,Plus,Daniel Lee,Australia,Perth,Plus,Consumer,2026-02-18,both,Matched,True,False,False,False,0.0,False,False,False
ORD-003116,C01148,Zoe Hall | United Kingdom | Premium,Clothing,324.15,5,2025-02-09,Website,1620.75,Zoe Hall,United Kingdom,Premium,Zoe Hall,United Kingdom,Bristol,Premium,Consumer,2025-08-27,both,Matched,True,False,False,False,0.0,False,False,False
ORD-003117,C02048,Amelia Taylor | Australia | Premium,Office Supplies,380.83,5,2025-07-12,Website,1904.15,Amelia Taylor,Australia,Premium,Amelia Taylor,Australia,Brisbane,Premium,Small Business,2026-02-21,both,Matched,True,False,False,False,2.2737367544323206e-13,False,False,False
ORD-003121,C00127,Ava Wright | Singapore | Plus,Home & Kitchen,135.93,6,2025-08-02,Marketplace,815.58,Ava Wright,Singapore,Plus,Ava Wright,Singapore,Singapore,Plus,Consumer,2026-01-31,both,Matched,True,False,False,False,0.0,False,False,False
ORD-003122,C00761,Noah Young | Australia | Basic,Electronics,114.4,4,2025-06-28,Retail Store,457.6,Noah Young,Australia,Basic,Noah Young,Australia,Sydney,Basic,Enterprise,2025-10-03,both,Matched,True,False,False,False,0.0,False,False,False
ORD-003123,C00224,Jack Green | United States | Basic,Sports,485.03,4,2025-05-14,Retail Store,1940.12,Jack Green,United States,Basic,Jack Green,United States,Chicago,Basic,Small Business,2025-06-28,both,Matched,True,False,False,False,0.0,False,False,False
ORD-003124,C01633,Amelia Davis | Germany | Plus,Sports,68.21,4,2025-02-23,Mobile App,272.84,Amelia Davis,Germany,Plus,Amelia Davis,Germany,Hamburg,Plus,Small Business,2025-09-18,both,Matched,True,False,False,False,0.0,False,False,False
ORD-003127,C02473,Henry Carter | Australia | Basic,Clothing,391.73,1,2025-01-12,Website,391.73,Henry Carter,Australia,Basic,Henry Carter,Australia,Perth,Basic,Consumer,2025-06-30,both,Matched,True,False,False,False,0.0,False,False,False
ORD-003128,C01363,Amelia Khan | Germany | Premium,Toys,417.21,2,2025-06-11,Retail Store,834.42,Amelia Khan,Germany,Premium,Amelia Khan,Germany,Berlin,Premium,Small Business,2025-06-28,both,Matched,True,False,False,False,0.0,False,False,False
ORD-003130,C01481,Mia Clark | United Kingdom | Basic,Beauty,426.51,2,2025-01-29,Mobile App,853.02,Mia Clark,United Kingdom,Basic,Mia Clark,United Kingdom,,Basic,,,left_only,Not Found,False,False,False,False,0.0,False,False,True
ORD-003132,C00401,Ava Lee | Singapore | Basic,Electronics,484.55,3,2025-01-23,Mobile App,1453.65,Ava Lee,Singapore,Basic,Ava Lee,Singapore,Singapore,Basic,Small Business,2025-12-16,both,Matched,True,False,False,False,0.0,False,False,False
ORD-003138,C00274,Leo Green | United Kingdom | Basic,Books,82.04,3,2025-10-27,Marketplace,246.12,Leo Green,United Kingdom,Basic,Leo Green,United Kingdom,,Basic,,,left_only,Not Found,False,False,False,False,0.0,False,False,True
ORD-003139,C01493,Ava Wilson | France | Plus,Books,146.82,4,2025-07-28,Retail Store,587.28,Ava Wilson,France,Plus,Ava Wilson,France,Bordeaux,Plus,Small Business,2025-09-06,both,Matched,True,False,False,False,0.0,False,False,False
ORD-003143,C01652,Layla Thomas | Germany | Basic,Home & Kitchen,74.49,4,2025-02-07,Website,297.96,Layla Thomas,Germany,Basic,Layla Thomas,Germany,Frankfurt,Basic,Consumer,2025-04-20,both,Matched,True,False,False,False,0.0,False,False,False
ORD-003146,C01465,Sara King | France | Basic,Toys,48.4,1,2025-03-07,Marketplace,48.4,Sara King,France,Basic,Sara King,France,Nice,Basic,Consumer,2026-03-17,both,Matched,True,False,False,False,0.0,False,False,False
ORD-003152,C00301,Jack Baker | Australia | Premium,Home & Kitchen,175.65,5,2025-02-26,Mobile App,878.25,Jack Baker,Australia,Premium,Jack Baker,Australia,,Premium,,,left_only,Not Found,False,False,False,False,0.0,False,False,True
ORD-003153,C02124,Nora Young | Germany | Plus,Clothing,224.63,6,2025-06-02,Mobile App,1347.78,Nora Young,Germany,Plus,Nora Young,Germany,Hamburg,Plus,Consumer,2025-12-21,both,Matched,True,False,False,False,0.0,False,False,False
ORD-003157,C00394,Layla Baker | Germany | Basic,Sports,74.47,6,2025-08-18,Marketplace,446.82,Layla Baker,Germany,Basic,Layla Baker,Germany,,Basic,,,left_only,Not Found,False,False,False,False,0.0,False,False,True
ORD-003160,C01540,Noah Thomas | Germany | Premium,Electronics,153.62,5,2025-01-15,Marketplace,768.1,Noah Thomas,Germany,Premium,Noah Thomas,Germany,,Premium,,,left_only,Not Found,False,False,False,False,0.0,False,False,True
ORD-003165,C01041,Liam Clark | France | Basic,Electronic Goods,311.9,2,2025-03-26,Website,623.8,Liam Clark,France,Basic,Liam Clark,France,Bordeaux,Basic,Small Business,2026-04-06,both,Matched,True,False,False,False,0.0,False,False,False
ORD-003170,C01625,Jack Smith | United Kingdom | Plus,Sports,396.6,5,2025-06-26,Marketplace,1983.0,Jack Smith,United Kingdom,Plus,Jack Smith,United Kingdom,Manchester,Plus,Small Business,2025-09-03,both,Matched,True,True,False,False,0.0,False,False,False
ORD-003173,C01613,Liam Thomas | UAE | Premium,Sports,103.93,1,2025-05-01,Retail Store,103.93,Liam Thomas,UAE,Premium,Liam Thomas,UAE,Dubai,Premium,Consumer,2025-07-15,both,Matched,True,False,False,False,0.0,False,False,False
ORD-003180,C00737,James Smith | UAE | Basic,Home & Kitchen,471.66,3,2025-01-13,Marketplace,1414.98,James Smith,UAE,Basic,James Smith,UAE,Dubai,Basic,Consumer,2025-06-16,both,Matched,True,False,False,False,0.0,False,False,False
ORD-003186,C01886,Jack Khan | United Kingdom | Premium,Clothing,341.97,2,2025-04-12,Retail Store,683.94,Jack Khan,United Kingdom,Premium,Jack Khan,United Kingdom,Leeds,Premium,Small Business,2026-03-15,both,Matched,True,False,False,False,0.0,False,False,False
ORD-003191,C00865,Liam King | United States | Basic,Beauty,124.02,2,2025-06-24,Website,248.04,Liam King,United States,Basic,Liam King,United States,,Basic,,,left_only,Not Found,False,False,False,False,0.0,False,False,True
ORD-003193,C02948,Sophia Miller | France | Premium,Books,167.19,1,2025-01-13,Marketplace,167.19,Sophia Miller,France,Premium,Sophia Miller,France,Lyon,Premium,Small Business,2026-02-10,both,Matched,True,False,False,False,0.0,False,False,False
ORD-003194,C02302,Yusuf Mitchell | Canada | Premium,Office Supplies,315.72,2,2025-06-23,Website,631.44,Yusuf Mitchell,Canada,Premium,Yusuf Mitchell,Canada,Calgary,Premium,Consumer,2026-02-07,both,Matched,True,False,False,False,0.0,False,False,False
ORD-003196,C02661,Ava Khan | Germany | Plus,Electronics,647.12,5,2025-08-03,Retail Store,3235.6,Ava Khan,Germany,Plus,Ava Khan,Germany,Munich,Plus,Small Business,2026-01-11,both,Matched,True,False,False,False,0.0,False,False,False
ORD-003199,C00948,Liam Adams | United Kingdom | Premium,Home & Kitchen,293.66,2,2025-09-14,Marketplace,587.32,Liam Adams,United Kingdom,Premium,Liam Adams,United Kingdom,,Premium,,,left_only,Not Found,False,False,False,False,0.0,False,False,True
ORD-003201,C02000,Mia Hall | Germany | Basic,Electronics,597.46,2,2025-11-26,Mobile App,1194.92,Mia Hall,Germany,Basic,Mia Hall,Germany,Berlin,Basic,Small Business,2026-03-15,both,Matched,True,False,False,False,0.0,False,False,False
ORD-003203,C02736,Amelia Hassan | Canada | Plus,Beauty,156.78,6,2025-11-26,Website,940.68,Amelia Hassan,Canada,Plus,Amelia Hassan,Canada,Toronto,Plus,Small Business,2026-01-24,both,Matched,True,False,False,False,-1.1368683772161603e-13,False,False,False
ORD-003204,C00559,Amelia Johnson | Australia | Premium,Books,634.12,5,2025-06-19,Marketplace,3170.6,Amelia Johnson,Australia,Premium,Amelia Johnson,Australia,Brisbane,Premium,Small Business,2025-12-23,both,Matched,True,False,False,False,0.0,False,False,False
ORD-003206,C01208,Lucas Garcia | UAE | Plus,Home & Kitchen,146.51,2,2025-02-04,Retail Store,293.02,Lucas Garcia,UAE,Plus,Lucas Garcia,UAE,Abu Dhabi,Plus,Consumer,2025-10-21,both,Matched,True,False,False,False,0.0,False,False,False
ORD-003209,C02855,Layla Martin | Germany | Basic,Home & Kitchen,221.06,5,2025-08-14,Website,1105.3,Layla Martin,Germany,Basic,Layla Martin,Germany,Hamburg,Basic,Consumer,2025-12-01,both,Matched,True,False,False,False,0.0,False,False,False
ORD-003214,C00185,Ella Brown | United Kingdom | Basic,Office Supplies,258.82,1,2025-10-04,Retail Store,258.82,Ella Brown,United Kingdom,Basic,Ella Brown,United Kingdom,,Basic,,,left_only,Not Found,False,False,False,False,0.0,False,False,True
ORD-003223,C00228,Ella Lee | UAE | Basic,Clothing,600.68,3,2025-11-30,Retail Store,1802.04,Ella Lee,UAE,Basic,Ella Lee,UAE,,Basic,,,left_only,Not Found,False,False,False,False,0.0,False,False,True
ORD-003235,C00725,Amelia Johnson | Germany | Premium,Clothing,82.99,6,2025-12-04,Website,497.94,Amelia Johnson,Germany,Premium,Amelia Johnson,Germany,Hamburg,Premium,Consumer,2026-01-12,both,Matched,True,False,False,False,5.684341886080802e-14,False,False,False
ORD-003236,C01263,Ryan Johnson | Australia | Plus,Sports,289.68,1,,Retail Store,289.68,Ryan Johnson,Australia,Plus,Ryan Johnson,Australia,Brisbane,Plus,Consumer,2023-04-20,both,Matched,False,False,False,False,0.0,False,True,False
ORD-003240,C01484,Noah Nelson | Canada | Basic,Books,273.04,1,2025-09-18,Marketplace,273.04,Noah Nelson,Canada,Basic,Noah Nelson,Canada,Toronto,Basic,Consumer,2026-01-20,both,Matched,True,False,False,False,0.0,False,False,False
ORD-003242,C01030,Sophia Ahmed | Australia | Basic,Books,355.89,6,2025-07-09,Website,2135.34,Sophia Ahmed,Australia,Basic,Sophia Ahmed,Australia,,Basic,,,left_only,Not Found,False,False,False,False,0.0,False,False,True
ORD-003257,C00871,Adam Baker | Singapore | Basic,Toys,202.18,6,2025-10-12,Retail Store,1213.08,Adam Baker,Singapore,Basic,Adam Baker,Singapore,Singapore,Basic,Consumer,2026-03-22,both,Matched,True,False,False,False,0.0,False,False,False
ORD-003264,C02826,Zoe Adams | United States | Basic,Books,462.76,1,2025-12-08,Website,462.76,Zoe Adams,United States,Basic,Zoe Adams,United States,Chicago,Basic,Small Business,2026-02-01,both,Matched,True,False,False,False,0.0,False,False,False
ORD-003266,C01926,Mia Carter | United States | Basic,Beauty,454.37,6,2025-05-27,Retail Store,2726.22,Mia Carter,United States,Basic,Mia Carter,United States,Seattle,Basic,Consumer,2025-11-24,both,Matched,True,False,False,False,-4.547473508864641e-13,False,False,False
ORD-003269,C02606,Jack Khan | Singapore | Plus,Beauty,445.26,4,2025-11-10,Marketplace,1781.04,Jack Khan,Singapore,Plus,Jack Khan,Singapore,Singapore,Plus,Consumer,2026-01-14,both,Matched,True,False,False,False,0.0,False,False,False
ORD-003274,C01596,Zoe King | Australia | Basic,Sprots,381.4,4,2025-01-23,Retail Store,1525.6,Zoe King,Australia,Basic,Zoe King,Australia,,Basic,,,left_only,Not Found,False,False,False,False,0.0,False,False,True
ORD-003278,C00884,Amelia Ahmed | Germany | Premium,Books,19.31,5,2025-08-02,Retail Store,96.55,Amelia Ahmed,Germany,Premium,Amelia Ahmed,Germany,,Premium,,,left_only,Not Found,False,False,False,False,0.0,False,False,True
ORD-003289,C00998,Henry Patel | United Kingdom | Basic,Electronic Goods,122.71,6,2026-04-05,Retail Store,736.26,Henry Patel,United Kingdom,Basic,Henry Patel,United Kingdom,,Basic,,,left_only,Not Found,False,False,False,False,0.0,False,False,True
ORD-003291,C00649,Lucas Anderson | Canada | Basic,Clothing,233.98,3,2025-06-11,Retail Store,701.94,Lucas Anderson,Canada,Basic,Lucas Anderson,Canada,,Basic,,,left_only,Not Found,False,False,False,False,1.1368683772161603e-13,False,False,True
ORD-003300,C00552,Zoe Walker | Singapore | Basic,Books,167.16,6,2025-02-27,Mobile App,1002.96,Zoe Walker,Singapore,Basic,Zoe Walker,Singapore,Singapore,Basic,Small Business,2026-04-10,both,Matched,True,False,False,False,0.0,False,False,False
ORD-003302,C01465,Sara King | France | Basic,Clothing,142.11,5,2025-08-03,Website,710.55,Sara King,France,Basic,Sara King,France,Nice,Basic,Consumer,2026-03-17,both,Matched,True,False,False,False,-1.1368683772161603e-13,False,False,False
ORD-003303,C02711,Liam Clark | United States | Plus,Home & Kitchen,469.63,1,2026-06-08,Marketplace,469.63,Liam Clark,United States,Plus,Liam Clark,United States,,Plus,,,left_only,Not Found,False,False,False,False,0.0,False,False,True
ORD-003305,C01955,Noah Wright | Germany | Premium,Electronics,455.55,6,2025-03-09,Retail Store,2733.3,Noah Wright,Germany,Premium,Noah Wright,Germany,,Premium,,,left_only,Not Found,False,False,False,False,0.0,False,False,True
ORD-003306,C01128,Omar Khan | France | Basic,Sports,238.45,4,2025-01-29,Retail Store,953.8,Omar Khan,France,Basic,Omar Khan,France,Paris,Basic,Consumer,2025-08-07,both,Matched,True,False,False,False,0.0,False,False,False
ORD-003314,C00263,Alex Baker | United States | Plus,Electronics,622.28,1,2025-12-14,Website,622.28,Alex Baker,United States,Plus,Alex Baker,United States,Seattle,Plus,Consumer,2026-02-03,both,Matched,True,False,False,False,0.0,False,False,False
ORD-003322,C02301,Amelia Taylor | Germany | Basic,Home & Kitchen,627.2,3,2025-01-22,Website,1881.6,Amelia Taylor,Germany,Basic,Amelia Taylor,Germany,,Basic,,,left_only,Not Found,False,False,False,False,-2.2737367544323206e-13,False,False,True
ORD-003326,C02557,Emma Carter | Germany | Basic,Books,267.33,6,2025-01-20,Website,1603.98,Emma Carter,Germany,Basic,Emma Carter,Germany,Munich,Basic,Consumer,2026-02-01,both,Matched,True,False,False,False,0.0,False,False,False
ORD-003331,C01799,Noah Hall | France | Basic,Electronics,57.49,5,2025-09-29,Mobile App,287.45,Noah Hall,France,Basic,Noah Hall,France,Paris,Basic,Consumer,2026-02-25,both,Matched,True,False,False,False,0.0,False,False,False
ORD-003338,C01976,Zoe Patel | Germany | Plus,Electronics,91.81,4,2025-04-05,Mobile App,367.24,Zoe Patel,Germany,Plus,Zoe Patel,Germany,Frankfurt,Plus,Consumer,2026-03-22,both,Matched,True,False,False,False,0.0,False,False,False
ORD-003339,C00725,Amelia Johnson | Germany | Premium,Sports,173.87,1,2025-01-11,Mobile App,173.87,Amelia Johnson,Germany,Premium,Amelia Johnson,Germany,Hamburg,Premium,Consumer,2026-01-12,both,Matched,True,False,False,False,0.0,False,False,False
ORD-003347,C02659,Jack Wright | UAE | Plus,Beauty,427.55,6,2025-09-04,Retail Store,2565.3,Jack Wright,UAE,Plus,Jack Wright,UAE,Dubai,Plus,Small Business,2026-04-13,both,Matched,True,False,False,False,0.0,False,False,False
ORD-003353,C01473,Isla Smith | United Kingdom | Premium,Electronic Goods,256.28,1,2025-10-02,Website,256.28,Isla Smith,United Kingdom,Premium,Isla Smith,United Kingdom,Leeds,Premium,Consumer,2026-02-02,both,Matched,True,False,False,False,0.0,False,False,False
ORD-003355,C02195,Leo Lewis | Australia | Basic,Sports,580.63,3,2025-02-27,Website,1741.89,Leo Lewis,Australia,Basic,Leo Lewis,Australia,Melbourne,Basic,Consumer,2025-05-13,both,Matched,True,False,False,False,2.2737367544323206e-13,False,False,False
ORD-003363,C02809,Isla Thomas | Germany | Basic,Electronics,518.34,6,2025-05-02,Marketplace,3110.04,Isla Thomas,Germany,Basic,Isla Thomas,Germany,Hamburg,Basic,Consumer,2025-12-24,both,Matched,True,False,False,False,0.0,False,False,False
ORD-000060,C02220,Nora King | UAE | Basic,Books,23.15,3,2025-06-13,Mobile App,69.45,Nora King,UAE,Basic,Nora King,UAE,Abu Dhabi,Basic,Consumer,2024-05-23,both,Matched,False,False,False,False,1.4210854715202004e-14,True,False,False
ORD-003370,C00056,Chloe Moore | France | Premium,Clothing,486.92,5,2025-05-04,Marketplace,2434.6,Chloe Moore,France,Premium,Chloe Moore,France,,Premium,,,left_only,Not Found,False,False,False,False,0.0,False,False,True
ORD-003372,C00091,Ella Smith | UAE | Basic,Electronics,601.83,6,2025-10-09,Marketplace,3610.98,Ella Smith,UAE,Basic,Ella Smith,UAE,Dubai,Basic,Small Business,2026-03-01,both,Matched,True,False,False,False,-4.547473508864641e-13,False,False,False
ORD-003382,C01724,Isla Moore | Singapore | Basic,Home & Kitchen,382.5,5,2025-04-22,Marketplace,1952.5,Isla Moore,Singapore,Basic,Isla Moore,Singapore,Singapore,Basic,Consumer,2023-04-12,both,Matched,False,False,False,True,40.0,False,False,False
ORD-003384,C01683,Adam Garcia | France | Basic,Sports,495.58,6,2025-05-12,Mobile App,2973.48,Adam Garcia,France,Basic,Adam Garcia,France,Paris,Basic,Small Business,2025-12-17,both,Matched,True,False,False,False,0.0,False,False,False
ORD-003406,C02603,Layla Green | United States | Basic,Books,348.8,1,2026-07-24,Website,348.8,Layla Green,United States,Basic,Layla Green,United States,,Basic,,,left_only,Not Found,False,False,False,False,0.0,False,False,True
ORD-003410,C02214,Ava Lee | Germany | Basic,Home & Kitchen,289.95,6,2025-03-21,Marketplace,1739.7,Ava Lee,Germany,Basic,Ava Lee,Germany,Hamburg,Basic,Small Business,2025-07-13,both,Matched,True,False,False,False,2.2737367544323206e-13,False,False,False
ORD-003414,C01674,Zoe Ahmed | Canada | Plus,Toys,205.97,5,2025-01-15,Retail Store,1029.85,Zoe Ahmed,Canada,Plus,Zoe Ahmed,Canada,Vancouver,Plus,Consumer,2026-04-04,both,Matched,True,False,False,False,0.0,False,False,False
ORD-003416,C01361,Isla Ahmed | Australia | Basic,Office Supplies,631.06,4,2025-05-23,Website,2524.24,Isla Ahmed,Australia,Basic,Isla Ahmed,Australia,Brisbane,Basic,Small Business,2025-08-31,both,Matched,True,False,False,False,0.0,False,False,False
ORD-003427,C02010,Alex Moore | Singapore | Plus,Home & Kitchen,110.9,5,2025-05-30,Retail Store,554.5,Alex Moore,Singapore,Plus,Alex Moore,Singapore,,Plus,,,left_only,Not Found,False,False,False,False,0.0,False,False,True
ORD-003431,C00193,Nora Hall | UAE | Basic,Home & Kitchen,543.69,3,2025-11-27,Marketplace,1631.07,Nora Hall,UAE,Basic,Nora Hall,UAE,Abu Dhabi,Basic,Consumer,2026-03-08,both,Matched,True,False,False,False,-2.2737367544323206e-13,False,False,False
ORD-003433,C02126,Chloe Green | France | Plus,Books,428.03,2,,Marketplace,856.06,Chloe Green,France,Plus,Chloe Green,France,Nice,Plus,Consumer,2023-10-17,both,Matched,False,False,False,False,0.0,False,True,False
ORD-003446,C00671,Omar Clark | Singapore | Basic,Beauty,525.24,1,2025-04-12,Retail Store,525.24,Omar Clark,Singapore,Basic,Omar Clark,Singapore,Singapore,Basic,Small Business,2026-03-25,both,Matched,True,False,False,False,0.0,False,False,False
ORD-003448,C01876,Ava Thomas | Canada | Plus,Books,153.52,3,2025-05-29,Marketplace,460.56,Ava Thomas,Canada,Plus,Ava Thomas,Canada,Vancouver,Plus,Consumer,2025-07-20,both,Matched,True,False,False,False,-5.684341886080802e-14,False,False,False
ORD-003451,C02541,Yusuf Hassan | United Kingdom | Basic,Office Supplies,525.01,6,2025-08-05,Marketplace,3150.06,Yusuf Hassan,United Kingdom,Basic,Yusuf Hassan,United Kingdom,,Basic,,,left_only,Not Found,False,False,False,False,0.0,False,False,True
ORD-003459,C01175,Ava Garcia | UAE | Basic,Sprots,43.4,3,2026-04-24,Website,130.2,Ava Garcia,UAE,Basic,Ava Garcia,UAE,,Basic,,,left_only,Not Found,False,False,False,False,0.0,False,False,True
ORD-003468,C01658,Liam Hassan | United States | Plus,Beauty,429.48,6,2025-07-27,Mobile App,2576.88,Liam Hassan,United States,Plus,Liam Hassan,United States,Austin,Plus,Consumer,2025-10-11,both,Matched,True,False,False,False,0.0,False,False,False
ORD-003470,C01046,Leo Mitchell | United Kingdom | Plus,Office Supplies,406.82,5,2025-09-05,Retail Store,2034.1,Leo Mitchell,United Kingdom,Plus,Leo Mitchell,United Kingdom,London,Plus,Consumer,2025-10-05,both,Matched,True,False,False,False,0.0,False,False,False
ORD-003471,C02476,Sam Carter | United Kingdom | Premium,Office Supplies,112.28,3,2025-07-15,Retail Store,336.84,Sam Carter,United Kingdom,Premium,Sam Carter,United Kingdom,Manchester,Premium,Consumer,2025-12-28,both,Matched,True,True,False,False,-5.684341886080802e-14,False,False,False
ORD-003478,C02653,Isla Hassan | Germany | Basic,Office Supplies,53.27,2,2025-08-07,Marketplace,106.54,Isla Hassan,Germany,Basic,Isla Hassan,Germany,Hamburg,Basic,Consumer,2026-03-15,both,Matched,True,False,False,False,0.0,False,False,False
ORD-003484,C00884,Amelia Ahmed | Germany | Premium,Office Supplies,641.18,4,2025-08-02,Mobile App,2564.72,Amelia Ahmed,Germany,Premium,Amelia Ahmed,Germany,,Premium,,,left_only,Not Found,False,False,False,False,0.0,False,False,True
ORD-003492,C00026,Isla Adams | France | Premium,Beauty,612.26,4,2025-03-18,Marketplace,2449.04,Isla Adams,France,Premium,Isla Adams,France,,Premium,,,left_only,Not Found,False,False,False,False,0.0,False,False,True
ORD-003498,C00378,Leo Baker | United Kingdom | Basic,Clothing,158.22,3,2025-01-02,Website,474.66,Leo Baker,United Kingdom,Basic,Leo Baker,United Kingdom,Bristol,Basic,Consumer,2025-10-12,both,Matched,True,False,False,False,5.684341886080802e-14,False,False,False
ORD-003505,C01537,Sara Wright | Australia | Basic,Clothing,148.68,4,2025-01-13,Marketplace,594.72,Sara Wright,Australia,Basic,Sara Wright,Australia,Perth,Basic,Consumer,2025-09-22,both,Matched,True,False,False,False,0.0,False,False,False
ORD-003526,C02377,Lina Hall | Australia | Basic,Electronics,389.24,4,2025-11-08,Retail Store,1556.96,Lina Hall,Australia,Basic,Lina Hall,Australia,Perth,Basic,Consumer,2026-02-04,both,Matched,True,False,False,False,0.0,False,False,False
ORD-003529,C02293,Adam Clark | France | Plus,Home & Kitchen,409.69,6,2025-03-16,Mobile App,2458.14,Adam Clark,France,Plus,Adam Clark,France,Bordeaux,Plus,Enterprise,2025-07-29,both,Matched,True,False,False,False,0.0,False,False,False
ORD-003542,C01653,Nora Smith | United States | Basic,Sports,544.03,5,2025-05-29,Retail Store,2720.15,Nora Smith,United States,Basic,Nora Smith,United States,,Basic,,,left_only,Not Found,False,False,False,False,4.547473508864641e-13,False,False,True
ORD-003543,C01992,Adam Mitchell | France | Basic,Office Supplies,378.39,3,2025-06-19,Retail Store,1135.17,Adam Mitchell,France,Basic,Adam Mitchell,France,Lyon,Basic,Consumer,2025-11-28,both,Matched,True,False,False,False,0.0,False,False,False
ORD-003544,C02074,Ava Green | United Kingdom | Basic,Beauty,485.22,6,2026-01-15,Marketplace,2911.32,Ava Green,United Kingdom,Basic,Ava Green,United Kingdom,Bristol,Basic,Consumer,2026-02-14,both,Matched,True,False,False,False,0.0,False,False,False
ORD-003554,C02951,Jack Mitchell | France | Plus,Electronics,509.89,3,2025-06-24,Marketplace,1529.67,Jack Mitchell,France,Plus,Jack Mitchell,France,,Plus,,,left_only,Not Found,False,False,False,False,0.0,False,False,True
ORD-003556,C01497,Emma Wright | Singapore | Plus,Clothing,122.96,6,2025-07-13,Retail Store,737.76,Emma Wright,Singapore,Plus,Emma Wright,Singapore,,Plus,,,left_only,Not Found,False,False,False,False,0.0,False,False,True
ORD-003563,C00867,Olivia Thomas | Singapore | Basic,Office Supplies,642.03,4,2026-07-05,Retail Store,2568.12,Olivia Thomas,Singapore,Basic,Olivia Thomas,Singapore,,Basic,,,left_only,Not Found,False,False,False,False,0.0,False,False,True
ORD-003570,C01051,Daniel Garcia | United Kingdom | Plus,Books,385.35,2,2026-01-31,Website,770.7,Daniel Garcia,United Kingdom,Plus,Daniel Garcia,United Kingdom,Leeds,Plus,Small Business,2026-03-17,both,Matched,True,False,False,False,0.0,False,False,False
ORD-003572,C02986,Yusuf Khan | UAE | Plus,Toys,137.55,6,2025-09-27,Marketplace,825.3,Yusuf Khan,UAE,Plus,Yusuf Khan,UAE,,Plus,,,left_only,Not Found,False,False,False,False,-1.1368683772161603e-13,False,False,True
ORD-003574,C02525,Chloe Johnson | United Kingdom | Plus,Beauty,633.52,2,,Retail Store,1267.04,Chloe Johnson,United Kingdom,Plus,Chloe Johnson,United Kingdom,Bristol,Plus,Small Business,2025-12-13,both,Matched,False,False,False,False,0.0,False,True,False
ORD-003576,C00235,Isla Lee | UAE | Premium,Sports,414.83,2,2026-01-04,Retail Store,829.66,Isla Lee,UAE,Premium,Isla Lee,UAE,,Premium,,,left_only,Not Found,False,False,False,False,0.0,False,False,True
ORD-003584,C00871,Adam Baker | Singapore | Basic,Sports,466.95,1,2025-03-19,Website,466.95,Adam Baker,Singapore,Basic,Adam Baker,Singapore,Singapore,Basic,Consumer,2026-03-22,both,Matched,True,False,False,False,0.0,False,False,False
ORD-003585,C01247,Mia Baker | Canada | Basic,Sports,456.24,0,2025-02-17,Retail Store,1368.72,Mia Baker,Canada,Basic,Mia Baker,Canada,Calgary,Basic,Enterprise,2025-11-26,both,Matched,True,False,True,True,1368.72,False,False,False
ORD-003588,C01144,Daniel Baker | United States | Plus,Office Supplies,465.86,1,2025-08-22,Website,465.86,Daniel Baker,United States,Plus,Daniel Baker,United States,Chicago,Plus,Consumer,2026-03-12,both,Matched,True,False,False,False,0.0,False,False,False
ORD-003590,C01588,Nora Martin | United States | Plus,Electronics,448.28,2,2025-04-20,Mobile App,896.56,Nora Martin,United States,Plus,Nora Martin,United States,Seattle,Plus,Consumer,2025-12-22,both,Matched,True,False,False,False,0.0,False,False,False
ORD-003596,C00285,Alex Hall | Germany | Basic,Office Supplies,494.35,2,2025-03-07,Mobile App,988.7,Alex Hall,Germany,Basic,Alex Hall,Germany,Munich,Basic,Consumer,2025-10-21,both,Matched,True,False,False,False,0.0,False,False,False
ORD-003597,C01626,Jack Walker | Australia | Basic,Beauty,426.63,5,2025-03-18,Mobile App,2133.15,Jack Walker,Australia,Basic,Jack Walker,Australia,,Basic,,,left_only,Not Found,False,False,False,False,0.0,False,False,True
ORD-003603,C00112,Daniel Green | Germany | Premium,Home & Kitchen,127.96,6,2025-05-16,Marketplace,767.76,Daniel Green,Germany,Premium,Daniel Green,Germany,Munich,Premium,Consumer,2025-09-05,both,Matched,True,False,False,False,0.0,False,False,False
ORD-003607,C00226,Chloe Davis | Australia | Plus,Beauty,314.46,1,2025-04-06,Mobile App,314.46,Chloe Davis,Australia,Plus,Chloe Davis,Australia,Brisbane,Plus,Consumer,2025-06-21,both,Matched,True,False,False,False,0.0,False,False,False
ORD-003612,C02793,Ava Clark | France | Plus,Toys,66.95,1,2025-11-14,Retail Store,66.95,Ava Clark,France,Plus,Ava Clark,France,Nice,Plus,Small Business,2025-12-26,both,Matched,True,False,False,False,0.0,False,False,False
ORD-003613,C02128,Noah Lee | Australia | Plus,Sports,258.93,3,2025-01-06,Website,776.79,Noah Lee,Australia,Plus,Noah Lee,Australia,Brisbane,Plus,Consumer,2025-02-26,both,Matched,True,False,False,False,0.0,False,False,False
ORD-003615,C01592,Alex Hall | Australia | Basic,Books,70.26,1,2025-04-19,Website,70.26,Alex Hall,Australia,Basic,Alex Hall,Australia,Sydney,Basic,Consumer,2025-12-15,both,Matched,True,False,False,False,0.0,False,False,False
ORD-003624,C01165,Adam Ahmed | France | Plus,Office Supplies,64.29,3,2025-10-26,Mobile App,192.87,Adam Ahmed,France,Plus,Adam Ahmed,France,Nice,Plus,Consumer,2025-12-20,both,Matched,True,False,False,False,0.0,False,False,False
ORD-003627,C02294,James Hall | UAE | Plus,Electronics,404.06,6,2025-01-19,Retail Store,2424.36,James Hall,UAE,Plus,James Hall,UAE,Abu Dhabi,Plus,Consumer,2025-02-10,both,Matched,True,False,False,False,0.0,False,False,False
ORD-003633,C00686,Ethan Brown | Canada | Basic,Beauty,215.03,3,2025-07-27,Website,645.09,Ethan Brown,Canada,Basic,Ethan Brown,Canada,Ottawa,Basic,Consumer,2026-04-15,both,Matched,True,False,False,False,0.0,False,False,False
ORD-003637,C02272,Adam Johnson | United States | Plus,Beauty,128.24,4,2025-07-29,Mobile App,512.96,Adam Johnson,United States,Plus,Adam Johnson,United States,New York,Plus,Consumer,2025-12-22,both,Matched,True,False,False,False,0.0,False,False,False
ORD-003645,C00977,Nora Baker | United Kingdom | Plus,Beauty,98.06,3,2025-09-10,Mobile App,294.18,Nora Baker,United Kingdom,Plus,Nora Baker,United Kingdom,Leeds,Plus,Small Business,2025-12-27,both,Matched,True,False,False,False,0.0,False,False,False
ORD-003652,C02466,Ella Lee | Australia | Basic,Clothing,631.72,3,2025-11-10,Marketplace,1895.16,Ella Lee,Australia,Basic,Ella Lee,Australia,,Basic,,,left_only,Not Found,False,False,False,False,0.0,False,False,True
ORD-003659,C02799,Sophia Wilson | Singapore | Plus,Home & Kitchen,47.91,3,2025-08-28,Marketplace,143.73,Sophia Wilson,Singapore,Plus,Sophia Wilson,Singapore,Singapore,Plus,Consumer,2025-10-03,both,Matched,True,False,False,False,0.0,False,False,False
ORD-003666,C02301,Amelia Taylor | Germany | Basic,Beauty,77.31,1,2025-10-21,Retail Store,77.31,Amelia Taylor,Germany,Basic,Amelia Taylor,Germany,,Basic,,,left_only,Not Found,False,False,False,False,0.0,False,False,True
ORD-003673,C02777,Alex Anderson | France | Basic,Books,446.83,5,2025-02-08,Mobile App,2234.15,Alex Anderson,France,Basic,Alex Anderson,France,Bordeaux,Basic,Consumer,2025-06-11,both,Matched,True,False,False,False,0.0,False,False,False
ORD-003675,C01771,Daniel Adams | UAE | Premium,Home & Kitchen,452.42,3,2025-02-04,Retail Store,1357.26,Daniel Adams,UAE,Premium,Daniel Adams,UAE,Abu Dhabi,Premium,Small Business,2025-09-20,both,Matched,True,False,False,False,0.0,False,False,False
ORD-003684,C00260,Olivia Miller | Germany | Plus,Toys,164.5,2,2025-11-15,Website,329.0,Olivia Miller,Germany,Plus,Olivia Miller,Germany,,Plus,,,left_only,Not Found,False,False,False,False,0.0,False,False,True
ORD-003687,C00016,Omar Anderson | France | Basic,Clothes,385.07,2,,Retail Store,770.14,Omar Anderson,France,Basic,Omar Anderson,France,Nice,Basic,Enterprise,2025-11-09,both,Matched,False,False,False,False,0.0,False,True,False
ORD-003692,C00715,Zoe Carter | UAE | Basic,Electronics,200.58,6,2026-06-08,Retail Store,1203.48,Zoe Carter,UAE,Basic,Zoe Carter,UAE,,Basic,,,left_only,Not Found,False,False,False,False,0.0,False,False,True
ORD-003695,C02013,James Ahmed | Canada | Premium,Electronics,459.66,3,2025-03-21,Mobile App,1378.98,James Ahmed,Canada,Premium,James Ahmed,Canada,Vancouver,Premium,Consumer,2025-06-12,both,Matched,True,False,False,False,0.0,False,False,False
ORD-003700,C01881,Lucas Martin | United Kingdom | Basic,Toys,633.44,4,2025-07-12,Marketplace,2533.76,Lucas Martin,United Kingdom,Basic,Lucas Martin,United Kingdom,London,Basic,Consumer,2025-10-07,both,Matched,True,False,False,False,0.0,False,False,False
ORD-003711,C02531,Ella Young | United States | Basic,Clothing,364.34,5,2025-03-15,Retail Store,1821.7,Ella Young,United States,Basic,Ella Young,United States,Seattle,Basic,Enterprise,2025-05-27,both,Matched,True,False,False,False,2.2737367544323206e-13,False,False,False
ORD-003722,C01962,Ava Garcia | France | Premium,Sports,497.8,6,2025-10-18,Website,2986.8,Ava Garcia,France,Premium,Ava Garcia,France,,Premium,,,left_only,Not Found,False,False,False,False,0.0,False,False,True
ORD-003725,C01663,Ella Clark | Canada | Premium,Electronic Goods,195.93,2,2026-01-19,Retail Store,391.86,Ella Clark,Canada,Premium,Ella Clark,Canada,,Premium,,,left_only,Not Found,False,False,False,False,0.0,False,False,True
ORD-003735,C02683,Liam Mitchell | United States | Basic,Sports,422.92,5,2025-10-26,Marketplace,2114.6,Liam Mitchell,United States,Basic,Liam Mitchell,United States,Chicago,Basic,Consumer,2025-12-19,both,Matched,True,False,False,False,0.0,False,False,False
ORD-003738,C00760,Noah Carter | France | Plus,Clothing,319.19,5,2025-09-13,Website,1595.95,Noah Carter,France,Plus,Noah Carter,France,,Plus,,,left_only,Not Found,False,False,False,False,0.0,False,False,True
ORD-003740,C01811,Adam Khan | United States | Basic,Home & Kitchen,77.63,3,2025-02-23,Marketplace,232.89,Adam Khan,United States,Basic,Adam Khan,United States,Austin,Basic,Small Business,2025-05-22,both,Matched,True,False,False,False,0.0,False,False,False
ORD-003743,C02948,Sophia Miller | France | Premium,Beauty,253.6,5,2025-08-12,Retail Store,1268.0,Sophia Miller,France,Premium,Sophia Miller,France,Lyon,Premium,Small Business,2026-02-10,both,Matched,True,False,False,False,0.0,False,False,False
ORD-003745,C00124,Zoe Smith | Canada | Plus,Books,22.86,6,2025-06-17,Marketplace,137.16,Zoe Smith,Canada,Plus,Zoe Smith,Canada,Toronto,Plus,Consumer,2025-11-28,both,Matched,True,False,False,False,0.0,False,False,False
ORD-003751,C02814,Chloe Anderson | United States | Premium,Books,307.2,3,2025-07-10,Retail Store,921.6,Chloe Anderson,United States,Premium,Chloe Anderson,United States,Seattle,Premium,Consumer,2026-03-31,both,Matched,True,False,False,False,1.1368683772161603e-13,False,False,False
ORD-003754,C02252,Henry Baker | United States | Basic,Office Supplies,300.72,1,2025-04-03,Mobile App,300.72,Henry Baker,United States,Basic,Henry Baker,United States,Chicago,Basic,Consumer,2025-08-27,both,Matched,True,False,False,False,0.0,False,False,False
ORD-003758,C01881,Lucas Martin | United Kingdom | Basic,Electronics,237.66,4,2025-04-19,Mobile App,950.64,Lucas Martin,United Kingdom,Basic,Lucas Martin,United Kingdom,London,Basic,Consumer,2025-10-07,both,Matched,True,False,False,False,0.0,False,False,False
ORD-003760,C01851,Nora Nelson | UAE | Basic,Office Supplies,504.28,3,2026-02-08,Mobile App,1512.84,Nora Nelson,UAE,Basic,Nora Nelson,UAE,Dubai,Basic,Consumer,2026-03-25,both,Matched,True,False,False,False,0.0,False,False,False
ORD-003766,C01854,Sara Thomas | United Kingdom | Basic,Electronic Goods,260.74,2,2025-10-03,Mobile App,521.48,Sara Thomas,United Kingdom,Basic,Sara Thomas,United Kingdom,Leeds,Basic,Consumer,2026-03-28,both,Matched,True,False,False,False,0.0,False,False,False
ORD-003784,C02466,Ella Lee | Australia | Basic,Beauty,584.58,5,2025-04-28,Marketplace,2922.9,Ella Lee,Australia,Basic,Ella Lee,Australia,,Basic,,,left_only,Not Found,False,False,False,False,0.0,False,False,True
ORD-003793,C02619,Ava Adams | Germany | Basic,Office Supplies,515.51,2,2025-08-26,Website,1031.02,Ava Adams,Germany,Basic,Ava Adams,Germany,Berlin,Basic,Enterprise,2025-10-30,both,Matched,True,False,False,False,0.0,False,False,False
ORD-003795,C00524,Chloe Wright | Canada | Plus,Electronics,439.75,3,2025-03-04,Mobile App,1319.25,Chloe Wright,Canada,Plus,Chloe Wright,Canada,Ottawa,Plus,Consumer,2025-08-26,both,Matched,True,False,False,False,0.0,False,False,False
ORD-003799,C01591,Liam Smith | Germany | Plus,Beauty,445.27,3,2026-01-12,Marketplace,1335.81,Liam Smith,Germany,Plus,Liam Smith,Germany,Berlin,Plus,Consumer,2026-03-08,both,Matched,True,False,False,False,0.0,False,False,False
ORD-003806,C01481,Mia Clark | United Kingdom | Basic,Books,452.0,6,2025-01-19,Retail Store,2712.0,Mia Clark,United Kingdom,Basic,Mia Clark,United Kingdom,,Basic,,,left_only,Not Found,False,False,False,False,0.0,False,False,True
ORD-003807,C01198,Liam Patel | UAE | Basic,Clothing,437.53,2,2026-01-22,Retail Store,875.06,Liam Patel,UAE,Basic,Liam Patel,UAE,Dubai,Basic,Consumer,2026-04-01,both,Matched,True,False,False,False,0.0,False,False,False
ORD-003819,C00750,Alex Taylor | UAE | Basic,Office Supplies,94.35,3,2025-01-26,Mobile App,283.05,Alex Taylor,UAE,Basic,Alex Taylor,UAE,,Basic,,,left_only,Not Found,False,False,False,False,5.684341886080802e-14,False,False,True
ORD-003826,C01762,Sam Wilson | Canada | Premium,Office Supplies,323.25,2,2026-04-10,Mobile App,646.5,Sam Wilson,Canada,Premium,Sam Wilson,Canada,,Premium,,,left_only,Not Found,False,False,False,False,0.0,False,False,True
ORD-003833,C02471,Lucas Ahmed | UAE | Plus,Home & Kitchen,533.28,1,2025-08-11,Retail Store,508.28,Lucas Ahmed,UAE,Plus,Lucas Ahmed,UAE,Abu Dhabi,Plus,Small Business,2025-12-23,both,Matched,True,False,False,True,-25.0,False,False,False
ORD-003839,C01739,Adam Brown | Germany | Premium,Sports,59.33,3,2026-04-28,Mobile App,152.99,Adam Brown,Germany,Premium,Adam Brown,Germany,Berlin,Premium,Small Business,2024-04-16,both,Matched,False,False,False,True,-25.0,False,False,False
ORD-003843,C00440,Daniel King | United Kingdom | Basic,Beauty,20.8,5,2025-11-08,Mobile App,104.0,Daniel King,United Kingdom,Basic,Daniel King,United Kingdom,Manchester,Basic,Consumer,2025-12-17,both,Matched,True,False,False,False,0.0,False,False,False
ORD-003844,C00247,Sam Khan | Germany | Basic,Toys,540.09,6,2026-04-21,Retail Store,3240.54,Sam Khan,Germany,Basic,Sam Khan,Germany,,Basic,,,left_only,Not Found,False,False,False,False,0.0,False,False,True
ORD-003848,C00828,Sophia Smith | Canada | Basic,Office Supplies,297.91,1,2025-01-07,Retail Store,297.91,Sophia Smith,Canada,Basic,Sophia Smith,Canada,Toronto,Basic,Small Business,2026-01-18,both,Matched,True,False,False,False,0.0,False,False,False
ORD-003853,C00906,Noah Martin | Singapore | Basic,Clothing,586.08,6,2025-02-04,Mobile App,3516.48,Noah Martin,Singapore,Basic,Noah Martin,Singapore,Singapore,Basic,Consumer,2025-12-26,both,Matched,True,False,False,False,-4.547473508864641e-13,False,False,False
ORD-003857,C02984,Daniel Martin | United States | Basic,Sports,425.45,1,2026-05-15,Retail Store,425.45,Daniel Martin,United States,Basic,Daniel Martin,United States,Austin,Basic,Consumer,2024-12-09,both,Matched,False,True,False,False,0.0,False,False,False
ORD-003862,C02711,Liam Clark | United States | Plus,Sports,351.33,5,2025-12-26,Website,1756.65,Liam Clark,United States,Plus,Liam Clark,United States,,Plus,,,left_only,Not Found,False,False,False,False,2.2737367544323206e-13,False,False,True
ORD-003869,C00100,Ava Moore | Australia | Basic,Beauty,74.48,3,2025-06-22,Website,223.44,Ava Moore,Australia,Basic,Ava Moore,Australia,Sydney,Basic,Consumer,2025-08-09,both,Matched,True,False,False,False,0.0,False,False,False
ORD-003874,C01916,Leo Miller | France | Basic,Toys,553.48,2,2025-05-13,Marketplace,1106.96,Leo Miller,France,Basic,Leo Miller,France,Paris,Basic,Small Business,2025-11-13,both,Matched,True,False,False,False,0.0,False,False,False
ORD-003880,C02191,Lucas Clark | United States | Basic,Office Supplies,152.61,1,2025-09-13,Website,152.61,Lucas Clark,United States,Basic,Lucas Clark,United States,Seattle,Basic,Small Business,2026-02-24,both,Matched,True,False,False,False,0.0,False,False,False
ORD-003881,C00733,Ella King | Australia | Basic,Office Supplies,351.74,4,2025-08-29,Mobile App,1406.96,Ella King,Australia,Basic,Ella King,Australia,Brisbane,Basic,Small Business,2025-11-24,both,Matched,True,False,False,False,0.0,False,False,False
ORD-003890,C01578,Maya Mitchell | United States | Premium,Clothing,10.39,5,2025-04-09,Retail Store,51.95,Maya Mitchell,United States,Premium,Maya Mitchell,United States,New York,Premium,Enterprise,2025-09-18,both,Matched,True,False,False,False,0.0,False,False,False
ORD-003892,C02692,Mia Garcia | Singapore | Plus,Sports,389.85,5,2025-06-13,Mobile App,1949.25,Mia Garcia,Singapore,Plus,Mia Garcia,Singapore,Singapore,Plus,Consumer,2025-07-18,both,Matched,True,False,False,False,0.0,False,False,False
ORD-003893,C02320,Olivia Adams | Canada | Basic,Electronics,539.57,3,2026-02-03,Marketplace,1618.71,Olivia Adams,Canada,Basic,Olivia Adams,Canada,,Basic,,,left_only,Not Found,False,False,False,False,0.0,False,False,True
ORD-003900,C02238,Chloe Wilson | Germany | Plus,Toys,315.3,6,2025-06-14,Mobile App,1891.8,Chloe Wilson,Germany,Plus,Chloe Wilson,Germany,Hamburg,Plus,Consumer,2026-01-09,both,Matched,True,False,False,False,-2.2737367544323206e-13,False,False,False
ORD-003903,C02653,Isla Hassan | Germany | Basic,Toys,180.41,3,2025-12-23,Website,541.23,Isla Hassan,Germany,Basic,Isla Hassan,Germany,Hamburg,Basic,Consumer,2026-03-15,both,Matched,True,False,False,False,0.0,False,False,False
ORD-003905,C02539,Alex Adams | Singapore | Basic,Beauty,389.37,6,2025-06-08,Retail Store,2336.22,Alex Adams,Singapore,Basic,Alex Adams,Singapore,Singapore,Basic,Consumer,2026-01-31,both,Matched,True,False,False,False,-4.547473508864641e-13,False,False,False
ORD-003911,C02715,Nora Wright | France | Basic,Electronics,321.2,5,2025-08-01,Website,1606.0,Nora Wright,France,Basic,Nora Wright,France,Nice,Basic,Consumer,2026-02-23,both,Matched,True,False,False,False,0.0,False,False,False
ORD-003917,C01108,Ethan Lewis | UAE | Basic,Books,377.78,1,2025-06-28,Retail Store,377.78,Ethan Lewis,UAE,Basic,Ethan Lewis,UAE,Sharjah,Basic,Consumer,2025-08-16,both,Matched,True,False,False,False,0.0,False,False,False
ORD-003924,C00865,Liam King | United States | Basic,Toys,459.64,3,2025-10-28,Marketplace,1378.92,Liam King,United States,Basic,Liam King,United States,,Basic,,,left_only,Not Found,False,False,False,False,0.0,False,False,True
ORD-003929,C01366,Lina Wilson | United States | Basic,Office Supplies,395.07,5,2025-04-07,Website,1975.35,Lina Wilson,United States,Basic,Lina Wilson,United States,Austin,Basic,Consumer,2026-01-28,both,Matched,True,False,False,False,0.0,False,False,False
ORD-003940,C01175,Ava Garcia | UAE | Basic,Home & Kitchen,246.43,3,2025-12-03,Retail Store,739.29,Ava Garcia,UAE,Basic,Ava Garcia,UAE,,Basic,,,left_only,Not Found,False,False,False,False,0.0,False,False,True
ORD-003954,C00794,Jack Nelson | Australia | Plus,Home & Kitchen,20.25,4,2025-11-23,Retail Store,81.0,Jack Nelson,Australia,Plus,Jack Nelson,Australia,Melbourne,Plus,Small Business,2026-01-28,both,Matched,True,False,False,False,0.0,False,False,False
ORD-003969,C02778,Isla Martin | United States | Basic,Sprots,312.59,1,2025-07-22,Retail Store,312.59,Isla Martin,United States,Basic,Isla Martin,United States,Seattle,Basic,Small Business,2025-09-30,both,Matched,True,False,False,False,0.0,False,False,False
ORD-003982,C00064,Liam King | Australia | Basic,Clothing,230.45,4,2025-11-27,Website,921.8,Liam King,Australia,Basic,Liam King,Australia,Brisbane,Basic,Consumer,2025-11-30,both,Matched,True,False,False,False,0.0,False,False,False
ORD-003984,C00671,Omar Clark | Singapore | Basic,Sports,34.57,2,,Website,69.14,Omar Clark,Singapore,Basic,Omar Clark,Singapore,Singapore,Basic,Small Business,2026-03-25,both,Matched,False,False,False,False,0.0,False,True,False
ORD-003987,C00992,Ryan Hall | UAE | Premium,Clothing,519.55,6,2025-04-04,Marketplace,3117.3,Ryan Hall,UAE,Premium,Ryan Hall,UAE,Dubai,Premium,Consumer,2025-11-05,both,Matched,True,False,False,False,4.547473508864641e-13,False,False,False
ORD-003988,C02944,Sara Garcia | Canada | Plus,Beauty,359.32,2,2025-04-22,Mobile App,718.64,Sara Garcia,Canada,Plus,Sara Garcia,Canada,Calgary,Plus,Consumer,2025-06-02,both,Matched,True,False,False,False,0.0,False,False,False
ORD-003989,C00592,Ava Young | United States | Premium,Sports,443.97,4,2025-05-04,Marketplace,1775.88,Ava Young,United States,Premium,Ava Young,United States,Austin,Premium,Consumer,2025-08-26,both,Matched,True,False,False,False,0.0,False,False,False
ORD-004003,C02059,Ava Moore | Australia | Basic,Beauty,114.27,4,2025-06-13,Mobile App,457.08,Ava Moore,Australia,Basic,Ava Moore,Australia,Melbourne,Basic,Enterprise,2025-11-05,both,Matched,True,False,False,False,0.0,False,False,False
ORD-000044,C00142,Sam Taylor | Singapore | Plus,Books,453.48,2,2025-07-13,Mobile App,906.96,Sam Taylor,Singapore,Plus,Sam Taylor,Singapore,Singapore,Plus,Consumer,2023-10-23,both,Matched,False,False,False,False,0.0,True,False,False
ORD-004011,C02633,James Miller | France | Basic,Office Supplies,600.62,3,2025-12-17,Mobile App,1801.86,James Miller,France,Basic,James Miller,France,Bordeaux,Basic,Consumer,2026-04-10,both,Matched,True,False,False,False,-2.2737367544323206e-13,False,False,False
ORD-004019,C01503,Emma Hassan | United States | Basic,Toys,364.73,1,2026-01-26,Mobile App,364.73,Emma Hassan,United States,Basic,Emma Hassan,United States,Chicago,Basic,Small Business,2026-04-06,both,Matched,True,False,False,False,0.0,False,False,False
ORD-004022,C00453,Sam Carter | UAE | Basic,Electronics,235.64,3,2026-02-25,Mobile App,706.92,Sam Carter,UAE,Basic,Sam Carter,UAE,Abu Dhabi,Basic,Small Business,2026-03-21,both,Matched,True,False,False,False,0.0,False,False,False
ORD-004026,C00699,Mia Garcia | United Kingdom | Premium,Books,495.63,3,2025-06-09,Website,1486.89,Mia Garcia,United Kingdom,Premium,Mia Garcia,United Kingdom,London,Premium,Small Business,2025-10-05,both,Matched,True,False,False,False,2.2737367544323206e-13,False,False,False
ORD-004027,C01762,Sam Wilson | Canada | Premium,Clothing,478.13,6,2025-05-24,Retail Store,2868.78,Sam Wilson,Canada,Premium,Sam Wilson,Canada,,Premium,,,left_only,Not Found,False,False,False,False,4.547473508864641e-13,False,False,True
ORD-004028,C02597,Maya Garcia | UAE | Premium,Home & Kitchen,199.2,2,2025-03-02,Mobile App,398.4,Maya Garcia,UAE,Premium,Maya Garcia,UAE,Dubai,Premium,Consumer,2026-03-08,both,Matched,True,False,False,False,0.0,False,False,False
ORD-004034,C02074,Ava Green | United Kingdom | Basic,Toys,31.28,2,2025-01-31,Retail Store,62.56,Ava Green,United Kingdom,Basic,Ava Green,United Kingdom,Bristol,Basic,Consumer,2026-02-14,both,Matched,True,False,False,False,0.0,False,False,False
ORD-004038,C01260,Adam Miller | Germany | Premium,Electronics,382.83,3,2025-02-25,Website,1148.49,Adam Miller,Germany,Premium,Adam Miller,Germany,,Premium,,,left_only,Not Found,False,False,False,False,0.0,False,False,True
ORD-004045,C01095,Emma Anderson | France | Basic,Home & Kitchen,229.52,2,2025-03-15,Marketplace,459.04,Emma Anderson,France,Basic,Emma Anderson,France,Lyon,Basic,Consumer,2026-02-17,both,Matched,True,False,False,False,0.0,False,False,False
ORD-004047,C01943,Amelia Lewis | France | Basic,Electronics,227.72,1,2025-08-24,Retail Store,227.72,Amelia Lewis,France,Basic,Amelia Lewis,France,Nice,Basic,Consumer,2025-11-04,both,Matched,True,False,False,False,0.0,False,False,False
ORD-004051,C00043,Lucas Carter | United States | Basic,Books,127.5,4,2025-11-22,Marketplace,510.0,Lucas Carter,United States,Basic,Lucas Carter,United States,New York,Basic,Consumer,2025-12-06,both,Matched,True,False,False,False,0.0,False,False,False
ORD-004054,C01315,Liam Clark | Australia | Basic,Beauty,360.1,1,2026-03-24,Website,360.1,Liam Clark,Australia,Basic,Liam Clark,Australia,,Basic,,,left_only,Not Found,False,False,False,False,0.0,False,False,True
ORD-004068,C02593,Layla Garcia | UAE | Basic,Clothing,560.85,6,2025-08-13,Mobile App,3365.1,Layla Garcia,UAE,Basic,Layla Garcia,UAE,Dubai,Basic,Consumer,2026-01-12,both,Matched,True,False,False,False,-4.547473508864641e-13,False,False,False
ORD-004070,C01771,Daniel Adams | UAE | Premium,Toys,256.39,6,2025-06-17,Website,1538.34,Daniel Adams,UAE,Premium,Daniel Adams,UAE,Abu Dhabi,Premium,Small Business,2025-09-20,both,Matched,True,False,False,False,0.0,False,False,False
ORD-004073,C00453,Sam Carter | UAE | Basic,Home & Kitchen,363.88,1,2025-01-02,Mobile App,363.88,Sam Carter,UAE,Basic,Sam Carter,UAE,Abu Dhabi,Basic,Small Business,2026-03-21,both,Matched,True,False,False,False,0.0,False,False,False
ORD-004076,C00847,Ryan Baker | United States | Basic,Sports,423.95,5,2025-12-21,Website,2119.75,Ryan Baker,United States,Basic,Ryan Baker,United States,Austin,Basic,Small Business,2026-01-04,both,Matched,True,False,False,False,0.0,False,False,False
ORD-004078,C02933,Layla Brown | France | Premium,Clothing,422.29,5,2025-02-07,Marketplace,2111.45,Layla Brown,France,Premium,Layla Brown,France,Nice,Premium,Consumer,2025-03-21,both,Matched,True,False,False,False,-4.547473508864641e-13,False,False,False
ORD-004084,C01692,Ryan Garcia | United States | Basic,Office Supplies,16.72,5,2025-05-18,Website,83.6,Ryan Garcia,United States,Basic,Ryan Garcia,United States,Austin,Basic,Small Business,2026-02-28,both,Matched,True,False,False,False,0.0,False,False,False
ORD-004085,C01843,Ethan Walker | Canada | Basic,Office Supplies,67.62,6,2025-05-02,Retail Store,405.72,Ethan Walker,Canada,Basic,Ethan Walker,Canada,Ottawa,Basic,Consumer,2026-03-31,both,Matched,True,False,False,False,0.0,False,False,False
ORD-004088,C01826,Layla Thomas | United States | Basic,Clothes,559.84,6,2025-07-01,Marketplace,3359.04,Layla Thomas,United States,Basic,Layla Thomas,United States,Seattle,Basic,Consumer,2025-09-07,both,Matched,True,False,False,False,0.0,False,False,False
ORD-004093,C02123,Omar Anderson | France | Plus,Home & Kitchen,358.11,4,2025-01-27,Mobile App,1432.44,Omar Anderson,France,Plus,Omar Anderson,France,Bordeaux,Plus,Consumer,2025-03-06,both,Matched,True,False,False,False,0.0,False,False,False
ORD-004100,C02826,Zoe Adams | United States | Basic,Office Supplies,19.49,1,2025-10-03,Website,19.49,Zoe Adams,United States,Basic,Zoe Adams,United States,Chicago,Basic,Small Business,2026-02-01,both,Matched,True,False,False,False,0.0,False,False,False
ORD-004104,C02739,Adam Green | United States | Basic,Office Supplies,129.7,3,2025-03-06,Website,389.1,Adam Green,United States,Basic,Adam Green,United States,Austin,Basic,Consumer,2026-01-11,both,Matched,True,False,False,False,5.684341886080802e-14,False,False,False
ORD-004111,C00644,Isla Davis | Germany | Plus,Sports,618.2,6,2025-03-22,Marketplace,3709.2,Isla Davis,Germany,Plus,Isla Davis,Germany,Munich,Plus,Consumer,2025-09-09,both,Matched,True,False,False,False,-4.547473508864641e-13,False,False,False
ORD-004112,C00285,Alex Hall | Germany | Basic,Beauty,323.57,4,2025-01-05,Retail Store,1294.28,Alex Hall,Germany,Basic,Alex Hall,Germany,Munich,Basic,Consumer,2025-10-21,both,Matched,True,False,False,False,0.0,False,False,False
ORD-004118,C01040,Olivia Young | Australia | Basic,Toys,394.72,4,2025-01-24,Website,1578.88,Olivia Young,Australia,Basic,Olivia Young,Australia,Brisbane,Basic,Small Business,2025-04-07,both,Matched,True,False,False,False,0.0,False,False,False
ORD-004122,C01194,Olivia Miller | France | Basic,Office Supplies,56.14,1,2025-03-05,Mobile App,56.14,Olivia Miller,France,Basic,Olivia Miller,France,Bordeaux,Basic,Consumer,2026-01-12,both,Matched,True,False,False,False,0.0,False,False,False
ORD-004126,C01434,Chloe Hassan | UAE | Basic,Electronics,150.38,3,2025-05-17,Website,451.14,Chloe Hassan,UAE,Basic,Chloe Hassan,UAE,Abu Dhabi,Basic,Consumer,2025-10-04,both,Matched,True,False,False,False,0.0,False,False,False
ORD-004127,C00820,Nora Martin | France | Plus,Clothing,425.36,1,2025-02-26,Retail Store,425.36,Nora Martin,France,Plus,Nora Martin,France,Nice,Plus,Consumer,2025-11-24,both,Matched,True,False,False,False,0.0,False,False,False
ORD-004136,C00328,Emma Brown | UAE | Premium,Office Supplies,390.09,1,2025-11-10,Website,390.09,Emma Brown,UAE,Premium,Emma Brown,UAE,,Premium,,,left_only,Not Found,False,False,False,False,0.0,False,False,True
ORD-004142,C02178,Isla Clark | Australia | Plus,Beauty,519.98,3,2026-03-18,Marketplace,1559.94,Isla Clark,Australia,Plus,Isla Clark,Australia,,Plus,,,left_only,Not Found,False,False,False,False,0.0,False,False,True
ORD-004145,C00960,Chloe Walker | UAE | Premium,Books,493.22,5,2025-09-10,Retail Store,2466.1,Chloe Walker,UAE,Premium,Chloe Walker,UAE,Sharjah,Premium,Small Business,2026-03-29,both,Matched,True,False,False,False,-4.547473508864641e-13,False,False,False
ORD-004151,C00258,Liam Lewis | Canada | Basic,Clothing,157.42,5,2025-09-30,Mobile App,787.1,Liam Lewis,Canada,Basic,Liam Lewis,Canada,Ottawa,Basic,Consumer,2025-10-02,both,Matched,True,False,False,False,1.1368683772161603e-13,False,False,False
ORD-004153,C02250,Adam Patel | France | Plus,Clothing,523.51,2,2025-03-04,Mobile App,1047.02,Adam Patel,France,Plus,Adam Patel,France,Paris,Plus,Consumer,2025-03-05,both,Matched,True,False,False,False,0.0,False,False,False
ORD-004161,C02332,Adam Miller | France | Plus,Home & Kitchen,564.63,4,2025-05-04,Retail Store,2258.52,Adam Miller,France,Plus,Adam Miller,France,Nice,Plus,Consumer,2025-10-27,both,Matched,True,False,False,False,0.0,False,False,False
ORD-004163,C01965,Sam Young | Singapore | Basic,Toys,56.33,6,2025-05-22,Mobile App,337.98,Sam Young,Singapore,Basic,Sam Young,Singapore,Singapore,Basic,Consumer,2025-08-01,both,Matched,True,False,False,False,0.0,False,False,False
ORD-004165,C02024,Ella Young | United Kingdom | Premium,Toys,279.67,5,2025-02-13,Retail Store,1398.35,Ella Young,United Kingdom,Premium,Ella Young,United Kingdom,Manchester,Premium,Consumer,2025-04-02,both,Matched,True,False,False,False,-2.2737367544323206e-13,False,False,False
ORD-004167,C01886,Jack Khan | United Kingdom | Premium,Beauty,245.61,5,2025-06-26,Mobile App,1228.05,Jack Khan,United Kingdom,Premium,Jack Khan,United Kingdom,Leeds,Premium,Small Business,2026-03-15,both,Matched,True,False,False,False,-2.2737367544323206e-13,False,False,False
ORD-004169,C01198,Liam Patel | UAE | Basic,Home & Kitchen,161.17,4,2025-12-16,Marketplace,644.68,Liam Patel,UAE,Basic,Liam Patel,UAE,Dubai,Basic,Consumer,2026-04-01,both,Matched,True,False,False,False,0.0,False,False,False
ORD-004172,C01822,James Anderson | France | Basic,Home & Kitchen,297.23,1,2025-01-27,Retail Store,297.23,James Anderson,France,Basic,James Anderson,France,Nice,Basic,Small Business,2025-08-12,both,Matched,True,False,False,False,0.0,False,False,False
ORD-004176,C01478,Ella King | Australia | Basic,Sports,487.67,6,2025-06-29,Website,2926.02,Ella King,Australia,Basic,Ella King,Australia,Sydney,Basic,Consumer,2025-07-20,both,Matched,True,False,False,False,0.0,False,False,False
ORD-004184,C00795,Daniel Mitchell | UAE | Plus,Beauty,496.67,4,2025-05-23,Website,1986.68,Daniel Mitchell,UAE,Plus,Daniel Mitchell,UAE,Sharjah,Plus,Consumer,2026-04-08,both,Matched,True,False,False,False,0.0,False,False,False
ORD-004185,C01545,Daniel Nelson | UAE | Basic,Electronics,196.73,5,2025-05-24,Website,983.65,Daniel Nelson,UAE,Basic,Daniel Nelson,UAE,,Basic,,,left_only,Not Found,False,False,False,False,0.0,False,False,True
ORD-004190,C01221,Ella Garcia | United States | Basic,Office Supplies,286.72,1,2025-03-04,Retail Store,286.72,Ella Garcia,United States,Basic,Ella Garcia,United States,New York,Basic,Enterprise,2025-06-29,both,Matched,True,False,False,False,0.0,False,False,False
ORD-004194,C01074,Alex Miller | Canada | Plus,Sports,574.42,6,2025-05-03,Marketplace,3446.52,Alex Miller,Canada,Plus,Alex Miller,Canada,Vancouver,Plus,Consumer,2025-09-22,both,Matched,True,False,False,False,4.547473508864641e-13,False,False,False
ORD-004198,C00075,Chloe Garcia | United Kingdom | Basic,Clothing,355.76,3,2025-07-28,Retail Store,1067.28,Chloe Garcia,United Kingdom,Basic,Chloe Garcia,United Kingdom,,Basic,,,left_only,Not Found,False,False,False,False,0.0,False,False,True
ORD-004201,C02557,Emma Carter | Germany | Basic,Toys,199.85,5,2025-07-20,Marketplace,999.25,Emma Carter,Germany,Basic,Emma Carter,Germany,Munich,Basic,Consumer,2026-02-01,both,Matched,True,False,False,False,0.0,False,False,False
ORD-004203,C00478,Liam Johnson | Singapore | Basic,Clothing,524.13,2,2025-01-30,Marketplace,1048.26,Liam Johnson,Singapore,Basic,Liam Johnson,Singapore,Singapore,Basic,Consumer,2025-03-19,both,Matched,True,False,False,False,0.0,False,False,False
ORD-004214,C00786,Daniel Nelson | Australia | Basic,Office Supplies,310.43,4,2025-03-26,Mobile App,1241.72,Daniel Nelson,Australia,Basic,Daniel Nelson,Australia,Perth,Basic,Consumer,2026-02-23,both,Matched,True,False,False,False,0.0,False,False,False
ORD-004217,C00774,Sam Hall | United States | Premium,Books,388.2,6,2025-05-01,Marketplace,2329.2,Sam Hall,United States,Premium,Sam Hall,United States,Seattle,Premium,Consumer,2026-03-14,both,Matched,True,False,False,False,0.0,False,False,False
ORD-004220,C01247,Mia Baker | Canada | Basic,Home & Kitchen,94.34,6,2025-07-16,Marketplace,566.04,Mia Baker,Canada,Basic,Mia Baker,Canada,Calgary,Basic,Enterprise,2025-11-26,both,Matched,True,False,False,False,0.0,False,False,False
ORD-004221,C02074,Ava Green | United Kingdom | Basic,Home & Kitchen,381.86,6,2025-11-30,Mobile App,2291.16,Ava Green,United Kingdom,Basic,Ava Green,United Kingdom,Bristol,Basic,Consumer,2026-02-14,both,Matched,True,False,False,False,0.0,False,False,False
ORD-004222,C01304,Lina Thomas | UAE | Plus,Clothing,375.13,6,2025-05-30,Marketplace,2250.78,Lina Thomas,UAE,Plus,Lina Thomas,UAE,Abu Dhabi,Plus,Consumer,2025-08-02,both,Matched,True,False,False,False,4.547473508864641e-13,False,False,False
ORD-004232,C01591,Liam Smith | Germany | Plus,Books,204.93,2,2026-02-07,Mobile App,409.86,Liam Smith,Germany,Plus,Liam Smith,Germany,Berlin,Plus,Consumer,2026-03-08,both,Matched,True,False,False,False,0.0,False,False,False
ORD-004236,C02015,Sophia Wilson | Australia | Basic,Beauty,329.99,6,2025-07-09,Retail Store,1979.94,Sophia Wilson,Australia,Basic,Sophia Wilson,Australia,,Basic,,,left_only,Not Found,False,False,False,False,0.0,False,False,True
ORD-004237,C01175,Ava Garcia | UAE | Basic,Home & Kitchen,382.08,3,2025-12-25,Retail Store,1146.24,Ava Garcia,UAE,Basic,Ava Garcia,UAE,,Basic,,,left_only,Not Found,False,False,False,False,0.0,False,False,True
ORD-004240,C00565,Ethan Taylor | Germany | Basic,Home & Kitchen,361.96,2,2025-05-25,Marketplace,723.92,Ethan Taylor,Germany,Basic,Ethan Taylor,Germany,Berlin,Basic,Small Business,2025-12-31,both,Matched,True,False,False,False,0.0,False,False,False
ORD-004248,C01260,Adam Miller | Germany | Premium,Beauty,306.24,2,2026-05-05,Website,612.48,Adam Miller,Germany,Premium,Adam Miller,Germany,,Premium,,,left_only,Not Found,False,False,False,False,0.0,False,False,True
ORD-004254,C01851,Nora Nelson | UAE | Basic,Beauty,266.35,6,2025-08-11,Retail Store,1598.1,Nora Nelson,UAE,Basic,Nora Nelson,UAE,Dubai,Basic,Consumer,2026-03-25,both,Matched,True,False,False,False,-2.2737367544323206e-13,False,False,False
ORD-004257,C00390,Liam Smith | United Kingdom | Basic,Home & Kitchen,530.85,4,2025-01-09,Marketplace,2123.4,Liam Smith,United Kingdom,Basic,Liam Smith,United Kingdom,Bristol,Basic,Small Business,2026-02-16,both,Matched,True,False,False,False,0.0,False,False,False
ORD-004259,C02659,Jack Wright | UAE | Plus,Beauty,62.57,5,2025-11-08,Mobile App,312.85,Jack Wright,UAE,Plus,Jack Wright,UAE,Dubai,Plus,Small Business,2026-04-13,both,Matched,True,False,False,False,0.0,False,False,False
ORD-004261,C01260,Adam Miller | Germany | Premium,Books,381.57,4,2025-02-10,Retail Store,1526.28,Adam Miller,Germany,Premium,Adam Miller,Germany,,Premium,,,left_only,Not Found,False,False,False,False,0.0,False,False,True
ORD-004263,C00451,Jack Anderson | United Kingdom | Basic,Home & Kitchen,587.43,5,2025-05-12,Mobile App,2937.15,Jack Anderson,United Kingdom,Basic,Jack Anderson,United Kingdom,London,Basic,Consumer,2025-12-08,both,Matched,True,False,False,False,4.547473508864641e-13,False,False,False
ORD-004265,C00043,Lucas Carter | United States | Basic,Beauty,142.58,2,2025-07-02,Marketplace,285.16,Lucas Carter,United States,Basic,Lucas Carter,United States,New York,Basic,Consumer,2025-12-06,both,Matched,True,False,False,False,0.0,False,False,False
ORD-004267,C00284,Nora Garcia | Canada | Basic,Books,326.74,5,2025-01-27,Website,1633.7,Nora Garcia,Canada,Basic,Nora Garcia,Canada,Toronto,Basic,Consumer,2025-02-03,both,Matched,True,False,False,False,0.0,False,False,False
ORD-004275,C01896,Olivia Lee | Germany | Basic,Sports,420.13,2,2025-04-15,Website,840.26,Olivia Lee,Germany,Basic,Olivia Lee,Germany,,Basic,,,left_only,Not Found,False,False,False,False,0.0,False,False,True
ORD-004278,C02463,Isla Smith | France | Premium,Electronics,419.94,4,2025-11-13,Marketplace,1679.76,Isla Smith,France,Premium,Isla Smith,France,Nice,Premium,Small Business,2026-02-13,both,Matched,True,False,False,False,0.0,False,False,False
ORD-004280,C01074,Alex Miller | Canada | Plus,Home & Kitchen,625.29,2,2025-06-29,Website,1250.58,Alex Miller,Canada,Plus,Alex Miller,Canada,Vancouver,Plus,Consumer,2025-09-22,both,Matched,True,False,False,False,0.0,False,False,False
ORD-004283,C00429,Henry Anderson | UAE | Basic,Office Supplies,349.17,6,2026-03-18,Marketplace,2095.02,Henry Anderson,UAE,Basic,Henry Anderson,UAE,,Basic,,,left_only,Not Found,False,False,False,False,0.0,False,False,True
ORD-004285,C01794,Nora Clark | United States | Plus,Books,94.4,6,2025-06-07,Website,566.4,Nora Clark,United States,Plus,Nora Clark,United States,Chicago,Plus,Consumer,2025-09-03,both,Matched,True,False,False,False,-1.1368683772161603e-13,False,False,False
ORD-004286,C00758,Ava Wright | Germany | Basic,Beauty,9.77,1,2025-10-27,Retail Store,9.77,Ava Wright,Germany,Basic,Ava Wright,Germany,,Basic,,,left_only,Not Found,False,False,False,False,0.0,False,False,True
ORD-004294,C02775,Amelia Johnson | United States | Plus,Beauty,248.63,5,2026-02-18,Website,1243.15,Amelia Johnson,United States,Plus,Amelia Johnson,United States,Seattle,Plus,Consumer,2026-04-03,both,Matched,True,False,False,False,0.0,False,False,False
ORD-004298,C01449,Omar Smith | Australia | Premium,Sports,443.59,3,2025-08-05,Marketplace,1330.77,Omar Smith,Australia,Premium,Omar Smith,Australia,Sydney,Premium,Consumer,2025-12-11,both,Matched,True,False,False,False,0.0,False,False,False
ORD-004299,C00730,Adam Walker | Singapore | Plus,Beauty,587.09,1,2025-08-11,Website,587.09,Adam Walker,Singapore,Plus,Adam Walker,Singapore,Singapore,Plus,Consumer,2025-09-04,both,Matched,True,False,False,False,0.0,False,False,False
ORD-004308,C01679,Nora Garcia | Germany | Premium,Electronics,602.63,1,2025-06-23,Retail Store,602.63,Nora Garcia,Germany,Premium,Nora Garcia,Germany,Berlin,Premium,Consumer,2025-07-09,both,Matched,True,False,False,False,0.0,False,False,False
ORD-004311,C00495,Zoe Taylor | Germany | Basic,Books,483.76,1,2025-02-05,Marketplace,483.76,Zoe Taylor,Germany,Basic,Zoe Taylor,Germany,Hamburg,Basic,Enterprise,2025-06-13,both,Matched,True,False,False,False,0.0,False,False,False
ORD-004312,C01940,Liam Green | United Kingdom | Basic,Toys,627.61,2,2026-03-14,Marketplace,1255.22,Liam Green,United Kingdom,Basic,Liam Green,United Kingdom,,Basic,,,left_only,Not Found,False,False,False,False,0.0,False,False,True
ORD-004318,C01658,Liam Hassan | United States | Plus,Clothing,158.69,6,2025-07-10,Retail Store,952.14,Liam Hassan,United States,Plus,Liam Hassan,United States,Austin,Plus,Consumer,2025-10-11,both,Matched,True,False,False,False,0.0,False,False,False
ORD-004326,C00196,Sara Adams | United Kingdom | Basic,Sports,310.7,2,2025-08-12,Retail Store,621.4,Sara Adams,United Kingdom,Basic,Sara Adams,United Kingdom,Bristol,Basic,Consumer,2025-09-23,both,Matched,True,False,False,False,0.0,False,False,False
ORD-004329,C02412,Sam Green | United Kingdom | Premium,Clothing,40.17,2,2025-02-20,Mobile App,80.34,Sam Green,United Kingdom,Premium,Sam Green,United Kingdom,Manchester,Premium,Consumer,2026-02-23,both,Matched,True,False,False,False,0.0,False,False,False
ORD-004331,C01151,Ryan Mitchell | Singapore | Premium,Office Supplies,107.34,5,2025-02-06,Mobile App,536.7,Ryan Mitchell,Singapore,Premium,Ryan Mitchell,Singapore,Singapore,Premium,Small Business,2025-03-10,both,Matched,True,False,False,False,0.0,False,False,False
ORD-004332,C00910,Ava Lewis | Canada | Basic,Office Supplies,98.74,3,2025-04-25,Mobile App,296.22,Ava Lewis,Canada,Basic,Ava Lewis,Canada,Toronto,Basic,Consumer,2025-08-02,both,Matched,True,False,False,False,5.684341886080802e-14,False,False,False
ORD-004335,C01066,Emma Lewis | Singapore | Premium,Beauty,483.87,4,2025-05-09,Mobile App,1935.48,Emma Lewis,Singapore,Premium,Emma Lewis,Singapore,Singapore,Premium,Small Business,2025-11-23,both,Matched,True,False,False,False,0.0,False,False,False
ORD-004336,C02986,Yusuf Khan | UAE | Plus,Sprots,376.36,6,2026-06-08,Mobile App,2258.16,Yusuf Khan,UAE,Plus,Yusuf Khan,UAE,,Plus,,,left_only,Not Found,False,False,False,False,0.0,False,False,True
ORD-004342,C01473,Isla Smith | United Kingdom | Premium,Books,156.93,4,2025-05-18,Retail Store,627.72,Isla Smith,United Kingdom,Premium,Isla Smith,United Kingdom,Leeds,Premium,Consumer,2026-02-02,both,Matched,True,False,False,False,0.0,False,False,False
ORD-004344,C00599,Daniel Smith | United States | Premium,Clothing,259.59,1,2025-07-12,Mobile App,259.59,Daniel Smith,United States,Premium,Daniel Smith,United States,Chicago,Premium,Consumer,2025-11-07,both,Matched,True,False,False,False,0.0,False,False,False
ORD-004346,C02877,Ethan Lee | UAE | Premium,Home & Kitchen,263.84,5,2025-10-31,Marketplace,1319.2,Ethan Lee,UAE,Premium,Ethan Lee,UAE,Sharjah,Premium,Consumer,2026-01-12,both,Matched,True,False,False,False,2.2737367544323206e-13,False,False,False
ORD-004347,C00436,Sam Lee | United Kingdom | Basic,Sports,281.27,4,2025-01-05,Marketplace,1125.08,Sam Lee,United Kingdom,Basic,Sam Lee,United Kingdom,London,Basic,Consumer,2025-02-25,both,Matched,True,False,False,False,0.0,False,False,False
ORD-004349,C01962,Ava Garcia | France | Premium,Home & Kitchen,336.48,1,2025-08-06,Mobile App,336.48,Ava Garcia,France,Premium,Ava Garcia,France,,Premium,,,left_only,Not Found,False,False,False,False,0.0,False,False,True
ORD-004350,C02697,Noah Martin | United States | Plus,Electronics,480.91,2,2025-05-02,Website,961.82,Noah Martin,United States,Plus,Noah Martin,United States,Chicago,Plus,Enterprise,2025-06-02,both,Matched,True,False,False,False,0.0,False,False,False
ORD-004355,C01663,Ella Clark | Canada | Premium,Electronic Goods,134.27,2,2025-10-09,Marketplace,268.54,Ella Clark,Canada,Premium,Ella Clark,Canada,,Premium,,,left_only,Not Found,False,False,False,False,0.0,False,False,True
ORD-004362,C02421,Lucas Johnson | Canada | Premium,Clothing,366.99,6,2025-01-16,Mobile App,2201.94,Lucas Johnson,Canada,Premium,Lucas Johnson,Canada,,Premium,,,left_only,Not Found,False,False,False,False,0.0,False,False,True
ORD-004363,C00964,Ryan Carter | United States | Premium,Beauty,199.24,1,2025-08-01,Marketplace,199.24,Ryan Carter,United States,Premium,Ryan Carter,United States,Chicago,Premium,Consumer,2025-08-21,both,Matched,True,False,False,False,0.0,False,False,False
ORD-004366,C00944,Amelia Martin | United Kingdom | Basic,Sports,294.21,3,2025-03-29,Marketplace,882.63,Amelia Martin,United Kingdom,Basic,Amelia Martin,United Kingdom,Bristol,Basic,Small Business,2025-09-01,both,Matched,True,False,False,False,1.1368683772161603e-13,False,False,False
ORD-004367,C01067,Sam Martin | Singapore | Plus,Sports,414.69,6,2025-06-20,Marketplace,2488.14,Sam Martin,Singapore,Plus,Sam Martin,Singapore,Singapore,Plus,Small Business,2025-08-15,both,Matched,True,False,False,False,0.0,False,False,False
ORD-004375,C00335,Zoe Mitchell | Germany | Basic,Toys,212.28,1,2025-09-04,Mobile App,212.28,Zoe Mitchell,Germany,Basic,Zoe Mitchell,Germany,Munich,Basic,Consumer,2025-12-03,both,Matched,True,False,False,False,0.0,False,False,False
ORD-004376,C01855,Emma Carter | United States | Plus,Electronics,517.19,6,2025-08-31,Retail Store,3103.14,Emma Carter,United States,Plus,Emma Carter,United States,Austin,Plus,Enterprise,2025-12-09,both,Matched,True,False,False,False,-4.547473508864641e-13,False,False,False
ORD-004385,C00460,Sophia Walker | Canada | Basic,Books,550.85,5,2025-10-06,Website,2754.25,Sophia Walker,Canada,Basic,Sophia Walker,Canada,Vancouver,Basic,Consumer,2025-10-07,both,Matched,True,False,False,False,0.0,False,False,False
ORD-004387,C01803,Sam Taylor | United States | Basic,Toys,44.39,6,2025-10-29,Website,266.34,Sam Taylor,United States,Basic,Sam Taylor,United States,Chicago,Basic,Small Business,2025-12-10,both,Matched,True,False,False,False,-5.684341886080802e-14,False,False,False
ORD-004391,C02097,Mia Mitchell | Australia | Premium,Sports,137.72,3,2026-01-03,Marketplace,413.16,Mia Mitchell,Australia,Premium,Mia Mitchell,Australia,Brisbane,Premium,Consumer,2026-03-14,both,Matched,True,False,False,False,5.684341886080802e-14,False,False,False
ORD-004399,C02884,Henry Wilson | UAE | Premium,Beauty,453.7,3,2025-10-11,Website,1361.1,Henry Wilson,UAE,Premium,Henry Wilson,UAE,Abu Dhabi,Premium,Small Business,2026-03-04,both,Matched,True,False,False,False,0.0,False,False,False
ORD-004405,C01509,James Ahmed | Canada | Plus,Books,251.88,4,2025-08-26,Website,1007.52,James Ahmed,Canada,Plus,James Ahmed,Canada,,Plus,,,left_only,Not Found,False,False,False,False,0.0,False,False,True
ORD-004406,C01855,Emma Carter | United States | Plus,Office Supplies,321.36,5,2025-03-20,Website,1606.8,Emma Carter,United States,Plus,Emma Carter,United States,Austin,Plus,Enterprise,2025-12-09,both,Matched,True,False,False,False,-2.2737367544323206e-13,False,False,False
ORD-004410,C02103,Henry Ahmed | France | Plus,Beauty,41.33,2,2025-05-27,Marketplace,82.66,Henry Ahmed,France,Plus,Henry Ahmed,France,Nice,Plus,Consumer,2026-03-13,both,Matched,True,False,False,False,0.0,False,False,False
ORD-004434,C02519,Daniel Garcia | Germany | Basic,Clothing,510.07,6,2025-04-02,Website,3060.42,Daniel Garcia,Germany,Basic,Daniel Garcia,Germany,Frankfurt,Basic,Enterprise,2025-04-13,both,Matched,True,False,False,False,0.0,False,False,False
ORD-004435,C01569,Amelia Mitchell | United Kingdom | Basic,Office Supplies,598.39,2,2025-07-08,Retail Store,1196.78,Amelia Mitchell,United Kingdom,Basic,Amelia Mitchell,United Kingdom,Leeds,Basic,Small Business,2025-07-18,both,Matched,True,False,False,False,0.0,False,False,False
ORD-004439,C00301,Jack Baker | Australia | Premium,Electronics,638.43,1,2026-01-08,Marketplace,638.43,Jack Baker,Australia,Premium,Jack Baker,Australia,,Premium,,,left_only,Not Found,False,False,False,False,0.0,False,False,True
ORD-004445,C02962,Zoe Hall | Canada | Plus,Electronics,91.82,4,2025-03-11,Website,367.28,Zoe Hall,Canada,Plus,Zoe Hall,Canada,Toronto,Plus,Consumer,2025-03-28,both,Matched,True,False,False,False,0.0,False,False,False
ORD-004447,C01464,Sam Adams | United Kingdom | Basic,Home & Kitchen,305.18,2,2025-02-27,Retail Store,610.36,Sam Adams,United Kingdom,Basic,Sam Adams,United Kingdom,Manchester,Basic,Consumer,2026-02-25,both,Matched,True,False,False,False,0.0,False,False,False
ORD-004464,C00583,Nora Johnson | United Kingdom | Plus,Office Supplies,418.2,6,2025-01-29,Mobile App,2509.2,Nora Johnson,United Kingdom,Plus,Nora Johnson,United Kingdom,Bristol,Plus,Consumer,2025-12-10,both,Matched,True,False,False,False,0.0,False,False,False
ORD-004465,C00740,Olivia Davis | UAE | Basic,Clothing,499.63,2,2025-08-18,Website,999.26,Olivia Davis,UAE,Basic,Olivia Davis,UAE,Dubai,Basic,Consumer,2026-01-17,both,Matched,True,False,False,False,0.0,False,False,False
ORD-004466,C00715,Zoe Carter | UAE | Basic,Books,636.55,4,2025-05-18,Retail Store,2546.2,Zoe Carter,UAE,Basic,Zoe Carter,UAE,,Basic,,,left_only,Not Found,False,False,False,False,0.0,False,False,True
ORD-004469,C01130,Leo Green | France | Premium,Clothing,391.9,5,2026-07-14,Marketplace,1959.5,Leo Green,France,Premium,Leo Green,France,,Premium,,,left_only,Not Found,False,False,False,False,0.0,False,False,True
ORD-004470,C00916,Henry Garcia | UAE | Plus,Sports,195.94,6,2025-03-10,Retail Store,1175.64,Henry Garcia,UAE,Plus,Henry Garcia,UAE,Dubai,Plus,Consumer,2025-08-14,both,Matched,True,False,False,False,2.2737367544323206e-13,False,False,False
ORD-004472,C00547,Ella Lee | Germany | Plus,Office Supplies,58.37,3,2025-01-08,Website,175.11,Ella Lee,Germany,Plus,Ella Lee,Germany,Munich,Plus,Small Business,2025-09-01,both,Matched,True,False,False,False,2.842170943040401e-14,False,False,False
ORD-004474,C00260,Olivia Miller | Germany | Plus,Home & Kitchen,279.45,5,2025-08-03,Retail Store,1397.25,Olivia Miller,Germany,Plus,Olivia Miller,Germany,,Plus,,,left_only,Not Found,False,False,False,False,0.0,False,False,True
ORD-004475,C00105,Lucas King | Australia | Plus,Home & Kitchen,209.57,1,2025-01-03,Marketplace,209.57,Lucas King,Australia,Plus,Lucas King,Australia,Brisbane,Plus,Consumer,2026-02-07,both,Matched,True,False,False,False,0.0,False,False,False
ORD-004480,C00368,Layla Hassan | Germany | Basic,Beauty,213.45,4,2025-02-06,Retail Store,853.8,Layla Hassan,Germany,Basic,Layla Hassan,Germany,,Basic,,,left_only,Not Found,False,False,False,False,0.0,False,False,True
ORD-004481,C02242,James Johnson | United Kingdom | Basic,Office Supplies,29.88,3,2026-01-18,Marketplace,89.64,James Johnson,United Kingdom,Basic,James Johnson,United Kingdom,,Basic,,,left_only,Not Found,False,False,False,False,0.0,False,False,True
ORD-004497,C02953,Chloe Wilson | Canada | Premium,Sports,399.49,4,2025-06-13,Mobile App,1597.96,Chloe Wilson,Canada,Premium,Chloe Wilson,Canada,,Premium,,,left_only,Not Found,False,False,False,False,0.0,False,False,True
ORD-004499,C02741,Ella Lee | France | Basic,Office Supplies,100.37,1,2026-05-31,Retail Store,100.37,Ella Lee,France,Basic,Ella Lee,France,,Basic,,,left_only,Not Found,False,False,False,False,0.0,False,False,True
ORD-004503,C00460,Sophia Walker | Canada | Basic,Office Supplies,70.53,5,2025-09-19,Marketplace,352.65,Sophia Walker,Canada,Basic,Sophia Walker,Canada,Vancouver,Basic,Consumer,2025-10-07,both,Matched,True,False,False,False,0.0,False,False,False
ORD-004506,C00546,Leo Lewis | France | Basic,Books,35.59,4,2025-05-08,Mobile App,142.36,Leo Lewis,France,Basic,Leo Lewis,France,Bordeaux,Basic,Consumer,2026-03-17,both,Matched,True,False,False,False,0.0,False,False,False
ORD-004507,C02568,Noah Green | France | Premium,Home & Kitchen,441.81,4,2025-08-03,Marketplace,1767.24,Noah Green,France,Premium,Noah Green,France,Lyon,Premium,Consumer,2026-04-07,both,Matched,True,False,False,False,0.0,False,False,False
ORD-004518,C02084,Adam Wilson | Australia | Basic,Books,593.1,6,2025-10-12,Retail Store,3558.6,Adam Wilson,Australia,Basic,Adam Wilson,Australia,,Basic,,,left_only,Not Found,False,False,False,False,-4.547473508864641e-13,False,False,True
ORD-004519,C00577,Amelia Moore | UAE | Plus,Clothing,430.72,2,2025-02-26,Marketplace,861.44,Amelia Moore,UAE,Plus,Amelia Moore,UAE,Sharjah,Plus,Consumer,2025-06-15,both,Matched,True,False,False,False,0.0,False,False,False
ORD-004524,C00552,Zoe Walker | Singapore | Basic,Toys,563.0,3,2025-08-23,Website,1689.0,Zoe Walker,Singapore,Basic,Zoe Walker,Singapore,Singapore,Basic,Small Business,2026-04-10,both,Matched,True,False,False,False,0.0,False,False,False
ORD-004531,C00740,Olivia Davis | UAE | Basic,Sprots,594.59,4,2025-02-14,Retail Store,2378.36,Olivia Davis,UAE,Basic,Olivia Davis,UAE,Dubai,Basic,Consumer,2026-01-17,both,Matched,True,False,False,False,0.0,False,False,False
ORD-004541,C02918,Layla Carter | Singapore | Plus,Home & Kitchen,89.49,4,2025-01-13,Marketplace,357.96,Layla Carter,Singapore,Plus,Layla Carter,Singapore,Singapore,Plus,Consumer,2025-06-07,both,Matched,True,False,False,False,0.0,False,False,False
ORD-004545,C00700,Yusuf Smith | United States | Basic,Books,161.13,5,2025-01-30,Retail Store,805.65,Yusuf Smith,United States,Basic,Yusuf Smith,United States,Chicago,Basic,Consumer,2026-03-22,both,Matched,True,False,False,False,0.0,False,False,False
ORD-004554,C01391,Noah Taylor | Germany | Premium,Office Supplies,639.02,1,2025-01-20,Mobile App,639.02,Noah Taylor,Germany,Premium,Noah Taylor,Germany,Frankfurt,Premium,Small Business,2025-04-07,both,Matched,True,False,False,False,0.0,False,False,False
ORD-004560,C00383,Adam Taylor | Australia | Plus,Beauty,607.74,5,2025-07-30,Website,3038.7,Adam Taylor,Australia,Plus,Adam Taylor,Australia,Melbourne,Plus,Consumer,2025-08-03,both,Matched,True,False,False,False,0.0,False,False,False
ORD-004566,C01577,Alex Martin | UAE | Basic,Clothing,602.08,6,2025-10-16,Mobile App,3612.48,Alex Martin,UAE,Basic,Alex Martin,UAE,Abu Dhabi,Basic,Consumer,2026-03-07,both,Matched,True,False,False,False,-4.547473508864641e-13,False,False,False
ORD-004576,C00752,Isla Anderson | United States | Plus,Books,22.22,3,2025-09-25,Mobile App,66.66,Isla Anderson,United States,Plus,Isla Anderson,United States,Chicago,Plus,Consumer,2026-01-16,both,Matched,True,False,False,False,0.0,False,False,False
ORD-004580,C02353,Yusuf Hassan | Germany | Premium,Office Supplies,478.87,3,2025-06-15,Website,1436.61,Yusuf Hassan,Germany,Premium,Yusuf Hassan,Germany,Frankfurt,Premium,Consumer,2026-02-17,both,Matched,True,False,False,False,-2.2737367544323206e-13,False,False,False
ORD-004586,C00444,Layla Walker | France | Plus,Home & Kitchen,587.67,5,2025-06-12,Marketplace,2938.35,Layla Walker,France,Plus,Layla Walker,France,Bordeaux,Plus,Consumer,2026-01-03,both,Matched,True,False,False,False,0.0,False,False,False
ORD-004590,C02292,Maya Clark | Australia | Basic,Office Supplies,242.81,1,2025-07-05,Website,242.81,Maya Clark,Australia,Basic,Maya Clark,Australia,Brisbane,Basic,Small Business,2025-10-14,both,Matched,True,False,False,False,0.0,False,False,False
ORD-004592,C01182,Olivia Brown | United States | Premium,Books,515.33,3,2025-04-21,Retail Store,1545.99,Olivia Brown,United States,Premium,Olivia Brown,United States,Chicago,Premium,Consumer,2025-07-02,both,Matched,True,False,False,False,-2.2737367544323206e-13,False,False,False
ORD-004599,C02497,Nora Mitchell | Germany | Plus,Beauty,602.76,4,2025-03-28,Website,2486.04,Nora Mitchell,Germany,Plus,Nora Mitchell,Germany,Berlin,Plus,Small Business,2025-12-12,both,Matched,True,False,False,True,75.0,False,False,False
ORD-004603,C02229,Noah Baker | France | Basic,Electronics,345.87,1,2025-12-13,Mobile App,345.87,Noah Baker,France,Basic,Noah Baker,France,Bordeaux,Basic,Enterprise,2026-03-27,both,Matched,True,False,False,False,0.0,False,False,False
ORD-004604,C01859,Sam Lee | France | Plus,Electronics,540.36,1,2025-04-13,Website,540.36,Sam Lee,France,Plus,Sam Lee,France,Paris,Plus,Consumer,2026-02-11,both,Matched,True,False,False,False,0.0,False,False,False
ORD-004605,C00614,Nora Martin | United Kingdom | Premium,Beauty,116.26,1,2026-02-10,Mobile App,116.26,Nora Martin,United Kingdom,Premium,Nora Martin,United Kingdom,,Premium,,,left_only,Not Found,False,False,False,False,0.0,False,False,True
ORD-004608,C01898,Sara Walker | Singapore | Basic,Toys,549.18,4,2025-02-10,Website,2196.72,Sara Walker,Singapore,Basic,Sara Walker,Singapore,Singapore,Basic,Consumer,2025-02-14,both,Matched,True,False,False,False,0.0,False,False,False
ORD-004614,C02123,Omar Anderson | France | Plus,Beauty,416.46,3,2025-02-21,Marketplace,1249.38,Omar Anderson,France,Plus,Omar Anderson,France,Bordeaux,Plus,Consumer,2025-03-06,both,Matched,True,False,False,False,2.2737367544323206e-13,False,False,False
ORD-004615,C02849,Jack Hassan | Germany | Premium,Office Supplies,545.35,5,2025-12-03,Website,2726.75,Jack Hassan,Germany,Premium,Jack Hassan,Germany,Hamburg,Premium,Consumer,2026-02-07,both,Matched,True,False,False,False,0.0,False,False,False
ORD-004616,C00699,Mia Garcia | United Kingdom | Premium,Books,425.67,3,2025-05-22,Retail Store,1277.01,Mia Garcia,United Kingdom,Premium,Mia Garcia,United Kingdom,London,Premium,Small Business,2025-10-05,both,Matched,True,False,False,False,0.0,False,False,False
ORD-004618,C01178,Nora Walker | United States | Basic,Office Supplies,549.68,1,2025-07-18,Mobile App,549.68,Nora Walker,United States,Basic,Nora Walker,United States,Chicago,Basic,Consumer,2026-04-06,both,Matched,True,False,False,False,0.0,False,False,False
ORD-004626,C01700,Lucas Clark | United Kingdom | Basic,Books,218.01,5,2025-09-21,Marketplace,1090.05,Lucas Clark,United Kingdom,Basic,Lucas Clark,United Kingdom,London,Basic,Small Business,2026-01-03,both,Matched,True,False,False,False,0.0,False,False,False
ORD-004632,C02821,Amelia Martin | Australia | Premium,Books,423.61,3,2025-07-13,Website,1270.83,Amelia Martin,Australia,Premium,Amelia Martin,Australia,Melbourne,Premium,Consumer,2025-12-05,both,Matched,True,False,False,False,0.0,False,False,False
ORD-004633,C02950,Maya Anderson | United States | Premium,Electronics,553.49,1,2025-08-28,Retail Store,553.49,Maya Anderson,United States,Premium,Maya Anderson,United States,,Premium,,,left_only,Not Found,False,False,False,False,0.0,False,False,True
ORD-004636,C00895,Lucas Baker | United Kingdom | Plus,Clothing,527.32,5,2025-05-16,Retail Store,2636.6,Lucas Baker,United Kingdom,Plus,Lucas Baker,United Kingdom,Bristol,Plus,Small Business,2025-12-31,both,Matched,True,False,False,False,-4.547473508864641e-13,False,False,False
ORD-004637,C01495,Ava Wilson | UAE | Basic,Office Supplies,396.08,3,2025-06-02,Website,1188.24,Ava Wilson,UAE,Basic,Ava Wilson,UAE,Abu Dhabi,Basic,Consumer,2025-09-12,both,Matched,True,False,False,False,0.0,False,False,False
ORD-004641,C02608,Ava Adams | Australia | Premium,Toys,51.92,2,2025-09-07,Marketplace,103.84,Ava Adams,Australia,Premium,Ava Adams,Australia,Perth,Premium,Consumer,2025-12-25,both,Matched,True,False,False,False,0.0,False,False,False
ORD-004648,C00599,Daniel Smith | United States | Premium,Office Supplies,128.74,6,2025-01-09,Mobile App,772.44,Daniel Smith,United States,Premium,Daniel Smith,United States,Chicago,Premium,Consumer,2025-11-07,both,Matched,True,False,False,False,0.0,False,False,False
ORD-000090,C01568,Sophia Brown | United Kingdom | Basic,Sprots,527.83,4,2026-03-04,Mobile App,2111.32,Sophia Brown,United Kingdom,Basic,Sophia Brown,United Kingdom,London,Basic,Small Business,2023-11-10,both,Matched,False,False,False,False,0.0,True,False,False
ORD-004650,C02847,Mia Wright | Canada | Basic,Home & Kitchen,58.36,2,2025-03-04,Retail Store,116.72,Mia Wright,Canada,Basic,Mia Wright,Canada,Vancouver,Basic,Consumer,2025-09-04,both,Matched,True,False,False,False,0.0,False,False,False
ORD-004653,C02425,Liam Anderson | Singapore | Basic,Sports,438.14,4,2025-09-21,Retail Store,1752.56,Liam Anderson,Singapore,Basic,Liam Anderson,Singapore,Singapore,Basic,Consumer,2026-01-14,both,Matched,True,False,False,False,0.0,False,False,False
ORD-004654,C00459,Sara Moore | Canada | Basic,Books,478.9,0,2026-06-03,Website,2394.5,Sara Moore,Canada,Basic,Sara Moore,Canada,Calgary,Basic,Consumer,2025-01-25,both,Matched,False,False,True,True,2394.5,False,False,False
ORD-004664,C02321,Isla Moore | UAE | Basic,Clothing,544.01,6,2025-02-03,Mobile App,3264.06,Isla Moore,UAE,Basic,Isla Moore,UAE,,Basic,,,left_only,Not Found,False,False,False,False,0.0,False,False,True
ORD-004665,C02681,Omar Green | UAE | Basic,Clothing,389.69,2,2025-07-07,Marketplace,754.38,Omar Green,UAE,Basic,Omar Green,UAE,Dubai,Basic,Small Business,2023-07-02,both,Matched,False,False,False,True,-25.0,False,False,False
ORD-004671,C00355,Amelia Lee | Singapore | Basic,Clothing,207.62,3,2026-07-21,Retail Store,622.86,Amelia Lee,Singapore,Basic,Amelia Lee,Singapore,,Basic,,,left_only,Not Found,False,False,False,False,0.0,False,False,True
ORD-000082,C00816,Lina Hall | Singapore | Basic,Sports,60.47,4,2025-06-07,Website,241.88,Lina Hall,Singapore,Basic,Lina Hall,Singapore,Singapore,Basic,Small Business,2025-02-18,both,Matched,False,False,False,False,0.0,True,False,False
ORD-004684,C00502,Adam Lewis | United Kingdom | Basic,Clothing,389.59,2,2025-04-02,Retail Store,779.18,Adam Lewis,United Kingdom,Basic,Adam Lewis,United Kingdom,London,Basic,Consumer,2025-05-09,both,Matched,True,False,False,False,0.0,False,False,False
ORD-004686,C02541,Yusuf Hassan | United Kingdom | Basic,Office Supplies,194.45,6,2025-10-24,Marketplace,1166.7,Yusuf Hassan,United Kingdom,Basic,Yusuf Hassan,United Kingdom,,Basic,,,left_only,Not Found,False,False,False,False,2.2737367544323206e-13,False,False,True
ORD-004696,C02034,Daniel Clark | France | Basic,Books,463.12,6,2025-03-07,Mobile App,2778.72,Daniel Clark,France,Basic,Daniel Clark,France,Nice,Basic,Small Business,2025-09-26,both,Matched,True,False,False,False,-4.547473508864641e-13,False,False,False
ORD-004702,C02474,Isla Hall | Canada | Premium,Beauty,9.25,3,2026-06-22,Website,102.75,Isla Hall,Canada,Premium,Isla Hall,Canada,Vancouver,Premium,Small Business,2023-02-11,both,Matched,False,False,False,True,75.0,False,False,False
ORD-004708,C02333,Sam Baker | UAE | Basic,Sports,95.92,3,2026-05-16,Retail Store,287.76,Sam Baker,UAE,Basic,Sam Baker,UAE,,Basic,,,left_only,Not Found,False,False,False,False,0.0,False,False,True
ORD-004729,C02549,Ethan Davis | Australia | Plus,Sports,125.19,5,2025-04-27,Retail Store,625.95,Ethan Davis,Australia,Plus,Ethan Davis,Australia,Brisbane,Plus,Small Business,2025-05-30,both,Matched,True,False,False,False,0.0,False,False,False
ORD-004730,C00812,Adam Brown | Singapore | Plus,Beauty,143.17,1,2025-01-12,Retail Store,143.17,Adam Brown,Singapore,Plus,Adam Brown,Singapore,Singapore,Plus,Consumer,2025-02-04,both,Matched,True,False,False,False,0.0,False,False,False
ORD-004741,C00390,Liam Smith | United Kingdom | Basic,Sports,546.66,2,2025-10-17,Marketplace,1093.32,Liam Smith,United Kingdom,Basic,Liam Smith,United Kingdom,Bristol,Basic,Small Business,2026-02-16,both,Matched,True,False,False,False,0.0,False,False,False
ORD-004743,C00125,Maya Green | Canada | Premium,Books,444.21,6,2025-06-18,Retail Store,2665.26,Maya Green,Canada,Premium,Maya Green,Canada,Vancouver,Premium,Consumer,2025-10-04,both,Matched,True,False,False,False,4.547473508864641e-13,False,False,False
ORD-004751,C02775,Amelia Johnson | United States | Plus,Office Supplies,467.78,4,2025-07-07,Mobile App,1871.12,Amelia Johnson,United States,Plus,Amelia Johnson,United States,Seattle,Plus,Consumer,2026-04-03,both,Matched,True,False,False,False,0.0,False,False,False
ORD-004759,C02404,Adam Miller | United Kingdom | Basic,Toys,585.97,5,2025-11-23,Website,2929.85,Adam Miller,United Kingdom,Basic,Adam Miller,United Kingdom,Bristol,Basic,Small Business,2026-01-21,both,Matched,True,False,False,False,-4.547473508864641e-13,False,False,False
ORD-004766,C01134,Amelia Taylor | Singapore | Plus,Books,332.46,4,2025-10-25,Mobile App,1329.84,Amelia Taylor,Singapore,Plus,Amelia Taylor,Singapore,,Plus,,,left_only,Not Found,False,False,False,False,0.0,False,False,True
ORD-004768,C01175,Ava Garcia | UAE | Basic,Toys,543.02,3,2025-11-11,Website,1629.06,Ava Garcia,UAE,Basic,Ava Garcia,UAE,,Basic,,,left_only,Not Found,False,False,False,False,0.0,False,False,True
ORD-004770,C02855,Layla Martin | Germany | Basic,Books,456.46,2,2025-01-08,Mobile App,912.92,Layla Martin,Germany,Basic,Layla Martin,Germany,Hamburg,Basic,Consumer,2025-12-01,both,Matched,True,False,False,False,0.0,False,False,False
ORD-004783,C02471,Lucas Ahmed | UAE | Plus,Sports,151.32,6,2025-07-27,Mobile App,907.92,Lucas Ahmed,UAE,Plus,Lucas Ahmed,UAE,Abu Dhabi,Plus,Small Business,2025-12-23,both,Matched,True,False,False,False,0.0,False,False,False
ORD-004796,C00176,Jack Wright | United Kingdom | Basic,Toys,97.63,3,2025-05-01,Website,292.89,Jack Wright,United Kingdom,Basic,Jack Wright,United Kingdom,London,Basic,Small Business,2025-11-17,both,Matched,True,False,False,False,0.0,False,False,False
ORD-004800,C01493,Ava Wilson | France | Plus,Office Supplies,266.4,4,2025-07-28,Marketplace,1065.6,Ava Wilson,France,Plus,Ava Wilson,France,Bordeaux,Plus,Small Business,2025-09-06,both,Matched,True,False,False,False,0.0,False,False,False
ORD-004802,C00047,Ryan Young | United Kingdom | Basic,Office Supplies,461.69,6,2025-08-21,Marketplace,2770.14,Ryan Young,United Kingdom,Basic,Ryan Young,United Kingdom,Manchester,Basic,Consumer,2026-01-17,both,Matched,True,False,False,False,0.0,False,False,False
ORD-004807,C01318,Sara Mitchell | Singapore | Plus,Sprots,404.96,3,2026-02-06,Website,1214.88,Sara Mitchell,Singapore,Plus,Sara Mitchell,Singapore,Singapore,Plus,Small Business,2026-03-11,both,Matched,True,False,False,False,2.2737367544323206e-13,False,False,False
ORD-004810,C01327,Alex Patel | Australia | Plus,Sports,14.23,1,2026-05-24,Website,14.23,Alex Patel,Australia,Plus,Alex Patel,Australia,,Plus,,,left_only,Not Found,False,False,False,False,0.0,False,False,True
ORD-004811,C00557,Sophia Garcia | UAE | Plus,Office Supplies,45.98,6,2026-05-03,Retail Store,275.88,Sophia Garcia,UAE,Plus,Sophia Garcia,UAE,,Plus,,,left_only,Not Found,False,False,False,False,0.0,False,False,True
ORD-004822,C02449,Chloe Taylor | Australia | Basic,Clothing,546.87,1,2025-08-02,Retail Store,546.87,Chloe Taylor,Australia,Basic,Chloe Taylor,Australia,Brisbane,Basic,Consumer,2026-02-12,both,Matched,True,False,False,False,0.0,False,False,False
ORD-004835,C02565,Layla Lee | United Kingdom | Plus,Toys,14.25,3,2025-04-10,Mobile App,42.75,Layla Lee,United Kingdom,Plus,Layla Lee,United Kingdom,,Plus,,,left_only,Not Found,False,False,False,False,0.0,False,False,True
ORD-004840,C02466,Ella Lee | Australia | Basic,Books,304.12,2,2025-02-12,Mobile App,608.24,Ella Lee,Australia,Basic,Ella Lee,Australia,,Basic,,,left_only,Not Found,False,False,False,False,0.0,False,False,True
ORD-004842,C02427,Olivia Hall | UAE | Plus,Home & Kitchen,279.01,4,2025-10-06,Retail Store,1116.04,Olivia Hall,UAE,Plus,Olivia Hall,UAE,,Plus,,,left_only,Not Found,False,False,False,False,0.0,False,False,True
ORD-004843,C00292,Mia Davis | Australia | Plus,Books,426.61,6,2025-06-22,Website,2559.66,Mia Davis,Australia,Plus,Mia Davis,Australia,,Plus,,,left_only,Not Found,False,False,False,False,0.0,False,False,True
ORD-004846,C00898,Jack Miller | Canada | Plus,Sports,163.86,5,2025-09-27,Marketplace,819.3,Jack Miller,Canada,Plus,Jack Miller,Canada,Toronto,Plus,Consumer,2026-03-19,both,Matched,True,False,False,False,-1.1368683772161603e-13,False,False,False
ORD-004865,C01416,Ethan Hall | France | Basic,Toys,615.46,1,2025-01-05,Mobile App,615.46,Ethan Hall,France,Basic,Ethan Hall,France,Lyon,Basic,Small Business,2025-12-24,both,Matched,True,False,False,False,0.0,False,False,False
ORD-004867,C00700,Yusuf Smith | United States | Basic,Beauty,578.61,5,2025-04-23,Retail Store,2893.05,Yusuf Smith,United States,Basic,Yusuf Smith,United States,Chicago,Basic,Consumer,2026-03-22,both,Matched,True,False,False,False,0.0,False,False,False
ORD-004871,C00062,Ava Smith | United Kingdom | Basic,Office Supplies,25.24,3,2026-04-08,Mobile App,75.72,Ava Smith,United Kingdom,Basic,Ava Smith,United Kingdom,,Basic,,,left_only,Not Found,False,False,False,False,0.0,False,False,True
ORD-004874,C00511,Leo Davis | Singapore | Basic,Sports,103.45,3,2025-05-08,Website,285.35,Leo Davis,Singapore,Basic,Leo Davis,Singapore,Singapore,Basic,Consumer,2024-08-20,both,Matched,False,False,False,True,-25.0,False,False,False
ORD-004879,C01006,Sara Thomas | UAE | Basic,Office Supplies,549.22,3,2025-01-21,Website,1647.66,Sara Thomas,UAE,Basic,Sara Thomas,UAE,Dubai,Basic,Consumer,2026-02-08,both,Matched,True,False,False,False,0.0,False,False,False
ORD-004880,C01473,Isla Smith | United Kingdom | Premium,Toys,287.23,3,2025-04-22,Retail Store,861.69,Isla Smith,United Kingdom,Premium,Isla Smith,United Kingdom,Leeds,Premium,Consumer,2026-02-02,both,Matched,True,False,False,False,0.0,False,False,False
ORD-004883,C01095,Emma Anderson | France | Basic,Home & Kitchen,51.7,5,2025-01-06,Retail Store,258.5,Emma Anderson,France,Basic,Emma Anderson,France,Lyon,Basic,Consumer,2026-02-17,both,Matched,True,False,False,False,0.0,False,False,False
ORD-004888,C02192,Mia Miller | Canada | Basic,Books,340.69,5,2025-03-12,Retail Store,1703.45,Mia Miller,Canada,Basic,Mia Miller,Canada,Calgary,Basic,Consumer,2026-01-03,both,Matched,True,False,False,False,0.0,False,False,False
ORD-004892,C01072,Lucas Miller | Canada | Basic,Clothing,440.59,1,2025-02-18,Website,440.59,Lucas Miller,Canada,Basic,Lucas Miller,Canada,Ottawa,Basic,Enterprise,2025-05-14,both,Matched,True,False,False,False,0.0,False,False,False
ORD-004895,C00910,Ava Lewis | Canada | Basic,Toys,45.57,3,2025-08-01,Mobile App,136.71,Ava Lewis,Canada,Basic,Ava Lewis,Canada,Toronto,Basic,Consumer,2025-08-02,both,Matched,True,False,False,False,0.0,False,False,False
ORD-004896,C02659,Jack Wright | UAE | Plus,Toys,383.45,3,2025-09-24,Retail Store,1150.35,Jack Wright,UAE,Plus,Jack Wright,UAE,Dubai,Plus,Small Business,2026-04-13,both,Matched,True,False,False,False,0.0,False,False,False
ORD-004900,C00595,Noah Anderson | UAE | Basic,Toys,536.9,4,2025-01-27,Retail Store,2147.6,Noah Anderson,UAE,Basic,Noah Anderson,UAE,Abu Dhabi,Basic,Small Business,2025-04-18,both,Matched,True,False,False,False,0.0,False,False,False
ORD-004906,C02496,Maya Baker | United States | Basic,Sports,212.58,5,2025-11-04,Marketplace,1062.9,Maya Baker,United States,Basic,Maya Baker,United States,Chicago,Basic,Consumer,2026-02-17,both,Matched,True,False,False,False,0.0,False,False,False
ORD-004908,C01320,Ava Martin | Germany | Basic,Beauty,293.54,5,2025-12-30,Retail Store,1467.7,Ava Martin,Germany,Basic,Ava Martin,Germany,Frankfurt,Basic,Consumer,2026-04-13,both,Matched,True,False,False,False,0.0,False,False,False
ORD-004911,C01860,Sam Garcia | Germany | Basic,Electronics,9.59,6,2025-06-21,Mobile App,57.54,Sam Garcia,Germany,Basic,Sam Garcia,Germany,,Basic,,,left_only,Not Found,False,False,False,False,0.0,False,False,True
ORD-004921,C01315,Liam Clark | Australia | Basic,Toys,358.01,1,2025-03-20,Website,358.01,Liam Clark,Australia,Basic,Liam Clark,Australia,,Basic,,,left_only,Not Found,False,False,False,False,0.0,False,False,True
ORD-004930,C00779,Olivia Garcia | United States | Basic,Clothing,273.83,3,2025-02-11,Mobile App,821.49,Olivia Garcia,United States,Basic,Olivia Garcia,United States,Seattle,Basic,Small Business,2025-05-03,both,Matched,True,False,False,False,0.0,False,False,False
ORD-004932,C01398,Ethan King | United States | Plus,Office Supplies,166.42,4,2025-07-25,Website,665.68,Ethan King,United States,Plus,Ethan King,United States,Chicago,Plus,Consumer,2025-12-21,both,Matched,True,False,False,False,0.0,False,False,False
ORD-004938,C02333,Sam Baker | UAE | Basic,Home & Kitchen,372.54,6,2026-04-17,Marketplace,2235.24,Sam Baker,UAE,Basic,Sam Baker,UAE,,Basic,,,left_only,Not Found,False,False,False,False,-4.547473508864641e-13,False,False,True
ORD-004939,C01593,Sophia Taylor | Canada | Plus,Home & Kitchen,61.13,6,2025-01-09,Website,366.78,Sophia Taylor,Canada,Plus,Sophia Taylor,Canada,Toronto,Plus,Small Business,2025-06-10,both,Matched,True,False,False,False,-5.684341886080802e-14,False,False,False
ORD-004943,C02210,James Brown | United States | Plus,Books,255.0,1,2025-03-10,Website,255.0,James Brown,United States,Plus,James Brown,United States,Austin,Plus,Consumer,2026-04-08,both,Matched,True,False,False,False,0.0,False,False,False
ORD-004945,C00847,Ryan Baker | United States | Basic,Toys,515.36,6,2025-07-25,Website,3092.16,Ryan Baker,United States,Basic,Ryan Baker,United States,Austin,Basic,Small Business,2026-01-04,both,Matched,True,False,False,False,0.0,False,False,False
ORD-004946,C00075,Chloe Garcia | United Kingdom | Basic,Clothing,50.16,4,2025-02-16,Mobile App,200.64,Chloe Garcia,United Kingdom,Basic,Chloe Garcia,United Kingdom,,Basic,,,left_only,Not Found,False,False,False,False,0.0,False,False,True
ORD-004953,C00509,Jack Thomas | Canada | Basic,Books,8.87,3,2025-03-03,Marketplace,26.61,Jack Thomas,Canada,Basic,Jack Thomas,Canada,Calgary,Basic,Consumer,2025-03-15,both,Matched,True,False,False,False,0.0,False,False,False
ORD-004957,C01169,Noah King | United States | Premium,Clothing,263.11,6,2025-10-24,Mobile App,1578.66,Noah King,United States,Premium,Noah King,United States,Austin,Premium,Consumer,2025-11-30,both,Matched,True,False,False,False,0.0,False,False,False
ORD-004958,C01039,Mia King | France | Plus,Electronics,298.91,1,2025-10-11,Mobile App,298.91,Mia King,France,Plus,Mia King,France,,Plus,,,left_only,Not Found,False,False,False,False,0.0,False,False,True
ORD-004965,C02551,Daniel Wilson | France | Basic,Home & Kitchen,424.73,3,2025-08-30,Website,1274.19,Daniel Wilson,France,Basic,Daniel Wilson,France,,Basic,,,left_only,Not Found,False,False,False,False,0.0,False,False,True
ORD-004971,C01113,Noah Baker | Canada | Plus,Office Supplies,130.12,1,2025-08-30,Website,130.12,Noah Baker,Canada,Plus,Noah Baker,Canada,,Plus,,,left_only,Not Found,False,False,False,False,0.0,False,False,True
ORD-004984,C02061,Lina Ahmed | Australia | Basic,Sports,579.31,4,2025-01-15,Website,2317.24,Lina Ahmed,Australia,Basic,Lina Ahmed,Australia,Perth,Basic,Small Business,2025-07-31,both,Matched,True,False,False,False,0.0,False,False,False
ORD-004985,C01638,Emma Carter | France | Basic,Sports,20.95,6,2025-07-14,Marketplace,125.7,Emma Carter,France,Basic,Emma Carter,France,Nice,Basic,Consumer,2025-12-01,both,Matched,True,False,False,False,1.4210854715202004e-14,False,False,False
ORD-004986,C02340,Chloe Khan | France | Plus,Home & Kitchen,441.68,1,2025-05-09,Retail Store,441.68,Chloe Khan,France,Plus,Chloe Khan,France,Paris,Plus,Consumer,2025-11-15,both,Matched,True,False,False,False,0.0,False,False,False
ORD-004987,C02479,Ryan Johnson | United Kingdom | Plus,Toys,607.81,4,2025-06-21,Retail Store,2431.24,Ryan Johnson,United Kingdom,Plus,Ryan Johnson,United Kingdom,Manchester,Plus,Consumer,2025-12-11,both,Matched,True,False,False,False,0.0,False,False,False
ORD-004990,C01962,Ava Garcia | France | Premium,Books,557.16,6,2025-07-10,Retail Store,3342.96,Ava Garcia,France,Premium,Ava Garcia,France,,Premium,,,left_only,Not Found,False,False,False,False,0.0,False,False,True
ORD-004991,C02441,Daniel Baker | Canada | Basic,Toys,580.81,1,2025-04-02,Mobile App,580.81,Daniel Baker,Canada,Basic,Daniel Baker,Canada,Ottawa,Basic,Consumer,2025-08-07,both,Matched,True,False,False,False,0.0,False,False,False
ORD-004994,C02470,Liam Brown | UAE | Basic,Toys,189.4,5,2025-04-07,Marketplace,947.0,Liam Brown,UAE,Basic,Liam Brown,UAE,Dubai,Basic,Consumer,2025-06-09,both,Matched,True,False,False,False,0.0,False,False,False
ORD-004998,C02320,Olivia Adams | Canada | Basic,Clothing,204.65,1,2025-03-28,Website,204.65,Olivia Adams,Canada,Basic,Olivia Adams,Canada,,Basic,,,left_only,Not Found,False,False,False,False,0.0,False,False,True
ORD-004999,C02317,Isla Young | Canada | Basic,Toys,608.64,6,2025-06-23,Mobile App,3651.84,Isla Young,Canada,Basic,Isla Young,Canada,Ottawa,Basic,Consumer,2026-04-14,both,Matched,True,False,False,False,0.0,False,False,False
ORD-005000,C00648,Ryan Johnson | Canada | Plus,Clothing,346.63,4,2025-02-17,Marketplace,1386.52,Ryan Johnson,Canada,Plus,Ryan Johnson,Canada,Ottawa,Plus,Consumer,2025-03-14,both,Matched,True,False,False,False,0.0,False,False,False
ORD-005004,C02877,Ethan Lee | UAE | Premium,Home & Kitchen,388.21,2,2025-06-07,Website,776.42,Ethan Lee,UAE,Premium,Ethan Lee,UAE,Sharjah,Premium,Consumer,2026-01-12,both,Matched,True,False,False,False,0.0,False,False,False
ORD-000042,C02267,James Ahmed | France | Basic,Beauty,355.06,5,2026-01-03,Website,1775.3,James Ahmed,France,Basic,James Ahmed,France,Paris,Basic,Consumer,2025-01-02,both,Matched,False,False,False,False,0.0,True,False,False
ORD-005008,C00998,Henry Patel | United Kingdom | Basic,Office Supplies,361.71,4,2026-04-25,Retail Store,1446.84,Henry Patel,United Kingdom,Basic,Henry Patel,United Kingdom,,Basic,,,left_only,Not Found,False,False,False,False,0.0,False,False,True
ORD-005011,C02812,Lucas Khan | United Kingdom | Plus,Books,225.18,4,2025-10-05,Mobile App,900.72,Lucas Khan,United Kingdom,Plus,Lucas Khan,United Kingdom,Manchester,Plus,Enterprise,2025-11-15,both,Matched,True,False,False,False,0.0,False,False,False
ORD-005012,C00097,Sam Wright | Singapore | Basic,Toys,253.01,1,2025-03-08,Marketplace,253.01,Sam Wright,Singapore,Basic,Sam Wright,Singapore,Singapore,Basic,Consumer,2025-07-30,both,Matched,True,False,False,False,0.0,False,False,False
ORD-005014,C00579,Emma Green | Canada | Plus,Electronics,337.7,5,2025-03-06,Mobile App,1688.5,Emma Green,Canada,Plus,Emma Green,Canada,Ottawa,Plus,Consumer,2025-05-13,both,Matched,True,False,False,False,0.0,False,False,False
ORD-005015,C00042,Olivia Mitchell | United Kingdom | Basic,Electronics,599.94,2,2025-08-12,Website,1199.88,Olivia Mitchell,United Kingdom,Basic,Olivia Mitchell,United Kingdom,Manchester,Basic,Enterprise,2026-03-12,both,Matched,True,False,False,False,0.0,False,False,False
ORD-005017,C02421,Lucas Johnson | Canada | Premium,Toys,21.09,2,2025-12-12,Website,117.18,Lucas Johnson,Canada,Premium,Lucas Johnson,Canada,,Premium,,,left_only,Not Found,False,False,False,True,75.0,False,False,True
ORD-005020,C02893,Isla Young | UAE | Premium,Books,176.93,6,2025-04-25,Retail Store,1061.58,Isla Young,UAE,Premium,Isla Young,UAE,Dubai,Premium,Consumer,2025-11-03,both,Matched,True,False,False,False,0.0,False,False,False
ORD-005021,C00355,Amelia Lee | Singapore | Basic,Toys,625.3,6,2025-07-03,Marketplace,3751.8,Amelia Lee,Singapore,Basic,Amelia Lee,Singapore,,Basic,,,left_only,Not Found,False,False,False,False,4.547473508864641e-13,False,False,True
ORD-005030,C02807,Noah Moore | United Kingdom | Plus,Home & Kitchen,243.71,5,2025-03-25,Website,1218.55,Noah Moore,United Kingdom,Plus,Noah Moore,United Kingdom,London,Plus,Consumer,2025-08-29,both,Matched,True,False,False,False,0.0,False,False,False
ORD-005032,C01384,Ella Patel | UAE | Plus,Toys,387.98,5,2025-04-10,Marketplace,1939.9,Ella Patel,UAE,Plus,Ella Patel,UAE,Dubai,Plus,Consumer,2025-08-27,both,Matched,True,False,False,False,0.0,False,False,False
ORD-005034,C00335,Zoe Mitchell | Germany | Basic,Toys,261.42,4,2025-05-27,Retail Store,1045.68,Zoe Mitchell,Germany,Basic,Zoe Mitchell,Germany,Munich,Basic,Consumer,2025-12-03,both,Matched,True,False,False,False,0.0,False,False,False
ORD-005043,C00375,Olivia Mitchell | Germany | Basic,Office Supplies,476.77,6,2025-08-20,Mobile App,2860.62,Olivia Mitchell,Germany,Basic,Olivia Mitchell,Germany,,Basic,,,left_only,Not Found,False,False,False,False,0.0,False,False,True
ORD-005044,C01134,Amelia Taylor | Singapore | Plus,Clothing,74.32,3,2026-01-08,Website,222.96,Amelia Taylor,Singapore,Plus,Amelia Taylor,Singapore,,Plus,,,left_only,Not Found,False,False,False,False,2.842170943040401e-14,False,False,True
ORD-005045,C02731,Amelia Lee | Singapore | Plus,Home & Kitchen,145.3,1,2026-03-30,Retail Store,145.3,Amelia Lee,Singapore,Plus,Amelia Lee,Singapore,,Plus,,,left_only,Not Found,False,False,False,False,0.0,False,False,True
ORD-005049,C02144,Maya Hall | Canada | Basic,Home & Kitchen,257.58,5,2026-02-07,Mobile App,1287.9,Maya Hall,Canada,Basic,Maya Hall,Canada,,Basic,,,left_only,Not Found,False,False,False,False,2.2737367544323206e-13,False,False,True
ORD-005051,C00583,Nora Johnson | United Kingdom | Plus,Books,117.45,4,2025-08-16,Retail Store,469.8,Nora Johnson,United Kingdom,Plus,Nora Johnson,United Kingdom,Bristol,Plus,Consumer,2025-12-10,both,Matched,True,False,False,False,0.0,False,False,False
ORD-005054,C00794,Jack Nelson | Australia | Plus,Home & Kitchen,47.68,1,2025-02-27,Retail Store,47.68,Jack Nelson,Australia,Plus,Jack Nelson,Australia,Melbourne,Plus,Small Business,2026-01-28,both,Matched,True,False,False,False,0.0,False,False,False
ORD-005059,C02788,Amelia Taylor | Singapore | Basic,Toys,277.09,4,2025-04-08,Marketplace,1108.36,Amelia Taylor,Singapore,Basic,Amelia Taylor,Singapore,Singapore,Basic,Consumer,2026-02-18,both,Matched,True,False,False,False,0.0,False,False,False
ORD-005061,C00429,Henry Anderson | UAE | Basic,Electronics,345.75,6,2025-07-16,Marketplace,2074.5,Henry Anderson,UAE,Basic,Henry Anderson,UAE,,Basic,,,left_only,Not Found,False,False,False,False,0.0,False,False,True
ORD-005063,C01481,Mia Clark | United Kingdom | Basic,Clothing,278.01,4,2025-12-24,Website,1112.04,Mia Clark,United Kingdom,Basic,Mia Clark,United Kingdom,,Basic,,,left_only,Not Found,False,False,False,False,0.0,False,False,True
ORD-005067,C00889,Mia Brown | UAE | Plus,Beauty,451.43,1,2025-01-04,Website,451.43,Mia Brown,UAE,Plus,Mia Brown,UAE,Sharjah,Plus,Small Business,2025-05-21,both,Matched,True,False,False,False,0.0,False,False,False
ORD-005074,C01602,Noah Davis | United States | Basic,Sports,507.2,1,2025-04-25,Mobile App,507.2,Noah Davis,United States,Basic,Noah Davis,United States,Austin,Basic,Consumer,2025-06-11,both,Matched,True,False,False,False,0.0,False,False,False
ORD-005076,C00546,Leo Lewis | France | Basic,Toys,58.59,4,2025-07-18,Retail Store,234.36,Leo Lewis,France,Basic,Leo Lewis,France,Bordeaux,Basic,Consumer,2026-03-17,both,Matched,True,False,False,False,0.0,False,False,False
ORD-005088,C01466,Sophia Carter | United States | Plus,Office Supplies,146.06,2,2025-06-16,Retail Store,292.12,Sophia Carter,United States,Plus,Sophia Carter,United States,,Plus,,,left_only,Not Found,False,False,False,False,0.0,False,False,True
ORD-005090,C01305,Olivia Brown | Australia | Basic,Books,328.76,6,2025-09-12,Mobile App,1972.56,Olivia Brown,Australia,Basic,Olivia Brown,Australia,,Basic,,,left_only,Not Found,False,False,False,False,0.0,False,False,True
ORD-005092,C00417,Ava Ahmed | Canada | Plus,Office Supplies,434.95,6,2025-02-28,Retail Store,2609.7,Ava Ahmed,Canada,Plus,Ava Ahmed,Canada,Calgary,Plus,Enterprise,2025-11-19,both,Matched,True,False,False,False,0.0,False,False,False
ORD-005093,C02320,Olivia Adams | Canada | Basic,Electronics,454.09,1,2026-05-28,Marketplace,454.09,Olivia Adams,Canada,Basic,Olivia Adams,Canada,,Basic,,,left_only,Not Found,False,False,False,False,0.0,False,False,True
ORD-005094,C01626,Jack Walker | Australia | Basic,Office Supplies,19.83,4,2026-01-17,Website,79.32,Jack Walker,Australia,Basic,Jack Walker,Australia,,Basic,,,left_only,Not Found,False,False,False,False,0.0,False,False,True
ORD-005097,C02158,Sophia Thomas | United Kingdom | Basic,Electronics,633.26,5,2025-12-18,Marketplace,3141.3,Sophia Thomas,United Kingdom,Basic,Sophia Thomas,United Kingdom,Manchester,Basic,Enterprise,2023-01-08,both,Matched,False,False,False,True,-25.0,False,False,False
ORD-005099,C01747,Lucas Ahmed | Canada | Basic,Toys,614.73,1,2026-01-19,Retail Store,614.73,Lucas Ahmed,Canada,Basic,Lucas Ahmed,Canada,,Basic,,,left_only,Not Found,False,False,False,False,0.0,False,False,True
ORD-005101,C00671,Omar Clark | Singapore | Basic,Home & Kitchen,372.6,5,2025-08-06,Website,1863.0,Omar Clark,Singapore,Basic,Omar Clark,Singapore,Singapore,Basic,Small Business,2026-03-25,both,Matched,True,False,False,False,0.0,False,False,False
ORD-005108,C02661,Ava Khan | Germany | Plus,Electronics,238.16,4,2025-10-20,Retail Store,952.64,Ava Khan,Germany,Plus,Ava Khan,Germany,Munich,Plus,Small Business,2026-01-11,both,Matched,True,False,False,False,0.0,False,False,False
ORD-005112,C01633,Amelia Davis | Germany | Plus,Clothing,342.48,6,2025-08-01,Marketplace,2054.88,Amelia Davis,Germany,Plus,Amelia Davis,Germany,Hamburg,Plus,Small Business,2025-09-18,both,Matched,True,False,False,False,0.0,False,False,False
ORD-005129,C00802,Maya Walker | Australia | Plus,Clothing,160.73,5,2025-01-06,Mobile App,803.65,Maya Walker,Australia,Plus,Maya Walker,Australia,Brisbane,Plus,Small Business,2025-03-03,both,Matched,True,False,False,False,0.0,False,False,False
ORD-005140,C02466,Ella Lee | Australia | Basic,Electronics,376.08,1,2026-04-24,Mobile App,376.08,Ella Lee,Australia,Basic,Ella Lee,Australia,,Basic,,,left_only,Not Found,False,False,False,False,0.0,False,False,True
ORD-005143,C00583,Nora Johnson | United Kingdom | Plus,Books,604.31,6,2025-06-26,Retail Store,3625.86,Nora Johnson,United Kingdom,Plus,Nora Johnson,United Kingdom,Bristol,Plus,Consumer,2025-12-10,both,Matched,True,False,False,False,4.547473508864641e-13,False,False,False
ORD-005146,C02644,Mia Baker | Australia | Basic,Clothing,334.94,4,2025-02-02,Marketplace,1339.76,Mia Baker,Australia,Basic,Mia Baker,Australia,Perth,Basic,Small Business,2025-06-22,both,Matched,True,False,False,False,0.0,False,False,False
ORD-005147,C01191,Amelia Taylor | Germany | Premium,Home & Kitchen,220.75,6,2025-08-24,Retail Store,1324.5,Amelia Taylor,Germany,Premium,Amelia Taylor,Germany,Berlin,Premium,Consumer,2026-03-19,both,Matched,True,False,False,False,0.0,False,False,False
ORD-005153,C00895,Lucas Baker | United Kingdom | Plus,Sports,526.67,6,2025-09-21,Mobile App,3160.02,Lucas Baker,United Kingdom,Plus,Lucas Baker,United Kingdom,Bristol,Plus,Small Business,2025-12-31,both,Matched,True,False,False,False,4.547473508864641e-13,False,False,False
ORD-005161,C01039,Mia King | France | Plus,Clothing,216.88,4,2026-03-25,Website,867.52,Mia King,France,Plus,Mia King,France,,Plus,,,left_only,Not Found,False,False,False,False,0.0,False,False,True
ORD-005166,C01419,Ryan Hassan | Germany | Plus,Clothing,94.39,4,2025-07-14,Mobile App,377.56,Ryan Hassan,Germany,Plus,Ryan Hassan,Germany,Munich,Plus,Consumer,2025-07-26,both,Matched,True,False,False,False,0.0,False,False,False
ORD-005167,C02847,Mia Wright | Canada | Basic,Office Supplies,322.89,2,2025-03-14,Mobile App,645.78,Mia Wright,Canada,Basic,Mia Wright,Canada,Vancouver,Basic,Consumer,2025-09-04,both,Matched,True,False,False,False,0.0,False,False,False
ORD-005172,C01696,Amelia Thomas | United States | Plus,Beauty,513.92,3,2025-06-26,Website,1541.76,Amelia Thomas,United States,Plus,Amelia Thomas,United States,New York,Plus,Small Business,2025-12-30,both,Matched,True,False,False,False,2.2737367544323206e-13,False,False,False
ORD-005174,C00165,Maya Wright | United Kingdom | Basic,Beauty,238.12,1,2025-05-15,Mobile App,238.12,Maya Wright,United Kingdom,Basic,Maya Wright,United Kingdom,Manchester,Basic,Consumer,2025-10-05,both,Matched,True,False,False,False,0.0,False,False,False
ORD-005176,C01194,Olivia Miller | France | Basic,Toys,82.37,4,2025-01-16,Website,329.48,Olivia Miller,France,Basic,Olivia Miller,France,Bordeaux,Basic,Consumer,2026-01-12,both,Matched,True,False,False,False,0.0,False,False,False
ORD-005188,C00784,Mia Hall | United Kingdom | Plus,Office Supplies,477.59,4,2025-01-18,Retail Store,1910.36,Mia Hall,United Kingdom,Plus,Mia Hall,United Kingdom,Leeds,Plus,Consumer,2025-03-28,both,Matched,True,False,False,False,0.0,False,False,False
ORD-005195,C02563,Daniel Garcia | Australia | Basic,Sprots,434.58,5,2025-03-29,Marketplace,2172.9,Daniel Garcia,Australia,Basic,Daniel Garcia,Australia,Sydney,Basic,Small Business,2025-06-08,both,Matched,True,False,False,False,0.0,False,False,False
ORD-005201,C01590,Adam Clark | United Kingdom | Plus,Clothing,134.74,6,,Website,808.44,Adam Clark,United Kingdom,Plus,Adam Clark,United Kingdom,Manchester,Plus,Consumer,2024-10-05,both,Matched,False,False,False,False,0.0,False,True,False
ORD-005202,C01002,Alex Green | Canada | Plus,Clothing,199.18,6,2025-04-22,Marketplace,1195.08,Alex Green,Canada,Plus,Alex Green,Canada,Vancouver,Plus,Enterprise,2025-05-18,both,Matched,True,False,False,False,0.0,False,False,False
ORD-005203,C00725,Amelia Johnson | Germany | Premium,Sports,482.86,4,2025-11-27,Retail Store,1931.44,Amelia Johnson,Germany,Premium,Amelia Johnson,Germany,Hamburg,Premium,Consumer,2026-01-12,both,Matched,True,False,False,False,0.0,False,False,False
ORD-005205,C00274,Leo Green | United Kingdom | Basic,Electronics,265.55,2,2025-12-21,Marketplace,531.1,Leo Green,United Kingdom,Basic,Leo Green,United Kingdom,,Basic,,,left_only,Not Found,False,False,False,False,0.0,False,False,True
ORD-005208,C01285,Zoe Khan | France | Basic,Toys,391.63,6,2025-01-01,Retail Store,2349.78,Zoe Khan,France,Basic,Zoe Khan,France,Bordeaux,Basic,Consumer,2025-12-30,both,Matched,True,False,False,False,4.547473508864641e-13,False,False,False
ORD-005212,C02059,Ava Moore | Australia | Basic,Toys,368.64,3,2025-09-01,Website,1105.92,Ava Moore,Australia,Basic,Ava Moore,Australia,Melbourne,Basic,Enterprise,2025-11-05,both,Matched,True,False,False,False,0.0,False,False,False
ORD-005219,C02720,Maya Carter | United States | Plus,Office Supplies,640.9,6,2025-09-09,Marketplace,3845.4,Maya Carter,United States,Plus,Maya Carter,United States,,Plus,,,left_only,Not Found,False,False,False,False,4.547473508864641e-13,False,False,True
ORD-005223,C00193,Nora Hall | UAE | Basic,Office Supplies,409.9,6,2025-07-12,Mobile App,2459.4,Nora Hall,UAE,Basic,Nora Hall,UAE,Abu Dhabi,Basic,Consumer,2026-03-08,both,Matched,True,False,False,False,4.547473508864641e-13,False,False,False
ORD-005226,C00715,Zoe Carter | UAE | Basic,Electronics,567.58,4,2026-03-24,Website,2270.32,Zoe Carter,UAE,Basic,Zoe Carter,UAE,,Basic,,,left_only,Not Found,False,False,False,False,0.0,False,False,True
ORD-005227,C02041,Adam Davis | Germany | Premium,Books,75.27,3,2025-03-09,Marketplace,225.81,Adam Davis,Germany,Premium,Adam Davis,Germany,Hamburg,Premium,Consumer,2025-07-02,both,Matched,True,False,False,False,0.0,False,False,False
ORD-005228,C02617,Ethan Nelson | Germany | Basic,Electronics,25.66,1,2025-01-16,Website,25.66,Ethan Nelson,Germany,Basic,Ethan Nelson,Germany,Frankfurt,Basic,Enterprise,2025-03-07,both,Matched,True,False,False,False,0.0,False,False,False
ORD-005231,C00447,Leo Ahmed | France | Basic,Clothes,562.88,5,2025-03-21,Mobile App,2814.4,Leo Ahmed,France,Basic,Leo Ahmed,France,Lyon,Basic,Consumer,2025-06-08,both,Matched,True,False,False,False,0.0,False,False,False
ORD-005235,C01627,Ava Anderson | Singapore | Premium,Clothes,206.4,4,2025-02-15,Website,825.6,Ava Anderson,Singapore,Premium,Ava Anderson,Singapore,Singapore,Premium,Small Business,2025-05-26,both,Matched,True,False,False,False,0.0,False,False,False
ORD-005236,C01194,Olivia Miller | France | Basic,Office Supplies,83.76,6,2025-07-09,Website,502.56,Olivia Miller,France,Basic,Olivia Miller,France,Bordeaux,Basic,Consumer,2026-01-12,both,Matched,True,False,False,False,-5.684341886080802e-14,False,False,False
ORD-005240,C02989,Lucas Ahmed | Australia | Basic,Beauty,566.02,4,2025-01-28,Retail Store,2264.08,Lucas Ahmed,Australia,Basic,Lucas Ahmed,Australia,Melbourne,Basic,Consumer,2025-08-28,both,Matched,True,False,False,False,0.0,False,False,False
ORD-005246,C01143,Daniel Wright | United States | Basic,Office Supplies,67.47,6,2025-06-29,Retail Store,404.82,Daniel Wright,United States,Basic,Daniel Wright,United States,New York,Basic,Consumer,2025-06-30,both,Matched,True,False,False,False,0.0,False,False,False
ORD-005250,C02788,Amelia Taylor | Singapore | Basic,Beauty,345.0,5,2025-01-16,Mobile App,1725.0,Amelia Taylor,Singapore,Basic,Amelia Taylor,Singapore,Singapore,Basic,Consumer,2026-02-18,both,Matched,True,False,False,False,0.0,False,False,False
ORD-005252,C02534,Ella Moore | United States | Basic,Sports,352.83,5,2026-05-26,Website,1739.15,Ella Moore,United States,Basic,Ella Moore,United States,Chicago,Basic,Consumer,2024-10-18,both,Matched,False,False,False,True,-24.999999999999773,False,False,False
ORD-005254,C00522,Alex Ahmed | France | Basic,Sports,60.9,6,2025-10-16,Mobile App,365.4,Alex Ahmed,France,Basic,Alex Ahmed,France,Paris,Basic,Consumer,2026-04-08,both,Matched,True,False,False,False,0.0,False,False,False
ORD-005256,C00013,Ella Johnson | Germany | Basic,Books,321.03,4,2025-04-25,Retail Store,1284.12,Ella Johnson,Germany,Basic,Ella Johnson,Germany,Frankfurt,Basic,Consumer,2026-03-07,both,Matched,True,False,False,False,0.0,False,False,False
ORD-005257,C00649,Lucas Anderson | Canada | Basic,Books,210.66,6,2026-01-22,Mobile App,1263.96,Lucas Anderson,Canada,Basic,Lucas Anderson,Canada,,Basic,,,left_only,Not Found,False,False,False,False,0.0,False,False,True
ORD-005266,C01283,Ava Clark | France | Plus,Electronics,254.73,3,2025-04-03,Retail Store,764.19,Ava Clark,France,Plus,Ava Clark,France,Bordeaux,Plus,Consumer,2026-01-06,both,Matched,True,False,False,False,1.1368683772161603e-13,False,False,False
ORD-005275,C01989,Lina Brown | France | Basic,Home & Kitchen,177.6,2,2025-11-13,Marketplace,355.2,Lina Brown,France,Basic,Lina Brown,France,,Basic,,,left_only,Not Found,False,False,False,False,0.0,False,False,True
ORD-005276,C00614,Nora Martin | United Kingdom | Premium,Books,359.31,3,2026-03-20,Marketplace,1077.93,Nora Martin,United Kingdom,Premium,Nora Martin,United Kingdom,,Premium,,,left_only,Not Found,False,False,False,False,0.0,False,False,True
ORD-005278,C02739,Adam Green | United States | Basic,Books,479.65,3,2025-03-19,Marketplace,1438.95,Adam Green,United States,Basic,Adam Green,United States,Austin,Basic,Consumer,2026-01-11,both,Matched,True,False,False,False,2.2737367544323206e-13,False,False,False
ORD-005281,C00202,Emma Ahmed | France | Basic,Electronics,381.98,6,2025-06-27,Retail Store,2291.88,Emma Ahmed,France,Basic,Emma Ahmed,France,,Basic,,,left_only,Not Found,False,False,False,False,0.0,False,False,True
ORD-005282,C01148,Zoe Hall | United Kingdom | Premium,Sprots,493.45,3,2025-01-27,Website,1480.35,Zoe Hall,United Kingdom,Premium,Zoe Hall,United Kingdom,Bristol,Premium,Consumer,2025-08-27,both,Matched,True,False,False,False,0.0,False,False,False
ORD-005284,C00866,Yusuf Young | Canada | Plus,Sports,612.81,6,2025-09-07,Retail Store,3676.86,Yusuf Young,Canada,Plus,Yusuf Young,Canada,Calgary,Plus,Small Business,2025-12-28,both,Matched,True,False,False,False,4.547473508864641e-13,False,False,False
ORD-005290,C01844,Adam Young | Singapore | Basic,Toys,375.71,6,2025-01-09,Retail Store,2254.26,Adam Young,Singapore,Basic,Adam Young,Singapore,Singapore,Basic,Small Business,2025-02-28,both,Matched,True,False,False,False,4.547473508864641e-13,False,False,False
ORD-005291,C02541,Yusuf Hassan | United Kingdom | Basic,Home & Kitchen,401.31,2,2025-06-02,Mobile App,802.62,Yusuf Hassan,United Kingdom,Basic,Yusuf Hassan,United Kingdom,,Basic,,,left_only,Not Found,False,False,False,False,0.0,False,False,True
ORD-005294,C02948,Sophia Miller | France | Premium,Beauty,456.0,3,2025-01-23,Marketplace,1368.0,Sophia Miller,France,Premium,Sophia Miller,France,Lyon,Premium,Small Business,2026-02-10,both,Matched,True,False,False,False,0.0,False,False,False
ORD-005297,C00318,Yusuf Clark | Australia | Basic,Beauty,359.2,4,2025-04-10,Retail Store,1436.8,Yusuf Clark,Australia,Basic,Yusuf Clark,Australia,,Basic,,,left_only,Not Found,False,True,False,False,0.0,False,False,True
ORD-005305,C00015,Mia Lewis | UAE | Plus,Clothing,436.52,3,2025-02-04,Retail Store,1309.56,Mia Lewis,UAE,Plus,Mia Lewis,UAE,Dubai,Plus,Consumer,2026-04-12,both,Matched,True,False,False,False,0.0,False,False,False
ORD-005308,C02978,Maya Davis | United States | Plus,Clothing,244.61,5,2025-01-06,Retail Store,1223.05,Maya Davis,United States,Plus,Maya Davis,United States,Seattle,Plus,Small Business,2026-01-04,both,Matched,True,False,False,False,-2.2737367544323206e-13,False,False,False
ORD-005310,C01320,Ava Martin | Germany | Basic,Office Supplies,279.61,4,2025-12-21,Website,1118.44,Ava Martin,Germany,Basic,Ava Martin,Germany,Frankfurt,Basic,Consumer,2026-04-13,both,Matched,True,False,False,False,0.0,False,False,False
ORD-005315,C02084,Adam Wilson | Australia | Basic,Beauty,419.58,4,2025-01-05,Mobile App,1678.32,Adam Wilson,Australia,Basic,Adam Wilson,Australia,,Basic,,,left_only,Not Found,False,False,False,False,0.0,False,False,True
ORD-005317,C02650,Layla Clark | France | Basic,Books,415.62,2,2025-09-23,Retail Store,831.24,Layla Clark,France,Basic,Layla Clark,France,Nice,Basic,Consumer,2026-02-06,both,Matched,True,False,False,False,0.0,False,False,False
ORD-005319,C00687,Sophia Adams | United States | Premium,Clothing,518.46,1,2025-06-21,Mobile App,518.46,Sophia Adams,United States,Premium,Sophia Adams,United States,New York,Premium,Consumer,2026-02-19,both,Matched,True,False,False,False,0.0,False,False,False
ORD-005326,C02764,Yusuf Nelson | United States | Premium,Electronics,615.35,1,2025-03-28,Mobile App,615.35,Yusuf Nelson,United States,Premium,Yusuf Nelson,United States,New York,Premium,Consumer,2026-02-02,both,Matched,True,False,False,False,0.0,False,False,False
ORD-005330,C01017,James Carter | Germany | Basic,Office Supplies,401.78,3,2025-01-22,Website,1205.34,James Carter,Germany,Basic,James Carter,Germany,Munich,Basic,Consumer,2025-02-02,both,Matched,True,False,False,False,0.0,False,False,False
ORD-005334,C02758,Daniel Hassan | France | Basic,Clothing,513.56,1,2025-11-06,Retail Store,513.56,Daniel Hassan,France,Basic,Daniel Hassan,France,,Basic,,,left_only,Not Found,False,False,False,False,0.0,False,False,True
ORD-005341,C02855,Layla Martin | Germany | Basic,Clothes,463.33,5,2025-04-28,Mobile App,2316.65,Layla Martin,Germany,Basic,Layla Martin,Germany,Hamburg,Basic,Consumer,2025-12-01,both,Matched,True,False,False,False,0.0,False,False,False
ORD-005345,C02867,Yusuf Miller | UAE | Basic,Home & Kitchen,579.7,1,2025-04-21,Website,579.7,Yusuf Miller,UAE,Basic,Yusuf Miller,UAE,Abu Dhabi,Basic,Consumer,2026-01-07,both,Matched,True,False,False,False,0.0,False,False,False
ORD-005347,C00651,Sara Adams | UAE | Basic,Toys,627.72,3,2025-11-18,Website,1883.16,Sara Adams,UAE,Basic,Sara Adams,UAE,Abu Dhabi,Basic,Consumer,2026-03-04,both,Matched,True,False,False,False,0.0,False,False,False
ORD-005354,C01577,Alex Martin | UAE | Basic,Books,160.19,6,2025-02-19,Retail Store,961.14,Alex Martin,UAE,Basic,Alex Martin,UAE,Abu Dhabi,Basic,Consumer,2026-03-07,both,Matched,True,False,False,False,0.0,False,False,False
ORD-005358,C00105,Lucas King | Australia | Plus,Toys,327.97,6,2025-10-06,Marketplace,1967.82,Lucas King,Australia,Plus,Lucas King,Australia,Brisbane,Plus,Consumer,2026-02-07,both,Matched,True,False,False,False,-2.2737367544323206e-13,False,False,False
ORD-005360,C02994,Liam Wilson | France | Basic,Toys,220.98,6,2025-09-09,Marketplace,1325.88,Liam Wilson,France,Basic,Liam Wilson,France,Paris,Basic,Small Business,2026-02-07,both,Matched,True,False,False,False,2.2737367544323206e-13,False,False,False
ORD-005364,C02010,Alex Moore | Singapore | Plus,Home & Kitchen,90.11,4,2025-06-26,Marketplace,360.44,Alex Moore,Singapore,Plus,Alex Moore,Singapore,,Plus,,,left_only,Not Found,False,False,False,False,0.0,False,False,True
ORD-005366,C01802,Sara Smith | UAE | Plus,Office Supplies,554.45,3,2026-07-13,Website,1663.35,Sara Smith,UAE,Plus,Sara Smith,UAE,Sharjah,Plus,Consumer,2025-06-15,both,Matched,False,True,False,False,-2.2737367544323206e-13,False,False,False
ORD-005367,C01843,Ethan Walker | Canada | Basic,Books,257.45,3,2026-03-22,Website,772.35,Ethan Walker,Canada,Basic,Ethan Walker,Canada,Ottawa,Basic,Consumer,2026-03-31,both,Matched,True,False,False,False,1.1368683772161603e-13,False,False,False
ORD-005376,C01461,Ryan Wright | United Kingdom | Basic,Beauty,198.65,6,2025-01-15,Mobile App,1191.9,Ryan Wright,United Kingdom,Basic,Ryan Wright,United Kingdom,Leeds,Basic,Enterprise,2025-10-28,both,Matched,True,False,False,False,0.0,False,False,False
ORD-005378,C02284,Leo Davis | Germany | Premium,Home & Kitchen,185.76,2,2025-03-01,Retail Store,371.52,Leo Davis,Germany,Premium,Leo Davis,Germany,Hamburg,Premium,Consumer,2025-09-25,both,Matched,True,False,False,False,0.0,False,False,False
ORD-005381,C00702,Emma Clark | UAE | Plus,Sports,422.64,5,2026-01-02,Mobile App,2113.2,Emma Clark,UAE,Plus,Emma Clark,UAE,Dubai,Plus,Consumer,2026-01-12,both,Matched,True,False,False,False,0.0,False,False,False
ORD-005389,C01327,Alex Patel | Australia | Plus,Toys,364.44,6,2026-04-17,Marketplace,2186.64,Alex Patel,Australia,Plus,Alex Patel,Australia,,Plus,,,left_only,Not Found,False,False,False,False,0.0,False,False,True
ORD-005397,C00063,Noah Taylor | France | Plus,Home & Kitchen,54.01,6,2025-11-08,Marketplace,324.06,Noah Taylor,France,Plus,Noah Taylor,France,Nice,Plus,Consumer,2025-11-13,both,Matched,True,False,False,False,0.0,False,False,False
ORD-005414,C02015,Sophia Wilson | Australia | Basic,Toys,464.23,6,2026-01-01,Retail Store,2785.38,Sophia Wilson,Australia,Basic,Sophia Wilson,Australia,,Basic,,,left_only,Not Found,False,False,False,False,0.0,False,False,True
ORD-005415,C01938,Noah Lee | Australia | Plus,Toys,374.87,2,2025-06-18,Website,749.74,Noah Lee,Australia,Plus,Noah Lee,Australia,Melbourne,Plus,Consumer,2025-08-08,both,Matched,True,False,False,False,0.0,False,False,False
ORD-005417,C02801,Lucas Patel | Canada | Basic,Sports,381.41,3,2025-03-09,Website,1144.23,Lucas Patel,Canada,Basic,Lucas Patel,Canada,,Basic,,,left_only,Not Found,False,False,False,False,0.0,False,False,True
ORD-005425,C01806,Mia Walker | Australia | Plus,Toys,262.29,6,2025-05-16,Mobile App,1573.74,Mia Walker,Australia,Plus,Mia Walker,Australia,Brisbane,Plus,Consumer,2025-08-05,both,Matched,True,False,False,False,-2.2737367544323206e-13,False,False,False
ORD-005426,C02463,Isla Smith | France | Premium,Clothing,482.81,3,2025-05-31,Marketplace,1448.43,Isla Smith,France,Premium,Isla Smith,France,Nice,Premium,Small Business,2026-02-13,both,Matched,True,False,False,False,0.0,False,False,False
ORD-005429,C00988,Ethan Clark | United Kingdom | Premium,Sports,261.37,5,2025-02-22,Retail Store,1306.85,Ethan Clark,United Kingdom,Premium,Ethan Clark,United Kingdom,London,Premium,Consumer,2025-06-21,both,Matched,True,False,False,False,0.0,False,False,False
ORD-005439,C01000,Emma Young | United States | Basic,Books,221.87,3,2025-01-04,Website,665.61,Emma Young,United States,Basic,Emma Young,United States,Seattle,Basic,Consumer,2025-07-01,both,Matched,True,False,False,False,0.0,False,False,False
ORD-005442,C00230,Nora Anderson | UAE | Basic,Sports,458.15,5,2025-07-09,Mobile App,2290.75,Nora Anderson,UAE,Basic,Nora Anderson,UAE,Abu Dhabi,Basic,Enterprise,2025-07-12,both,Matched,True,False,False,False,0.0,False,False,False
ORD-005448,C01497,Emma Wright | Singapore | Plus,Clothing,81.55,6,2025-04-03,Mobile App,489.3,Emma Wright,Singapore,Plus,Emma Wright,Singapore,,Plus,,,left_only,Not Found,False,False,False,False,5.684341886080802e-14,False,False,True
ORD-005453,C00304,Liam Patel | UAE | Premium,Books,619.47,3,2026-05-21,Mobile App,1858.41,Liam Patel,UAE,Premium,Liam Patel,UAE,,Premium,,,left_only,Not Found,False,False,False,False,0.0,False,False,True
ORD-005458,C02986,Yusuf Khan | UAE | Plus,Toys,379.18,5,2025-01-15,Website,1895.9,Yusuf Khan,UAE,Plus,Yusuf Khan,UAE,,Plus,,,left_only,Not Found,False,False,False,False,0.0,False,False,True
ORD-005463,C00185,Ella Brown | United Kingdom | Basic,Clothing,406.19,6,2025-01-05,Retail Store,2437.14,Ella Brown,United Kingdom,Basic,Ella Brown,United Kingdom,,Basic,,,left_only,Not Found,False,False,False,False,0.0,False,False,True
ORD-005467,C02593,Layla Garcia | UAE | Basic,Electronics,328.39,3,2025-04-17,Marketplace,985.17,Layla Garcia,UAE,Basic,Layla Garcia,UAE,Dubai,Basic,Consumer,2026-01-12,both,Matched,True,False,False,False,0.0,False,False,False
ORD-005468,C00026,Isla Adams | France | Premium,Office Supplies,495.41,5,2025-03-21,Marketplace,2477.05,Isla Adams,France,Premium,Isla Adams,France,,Premium,,,left_only,Not Found,False,False,False,False,0.0,False,False,True
ORD-005475,C01806,Mia Walker | Australia | Plus,Clothing,446.89,2,2025-04-14,Retail Store,893.78,Mia Walker,Australia,Plus,Mia Walker,Australia,Brisbane,Plus,Consumer,2025-08-05,both,Matched,True,False,False,False,0.0,False,False,False
ORD-005476,C01215,Sophia Mitchell | Germany | Plus,Sports,639.27,6,2025-04-27,Website,3835.62,Sophia Mitchell,Germany,Plus,Sophia Mitchell,Germany,Hamburg,Plus,Enterprise,2025-07-16,both,Matched,True,False,False,False,0.0,False,False,False
ORD-005481,C02842,James Davis | UAE | Basic,Home & Kitchen,436.01,5,2025-03-11,Marketplace,2180.05,James Davis,UAE,Basic,James Davis,UAE,Abu Dhabi,Basic,Enterprise,2026-02-07,both,Matched,True,False,False,False,0.0,False,False,False
ORD-005484,C02330,Olivia King | UAE | Basic,Toys,566.36,5,2025-10-08,Mobile App,2831.8,Olivia King,UAE,Basic,Olivia King,UAE,,Basic,,,left_only,Not Found,False,False,False,False,0.0,False,False,True
ORD-005485,C00774,Sam Hall | United States | Premium,Electronics,118.53,1,2025-11-26,Mobile App,118.53,Sam Hall,United States,Premium,Sam Hall,United States,Seattle,Premium,Consumer,2026-03-14,both,Matched,True,False,False,False,0.0,False,False,False
ORD-005493,C00105,Lucas King | Australia | Plus,Toys,141.2,2,2025-11-06,Marketplace,282.4,Lucas King,Australia,Plus,Lucas King,Australia,Brisbane,Plus,Consumer,2026-02-07,both,Matched,True,False,False,False,0.0,False,False,False
ORD-005495,C02333,Sam Baker | UAE | Basic,Electronics,469.65,5,2025-11-26,Retail Store,2348.25,Sam Baker,UAE,Basic,Sam Baker,UAE,,Basic,,,left_only,Not Found,False,False,False,False,0.0,False,False,True
ORD-005497,C01847,Nora Lewis | United States | Plus,Sports,430.92,2,2026-07-20,Marketplace,861.84,Nora Lewis,United States,Plus,Nora Lewis,United States,,Plus,,,left_only,Not Found,False,False,False,False,0.0,False,False,True
ORD-005498,C02532,Omar Miller | United States | Basic,Books,573.97,6,2026-04-14,Website,3443.82,Omar Miller,United States,Basic,Omar Miller,United States,,Basic,,,left_only,Not Found,False,False,False,False,0.0,False,False,True
ORD-005503,C02564,Yusuf King | France | Premium,Books,208.93,6,2025-01-05,Mobile App,1253.58,Yusuf King,France,Premium,Yusuf King,France,Paris,Premium,Consumer,2025-03-03,both,Matched,True,False,False,False,0.0,False,False,False
ORD-005509,C02747,James Clark | Germany | Basic,Beauty,89.04,2,2026-05-30,Marketplace,178.08,James Clark,Germany,Basic,James Clark,Germany,,Basic,,,left_only,Not Found,False,False,False,False,0.0,False,False,True
ORD-005525,C02772,Omar Patel | United States | Premium,Electronics,265.02,6,2025-10-14,Website,1590.12,Omar Patel,United States,Premium,Omar Patel,United States,Austin,Premium,Consumer,2026-02-11,both,Matched,True,False,False,False,0.0,False,False,False
ORD-005536,C00803,Chloe Davis | United States | Basic,Sports,334.89,2,2025-01-11,Mobile App,669.78,Chloe Davis,United States,Basic,Chloe Davis,United States,Seattle,Basic,Consumer,2025-03-15,both,Matched,True,False,False,False,0.0,False,False,False
ORD-005545,C01916,Leo Miller | France | Basic,Toys,489.24,5,2025-09-20,Marketplace,2446.2,Leo Miller,France,Basic,Leo Miller,France,Paris,Basic,Small Business,2025-11-13,both,Matched,True,False,False,False,0.0,False,False,False
ORD-005549,C01383,Lina Hassan | United States | Premium,Books,18.1,2,2025-06-15,Retail Store,36.2,Lina Hassan,United States,Premium,Lina Hassan,United States,,Premium,,,left_only,Not Found,False,False,False,False,0.0,False,False,True
ORD-005551,C01996,Jack Moore | UAE | Basic,Beauty,457.93,1,2025-08-15,Marketplace,457.93,Jack Moore,UAE,Basic,Jack Moore,UAE,Abu Dhabi,Basic,Consumer,2025-12-11,both,Matched,True,False,False,False,0.0,False,False,False
ORD-005555,C02994,Liam Wilson | France | Basic,Clothes,191.54,4,2025-03-04,Retail Store,766.16,Liam Wilson,France,Basic,Liam Wilson,France,Paris,Basic,Small Business,2026-02-07,both,Matched,True,False,False,False,0.0,False,False,False
ORD-005561,C02124,Nora Young | Germany | Plus,Beauty,313.71,2,2025-09-14,Website,627.42,Nora Young,Germany,Plus,Nora Young,Germany,Hamburg,Plus,Consumer,2025-12-21,both,Matched,True,False,False,False,0.0,False,False,False
ORD-005562,C02404,Adam Miller | United Kingdom | Basic,Office Supplies,141.0,1,2025-07-07,Mobile App,141.0,Adam Miller,United Kingdom,Basic,Adam Miller,United Kingdom,Bristol,Basic,Small Business,2026-01-21,both,Matched,True,False,False,False,0.0,False,False,False
ORD-005565,C02703,Adam Green | Germany | Basic,Clothing,501.41,3,2026-05-09,Mobile App,1504.23,Adam Green,Germany,Basic,Adam Green,Germany,,Basic,,,left_only,Not Found,False,False,False,False,0.0,False,False,True
ORD-005570,C01540,Noah Thomas | Germany | Premium,Home & Kitchen,211.27,2,2025-07-29,Website,422.54,Noah Thomas,Germany,Premium,Noah Thomas,Germany,,Premium,,,left_only,Not Found,False,False,False,False,0.0,False,False,True
ORD-005571,C02231,Alex Lewis | United States | Premium,Office Supplies,369.69,4,2025-03-13,Mobile App,1478.76,Alex Lewis,United States,Premium,Alex Lewis,United States,Seattle,Premium,Consumer,2025-07-06,both,Matched,True,False,False,False,0.0,False,False,False
ORD-005574,C00702,Emma Clark | UAE | Plus,Beauty,73.14,6,2025-07-24,Mobile App,438.84,Emma Clark,UAE,Plus,Emma Clark,UAE,Dubai,Plus,Consumer,2026-01-12,both,Matched,True,False,False,False,-5.684341886080802e-14,False,False,False
ORD-005577,C00115,Yusuf Mitchell | Australia | Basic,Home & Kitchen,576.59,3,2025-05-16,Website,1729.77,Yusuf Mitchell,Australia,Basic,Yusuf Mitchell,Australia,Perth,Basic,Consumer,2025-05-28,both,Matched,True,False,False,False,0.0,False,False,False
ORD-005578,C00177,Zoe Taylor | Singapore | Premium,Books,368.91,1,2025-03-13,Mobile App,368.91,Zoe Taylor,Singapore,Premium,Zoe Taylor,Singapore,Singapore,Premium,Consumer,2025-12-03,both,Matched,True,False,False,False,0.0,False,False,False
ORD-005588,C02900,Lina Anderson | Australia | Plus,Office Supplies,311.14,3,2025-11-25,Website,933.42,Lina Anderson,Australia,Plus,Lina Anderson,Australia,Melbourne,Plus,Consumer,2026-04-04,both,Matched,True,False,False,False,0.0,False,False,False
ORD-005589,C00528,Ella Baker | United Kingdom | Basic,Beauty,582.16,2,2025-05-01,Mobile App,1164.32,Ella Baker,United Kingdom,Basic,Ella Baker,United Kingdom,Manchester,Basic,Enterprise,2025-06-26,both,Matched,True,False,False,False,0.0,False,False,False
ORD-000020,C02561,Ella Lee | Canada | Plus,Electronics,298.51,1,2025-11-21,Mobile App,298.51,Ella Lee,Canada,Plus,Ella Lee,Canada,Ottawa,Plus,Consumer,2024-09-28,both,Matched,False,False,False,False,0.0,True,False,False
ORD-005596,C00855,Chloe Adams | UAE | Basic,Office Supplies,404.1,2,2025-04-25,Retail Store,808.2,Chloe Adams,UAE,Basic,Chloe Adams,UAE,Dubai,Basic,Consumer,2025-12-08,both,Matched,True,False,False,False,0.0,False,False,False
ORD-005611,C01352,Liam Green | Australia | Basic,Home & Kitchen,622.79,5,2026-06-04,Retail Store,3113.95,Liam Green,Australia,Basic,Liam Green,Australia,,Basic,,,left_only,Not Found,False,False,False,False,0.0,False,False,True
ORD-005618,C01569,Amelia Mitchell | United Kingdom | Basic,Beauty,370.18,5,2025-03-25,Website,1850.9,Amelia Mitchell,United Kingdom,Basic,Amelia Mitchell,United Kingdom,Leeds,Basic,Small Business,2025-07-18,both,Matched,True,False,False,False,0.0,False,False,False
ORD-005623,C02973,Alex Green | Canada | Premium,Sports,176.75,1,2025-09-12,Mobile App,176.75,Alex Green,Canada,Premium,Alex Green,Canada,Calgary,Premium,Small Business,2025-10-17,both,Matched,True,False,False,False,0.0,False,False,False
ORD-005630,C01416,Ethan Hall | France | Basic,Electronics,398.73,6,2025-10-30,Mobile App,2392.38,Ethan Hall,France,Basic,Ethan Hall,France,Lyon,Basic,Small Business,2025-12-24,both,Matched,True,False,False,False,0.0,False,False,False
ORD-005635,C02741,Ella Lee | France | Basic,Electronic Goods,574.64,4,2025-02-15,Website,2298.56,Ella Lee,France,Basic,Ella Lee,France,,Basic,,,left_only,Not Found,False,False,False,False,0.0,False,False,True
ORD-005640,C01175,Ava Garcia | UAE | Basic,Home & Kitchen,149.67,6,2025-12-23,Website,898.02,Ava Garcia,UAE,Basic,Ava Garcia,UAE,,Basic,,,left_only,Not Found,False,False,False,False,0.0,False,False,True
ORD-005643,C02654,Noah Hall | UAE | Basic,Beauty,28.15,4,2026-06-23,Marketplace,112.6,Noah Hall,UAE,Basic,Noah Hall,UAE,,Basic,,,left_only,Not Found,False,False,False,False,0.0,False,False,True
ORD-005646,C02772,Omar Patel | United States | Premium,Clothing,576.15,2,2025-12-11,Marketplace,1152.3,Omar Patel,United States,Premium,Omar Patel,United States,Austin,Premium,Consumer,2026-02-11,both,Matched,True,False,False,False,0.0,False,False,False
ORD-005647,C00970,Maya Green | United States | Basic,Electronics,256.56,5,2025-10-06,Retail Store,1282.8,Maya Green,United States,Basic,Maya Green,United States,New York,Basic,Small Business,2025-12-23,both,Matched,True,False,False,False,0.0,False,False,False
ORD-005649,C02777,Alex Anderson | France | Basic,Home & Kitchen,502.61,2,2025-03-14,Website,1005.22,Alex Anderson,France,Basic,Alex Anderson,France,Bordeaux,Basic,Consumer,2025-06-11,both,Matched,True,False,False,False,0.0,False,False,False
ORD-005651,C02587,Ryan Wright | UAE | Plus,Office Supplies,415.59,6,2025-01-23,Marketplace,2493.54,Ryan Wright,UAE,Plus,Ryan Wright,UAE,Sharjah,Plus,Small Business,2025-10-03,both,Matched,True,False,False,False,0.0,False,False,False
ORD-005654,C00166,Liam Taylor | Australia | Basic,Electronics,284.81,5,2025-11-03,Mobile App,1424.05,Liam Taylor,Australia,Basic,Liam Taylor,Australia,Melbourne,Basic,Consumer,2026-01-11,both,Matched,True,False,False,False,0.0,False,False,False
ORD-005658,C00880,Sara Wilson | UAE | Plus,Beauty,564.86,6,2026-02-26,Website,3389.16,Sara Wilson,UAE,Plus,Sara Wilson,UAE,Abu Dhabi,Plus,Consumer,2026-03-29,both,Matched,True,False,False,False,0.0,False,False,False
ORD-005666,C01744,Ethan Taylor | France | Plus,Sports,300.13,2,2025-05-21,Mobile App,600.26,Ethan Taylor,France,Plus,Ethan Taylor,France,Nice,Plus,Small Business,2025-08-20,both,Matched,True,False,False,False,0.0,False,False,False
ORD-005668,C00123,Jack Hall | Canada | Basic,Sports,635.77,5,2025-10-30,Website,3178.85,Jack Hall,Canada,Basic,Jack Hall,Canada,Toronto,Basic,Enterprise,2026-03-24,both,Matched,True,False,False,False,0.0,False,False,False
ORD-005672,C01042,Zoe Lewis | France | Basic,Electronics,455.24,4,2025-02-26,Retail Store,1820.96,Zoe Lewis,France,Basic,Zoe Lewis,France,Nice,Basic,Consumer,2025-04-08,both,Matched,True,False,False,False,0.0,False,False,False
ORD-005675,C01916,Leo Miller | France | Basic,Clothing,548.14,4,2025-10-28,Marketplace,2192.56,Leo Miller,France,Basic,Leo Miller,France,Paris,Basic,Small Business,2025-11-13,both,Matched,True,False,False,False,0.0,False,False,False
ORD-005677,C01473,Isla Smith | United Kingdom | Premium,Beauty,208.05,4,2025-10-14,Mobile App,832.2,Isla Smith,United Kingdom,Premium,Isla Smith,United Kingdom,Leeds,Premium,Consumer,2026-02-02,both,Matched,True,False,False,False,0.0,False,False,False
ORD-005680,C00744,Ryan Hall | UAE | Plus,Electronic Goods,150.39,6,2025-11-22,Retail Store,902.34,Ryan Hall,UAE,Plus,Ryan Hall,UAE,Sharjah,Plus,Small Business,2026-01-30,both,Matched,True,False,False,False,1.1368683772161603e-13,False,False,False
ORD-005681,C02043,Sophia Nelson | Germany | Plus,Office Supplies,121.11,1,,Marketplace,121.11,Sophia Nelson,Germany,Plus,Sophia Nelson,Germany,Frankfurt,Plus,Small Business,2023-12-19,both,Matched,False,False,False,False,0.0,False,True,False
ORD-005683,C00939,Olivia Miller | Australia | Basic,Home & Kitchen,418.25,3,2025-07-28,Mobile App,1254.75,Olivia Miller,Australia,Basic,Olivia Miller,Australia,,Basic,,,left_only,Not Found,False,False,False,False,0.0,False,False,True
ORD-005688,C02603,Layla Green | United States | Basic,Electronics,323.37,6,2026-06-07,Marketplace,1940.22,Layla Green,United States,Basic,Layla Green,United States,,Basic,,,left_only,Not Found,False,False,False,False,0.0,False,False,True
ORD-005697,C00247,Sam Khan | Germany | Basic,Toys,570.57,6,2025-03-12,Website,3423.42,Sam Khan,Germany,Basic,Sam Khan,Germany,,Basic,,,left_only,Not Found,False,False,False,False,0.0,False,False,True
ORD-005700,C02910,Yusuf Thomas | United States | Premium,Office Supplies,8.29,6,2025-05-15,Mobile App,49.74,Yusuf Thomas,United States,Premium,Yusuf Thomas,United States,Seattle,Premium,Consumer,2025-07-23,both,Matched,True,False,False,False,7.105427357601002e-15,False,False,False
ORD-005706,C00274,Leo Green | United Kingdom | Basic,Home & Kitchen,497.04,4,2026-04-11,Website,1988.16,Leo Green,United Kingdom,Basic,Leo Green,United Kingdom,,Basic,,,left_only,Not Found,False,False,False,False,0.0,False,False,True
ORD-005707,C02671,Daniel Mitchell | Singapore | Basic,Home & Kitchen,350.94,4,2025-08-03,Marketplace,1403.76,Daniel Mitchell,Singapore,Basic,Daniel Mitchell,Singapore,,Basic,,,left_only,Not Found,False,False,False,False,0.0,False,False,True
ORD-005709,C02242,James Johnson | United Kingdom | Basic,Home & Kitchen,102.99,1,2025-10-27,Retail Store,102.99,James Johnson,United Kingdom,Basic,James Johnson,United Kingdom,,Basic,,,left_only,Not Found,False,False,False,False,0.0,False,False,True
ORD-005710,C00015,Mia Lewis | UAE | Plus,Office Supplies,159.11,1,2025-01-22,Marketplace,159.11,Mia Lewis,UAE,Plus,Mia Lewis,UAE,Dubai,Plus,Consumer,2026-04-12,both,Matched,True,False,False,False,0.0,False,False,False
ORD-005712,C02662,Sophia Hall | Canada | Basic,Toys,384.84,6,2025-07-16,Retail Store,2309.04,Sophia Hall,Canada,Basic,Sophia Hall,Canada,Calgary,Basic,Consumer,2025-08-06,both,Matched,True,False,False,False,0.0,False,False,False
ORD-005719,C01111,Yusuf Davis | Canada | Basic,Clothing,465.06,1,2025-02-09,Retail Store,465.06,Yusuf Davis,Canada,Basic,Yusuf Davis,Canada,Calgary,Basic,Consumer,2025-10-03,both,Matched,True,False,False,False,0.0,False,False,False
ORD-005720,C01803,Sam Taylor | United States | Basic,Office Supplies,49.48,2,2025-01-08,Mobile App,98.96,Sam Taylor,United States,Basic,Sam Taylor,United States,Chicago,Basic,Small Business,2025-12-10,both,Matched,True,False,False,False,0.0,False,False,False
ORD-005730,C00138,Sam Wilson | Singapore | Basic,Books,145.51,2,2025-10-15,Mobile App,291.02,Sam Wilson,Singapore,Basic,Sam Wilson,Singapore,Singapore,Basic,Consumer,2026-01-17,both,Matched,True,False,False,False,0.0,False,False,False
ORD-005733,C01286,Emma Lee | Singapore | Basic,Toys,266.38,2,2026-03-02,Marketplace,532.76,Emma Lee,Singapore,Basic,Emma Lee,Singapore,,Basic,,,left_only,Not Found,False,False,False,False,0.0,False,False,True
ORD-005742,C00290,Omar Carter | Canada | Plus,Books,246.03,4,2025-10-04,Retail Store,984.12,Omar Carter,Canada,Plus,Omar Carter,Canada,Toronto,Plus,Consumer,2026-03-30,both,Matched,True,False,False,False,0.0,False,False,False
ORD-005743,C01626,Jack Walker | Australia | Basic,Clothing,603.88,2,2026-03-11,Retail Store,1207.76,Jack Walker,Australia,Basic,Jack Walker,Australia,,Basic,,,left_only,Not Found,False,False,False,False,0.0,False,False,True
ORD-005752,C02633,James Miller | France | Basic,Sprots,491.65,2,2025-06-13,Website,983.3,James Miller,France,Basic,James Miller,France,Bordeaux,Basic,Consumer,2026-04-10,both,Matched,True,False,False,False,0.0,False,False,False
ORD-005761,C01276,Jack Davis | Canada | Plus,Beauty,206.87,4,2025-10-31,Marketplace,827.48,Jack Davis,Canada,Plus,Jack Davis,Canada,Vancouver,Plus,Enterprise,2026-01-17,both,Matched,True,False,False,False,0.0,False,False,False
ORD-005774,C02333,Sam Baker | UAE | Basic,Toys,582.53,5,2025-07-29,Retail Store,2912.65,Sam Baker,UAE,Basic,Sam Baker,UAE,,Basic,,,left_only,Not Found,False,False,False,False,4.547473508864641e-13,False,False,True
ORD-005778,C02038,Zoe Moore | United States | Plus,Clothing,324.18,5,2025-02-15,Website,1620.9,Zoe Moore,United States,Plus,Zoe Moore,United States,Chicago,Plus,Small Business,2025-06-03,both,Matched,True,False,False,False,0.0,False,False,False
ORD-005779,C02330,Olivia King | UAE | Basic,Toys,179.0,1,2025-10-14,Mobile App,179.0,Olivia King,UAE,Basic,Olivia King,UAE,,Basic,,,left_only,Not Found,False,False,False,False,0.0,False,False,True
ORD-005781,C02269,Ethan Patel | Australia | Plus,Toys,345.92,4,2025-12-07,Mobile App,1383.68,Ethan Patel,Australia,Plus,Ethan Patel,Australia,Perth,Plus,Consumer,2026-02-15,both,Matched,True,False,False,False,0.0,False,False,False
ORD-005782,C00562,Leo Green | Germany | Premium,Books,520.78,3,2025-08-03,Website,1562.34,Leo Green,Germany,Premium,Leo Green,Germany,,Premium,,,left_only,Not Found,False,False,False,False,0.0,False,False,True
ORD-005786,C00776,Isla Young | Australia | Basic,Toys,480.7,4,2025-01-09,Mobile App,1922.8,Isla Young,Australia,Basic,Isla Young,Australia,Melbourne,Basic,Consumer,2026-03-14,both,Matched,True,False,False,False,0.0,False,False,False
ORD-005791,C00856,Leo Garcia | Germany | Plus,Beauty,575.82,2,2025-08-04,Website,1151.64,Leo Garcia,Germany,Plus,Leo Garcia,Germany,Munich,Plus,Consumer,2025-11-23,both,Matched,True,False,False,False,0.0,False,False,False
ORD-005796,C00331,Mia Lewis | Australia | Basic,Beauty,542.64,5,2025-05-13,Mobile App,2713.2,Mia Lewis,Australia,Basic,Mia Lewis,Australia,Sydney,Basic,Small Business,2023-02-02,both,Matched,False,True,False,False,0.0,False,False,False
ORD-005799,C02966,Noah Patel | Canada | Basic,Office Supplies,417.74,5,2025-03-24,Mobile App,2088.7,Noah Patel,Canada,Basic,Noah Patel,Canada,Vancouver,Basic,Small Business,2025-04-30,both,Matched,True,False,False,False,0.0,False,False,False
ORD-005803,C00964,Ryan Carter | United States | Premium,Toys,500.22,6,2025-07-23,Retail Store,3001.32,Ryan Carter,United States,Premium,Ryan Carter,United States,Chicago,Premium,Consumer,2025-08-21,both,Matched,True,False,False,False,0.0,False,False,False
ORD-005813,C02032,Ella Hassan | Canada | Plus,Clothing,488.57,0,2025-02-14,Mobile App,1954.28,Ella Hassan,Canada,Plus,Ella Hassan,Canada,Calgary,Plus,Consumer,2024-05-29,both,Matched,False,False,True,True,1954.28,False,False,False
ORD-005814,C00882,Ryan Thomas | France | Premium,Beauty,129.45,6,2025-02-26,Website,776.7,Ryan Thomas,France,Premium,Ryan Thomas,France,Nice,Premium,Consumer,2025-11-11,both,Matched,True,False,False,False,1.1368683772161603e-13,False,False,False
ORD-005815,C01533,Isla Anderson | United States | Plus,Office Supplies,563.98,5,2025-01-11,Marketplace,2819.9,Isla Anderson,United States,Plus,Isla Anderson,United States,New York,Plus,Consumer,2026-02-22,both,Matched,True,False,False,False,0.0,False,False,False
ORD-005818,C01427,Henry Mitchell | United States | Premium,Electronics,258.1,6,2025-04-19,Website,1548.6,Henry Mitchell,United States,Premium,Henry Mitchell,United States,Chicago,Premium,Small Business,2025-12-08,both,Matched,True,False,False,False,-2.2737367544323206e-13,False,False,False
ORD-005819,C01543,Layla Lee | Canada | Premium,Beauty,196.03,5,2025-03-09,Retail Store,980.15,Layla Lee,Canada,Premium,Layla Lee,Canada,Vancouver,Premium,Consumer,2025-05-27,both,Matched,True,False,False,False,0.0,False,False,False
ORD-005821,C01752,Sara Taylor | Australia | Basic,Office Supplies,622.44,5,2025-05-09,Website,3112.2,Sara Taylor,Australia,Basic,Sara Taylor,Australia,Brisbane,Basic,Consumer,2025-11-26,both,Matched,True,False,False,False,-4.547473508864641e-13,False,False,False
ORD-005829,C00516,Alex Nelson | France | Plus,Electronic Goods,142.87,4,2025-01-23,Retail Store,571.48,Alex Nelson,France,Plus,Alex Nelson,France,Lyon,Plus,Small Business,2025-12-06,both,Matched,True,False,False,False,0.0,False,False,False
ORD-005830,C02290,Alex Garcia | Canada | Plus,Office Supplies,255.85,2,2025-06-14,Mobile App,511.7,Alex Garcia,Canada,Plus,Alex Garcia,Canada,,Plus,,,left_only,Not Found,False,False,False,False,0.0,False,False,True
ORD-005835,C02742,Ryan Martin | Singapore | Plus,Home & Kitchen,311.63,3,2025-02-24,Mobile App,934.89,Ryan Martin,Singapore,Plus,Ryan Martin,Singapore,Singapore,Plus,Consumer,2025-05-17,both,Matched,True,False,False,False,0.0,False,False,False
ORD-005836,C00686,Ethan Brown | Canada | Basic,Toys,69.01,3,2025-04-13,Marketplace,207.03,Ethan Brown,Canada,Basic,Ethan Brown,Canada,Ottawa,Basic,Consumer,2026-04-15,both,Matched,True,False,False,False,-2.842170943040401e-14,False,False,False
ORD-005844,C01816,Sophia Brown | UAE | Basic,Sports,120.69,1,2025-07-29,Retail Store,120.69,Sophia Brown,UAE,Basic,Sophia Brown,UAE,Dubai,Basic,Small Business,2024-10-24,both,Matched,False,True,False,False,0.0,False,False,False
ORD-005845,C01446,Sara Taylor | Canada | Plus,Clothing,226.6,5,2025-03-02,Mobile App,1133.0,Sara Taylor,Canada,Plus,Sara Taylor,Canada,Vancouver,Plus,Consumer,2025-08-28,both,Matched,True,False,False,False,0.0,False,False,False
ORD-005849,C01781,Alex King | United Kingdom | Premium,Home & Kitchen,80.96,1,2025-09-29,Website,80.96,Alex King,United Kingdom,Premium,Alex King,United Kingdom,,Premium,,,left_only,Not Found,False,False,False,False,0.0,False,False,True
ORD-005850,C02986,Yusuf Khan | UAE | Plus,Office Supplies,604.39,5,2025-10-09,Website,3021.95,Yusuf Khan,UAE,Plus,Yusuf Khan,UAE,,Plus,,,left_only,Not Found,False,False,False,False,0.0,False,False,True
ORD-005852,C00410,Isla Clark | Canada | Plus,Electronics,149.12,6,2025-04-23,Retail Store,894.72,Isla Clark,Canada,Plus,Isla Clark,Canada,Vancouver,Plus,Consumer,2025-10-11,both,Matched,True,False,False,False,0.0,False,False,False
ORD-005856,C00410,Isla Clark | Canada | Plus,Beauty,171.58,2,2025-01-24,Website,343.16,Isla Clark,Canada,Plus,Isla Clark,Canada,Vancouver,Plus,Consumer,2025-10-11,both,Matched,True,False,False,False,0.0,False,False,False
ORD-005862,C00298,Lina Lee | Singapore | Basic,Toys,186.4,6,2025-10-20,Retail Store,1118.4,Lina Lee,Singapore,Basic,Lina Lee,Singapore,,Basic,,,left_only,Not Found,False,False,False,False,0.0,False,False,True
ORD-005866,C01186,Liam Ahmed | Australia | Basic,Sports,364.25,3,2026-01-06,Mobile App,1092.75,Liam Ahmed,Australia,Basic,Liam Ahmed,Australia,Perth,Basic,Small Business,2026-02-18,both,Matched,True,False,False,False,0.0,False,False,False
ORD-005869,C00932,Daniel King | United Kingdom | Basic,Electronics,515.69,1,2025-01-08,Mobile App,515.69,Daniel King,United Kingdom,Basic,Daniel King,United Kingdom,Bristol,Basic,Enterprise,2025-07-09,both,Matched,True,False,False,False,0.0,False,False,False
ORD-005876,C02010,Alex Moore | Singapore | Plus,Sports,591.86,2,2025-05-05,Marketplace,1183.72,Alex Moore,Singapore,Plus,Alex Moore,Singapore,,Plus,,,left_only,Not Found,False,False,False,False,0.0,False,False,True
ORD-005884,C02953,Chloe Wilson | Canada | Premium,Electronic Goods,445.49,6,2025-04-06,Marketplace,2672.94,Chloe Wilson,Canada,Premium,Chloe Wilson,Canada,,Premium,,,left_only,Not Found,False,False,False,False,0.0,False,False,True
ORD-005887,C02958,Zoe Ahmed | Canada | Premium,Sports,197.8,2,2025-02-09,Retail Store,395.6,Zoe Ahmed,Canada,Premium,Zoe Ahmed,Canada,,Premium,,,left_only,Not Found,False,False,False,False,0.0,False,False,True
ORD-005888,C00614,Nora Martin | United Kingdom | Premium,Home & Kitchen,68.5,4,2025-08-10,Marketplace,274.0,Nora Martin,United Kingdom,Premium,Nora Martin,United Kingdom,,Premium,,,left_only,Not Found,False,False,False,False,0.0,False,False,True
ORD-005890,C01318,Sara Mitchell | Singapore | Plus,Clothing,258.55,6,2025-10-25,Website,1551.3,Sara Mitchell,Singapore,Plus,Sara Mitchell,Singapore,Singapore,Plus,Small Business,2026-03-11,both,Matched,True,False,False,False,-2.2737367544323206e-13,False,False,False
ORD-005902,C02471,Lucas Ahmed | UAE | Plus,Sports,153.89,4,2025-05-28,Website,615.56,Lucas Ahmed,UAE,Plus,Lucas Ahmed,UAE,Abu Dhabi,Plus,Small Business,2025-12-23,both,Matched,True,False,False,False,0.0,False,False,False
ORD-005905,C01146,Omar Moore | Singapore | Basic,Office Supplies,609.53,0,2026-01-08,Mobile App,3047.65,Omar Moore,Singapore,Basic,Omar Moore,Singapore,Singapore,Basic,Consumer,2025-11-17,both,Matched,False,False,True,True,3047.65,False,False,False
ORD-005920,C01225,Liam Moore | Canada | Basic,Books,343.73,4,2025-01-03,Website,1374.92,Liam Moore,Canada,Basic,Liam Moore,Canada,Ottawa,Basic,Consumer,2026-03-04,both,Matched,True,False,False,False,0.0,False,False,False
ORD-005921,C02541,Yusuf Hassan | United Kingdom | Basic,Books,175.22,6,2025-06-17,Mobile App,1051.32,Yusuf Hassan,United Kingdom,Basic,Yusuf Hassan,United Kingdom,,Basic,,,left_only,Not Found,False,False,False,False,0.0,False,False,True
ORD-005922,C02652,Henry Green | UAE | Premium,Toys,71.22,6,2026-02-26,Mobile App,427.32,Henry Green,UAE,Premium,Henry Green,UAE,,Premium,,,left_only,Not Found,False,False,False,False,0.0,False,False,True
ORD-005923,C02995,Lucas Anderson | UAE | Basic,Electronics,577.65,5,2025-05-16,Retail Store,2888.25,Lucas Anderson,UAE,Basic,Lucas Anderson,UAE,Sharjah,Basic,Small Business,2025-06-09,both,Matched,True,False,False,False,0.0,False,False,False
ORD-005928,C02091,Emma Lee | Germany | Premium,Sports,40.19,5,2025-03-09,Retail Store,200.95,Emma Lee,Germany,Premium,Emma Lee,Germany,Berlin,Premium,Small Business,2025-06-07,both,Matched,True,False,False,False,0.0,False,False,False
ORD-005932,C00165,Maya Wright | United Kingdom | Basic,Beauty,91.73,1,2025-01-27,Mobile App,91.73,Maya Wright,United Kingdom,Basic,Maya Wright,United Kingdom,Manchester,Basic,Consumer,2025-10-05,both,Matched,True,False,False,False,0.0,False,False,False
ORD-005933,C00700,Yusuf Smith | United States | Basic,Beauty,547.81,3,2026-03-20,Website,1643.43,Yusuf Smith,United States,Basic,Yusuf Smith,United States,Chicago,Basic,Consumer,2026-03-22,both,Matched,True,False,False,False,2.2737367544323206e-13,False,False,False
ORD-005941,C02541,Yusuf Hassan | United Kingdom | Basic,Beauty,449.44,4,2025-05-26,Retail Store,1797.76,Yusuf Hassan,United Kingdom,Basic,Yusuf Hassan,United Kingdom,,Basic,,,left_only,Not Found,False,False,False,False,0.0,False,False,True
ORD-005943,C01679,Nora Garcia | Germany | Premium,Electronics,81.07,6,2025-02-17,Website,486.42,Nora Garcia,Germany,Premium,Nora Garcia,Germany,Berlin,Premium,Consumer,2025-07-09,both,Matched,True,False,False,False,5.684341886080802e-14,False,False,False
ORD-005953,C00605,Layla Nelson | Germany | Plus,Office Supplies,105.55,4,2025-07-16,Website,422.2,Layla Nelson,Germany,Plus,Layla Nelson,Germany,Berlin,Plus,Consumer,2026-04-08,both,Matched,True,False,False,False,0.0,False,False,False
ORD-005954,C01175,Ava Garcia | UAE | Basic,Sports,72.49,4,2025-08-31,Mobile App,289.96,Ava Garcia,UAE,Basic,Ava Garcia,UAE,,Basic,,,left_only,Not Found,False,False,False,False,0.0,False,False,True
ORD-005968,C00138,Sam Wilson | Singapore | Basic,Toys,119.34,4,2025-07-14,Mobile App,477.36,Sam Wilson,Singapore,Basic,Sam Wilson,Singapore,Singapore,Basic,Consumer,2026-01-17,both,Matched,True,False,False,False,0.0,False,False,False
ORD-005971,C00899,Noah Patel | Canada | Basic,Beauty,462.57,1,2025-09-14,Website,462.57,Noah Patel,Canada,Basic,Noah Patel,Canada,Toronto,Basic,Consumer,2025-11-01,both,Matched,True,False,False,False,0.0,False,False,False
ORD-005972,C01366,Lina Wilson | United States | Basic,Toys,562.97,2,2025-07-01,Marketplace,1125.94,Lina Wilson,United States,Basic,Lina Wilson,United States,Austin,Basic,Consumer,2026-01-28,both,Matched,True,False,False,False,0.0,False,False,False
ORD-005976,C00508,Ethan Johnson | United Kingdom | Basic,Office Supplies,181.63,2,2026-02-05,Retail Store,363.26,Ethan Johnson,United Kingdom,Basic,Ethan Johnson,United Kingdom,Bristol,Basic,Consumer,2026-02-08,both,Matched,True,False,False,False,0.0,False,False,False
ORD-005977,C01351,Ethan Young | UAE | Basic,Books,254.15,2,2025-01-06,Website,508.3,Ethan Young,UAE,Basic,Ethan Young,UAE,Sharjah,Basic,Consumer,2025-10-26,both,Matched,True,False,False,False,0.0,False,False,False
ORD-005990,C00865,Liam King | United States | Basic,Books,397.87,2,2026-07-04,Website,795.74,Liam King,United States,Basic,Liam King,United States,,Basic,,,left_only,Not Found,False,False,False,False,0.0,False,False,True
ORD-005992,C01039,Mia King | France | Plus,Office Supplies,450.12,3,2026-01-02,Marketplace,1350.36,Mia King,France,Plus,Mia King,France,,Plus,,,left_only,Not Found,False,False,False,False,-2.2737367544323206e-13,False,False,True
ORD-006006,C01234,Omar Miller | United States | Premium,Books,491.04,5,2025-01-16,Mobile App,2455.2,Omar Miller,United States,Premium,Omar Miller,United States,Seattle,Premium,Consumer,2025-08-27,both,Matched,True,False,False,False,-4.547473508864641e-13,False,False,False
ORD-006007,C02775,Amelia Johnson | United States | Plus,Books,54.52,6,2025-03-14,Retail Store,327.12,Amelia Johnson,United States,Plus,Amelia Johnson,United States,Seattle,Plus,Consumer,2026-04-03,both,Matched,True,False,False,False,0.0,False,False,False
ORD-006025,C02016,Yusuf Garcia | UAE | Premium,Beauty,465.84,5,2025-06-18,Mobile App,2329.2,Yusuf Garcia,UAE,Premium,Yusuf Garcia,UAE,Sharjah,Premium,Consumer,2025-12-27,both,Matched,True,False,False,False,0.0,False,False,False
ORD-006027,C00295,Ava Patel | Singapore | Basic,Toys,192.92,6,2025-01-21,Marketplace,1157.52,Ava Patel,Singapore,Basic,Ava Patel,Singapore,,Basic,,,left_only,Not Found,False,False,False,False,0.0,False,False,True
ORD-006037,C00294,Layla Garcia | Singapore | Plus,Sports,493.66,4,2025-08-03,Retail Store,1974.64,Layla Garcia,Singapore,Plus,Layla Garcia,Singapore,,Plus,,,left_only,Not Found,False,False,False,False,0.0,False,False,True
ORD-006040,C00692,Sara Hall | Singapore | Premium,Office Supplies,53.84,6,2026-07-06,Retail Store,323.04,Sara Hall,Singapore,Premium,Sara Hall,Singapore,,Premium,,,left_only,Not Found,False,False,False,False,0.0,False,False,True
ORD-006044,C01668,Emma Smith | Canada | Plus,Home & Kitchen,230.44,4,2025-04-03,Website,921.76,Emma Smith,Canada,Plus,Emma Smith,Canada,Toronto,Plus,Small Business,2025-06-29,both,Matched,True,False,False,False,0.0,False,False,False
ORD-006045,C01206,Liam Lewis | United States | Basic,Electronics,542.87,4,2025-07-12,Mobile App,2171.48,Liam Lewis,United States,Basic,Liam Lewis,United States,Seattle,Basic,Consumer,2025-09-18,both,Matched,True,False,False,False,0.0,False,False,False
ORD-006055,C01473,Isla Smith | United Kingdom | Premium,Toys,234.96,5,2026-01-08,Mobile App,1174.8,Isla Smith,United Kingdom,Premium,Isla Smith,United Kingdom,Leeds,Premium,Consumer,2026-02-02,both,Matched,True,False,False,False,0.0,False,False,False
ORD-006059,C01380,Yusuf Hall | Canada | Basic,Sports,538.55,3,2025-02-27,Mobile App,1615.65,Yusuf Hall,Canada,Basic,Yusuf Hall,Canada,Toronto,Basic,Small Business,2026-03-21,both,Matched,True,False,False,False,2.2737367544323206e-13,False,False,False
ORD-006062,C01434,Chloe Hassan | UAE | Basic,Toys,432.74,5,2025-04-07,Retail Store,2163.7,Chloe Hassan,UAE,Basic,Chloe Hassan,UAE,Abu Dhabi,Basic,Consumer,2025-10-04,both,Matched,True,False,False,False,0.0,False,False,False
ORD-006072,C00070,Nora Green | Singapore | Plus,Office Supplies,469.72,5,2025-06-03,Retail Store,2348.6,Nora Green,Singapore,Plus,Nora Green,Singapore,,Plus,,,left_only,Not Found,False,False,False,False,-4.547473508864641e-13,False,False,True
ORD-006074,C00052,Maya Lewis | UAE | Basic,Home & Kitchen,282.07,5,2025-11-09,Retail Store,1410.35,Maya Lewis,UAE,Basic,Maya Lewis,UAE,Sharjah,Basic,Small Business,2026-02-22,both,Matched,True,False,False,False,0.0,False,False,False
ORD-006086,C00465,Chloe Moore | France | Basic,Home & Kitchen,276.82,3,2025-08-12,Marketplace,830.46,Chloe Moore,France,Basic,Chloe Moore,France,Nice,Basic,Small Business,2026-04-04,both,Matched,True,False,False,False,0.0,False,False,False
ORD-006087,C01145,Ella Davis | France | Basic,Electronics,83.25,2,2025-04-14,Retail Store,166.5,Ella Davis,France,Basic,Ella Davis,France,Paris,Basic,Consumer,2025-06-03,both,Matched,True,False,False,False,0.0,False,False,False
ORD-006103,C02151,Omar Ahmed | Germany | Premium,Office Supplies,623.75,1,2025-05-04,Retail Store,623.75,Omar Ahmed,Germany,Premium,Omar Ahmed,Germany,Munich,Premium,Small Business,2026-02-05,both,Matched,True,False,False,False,0.0,False,False,False
ORD-006107,C02745,Isla Anderson | United Kingdom | Basic,Toys,72.89,6,2025-08-19,Retail Store,437.34,Isla Anderson,United Kingdom,Basic,Isla Anderson,United Kingdom,Leeds,Basic,Consumer,2025-10-09,both,Matched,True,False,False,False,-5.684341886080802e-14,False,False,False
ORD-006108,C01670,Amelia Martin | Germany | Basic,Beauty,623.91,2,2025-02-09,Retail Store,1247.82,Amelia Martin,Germany,Basic,Amelia Martin,Germany,Munich,Basic,Small Business,2025-03-10,both,Matched,True,False,False,False,0.0,False,False,False
ORD-006110,C02339,Mia Anderson | United Kingdom | Basic,Toys,376.05,5,2026-05-12,Mobile App,1880.25,Mia Anderson,United Kingdom,Basic,Mia Anderson,United Kingdom,,Basic,,,left_only,Not Found,False,False,False,False,0.0,False,False,True
ORD-006124,C01613,Liam Thomas | UAE | Premium,Clothing,600.32,4,2025-07-10,Marketplace,2401.28,Liam Thomas,UAE,Premium,Liam Thomas,UAE,Dubai,Premium,Consumer,2025-07-15,both,Matched,True,False,False,False,0.0,False,False,False
ORD-006125,C00441,Chloe Smith | Germany | Basic,Beauty,474.96,3,2025-09-12,Marketplace,1424.88,Chloe Smith,Germany,Basic,Chloe Smith,Germany,Hamburg,Basic,Small Business,2026-03-10,both,Matched,True,False,False,False,2.2737367544323206e-13,False,False,False
ORD-006132,C01145,Ella Davis | France | Basic,Clothing,508.59,1,2025-03-20,Mobile App,508.59,Ella Davis,France,Basic,Ella Davis,France,Paris,Basic,Consumer,2025-06-03,both,Matched,True,False,False,False,0.0,False,False,False
ORD-006133,C00228,Ella Lee | UAE | Basic,Electronics,526.52,1,2026-04-08,Website,526.52,Ella Lee,UAE,Basic,Ella Lee,UAE,,Basic,,,left_only,Not Found,False,False,False,False,0.0,False,False,True
ORD-006139,C00285,Alex Hall | Germany | Basic,Office Supplies,424.76,1,2025-08-22,Retail Store,424.76,Alex Hall,Germany,Basic,Alex Hall,Germany,Munich,Basic,Consumer,2025-10-21,both,Matched,True,False,False,False,0.0,False,False,False
ORD-006141,C01583,Adam Ahmed | Canada | Plus,Office Supplies,41.86,4,2025-05-29,Marketplace,167.44,Adam Ahmed,Canada,Plus,Adam Ahmed,Canada,Ottawa,Plus,Consumer,2025-11-15,both,Matched,True,False,False,False,0.0,False,False,False
ORD-006143,C00055,Chloe Young | Australia | Plus,Sports,498.52,1,2025-03-30,Marketplace,498.52,Chloe Young,Australia,Plus,Chloe Young,Australia,Melbourne,Plus,Consumer,2026-02-20,both,Matched,True,False,False,False,0.0,False,False,False
ORD-006151,C00612,James Johnson | United States | Basic,Clothing,404.4,5,2025-03-09,Mobile App,2022.0,James Johnson,United States,Basic,James Johnson,United States,Seattle,Basic,Small Business,2025-06-26,both,Matched,True,False,False,False,0.0,False,False,False
ORD-006160,C01843,Ethan Walker | Canada | Basic,Toys,129.5,3,2025-10-09,Retail Store,388.5,Ethan Walker,Canada,Basic,Ethan Walker,Canada,Ottawa,Basic,Consumer,2026-03-31,both,Matched,True,False,False,False,0.0,False,False,False
ORD-006163,C01168,Olivia Brown | Germany | Basic,Toys,65.33,2,2025-04-01,Marketplace,130.66,Olivia Brown,Germany,Basic,Olivia Brown,Germany,Hamburg,Basic,Small Business,2025-06-07,both,Matched,True,False,False,False,0.0,False,False,False
ORD-006164,C02777,Alex Anderson | France | Basic,Home & Kitchen,81.31,5,2025-01-20,Retail Store,406.55,Alex Anderson,France,Basic,Alex Anderson,France,Bordeaux,Basic,Consumer,2025-06-11,both,Matched,True,False,False,False,0.0,False,False,False
ORD-006175,C01940,Liam Green | United Kingdom | Basic,Office Supplies,205.4,1,2026-05-25,Website,205.4,Liam Green,United Kingdom,Basic,Liam Green,United Kingdom,,Basic,,,left_only,Not Found,False,False,False,False,0.0,False,False,True
ORD-006179,C01520,Layla Miller | UAE | Plus,Books,7.78,3,2026-02-07,Marketplace,23.34,Layla Miller,UAE,Plus,Layla Miller,UAE,Dubai,Plus,Consumer,2026-04-15,both,Matched,True,False,False,False,0.0,False,False,False
ORD-006201,C01166,Omar Miller | Australia | Plus,Beauty,422.22,6,2025-02-17,Website,2533.32,Omar Miller,Australia,Plus,Omar Miller,Australia,Melbourne,Plus,Consumer,2025-04-18,both,Matched,True,False,False,False,0.0,False,False,False
ORD-006202,C00516,Alex Nelson | France | Plus,Home & Kitchen,490.67,1,2025-04-22,Website,490.67,Alex Nelson,France,Plus,Alex Nelson,France,Lyon,Plus,Small Business,2025-12-06,both,Matched,True,False,False,False,0.0,False,False,False
ORD-006208,C01754,Mia Johnson | Australia | Plus,Beauty,351.51,6,2025-11-04,Retail Store,2109.06,Mia Johnson,Australia,Plus,Mia Johnson,Australia,,Plus,,,left_only,Not Found,False,False,False,False,0.0,False,False,True
ORD-006209,C01658,Liam Hassan | United States | Plus,Toys,320.37,5,2025-01-02,Website,1601.85,Liam Hassan,United States,Plus,Liam Hassan,United States,Austin,Plus,Consumer,2025-10-11,both,Matched,True,False,False,False,0.0,False,False,False
ORD-006213,C01781,Alex King | United Kingdom | Premium,Electronics,369.34,4,2025-10-05,Marketplace,1477.36,Alex King,United Kingdom,Premium,Alex King,United Kingdom,,Premium,,,left_only,Not Found,False,False,False,False,0.0,False,False,True
ORD-006216,C00186,James Johnson | Germany | Basic,Home & Kitchen,93.28,3,2025-01-27,Marketplace,279.84,James Johnson,Germany,Basic,James Johnson,Germany,Berlin,Basic,Small Business,2025-05-16,both,Matched,True,False,False,False,-5.684341886080802e-14,False,False,False
ORD-006225,C01315,Liam Clark | Australia | Basic,Clothing,215.42,3,2025-12-15,Website,646.26,Liam Clark,Australia,Basic,Liam Clark,Australia,,Basic,,,left_only,Not Found,False,False,False,False,0.0,False,False,True
ORD-006226,C01290,Ava Moore | France | Basic,Books,166.93,3,2025-02-25,Marketplace,500.79,Ava Moore,France,Basic,Ava Moore,France,Bordeaux,Basic,Consumer,2026-01-03,both,Matched,True,False,False,False,0.0,False,False,False
ORD-006234,C00189,Sam Nelson | Germany | Plus,Books,330.27,6,2025-03-05,Marketplace,1981.62,Sam Nelson,Germany,Plus,Sam Nelson,Germany,Berlin,Plus,Consumer,2025-05-28,both,Matched,True,False,False,False,0.0,False,False,False
ORD-006240,C01221,Ella Garcia | United States | Basic,Electronics,192.36,6,2025-01-27,Retail Store,1154.16,Ella Garcia,United States,Basic,Ella Garcia,United States,New York,Basic,Enterprise,2025-06-29,both,Matched,True,False,False,False,0.0,False,False,False
ORD-006241,C01473,Isla Smith | United Kingdom | Premium,Sprots,379.9,6,2025-01-22,Retail Store,2279.4,Isla Smith,United Kingdom,Premium,Isla Smith,United Kingdom,Leeds,Premium,Consumer,2026-02-02,both,Matched,True,False,False,False,4.547473508864641e-13,False,False,False
ORD-006242,C01683,Adam Garcia | France | Basic,Toys,206.61,2,2025-05-08,Retail Store,413.22,Adam Garcia,France,Basic,Adam Garcia,France,Paris,Basic,Small Business,2025-12-17,both,Matched,True,False,False,False,0.0,False,False,False
ORD-006243,C01540,Noah Thomas | Germany | Premium,Electronics,324.24,3,2025-07-14,Website,972.72,Noah Thomas,Germany,Premium,Noah Thomas,Germany,,Premium,,,left_only,Not Found,False,False,False,False,0.0,False,False,True
ORD-006251,C00134,Daniel Thomas | Canada | Basic,Sports,49.92,5,2025-07-04,Retail Store,249.6,Daniel Thomas,Canada,Basic,Daniel Thomas,Canada,Calgary,Basic,Consumer,2025-08-25,both,Matched,True,False,False,False,-2.842170943040401e-14,False,False,False
ORD-006255,C01996,Jack Moore | UAE | Basic,Beauty,339.83,6,2025-04-03,Marketplace,2038.98,Jack Moore,UAE,Basic,Jack Moore,UAE,Abu Dhabi,Basic,Consumer,2025-12-11,both,Matched,True,False,False,False,0.0,False,False,False
ORD-006256,C00951,Noah Khan | Germany | Basic,Clothing,272.99,5,2025-01-19,Website,1364.95,Noah Khan,Germany,Basic,Noah Khan,Germany,Hamburg,Basic,Consumer,2025-07-17,both,Matched,True,False,False,False,0.0,False,False,False
ORD-006260,C02884,Henry Wilson | UAE | Premium,Office Supplies,608.64,4,2025-04-04,Marketplace,2434.56,Henry Wilson,UAE,Premium,Henry Wilson,UAE,Abu Dhabi,Premium,Small Business,2026-03-04,both,Matched,True,False,False,False,0.0,False,False,False
ORD-006262,C02026,Amelia Khan | United Kingdom | Plus,Office Supplies,539.0,1,2025-04-02,Website,514.0,Amelia Khan,United Kingdom,Plus,Amelia Khan,United Kingdom,Bristol,Plus,Small Business,2025-08-22,both,Matched,True,False,False,True,-25.0,False,False,False
ORD-006264,C02532,Omar Miller | United States | Basic,Home & Kitchen,429.22,3,2026-05-04,Marketplace,1287.66,Omar Miller,United States,Basic,Omar Miller,United States,,Basic,,,left_only,Not Found,False,False,False,False,0.0,False,False,True
ORD-006275,C02586,Maya Brown | Singapore | Basic,Beauty,407.12,6,2025-02-26,Marketplace,2442.72,Maya Brown,Singapore,Basic,Maya Brown,Singapore,Singapore,Basic,Consumer,2025-11-29,both,Matched,True,False,False,False,-4.547473508864641e-13,False,False,False
ORD-006277,C02151,Omar Ahmed | Germany | Premium,Books,553.06,6,2025-03-19,Mobile App,3318.36,Omar Ahmed,Germany,Premium,Omar Ahmed,Germany,Munich,Premium,Small Business,2026-02-05,both,Matched,True,False,False,False,4.547473508864641e-13,False,False,False
ORD-006279,C00355,Amelia Lee | Singapore | Basic,Books,9.55,3,2026-04-22,Mobile App,28.65,Amelia Lee,Singapore,Basic,Amelia Lee,Singapore,,Basic,,,left_only,Not Found,False,False,False,False,-3.552713678800501e-15,False,False,True
ORD-006280,C00865,Liam King | United States | Basic,Sports,600.09,5,2026-05-04,Website,3000.45,Liam King,United States,Basic,Liam King,United States,,Basic,,,left_only,Not Found,False,False,False,False,-4.547473508864641e-13,False,False,True
ORD-006291,C00230,Nora Anderson | UAE | Basic,Home & Kitchen,145.38,6,2025-06-12,Marketplace,872.28,Nora Anderson,UAE,Basic,Nora Anderson,UAE,Abu Dhabi,Basic,Enterprise,2025-07-12,both,Matched,True,False,False,False,0.0,False,False,False
ORD-006299,C00466,Liam Adams | UAE | Plus,Office Supplies,610.36,3,2025-06-13,Mobile App,1831.08,Liam Adams,UAE,Plus,Liam Adams,UAE,Sharjah,Plus,Consumer,2026-03-08,both,Matched,True,False,False,False,0.0,False,False,False
ORD-006302,C00404,Leo Taylor | UAE | Plus,Electronic Goods,557.3,3,2025-01-29,Marketplace,1671.9,Leo Taylor,UAE,Plus,Leo Taylor,UAE,Abu Dhabi,Plus,Consumer,2025-05-06,both,Matched,True,False,False,False,2.2737367544323206e-13,False,False,False
ORD-006305,C02421,Lucas Johnson | Canada | Premium,Toys,454.31,5,2025-08-20,Website,2271.55,Lucas Johnson,Canada,Premium,Lucas Johnson,Canada,,Premium,,,left_only,Not Found,False,False,False,False,0.0,False,False,True
ORD-006307,C01366,Lina Wilson | United States | Basic,Office Supplies,383.07,6,2025-05-04,Retail Store,2298.42,Lina Wilson,United States,Basic,Lina Wilson,United States,Austin,Basic,Consumer,2026-01-28,both,Matched,True,False,False,False,0.0,False,False,False
ORD-006309,C01763,Jack Brown | Germany | Plus,Office Supplies,351.21,5,2025-05-02,Retail Store,1756.05,Jack Brown,Germany,Plus,Jack Brown,Germany,Munich,Plus,Consumer,2025-11-16,both,Matched,True,False,False,False,0.0,False,False,False
ORD-006314,C02192,Mia Miller | Canada | Basic,Office Supplies,642.48,5,2025-11-25,Website,3212.4,Mia Miller,Canada,Basic,Mia Miller,Canada,Calgary,Basic,Consumer,2026-01-03,both,Matched,True,False,False,False,0.0,False,False,False
ORD-006321,C02563,Daniel Garcia | Australia | Basic,Beauty,575.81,3,2025-03-05,Mobile App,1727.43,Daniel Garcia,Australia,Basic,Daniel Garcia,Australia,Sydney,Basic,Small Business,2025-06-08,both,Matched,True,False,False,False,2.2737367544323206e-13,False,False,False
ORD-006322,C00906,Noah Martin | Singapore | Basic,Office Supplies,402.1,5,2025-07-13,Website,2010.5,Noah Martin,Singapore,Basic,Noah Martin,Singapore,Singapore,Basic,Consumer,2025-12-26,both,Matched,True,False,False,False,0.0,False,False,False
ORD-006346,C02074,Ava Green | United Kingdom | Basic,Books,173.44,4,2025-06-09,Mobile App,693.76,Ava Green,United Kingdom,Basic,Ava Green,United Kingdom,Bristol,Basic,Consumer,2026-02-14,both,Matched,True,False,False,False,0.0,False,False,False
ORD-006363,C02568,Noah Green | France | Premium,Home & Kitchen,71.28,1,2025-01-26,Retail Store,71.28,Noah Green,France,Premium,Noah Green,France,Lyon,Premium,Consumer,2026-04-07,both,Matched,True,False,False,False,0.0,False,False,False
ORD-006364,C02688,Maya Adams | UAE | Premium,Home & Kitchen,433.84,4,2025-11-16,Mobile App,1735.36,Maya Adams,UAE,Premium,Maya Adams,UAE,,Premium,,,left_only,Not Found,False,False,False,False,0.0,False,False,True
ORD-006375,C01545,Daniel Nelson | UAE | Basic,Toys,627.01,3,2025-04-06,Mobile App,1881.03,Daniel Nelson,UAE,Basic,Daniel Nelson,UAE,,Basic,,,left_only,Not Found,False,False,False,False,0.0,False,False,True
ORD-006377,C00871,Adam Baker | Singapore | Basic,Beauty,111.2,2,2026-03-10,Marketplace,222.4,Adam Baker,Singapore,Basic,Adam Baker,Singapore,Singapore,Basic,Consumer,2026-03-22,both,Matched,True,False,False,False,0.0,False,False,False
ORD-006380,C01292,Sam Lee | Canada | Plus,Electronics,548.99,3,2025-04-13,Mobile App,1646.97,Sam Lee,Canada,Plus,Sam Lee,Canada,,Plus,,,left_only,Not Found,False,False,False,False,0.0,False,False,True
ORD-006389,C01380,Yusuf Hall | Canada | Basic,Clothing,244.18,6,2025-06-27,Marketplace,1465.08,Yusuf Hall,Canada,Basic,Yusuf Hall,Canada,Toronto,Basic,Small Business,2026-03-21,both,Matched,True,False,False,False,0.0,False,False,False
ORD-006390,C00288,Yusuf Hassan | Canada | Plus,Office Supplies,224.71,4,,Retail Store,898.84,Yusuf Hassan,Canada,Plus,Yusuf Hassan,Canada,Calgary,Plus,Consumer,2025-09-30,both,Matched,False,False,False,False,0.0,False,True,False
ORD-006391,C00189,Sam Nelson | Germany | Plus,Home & Kitchen,422.48,1,2025-01-01,Mobile App,422.48,Sam Nelson,Germany,Plus,Sam Nelson,Germany,Berlin,Plus,Consumer,2025-05-28,both,Matched,True,False,False,False,0.0,False,False,False
ORD-006393,C01626,Jack Walker | Australia | Basic,Home & Kitchen,634.16,3,2025-05-05,Retail Store,1902.48,Jack Walker,Australia,Basic,Jack Walker,Australia,,Basic,,,left_only,Not Found,False,False,False,False,0.0,False,False,True
ORD-006394,C02374,Omar Miller | Australia | Plus,Beauty,276.33,6,2025-03-17,Marketplace,1657.98,Omar Miller,Australia,Plus,Omar Miller,Australia,Brisbane,Plus,Consumer,2025-08-02,both,Matched,True,False,False,False,0.0,False,False,False
ORD-006397,C01959,Jack Baker | Singapore | Plus,Electronics,141.77,3,2025-09-21,Marketplace,425.31,Jack Baker,Singapore,Plus,Jack Baker,Singapore,Singapore,Plus,Consumer,2025-09-24,both,Matched,True,False,False,False,-5.684341886080802e-14,False,False,False
ORD-006402,C00731,Leo Smith | France | Plus,Home & Kitchen,184.82,5,2025-09-22,Website,924.1,Leo Smith,France,Plus,Leo Smith,France,Nice,Plus,Small Business,2026-01-27,both,Matched,True,False,False,False,1.1368683772161603e-13,False,False,False
ORD-006405,C01851,Nora Nelson | UAE | Basic,Clothing,280.99,2,2025-03-05,Website,561.98,Nora Nelson,UAE,Basic,Nora Nelson,UAE,Dubai,Basic,Consumer,2026-03-25,both,Matched,True,False,False,False,0.0,False,False,False
ORD-006406,C01965,Sam Young | Singapore | Basic,Books,553.83,2,2025-07-13,Marketplace,1107.66,Sam Young,Singapore,Basic,Sam Young,Singapore,Singapore,Basic,Consumer,2025-08-01,both,Matched,True,False,False,False,0.0,False,False,False
ORD-006410,C02074,Ava Green | United Kingdom | Basic,Toys,64.18,4,2025-07-23,Marketplace,256.72,Ava Green,United Kingdom,Basic,Ava Green,United Kingdom,Bristol,Basic,Consumer,2026-02-14,both,Matched,True,False,False,False,0.0,False,False,False
ORD-006413,C01583,Adam Ahmed | Canada | Plus,Sports,291.47,4,2025-04-11,Mobile App,1165.88,Adam Ahmed,Canada,Plus,Adam Ahmed,Canada,Ottawa,Plus,Consumer,2025-11-15,both,Matched,True,False,False,False,0.0,False,False,False
ORD-006414,C02466,Ella Lee | Australia | Basic,Toys,341.0,6,2025-09-10,Mobile App,2046.0,Ella Lee,Australia,Basic,Ella Lee,Australia,,Basic,,,left_only,Not Found,False,False,False,False,0.0,False,False,True
ORD-006425,C02541,Yusuf Hassan | United Kingdom | Basic,Home & Kitchen,197.47,5,2026-05-30,Retail Store,987.35,Yusuf Hassan,United Kingdom,Basic,Yusuf Hassan,United Kingdom,,Basic,,,left_only,Not Found,False,False,False,False,0.0,False,False,True
ORD-006429,C02586,Maya Brown | Singapore | Basic,Beauty,196.93,4,2025-10-19,Mobile App,787.72,Maya Brown,Singapore,Basic,Maya Brown,Singapore,Singapore,Basic,Consumer,2025-11-29,both,Matched,True,False,False,False,0.0,False,False,False
ORD-006430,C01887,Isla Walker | Australia | Basic,Office Supplies,474.59,6,2025-03-24,Website,2847.54,Isla Walker,Australia,Basic,Isla Walker,Australia,Sydney,Basic,Consumer,2025-06-13,both,Matched,True,False,False,False,0.0,False,False,False
ORD-006436,C02817,Jack King | Canada | Basic,Books,619.66,2,2025-05-01,Website,1239.32,Jack King,Canada,Basic,Jack King,Canada,Vancouver,Basic,Small Business,2026-02-14,both,Matched,True,False,False,False,0.0,False,False,False
ORD-006454,C01762,Sam Wilson | Canada | Premium,Sports,424.57,3,2025-05-03,Retail Store,1273.71,Sam Wilson,Canada,Premium,Sam Wilson,Canada,,Premium,,,left_only,Not Found,False,False,False,False,0.0,False,False,True
ORD-006456,C02284,Leo Davis | Germany | Premium,Toys,532.15,3,2025-02-22,Mobile App,1596.45,Leo Davis,Germany,Premium,Leo Davis,Germany,Hamburg,Premium,Consumer,2025-09-25,both,Matched,True,False,False,False,2.2737367544323206e-13,False,False,False
ORD-006458,C02736,Amelia Hassan | Canada | Plus,Electronics,336.05,6,2025-04-30,Retail Store,2016.3,Amelia Hassan,Canada,Plus,Amelia Hassan,Canada,Toronto,Plus,Small Business,2026-01-24,both,Matched,True,False,False,False,-2.2737367544323206e-13,False,False,False
ORD-006459,C01367,Sam Green | UAE | Premium,Books,221.89,1,2025-03-10,Retail Store,221.89,Sam Green,UAE,Premium,Sam Green,UAE,Abu Dhabi,Premium,Consumer,2026-01-12,both,Matched,True,False,False,False,0.0,False,False,False
ORD-006465,C00062,Ava Smith | United Kingdom | Basic,Electronics,282.0,1,2025-09-22,Website,282.0,Ava Smith,United Kingdom,Basic,Ava Smith,United Kingdom,,Basic,,,left_only,Not Found,False,False,False,False,0.0,False,False,True
ORD-006469,C00466,Liam Adams | UAE | Plus,Clothing,154.7,1,2025-01-31,Mobile App,154.7,Liam Adams,UAE,Plus,Liam Adams,UAE,Sharjah,Plus,Consumer,2026-03-08,both,Matched,True,False,False,False,0.0,False,False,False
ORD-006474,C01754,Mia Johnson | Australia | Plus,Electronics,570.43,6,2026-03-06,Marketplace,3422.58,Mia Johnson,Australia,Plus,Mia Johnson,Australia,,Plus,,,left_only,Not Found,False,False,False,False,0.0,False,False,True
ORD-006480,C00274,Leo Green | United Kingdom | Basic,Sprots,196.1,1,2026-07-20,Website,196.1,Leo Green,United Kingdom,Basic,Leo Green,United Kingdom,,Basic,,,left_only,Not Found,False,False,False,False,0.0,False,False,True
ORD-006482,C02210,James Brown | United States | Plus,Sports,119.62,6,2025-09-03,Mobile App,717.72,James Brown,United States,Plus,James Brown,United States,Austin,Plus,Consumer,2026-04-08,both,Matched,True,False,False,False,0.0,False,False,False
ORD-006488,C01348,Liam Khan | Germany | Basic,Office Supplies,175.98,5,2025-03-05,Mobile App,879.9,Liam Khan,Germany,Basic,Liam Khan,Germany,Munich,Basic,Consumer,2025-03-26,both,Matched,True,False,False,False,0.0,False,False,False
ORD-006490,C01352,Liam Green | Australia | Basic,Electronics,605.34,6,2026-07-24,Retail Store,3632.04,Liam Green,Australia,Basic,Liam Green,Australia,,Basic,,,left_only,Not Found,False,False,False,False,0.0,False,False,True
ORD-006493,C02848,Ava Adams | United Kingdom | Basic,Sports,79.81,0,2025-02-15,Marketplace,79.81,Ava Adams,United Kingdom,Basic,Ava Adams,United Kingdom,Leeds,Basic,Small Business,2024-06-25,both,Matched,False,False,True,True,79.81,False,False,False
ORD-006494,C01881,Lucas Martin | United Kingdom | Basic,Electronics,179.49,6,2025-09-17,Marketplace,1076.94,Lucas Martin,United Kingdom,Basic,Lucas Martin,United Kingdom,London,Basic,Consumer,2025-10-07,both,Matched,True,False,False,False,0.0,False,False,False
ORD-006496,C00549,Ethan Walker | United Kingdom | Basic,Home & Kitchen,48.81,6,2025-12-06,Website,292.86,Ethan Walker,United Kingdom,Basic,Ethan Walker,United Kingdom,Leeds,Basic,Consumer,2026-02-18,both,Matched,True,False,False,False,0.0,False,False,False
ORD-006497,C00355,Amelia Lee | Singapore | Basic,Electronics,474.24,3,2025-05-16,Retail Store,1422.72,Amelia Lee,Singapore,Basic,Amelia Lee,Singapore,,Basic,,,left_only,Not Found,False,False,False,False,0.0,False,False,True
ORD-006498,C01449,Omar Smith | Australia | Premium,Beauty,236.68,3,2025-11-04,Retail Store,710.04,Omar Smith,Australia,Premium,Omar Smith,Australia,Sydney,Premium,Consumer,2025-12-11,both,Matched,True,False,False,False,0.0,False,False,False
ORD-006502,C00321,Chloe Adams | Australia | Basic,Books,192.12,3,2025-03-15,Website,576.36,Chloe Adams,Australia,Basic,Chloe Adams,Australia,Melbourne,Basic,Small Business,2025-06-23,both,Matched,True,False,False,False,0.0,False,False,False
ORD-006504,C00971,Noah Walker | France | Plus,Office Supplies,166.24,4,2025-04-10,Website,664.96,Noah Walker,France,Plus,Noah Walker,France,Nice,Plus,Consumer,2026-03-24,both,Matched,True,False,False,False,0.0,False,False,False
ORD-006510,C02793,Ava Clark | France | Plus,Electronics,598.96,5,2025-11-22,Retail Store,2994.8,Ava Clark,France,Plus,Ava Clark,France,Nice,Plus,Small Business,2025-12-26,both,Matched,True,False,False,False,0.0,False,False,False
ORD-006511,C00185,Ella Brown | United Kingdom | Basic,Books,452.3,2,2026-04-25,Retail Store,904.6,Ella Brown,United Kingdom,Basic,Ella Brown,United Kingdom,,Basic,,,left_only,Not Found,False,False,False,False,0.0,False,False,True
ORD-006514,C00880,Sara Wilson | UAE | Plus,Office Supplies,360.77,2,2026-01-05,Retail Store,721.54,Sara Wilson,UAE,Plus,Sara Wilson,UAE,Abu Dhabi,Plus,Consumer,2026-03-29,both,Matched,True,False,False,False,0.0,False,False,False
ORD-006518,C01627,Ava Anderson | Singapore | Premium,Clothing,194.21,3,2025-01-04,Retail Store,582.63,Ava Anderson,Singapore,Premium,Ava Anderson,Singapore,Singapore,Premium,Small Business,2025-05-26,both,Matched,True,False,False,False,0.0,False,False,False
ORD-006519,C02074,Ava Green | United Kingdom | Basic,Clothing,398.43,5,2025-09-02,Mobile App,1992.15,Ava Green,United Kingdom,Basic,Ava Green,United Kingdom,Bristol,Basic,Consumer,2026-02-14,both,Matched,True,False,False,False,0.0,False,False,False
ORD-006521,C01218,Chloe Smith | UAE | Plus,Beauty,216.53,5,2025-08-04,Marketplace,1082.65,Chloe Smith,UAE,Plus,Chloe Smith,UAE,Abu Dhabi,Plus,Small Business,2025-09-28,both,Matched,True,False,False,False,0.0,False,False,False
ORD-006528,C01716,Alex Taylor | France | Premium,Electronic Goods,366.76,6,2025-04-10,Retail Store,2200.56,Alex Taylor,France,Premium,Alex Taylor,France,Nice,Premium,Enterprise,2025-08-07,both,Matched,True,False,False,False,0.0,False,False,False
ORD-006534,C01111,Yusuf Davis | Canada | Basic,Home & Kitchen,257.35,6,2025-03-11,Retail Store,1544.1,Yusuf Davis,Canada,Basic,Yusuf Davis,Canada,Calgary,Basic,Consumer,2025-10-03,both,Matched,True,False,False,False,-2.2737367544323206e-13,False,False,False
ORD-006536,C01663,Ella Clark | Canada | Premium,Home & Kitchen,276.68,5,2025-03-03,Retail Store,1383.4,Ella Clark,Canada,Premium,Ella Clark,Canada,,Premium,,,left_only,Not Found,False,False,False,False,0.0,False,False,True
ORD-006544,C00014,Chloe Ahmed | Germany | Plus,Books,66.84,4,,Website,267.36,Chloe Ahmed,Germany,Plus,Chloe Ahmed,Germany,Munich,Plus,Consumer,2025-07-28,both,Matched,False,False,False,False,0.0,False,True,False
ORD-006545,C01781,Alex King | United Kingdom | Premium,Home & Kitchen,333.48,6,2025-03-11,Retail Store,2000.88,Alex King,United Kingdom,Premium,Alex King,United Kingdom,,Premium,,,left_only,Not Found,False,False,False,False,0.0,False,False,True
ORD-006552,C00638,Sophia Taylor | UAE | Plus,Home & Kitchen,408.8,6,2025-08-06,Retail Store,2452.8,Sophia Taylor,UAE,Plus,Sophia Taylor,UAE,Sharjah,Plus,Small Business,2026-01-29,both,Matched,True,False,False,False,0.0,False,False,False
ORD-006553,C00848,Chloe Hall | Singapore | Premium,Electronics,32.5,4,2025-08-29,Mobile App,130.0,Chloe Hall,Singapore,Premium,Chloe Hall,Singapore,Singapore,Premium,Consumer,2025-12-03,both,Matched,True,False,False,False,0.0,False,False,False
ORD-006557,C00026,Isla Adams | France | Premium,Sports,382.98,3,2025-03-23,Mobile App,1148.94,Isla Adams,France,Premium,Isla Adams,France,,Premium,,,left_only,Not Found,False,False,False,False,0.0,False,False,True
ORD-006558,C00970,Maya Green | United States | Basic,Electronics,562.93,5,2025-09-18,Marketplace,2814.65,Maya Green,United States,Basic,Maya Green,United States,New York,Basic,Small Business,2025-12-23,both,Matched,True,False,False,False,4.547473508864641e-13,False,False,False
ORD-006561,C00374,Ethan Wright | Singapore | Basic,Sports,137.7,6,2025-12-26,Marketplace,826.2,Ethan Wright,Singapore,Basic,Ethan Wright,Singapore,Singapore,Basic,Consumer,2026-02-09,both,Matched,True,False,False,False,1.1368683772161603e-13,False,False,False
ORD-006567,C00426,Liam Khan | Singapore | Basic,Electronics,146.31,5,2025-02-20,Retail Store,731.55,Liam Khan,Singapore,Basic,Liam Khan,Singapore,Singapore,Basic,Small Business,2025-06-22,both,Matched,True,False,False,False,0.0,False,False,False
ORD-006572,C00735,Omar Lee | United Kingdom | Basic,Sports,332.28,3,2025-01-09,Marketplace,996.84,Omar Lee,United Kingdom,Basic,Omar Lee,United Kingdom,Manchester,Basic,Consumer,2025-07-21,both,Matched,True,False,False,False,1.1368683772161603e-13,False,False,False
ORD-006579,C01585,Emma Taylor | Canada | Plus,Sports,423.48,2,2025-04-21,Marketplace,846.96,Emma Taylor,Canada,Plus,Emma Taylor,Canada,Vancouver,Plus,Enterprise,2025-09-26,both,Matched,True,False,False,False,0.0,False,False,False
ORD-006584,C00294,Layla Garcia | Singapore | Plus,Office Supplies,250.24,5,2025-03-30,Marketplace,1251.2,Layla Garcia,Singapore,Plus,Layla Garcia,Singapore,,Plus,,,left_only,Not Found,False,False,False,False,0.0,False,False,True
ORD-006592,C01650,James Lee | Canada | Basic,Beauty,518.86,2,2025-01-13,Website,1037.72,James Lee,Canada,Basic,James Lee,Canada,Calgary,Basic,Consumer,2025-08-02,both,Matched,True,False,False,False,0.0,False,False,False
ORD-006596,C02321,Isla Moore | UAE | Basic,Office Supplies,224.18,3,2025-01-31,Website,672.54,Isla Moore,UAE,Basic,Isla Moore,UAE,,Basic,,,left_only,Not Found,False,False,False,False,0.0,False,False,True
ORD-006597,C02847,Mia Wright | Canada | Basic,Sports,562.78,3,2025-08-21,Website,1688.34,Mia Wright,Canada,Basic,Mia Wright,Canada,Vancouver,Basic,Consumer,2025-09-04,both,Matched,True,False,False,False,0.0,False,False,False
ORD-006604,C02124,Nora Young | Germany | Plus,Toys,118.64,5,2025-06-18,Retail Store,593.2,Nora Young,Germany,Plus,Nora Young,Germany,Hamburg,Plus,Consumer,2025-12-21,both,Matched,True,False,False,False,0.0,False,False,False
ORD-006609,C01700,Lucas Clark | United Kingdom | Basic,Sports,176.57,5,2025-08-27,Marketplace,882.85,Lucas Clark,United Kingdom,Basic,Lucas Clark,United Kingdom,London,Basic,Small Business,2026-01-03,both,Matched,True,False,False,False,1.1368683772161603e-13,False,False,False
ORD-006617,C02720,Maya Carter | United States | Plus,Electronics,168.44,1,2025-12-11,Retail Store,168.44,Maya Carter,United States,Plus,Maya Carter,United States,,Plus,,,left_only,Not Found,False,False,False,False,0.0,False,False,True
ORD-006620,C01066,Emma Lewis | Singapore | Premium,Books,189.16,1,2025-03-11,Website,189.16,Emma Lewis,Singapore,Premium,Emma Lewis,Singapore,Singapore,Premium,Small Business,2025-11-23,both,Matched,True,False,False,False,0.0,False,False,False
ORD-006623,C02815,Lina Wilson | Singapore | Basic,Office Supplies,371.29,5,,Retail Store,1856.45,Lina Wilson,Singapore,Basic,Lina Wilson,Singapore,Singapore,Basic,Consumer,2023-10-09,both,Matched,False,False,False,False,0.0,False,True,False
ORD-006626,C02048,Amelia Taylor | Australia | Premium,Sprots,163.83,6,2025-03-14,Website,982.98,Amelia Taylor,Australia,Premium,Amelia Taylor,Australia,Brisbane,Premium,Small Business,2026-02-21,both,Matched,True,False,False,False,0.0,False,False,False
ORD-006631,C01497,Emma Wright | Singapore | Plus,Books,480.76,4,2026-06-18,Marketplace,1923.04,Emma Wright,Singapore,Plus,Emma Wright,Singapore,,Plus,,,left_only,Not Found,False,False,False,False,0.0,False,False,True
ORD-006633,C01175,Ava Garcia | UAE | Basic,Beauty,350.07,2,2025-06-02,Mobile App,700.14,Ava Garcia,UAE,Basic,Ava Garcia,UAE,,Basic,,,left_only,Not Found,False,False,False,False,0.0,False,False,True
ORD-006634,C01245,Mia Miller | United States | Basic,Sports,629.87,1,2025-06-29,Marketplace,629.87,Mia Miller,United States,Basic,Mia Miller,United States,New York,Basic,Consumer,2025-11-16,both,Matched,True,False,False,False,0.0,False,False,False
ORD-006635,C00789,Sophia Hall | Germany | Plus,Electronic Goods,592.4,2,,Mobile App,1184.8,Sophia Hall,Germany,Plus,Sophia Hall,Germany,Berlin,Plus,Consumer,2024-12-17,both,Matched,False,False,False,False,0.0,False,True,False
ORD-006636,C02704,Isla Baker | United Kingdom | Premium,Books,362.27,5,2025-10-31,Website,1811.35,Isla Baker,United Kingdom,Premium,Isla Baker,United Kingdom,,Premium,,,left_only,Not Found,False,False,False,False,0.0,False,False,True
ORD-006637,C02342,Ryan Adams | UAE | Premium,Toys,210.86,4,2025-08-17,Marketplace,843.44,Ryan Adams,UAE,Premium,Ryan Adams,UAE,,Premium,,,left_only,Not Found,False,False,False,False,0.0,False,False,True
ORD-006640,C01352,Liam Green | Australia | Basic,Toys,103.96,2,2026-05-23,Website,207.92,Liam Green,Australia,Basic,Liam Green,Australia,,Basic,,,left_only,Not Found,False,False,False,False,0.0,False,False,True
ORD-006646,C00162,James Taylor | Singapore | Plus,Toys,336.31,1,2025-11-22,Retail Store,336.31,James Taylor,Singapore,Plus,James Taylor,Singapore,Singapore,Plus,Small Business,2026-04-12,both,Matched,True,False,False,False,0.0,False,False,False
ORD-006647,C00225,Yusuf Walker | Singapore | Plus,Books,269.35,2,2025-01-02,Retail Store,538.7,Yusuf Walker,Singapore,Plus,Yusuf Walker,Singapore,Singapore,Plus,Consumer,2025-08-18,both,Matched,True,False,False,False,0.0,False,False,False
ORD-006663,C00781,Maya Garcia | France | Basic,Toys,423.92,2,2025-07-29,Retail Store,847.84,Maya Garcia,France,Basic,Maya Garcia,France,Paris,Basic,Consumer,2026-01-10,both,Matched,True,False,False,False,0.0,False,False,False
ORD-006674,C01403,Lucas Walker | United States | Plus,Books,493.48,5,2026-02-22,Website,2467.4,Lucas Walker,United States,Plus,Lucas Walker,United States,Seattle,Plus,Consumer,2026-03-27,both,Matched,True,False,False,False,0.0,False,False,False
ORD-006675,C01190,Ryan Anderson | Canada | Basic,Clothing,399.33,6,2025-07-10,Retail Store,2395.98,Ryan Anderson,Canada,Basic,Ryan Anderson,Canada,Calgary,Basic,Small Business,2025-09-28,both,Matched,True,False,False,False,0.0,False,False,False
ORD-006677,C01234,Omar Miller | United States | Premium,Office Supplies,101.04,4,2025-05-07,Mobile App,404.16,Omar Miller,United States,Premium,Omar Miller,United States,Seattle,Premium,Consumer,2025-08-27,both,Matched,True,False,False,False,0.0,False,False,False
ORD-006681,C02918,Layla Carter | Singapore | Plus,Beauty,330.92,1,2025-06-06,Website,330.92,Layla Carter,Singapore,Plus,Layla Carter,Singapore,Singapore,Plus,Consumer,2025-06-07,both,Matched,True,False,False,False,0.0,False,False,False
ORD-006682,C02633,James Miller | France | Basic,Clothing,402.23,3,2025-01-10,Mobile App,1206.69,James Miller,France,Basic,James Miller,France,Bordeaux,Basic,Consumer,2026-04-10,both,Matched,True,False,False,False,0.0,False,False,False
ORD-006686,C02812,Lucas Khan | United Kingdom | Plus,Electronics,213.21,3,2025-10-04,Website,639.63,Lucas Khan,United Kingdom,Plus,Lucas Khan,United Kingdom,Manchester,Plus,Enterprise,2025-11-15,both,Matched,True,False,False,False,0.0,False,False,False
ORD-006690,C00015,Mia Lewis | UAE | Plus,Books,536.65,3,2025-12-16,Website,1609.95,Mia Lewis,UAE,Plus,Mia Lewis,UAE,Dubai,Plus,Consumer,2026-04-12,both,Matched,True,False,False,False,2.2737367544323206e-13,False,False,False
ORD-006692,C00276,Emma Wilson | Germany | Basic,Toys,541.97,5,2026-06-03,Website,2709.85,Emma Wilson,Germany,Basic,Emma Wilson,Germany,,Basic,,,left_only,Not Found,False,False,False,False,-4.547473508864641e-13,False,False,True
ORD-006693,C00055,Chloe Young | Australia | Plus,Clothing,495.16,5,2025-12-23,Website,2475.8,Chloe Young,Australia,Plus,Chloe Young,Australia,Melbourne,Plus,Consumer,2026-02-20,both,Matched,True,False,False,False,0.0,False,False,False
ORD-006697,C00199,Ava Taylor | United States | Plus,Books,137.61,2,2025-02-11,Website,275.22,Ava Taylor,United States,Plus,Ava Taylor,United States,Chicago,Plus,Consumer,2025-02-17,both,Matched,True,False,False,False,0.0,False,False,False
ORD-006701,C00609,Lina Miller | Canada | Plus,Clothing,175.87,4,2025-04-14,Retail Store,703.48,Lina Miller,Canada,Plus,Lina Miller,Canada,,Plus,,,left_only,Not Found,False,False,False,False,0.0,False,False,True
ORD-006706,C02395,Sara Mitchell | United States | Premium,Toys,207.44,2,2025-07-25,Retail Store,414.88,Sara Mitchell,United States,Premium,Sara Mitchell,United States,Chicago,Premium,Consumer,2026-02-05,both,Matched,True,False,False,False,0.0,False,False,False
ORD-006710,C00229,James Thomas | United Kingdom | Basic,Home & Kitchen,617.06,0,2026-03-12,Retail Store,2468.24,James Thomas,United Kingdom,Basic,James Thomas,United Kingdom,London,Basic,Small Business,2024-07-12,both,Matched,False,False,True,True,2468.24,False,False,False
ORD-006720,C01873,Sara Johnson | Canada | Basic,Sprots,250.28,1,2025-02-15,Retail Store,250.28,Sara Johnson,Canada,Basic,Sara Johnson,Canada,Ottawa,Basic,Small Business,2025-07-11,both,Matched,True,False,False,False,0.0,False,False,False
ORD-006721,C00651,Sara Adams | UAE | Basic,Office Supplies,603.14,2,2025-07-19,Retail Store,1206.28,Sara Adams,UAE,Basic,Sara Adams,UAE,Abu Dhabi,Basic,Consumer,2026-03-04,both,Matched,True,False,False,False,0.0,False,False,False
ORD-006727,C01732,Ryan Carter | United States | Plus,Home & Kitchen,416.34,5,2025-01-27,Marketplace,2081.7,Ryan Carter,United States,Plus,Ryan Carter,United States,New York,Plus,Small Business,2025-11-12,both,Matched,True,False,False,False,0.0,False,False,False
ORD-006731,C02652,Henry Green | UAE | Premium,Electronics,63.18,3,2026-07-03,Mobile App,189.54,Henry Green,UAE,Premium,Henry Green,UAE,,Premium,,,left_only,Not Found,False,False,False,False,0.0,False,False,True
ORD-006733,C02531,Ella Young | United States | Basic,Clothing,63.05,5,2025-02-13,Mobile App,315.25,Ella Young,United States,Basic,Ella Young,United States,Seattle,Basic,Enterprise,2025-05-27,both,Matched,True,False,False,False,0.0,False,False,False
ORD-006734,C00056,Chloe Moore | France | Premium,Office Supplies,254.8,5,2026-07-23,Website,1274.0,Chloe Moore,France,Premium,Chloe Moore,France,,Premium,,,left_only,Not Found,False,False,False,False,0.0,False,False,True
ORD-006742,C01386,Lina Thomas | Australia | Basic,Books,448.43,3,2025-12-11,Website,1345.29,Lina Thomas,Australia,Basic,Lina Thomas,Australia,Perth,Basic,Consumer,2026-04-03,both,Matched,True,False,False,False,0.0,False,False,False
ORD-006746,C00193,Nora Hall | UAE | Basic,Clothing,596.42,5,2026-02-26,Mobile App,2982.1,Nora Hall,UAE,Basic,Nora Hall,UAE,Abu Dhabi,Basic,Consumer,2026-03-08,both,Matched,True,False,False,False,0.0,False,False,False
ORD-006749,C00163,Emma Davis | Germany | Plus,Electronic Goods,442.26,3,2025-09-06,Marketplace,1326.78,Emma Davis,Germany,Plus,Emma Davis,Germany,Berlin,Plus,Consumer,2026-02-23,both,Matched,True,False,False,False,0.0,False,False,False
ORD-006751,C02978,Maya Davis | United States | Plus,Clothing,555.55,1,2025-09-26,Mobile App,555.55,Maya Davis,United States,Plus,Maya Davis,United States,Seattle,Plus,Small Business,2026-01-04,both,Matched,True,False,False,False,0.0,False,False,False
ORD-006756,C00489,Ryan Carter | United States | Premium,Electronics,383.07,6,2025-02-26,Retail Store,2298.42,Ryan Carter,United States,Premium,Ryan Carter,United States,Seattle,Premium,Consumer,2026-02-27,both,Matched,True,False,False,False,0.0,False,False,False
ORD-006757,C00122,Lina King | Canada | Basic,Electronic Goods,378.32,6,2025-02-11,Retail Store,2269.92,Lina King,Canada,Basic,Lina King,Canada,Ottawa,Basic,Consumer,2025-06-03,both,Matched,True,False,False,False,0.0,False,False,False
ORD-006760,C02664,Amelia Carter | Germany | Premium,Toys,19.64,4,2025-03-25,Website,78.56,Amelia Carter,Germany,Premium,Amelia Carter,Germany,Hamburg,Premium,Consumer,2025-10-17,both,Matched,True,False,False,False,0.0,False,False,False
ORD-006776,C01427,Henry Mitchell | United States | Premium,Books,548.45,4,2025-09-28,Mobile App,2193.8,Henry Mitchell,United States,Premium,Henry Mitchell,United States,Chicago,Premium,Small Business,2025-12-08,both,Matched,True,False,False,False,0.0,False,False,False
ORD-006779,C01540,Noah Thomas | Germany | Premium,Office Supplies,510.9,4,2025-01-30,Marketplace,2043.6,Noah Thomas,Germany,Premium,Noah Thomas,Germany,,Premium,,,left_only,Not Found,False,False,False,False,0.0,False,False,True
ORD-006786,C02343,Isla Johnson | United States | Plus,Beauty,375.71,5,2025-04-11,Website,1878.55,Isla Johnson,United States,Plus,Isla Johnson,United States,Austin,Plus,Consumer,2025-07-07,both,Matched,True,False,False,False,0.0,False,False,False
ORD-006789,C01066,Emma Lewis | Singapore | Premium,Home & Kitchen,441.59,5,2025-11-16,Website,2207.95,Emma Lewis,Singapore,Premium,Emma Lewis,Singapore,Singapore,Premium,Small Business,2025-11-23,both,Matched,True,False,False,False,0.0,False,False,False
ORD-006790,C00123,Jack Hall | Canada | Basic,Clothing,572.71,2,2026-02-26,Mobile App,1145.42,Jack Hall,Canada,Basic,Jack Hall,Canada,Toronto,Basic,Enterprise,2026-03-24,both,Matched,True,False,False,False,0.0,False,False,False
ORD-006795,C02301,Amelia Taylor | Germany | Basic,Toys,317.5,3,2026-06-04,Marketplace,952.5,Amelia Taylor,Germany,Basic,Amelia Taylor,Germany,,Basic,,,left_only,Not Found,False,False,False,False,0.0,False,False,True
ORD-006799,C00047,Ryan Young | United Kingdom | Basic,Beauty,397.56,6,2025-01-21,Marketplace,2385.36,Ryan Young,United Kingdom,Basic,Ryan Young,United Kingdom,Manchester,Basic,Consumer,2026-01-17,both,Matched,True,False,False,False,0.0,False,False,False
ORD-006800,C01826,Layla Thomas | United States | Basic,Sports,512.92,4,2025-07-07,Mobile App,2051.68,Layla Thomas,United States,Basic,Layla Thomas,United States,Seattle,Basic,Consumer,2025-09-07,both,Matched,True,False,False,False,0.0,False,False,False
ORD-006807,C02812,Lucas Khan | United Kingdom | Plus,Books,447.14,6,2025-02-07,Mobile App,2682.84,Lucas Khan,United Kingdom,Plus,Lucas Khan,United Kingdom,Manchester,Plus,Enterprise,2025-11-15,both,Matched,True,False,False,False,0.0,False,False,False
ORD-006816,C01174,Layla Nelson | Canada | Basic,Electronic Goods,22.85,2,2025-10-31,Mobile App,45.7,Layla Nelson,Canada,Basic,Layla Nelson,Canada,Vancouver,Basic,Consumer,2025-12-03,both,Matched,True,False,False,False,0.0,False,False,False
ORD-006817,C01916,Leo Miller | France | Basic,Sports,77.63,5,2025-05-11,Website,388.15,Leo Miller,France,Basic,Leo Miller,France,Paris,Basic,Small Business,2025-11-13,both,Matched,True,False,False,False,0.0,False,False,False
ORD-006820,C01283,Ava Clark | France | Plus,Beauty,294.93,5,2025-02-06,Website,1474.65,Ava Clark,France,Plus,Ava Clark,France,Bordeaux,Plus,Consumer,2026-01-06,both,Matched,True,False,False,False,0.0,False,False,False
ORD-006834,C00725,Amelia Johnson | Germany | Premium,Home & Kitchen,539.8,1,2025-09-22,Retail Store,539.8,Amelia Johnson,Germany,Premium,Amelia Johnson,Germany,Hamburg,Premium,Consumer,2026-01-12,both,Matched,True,False,False,False,0.0,False,False,False
ORD-006857,C00003,Layla Mitchell | United States | Plus,Books,489.93,3,2025-11-08,Marketplace,1469.79,Layla Mitchell,United States,Plus,Layla Mitchell,United States,,Plus,,,left_only,Not Found,False,False,False,False,0.0,False,False,True
ORD-006861,C00670,Ella Smith | France | Basic,Beauty,209.55,5,2025-03-16,Marketplace,1047.75,Ella Smith,France,Basic,Ella Smith,France,Bordeaux,Basic,Consumer,2025-12-21,both,Matched,True,False,False,False,0.0,False,False,False
ORD-006865,C02081,Liam Young | UAE | Plus,Clothing,398.94,6,2025-01-23,Retail Store,2393.64,Liam Young,UAE,Plus,Liam Young,UAE,Sharjah,Plus,Small Business,2025-10-16,both,Matched,True,False,False,False,0.0,False,False,False
ORD-006869,C02950,Maya Anderson | United States | Premium,Sports,196.73,1,2025-11-04,Retail Store,196.73,Maya Anderson,United States,Premium,Maya Anderson,United States,,Premium,,,left_only,Not Found,False,False,False,False,0.0,False,False,True
ORD-006871,C01366,Lina Wilson | United States | Basic,Books,496.67,4,2025-09-06,Marketplace,1986.68,Lina Wilson,United States,Basic,Lina Wilson,United States,Austin,Basic,Consumer,2026-01-28,both,Matched,True,False,False,False,0.0,False,False,False
ORD-006873,C02691,Alex Hassan | United States | Plus,Clothing,71.15,5,2025-04-18,Marketplace,355.75,Alex Hassan,United States,Plus,Alex Hassan,United States,,Plus,,,left_only,Not Found,False,False,False,False,0.0,False,False,True
ORD-006874,C01003,Jack Anderson | France | Premium,Office Supplies,303.84,1,2025-09-26,Website,303.84,Jack Anderson,France,Premium,Jack Anderson,France,,Premium,,,left_only,Not Found,False,False,False,False,0.0,False,False,True
ORD-006876,C02788,Amelia Taylor | Singapore | Basic,Home & Kitchen,214.62,3,2025-03-07,Retail Store,643.86,Amelia Taylor,Singapore,Basic,Amelia Taylor,Singapore,Singapore,Basic,Consumer,2026-02-18,both,Matched,True,False,False,False,0.0,False,False,False
ORD-006885,C02000,Mia Hall | Germany | Basic,Beauty,161.96,5,2025-03-28,Marketplace,809.8,Mia Hall,Germany,Basic,Mia Hall,Germany,Berlin,Basic,Small Business,2026-03-15,both,Matched,True,False,False,False,-1.1368683772161603e-13,False,False,False
ORD-006887,C02445,Sophia Ahmed | Canada | Premium,Toys,449.0,5,2025-06-30,Retail Store,2245.0,Sophia Ahmed,Canada,Premium,Sophia Ahmed,Canada,Ottawa,Premium,Consumer,2025-09-10,both,Matched,True,False,False,False,0.0,False,False,False
ORD-006892,C00072,Henry Walker | Australia | Basic,Clothes,548.45,2,2025-05-22,Retail Store,1096.9,Henry Walker,Australia,Basic,Henry Walker,Australia,Melbourne,Basic,Consumer,2025-08-31,both,Matched,True,False,False,False,0.0,False,False,False
ORD-006894,C01002,Alex Green | Canada | Plus,Electronics,345.64,5,2025-03-04,Website,1728.2,Alex Green,Canada,Plus,Alex Green,Canada,Vancouver,Plus,Enterprise,2025-05-18,both,Matched,True,False,False,False,2.2737367544323206e-13,False,False,False
ORD-006895,C02580,Emma Taylor | Australia | Basic,Beauty,177.06,2,2025-07-23,Retail Store,354.12,Emma Taylor,Australia,Basic,Emma Taylor,Australia,Melbourne,Basic,Small Business,2026-01-21,both,Matched,True,False,False,False,0.0,False,False,False
ORD-006897,C02617,Ethan Nelson | Germany | Basic,Books,473.58,1,2025-02-22,Website,473.58,Ethan Nelson,Germany,Basic,Ethan Nelson,Germany,Frankfurt,Basic,Enterprise,2025-03-07,both,Matched,True,False,False,False,0.0,False,False,False
ORD-006904,C00441,Chloe Smith | Germany | Basic,Home & Kitchen,78.71,3,2025-05-06,Marketplace,236.13,Chloe Smith,Germany,Basic,Chloe Smith,Germany,Hamburg,Basic,Small Business,2026-03-10,both,Matched,True,False,False,False,0.0,False,False,False
ORD-006908,C00758,Ava Wright | Germany | Basic,Books,402.07,4,2025-02-27,Marketplace,1608.28,Ava Wright,Germany,Basic,Ava Wright,Germany,,Basic,,,left_only,Not Found,False,False,False,False,0.0,False,False,True
ORD-006910,C01383,Lina Hassan | United States | Premium,Electronic Goods,554.01,5,2026-05-11,Mobile App,2770.05,Lina Hassan,United States,Premium,Lina Hassan,United States,,Premium,,,left_only,Not Found,False,False,False,False,0.0,False,False,True
ORD-006912,C02584,Ella Taylor | France | Plus,Clothing,332.6,3,2025-03-16,Website,997.8,Ella Taylor,France,Plus,Ella Taylor,France,Bordeaux,Plus,Enterprise,2025-08-06,both,Matched,True,False,False,False,-1.1368683772161603e-13,False,False,False
ORD-006913,C02234,Ella Baker | UAE | Plus,Clothing,62.03,4,2025-01-24,Retail Store,248.12,Ella Baker,UAE,Plus,Ella Baker,UAE,Abu Dhabi,Plus,Consumer,2026-02-02,both,Matched,True,False,False,False,0.0,False,False,False
ORD-006919,C01757,Ryan Clark | Canada | Basic,Electronics,211.57,5,2025-09-24,Retail Store,1057.85,Ryan Clark,Canada,Basic,Ryan Clark,Canada,Vancouver,Basic,Consumer,2025-11-07,both,Matched,True,False,False,False,0.0,False,False,False
ORD-006922,C01683,Adam Garcia | France | Basic,Beauty,273.54,2,2025-08-10,Marketplace,547.08,Adam Garcia,France,Basic,Adam Garcia,France,Paris,Basic,Small Business,2025-12-17,both,Matched,True,False,False,False,0.0,False,False,False
ORD-006926,C02185,Ryan Moore | Germany | Plus,Toys,22.49,4,2025-03-24,Mobile App,89.96,Ryan Moore,Germany,Plus,Ryan Moore,Germany,Frankfurt,Plus,Consumer,2026-03-28,both,Matched,True,False,False,False,0.0,False,False,False
ORD-006929,C02342,Ryan Adams | UAE | Premium,Sports,600.3,1,2026-04-07,Retail Store,600.3,Ryan Adams,UAE,Premium,Ryan Adams,UAE,,Premium,,,left_only,Not Found,False,False,False,False,0.0,False,False,True
ORD-006930,C00577,Amelia Moore | UAE | Plus,Clothing,531.56,1,2025-02-23,Website,531.56,Amelia Moore,UAE,Plus,Amelia Moore,UAE,Sharjah,Plus,Consumer,2025-06-15,both,Matched,True,False,False,False,0.0,False,False,False
ORD-006933,C02118,Ryan Hassan | Australia | Plus,Electronics,530.81,0,2026-01-14,Mobile App,1061.62,Ryan Hassan,Australia,Plus,Ryan Hassan,Australia,Perth,Plus,Consumer,2025-07-20,both,Matched,False,False,True,True,1061.62,False,False,False
ORD-006936,C00495,Zoe Taylor | Germany | Basic,Toys,326.06,1,2025-05-20,Mobile App,326.06,Zoe Taylor,Germany,Basic,Zoe Taylor,Germany,Hamburg,Basic,Enterprise,2025-06-13,both,Matched,True,False,False,False,0.0,False,False,False
ORD-006942,C00406,James Martin | Singapore | Basic,Clothing,590.62,6,2025-01-11,Retail Store,3543.72,James Martin,Singapore,Basic,James Martin,Singapore,Singapore,Basic,Consumer,2025-07-12,both,Matched,True,False,False,False,-4.547473508864641e-13,False,False,False
ORD-006948,C01787,Maya King | UAE | Premium,Office Supplies,610.28,3,2026-06-12,Retail Store,1870.84,Maya King,UAE,Premium,Maya King,UAE,Sharjah,Premium,Small Business,2023-06-06,both,Matched,False,False,False,True,40.0,False,False,False
ORD-006950,C02592,Daniel Ahmed | United States | Premium,Clothing,570.69,1,2025-03-22,Retail Store,570.69,Daniel Ahmed,United States,Premium,Daniel Ahmed,United States,Chicago,Premium,Consumer,2025-04-09,both,Matched,True,False,False,False,0.0,False,False,False
ORD-006960,C00444,Layla Walker | France | Plus,Office Supplies,250.31,4,2025-09-10,Marketplace,1001.24,Layla Walker,France,Plus,Layla Walker,France,Bordeaux,Plus,Consumer,2026-01-03,both,Matched,True,False,False,False,0.0,False,False,False
ORD-006966,C02192,Mia Miller | Canada | Basic,Office Supplies,252.66,6,2025-04-09,Mobile App,1515.96,Mia Miller,Canada,Basic,Mia Miller,Canada,Calgary,Basic,Consumer,2026-01-03,both,Matched,True,False,False,False,0.0,False,False,False
ORD-006973,C01700,Lucas Clark | United Kingdom | Basic,Office Supplies,536.54,2,2025-06-15,Marketplace,1073.08,Lucas Clark,United Kingdom,Basic,Lucas Clark,United Kingdom,London,Basic,Small Business,2026-01-03,both,Matched,True,False,False,False,0.0,False,False,False
ORD-006975,C02741,Ella Lee | France | Basic,Beauty,622.9,2,2025-03-08,Website,1245.8,Ella Lee,France,Basic,Ella Lee,France,,Basic,,,left_only,Not Found,False,False,False,False,0.0,False,False,True
ORD-006977,C02055,Mia Smith | Canada | Premium,Beauty,319.59,4,2025-06-30,Mobile App,1278.36,Mia Smith,Canada,Premium,Mia Smith,Canada,Vancouver,Premium,Small Business,2025-09-16,both,Matched,True,False,False,False,0.0,False,False,False
ORD-006981,C01747,Lucas Ahmed | Canada | Basic,Office Supplies,322.55,3,2025-06-23,Marketplace,967.65,Lucas Ahmed,Canada,Basic,Lucas Ahmed,Canada,,Basic,,,left_only,Not Found,False,False,False,False,-1.1368683772161603e-13,False,False,True
ORD-006983,C02317,Isla Young | Canada | Basic,Toys,108.58,4,2026-04-13,Retail Store,434.32,Isla Young,Canada,Basic,Isla Young,Canada,Ottawa,Basic,Consumer,2026-04-14,both,Matched,True,False,False,False,0.0,False,False,False
ORD-006989,C00150,Mia Clark | Singapore | Basic,Office Supplies,253.49,1,2025-02-13,Website,253.49,Mia Clark,Singapore,Basic,Mia Clark,Singapore,Singapore,Basic,Small Business,2025-08-10,both,Matched,True,False,False,False,0.0,False,False,False
ORD-006994,C01130,Leo Green | France | Premium,Toys,595.13,6,2025-04-29,Website,3570.78,Leo Green,France,Premium,Leo Green,France,,Premium,,,left_only,Not Found,False,False,False,False,4.547473508864641e-13,False,False,True
ORD-007009,C01545,Daniel Nelson | UAE | Basic,Office Supplies,186.91,5,2025-05-30,Marketplace,934.55,Daniel Nelson,UAE,Basic,Daniel Nelson,UAE,,Basic,,,left_only,Not Found,False,False,False,False,0.0,False,False,True
ORD-007013,C00615,Emma Johnson | France | Plus,Office Supplies,328.04,1,2025-12-29,Mobile App,328.04,Emma Johnson,France,Plus,Emma Johnson,France,Nice,Plus,Consumer,2026-04-11,both,Matched,True,False,False,False,0.0,False,False,False
ORD-007024,C02018,Maya Khan | Australia | Plus,Clothing,133.36,5,2025-03-20,Website,666.8,Maya Khan,Australia,Plus,Maya Khan,Australia,Melbourne,Plus,Enterprise,2025-05-18,both,Matched,True,False,False,False,-1.1368683772161603e-13,False,False,False
ORD-007027,C00144,Yusuf Ahmed | France | Premium,Clothing,67.64,4,2025-03-30,Mobile App,270.56,Yusuf Ahmed,France,Premium,Yusuf Ahmed,France,Paris,Premium,Small Business,2025-12-28,both,Matched,True,False,False,False,0.0,False,False,False
ORD-007031,C02711,Liam Clark | United States | Plus,Beauty,634.73,1,2026-04-12,Mobile App,634.73,Liam Clark,United States,Plus,Liam Clark,United States,,Plus,,,left_only,Not Found,False,False,False,False,0.0,False,False,True
ORD-007042,C00401,Ava Lee | Singapore | Basic,Toys,498.69,6,2025-03-17,Marketplace,2992.14,Ava Lee,Singapore,Basic,Ava Lee,Singapore,Singapore,Basic,Small Business,2025-12-16,both,Matched,True,False,False,False,0.0,False,False,False
ORD-007047,C02704,Isla Baker | United Kingdom | Premium,Sprots,136.78,1,2025-10-01,Retail Store,136.78,Isla Baker,United Kingdom,Premium,Isla Baker,United Kingdom,,Premium,,,left_only,Not Found,False,False,False,False,0.0,False,False,True
ORD-007048,C01005,Olivia Smith | France | Basic,Home & Kitchen,628.77,1,2025-08-06,Mobile App,628.77,Olivia Smith,France,Basic,Olivia Smith,France,Nice,Basic,Consumer,2026-03-09,both,Matched,True,False,False,False,0.0,False,False,False
ORD-007052,C00281,Leo Baker | Singapore | Plus,Beauty,68.22,6,2025-04-10,Marketplace,409.32,Leo Baker,Singapore,Plus,Leo Baker,Singapore,Singapore,Plus,Small Business,2025-06-01,both,Matched,True,False,False,False,0.0,False,False,False
ORD-007054,C02308,Nora Lee | Australia | Premium,Office Supplies,610.31,3,2025-06-08,Website,1830.93,Nora Lee,Australia,Premium,Nora Lee,Australia,Sydney,Premium,Consumer,2025-06-28,both,Matched,True,False,False,False,2.2737367544323206e-13,False,False,False
ORD-007058,C00880,Sara Wilson | UAE | Plus,Toys,113.15,2,2025-03-23,Marketplace,226.3,Sara Wilson,UAE,Plus,Sara Wilson,UAE,Abu Dhabi,Plus,Consumer,2026-03-29,both,Matched,True,False,False,False,0.0,False,False,False
ORD-007064,C00127,Ava Wright | Singapore | Plus,Office Supplies,105.16,2,2025-11-20,Retail Store,210.32,Ava Wright,Singapore,Plus,Ava Wright,Singapore,Singapore,Plus,Consumer,2026-01-31,both,Matched,True,False,False,False,0.0,False,False,False
ORD-007069,C00559,Amelia Johnson | Australia | Premium,Sports,429.35,2,2025-08-22,Marketplace,858.7,Amelia Johnson,Australia,Premium,Amelia Johnson,Australia,Brisbane,Premium,Small Business,2025-12-23,both,Matched,True,False,False,False,0.0,False,False,False
ORD-007072,C01794,Nora Clark | United States | Plus,Office Supplies,498.97,6,2025-04-21,Mobile App,2993.82,Nora Clark,United States,Plus,Nora Clark,United States,Chicago,Plus,Consumer,2025-09-03,both,Matched,True,False,False,False,0.0,False,False,False
ORD-007073,C01463,Noah Carter | United States | Plus,Home & Kitchen,201.4,2,2025-05-08,Website,402.8,Noah Carter,United States,Plus,Noah Carter,United States,Austin,Plus,Consumer,2025-12-26,both,Matched,True,False,False,False,0.0,False,False,False
ORD-007077,C02724,Alex Carter | Canada | Premium,Office Supplies,229.52,5,2025-04-16,Retail Store,1147.6,Alex Carter,Canada,Premium,Alex Carter,Canada,Ottawa,Premium,Consumer,2025-12-19,both,Matched,True,False,False,False,-2.2737367544323206e-13,False,False,False
ORD-007083,C00196,Sara Adams | United Kingdom | Basic,Home & Kitchen,255.75,6,2025-09-11,Marketplace,1534.5,Sara Adams,United Kingdom,Basic,Sara Adams,United Kingdom,Bristol,Basic,Consumer,2025-09-23,both,Matched,True,False,False,False,0.0,False,False,False
ORD-007085,C01179,Zoe Ahmed | Australia | Basic,Toys,620.95,2,2025-11-17,Mobile App,1241.9,Zoe Ahmed,Australia,Basic,Zoe Ahmed,Australia,Brisbane,Basic,Small Business,2026-03-19,both,Matched,True,False,False,False,0.0,False,False,False
ORD-007087,C01549,Layla Hassan | United States | Premium,Office Supplies,131.44,5,2025-02-14,Website,657.2,Layla Hassan,United States,Premium,Layla Hassan,United States,Chicago,Premium,Small Business,2025-07-09,both,Matched,True,False,False,False,0.0,False,False,False
ORD-007088,C00595,Noah Anderson | UAE | Basic,Electronics,130.14,3,2025-02-19,Retail Store,390.42,Noah Anderson,UAE,Basic,Noah Anderson,UAE,Abu Dhabi,Basic,Small Business,2025-04-18,both,Matched,True,False,False,False,5.684341886080802e-14,False,False,False
ORD-007094,C01110,Mia Baker | Canada | Premium,Toys,518.59,5,2025-02-03,Retail Store,2592.95,Mia Baker,Canada,Premium,Mia Baker,Canada,Calgary,Premium,Consumer,2024-06-23,both,Matched,False,True,False,False,-4.547473508864641e-13,False,False,False
ORD-007099,C01667,Nora Wright | France | Basic,Sports,312.57,6,2025-09-03,Mobile App,1875.42,Nora Wright,France,Basic,Nora Wright,France,Lyon,Basic,Consumer,2026-03-01,both,Matched,True,False,False,False,0.0,False,False,False
ORD-007101,C01762,Sam Wilson | Canada | Premium,Electronics,11.17,2,2026-05-21,Retail Store,22.34,Sam Wilson,Canada,Premium,Sam Wilson,Canada,,Premium,,,left_only,Not Found,False,False,False,False,0.0,False,False,True
ORD-007102,C00230,Nora Anderson | UAE | Basic,Beauty,412.25,1,2025-02-02,Retail Store,412.25,Nora Anderson,UAE,Basic,Nora Anderson,UAE,Abu Dhabi,Basic,Enterprise,2025-07-12,both,Matched,True,False,False,False,0.0,False,False,False
ORD-007105,C01839,Ethan Hall | United States | Plus,Electronics,421.27,4,2025-01-23,Website,1685.08,Ethan Hall,United States,Plus,Ethan Hall,United States,Austin,Plus,Consumer,2025-02-06,both,Matched,True,False,False,False,0.0,False,False,False
ORD-007110,C01248,Zoe Patel | UAE | Basic,Home & Kitchen,469.5,3,2025-02-14,Website,1408.5,Zoe Patel,UAE,Basic,Zoe Patel,UAE,Dubai,Basic,Small Business,2026-02-19,both,Matched,True,False,False,False,0.0,False,False,False
ORD-007113,C01006,Sara Thomas | UAE | Basic,Sports,194.78,2,2025-06-26,Website,389.56,Sara Thomas,UAE,Basic,Sara Thomas,UAE,Dubai,Basic,Consumer,2026-02-08,both,Matched,True,False,False,False,0.0,False,False,False
ORD-007118,C02831,Omar Wright | France | Basic,Books,427.58,4,2025-01-30,Retail Store,1710.32,Omar Wright,France,Basic,Omar Wright,France,Bordeaux,Basic,Consumer,2025-03-15,both,Matched,True,False,False,False,0.0,False,False,False
ORD-007125,C01398,Ethan King | United States | Plus,Toys,287.9,3,2025-05-18,Marketplace,863.7,Ethan King,United States,Plus,Ethan King,United States,Chicago,Plus,Consumer,2025-12-21,both,Matched,True,False,False,False,1.1368683772161603e-13,False,False,False
ORD-007137,C00549,Ethan Walker | United Kingdom | Basic,Beauty,85.65,2,2025-03-09,Marketplace,171.3,Ethan Walker,United Kingdom,Basic,Ethan Walker,United Kingdom,Leeds,Basic,Consumer,2026-02-18,both,Matched,True,False,False,False,0.0,False,False,False
ORD-007141,C01270,Isla Nelson | United Kingdom | Plus,Sports,588.68,2,2025-10-11,Marketplace,1177.36,Isla Nelson,United Kingdom,Plus,Isla Nelson,United Kingdom,Manchester,Plus,Consumer,2025-11-28,both,Matched,True,False,False,False,0.0,False,False,False
ORD-007143,C02852,Daniel Davis | United States | Premium,Books,289.05,1,2025-03-24,Marketplace,289.05,Daniel Davis,United States,Premium,Daniel Davis,United States,New York,Premium,Consumer,2025-03-28,both,Matched,True,False,False,False,0.0,False,False,False
ORD-007145,C00026,Isla Adams | France | Premium,Beauty,350.05,1,2026-05-13,Website,350.05,Isla Adams,France,Premium,Isla Adams,France,,Premium,,,left_only,Not Found,False,False,False,False,0.0,False,False,True
ORD-007149,C02353,Yusuf Hassan | Germany | Premium,Office Supplies,422.34,6,2025-02-02,Retail Store,2534.04,Yusuf Hassan,Germany,Premium,Yusuf Hassan,Germany,Frankfurt,Premium,Consumer,2026-02-17,both,Matched,True,False,False,False,0.0,False,False,False
ORD-007152,C00956,Zoe Baker | United States | Basic,Books,39.74,1,2025-06-03,Retail Store,39.74,Zoe Baker,United States,Basic,Zoe Baker,United States,Chicago,Basic,Enterprise,2025-07-20,both,Matched,True,False,False,False,0.0,False,False,False
ORD-007160,C00478,Liam Johnson | Singapore | Basic,Clothing,39.27,6,2025-01-21,Mobile App,235.62,Liam Johnson,Singapore,Basic,Liam Johnson,Singapore,Singapore,Basic,Consumer,2025-03-19,both,Matched,True,False,False,False,0.0,False,False,False
ORD-007162,C01318,Sara Mitchell | Singapore | Plus,Clothes,580.15,4,2025-12-11,Marketplace,2320.6,Sara Mitchell,Singapore,Plus,Sara Mitchell,Singapore,Singapore,Plus,Small Business,2026-03-11,both,Matched,True,False,False,False,0.0,False,False,False
ORD-007164,C01285,Zoe Khan | France | Basic,Home & Kitchen,635.06,4,2025-08-24,Retail Store,2540.24,Zoe Khan,France,Basic,Zoe Khan,France,Bordeaux,Basic,Consumer,2025-12-30,both,Matched,True,False,False,False,0.0,False,False,False
ORD-007165,C00609,Lina Miller | Canada | Plus,Office Supplies,520.56,5,2025-01-30,Retail Store,2602.8,Lina Miller,Canada,Plus,Lina Miller,Canada,,Plus,,,left_only,Not Found,False,False,False,False,4.547473508864641e-13,False,False,True
ORD-007170,C01863,Emma Garcia | Germany | Plus,Office Supplies,43.91,1,2025-04-05,Mobile App,43.91,Emma Garcia,Germany,Plus,Emma Garcia,Germany,Hamburg,Plus,Small Business,2025-05-19,both,Matched,True,False,False,False,0.0,False,False,False
ORD-007173,C01024,Olivia Wright | United Kingdom | Basic,Clothing,358.84,4,2025-04-27,Retail Store,1435.36,Olivia Wright,United Kingdom,Basic,Olivia Wright,United Kingdom,London,Basic,Consumer,2025-06-02,both,Matched,True,False,False,False,0.0,False,False,False
ORD-007181,C01120,Nora Khan | Canada | Basic,Home & Kitchen,232.18,3,2025-04-11,Retail Store,696.54,Nora Khan,Canada,Basic,Nora Khan,Canada,Toronto,Basic,Consumer,2025-07-16,both,Matched,True,False,False,False,0.0,False,False,False
ORD-007184,C01709,Jack Davis | UAE | Premium,Books,293.17,2,2025-06-13,Marketplace,586.34,Jack Davis,UAE,Premium,Jack Davis,UAE,Dubai,Premium,Small Business,2025-07-18,both,Matched,True,False,False,False,0.0,False,False,False
ORD-007187,C00559,Amelia Johnson | Australia | Premium,Beauty,380.48,6,2025-07-19,Retail Store,2282.88,Amelia Johnson,Australia,Premium,Amelia Johnson,Australia,Brisbane,Premium,Small Business,2025-12-23,both,Matched,True,False,False,False,0.0,False,False,False
ORD-007201,C02301,Amelia Taylor | Germany | Basic,Toys,269.49,3,2025-10-25,Marketplace,808.47,Amelia Taylor,Germany,Basic,Amelia Taylor,Germany,,Basic,,,left_only,Not Found,False,False,False,False,0.0,False,False,True
ORD-007204,C02551,Daniel Wilson | France | Basic,Electronics,9.96,4,2026-06-14,Marketplace,39.84,Daniel Wilson,France,Basic,Daniel Wilson,France,,Basic,,,left_only,Not Found,False,False,False,False,0.0,False,False,True
ORD-007205,C01582,Jack Ahmed | UAE | Basic,Office Supplies,309.6,1,2025-10-22,Website,309.6,Jack Ahmed,UAE,Basic,Jack Ahmed,UAE,,Basic,,,left_only,Not Found,False,False,False,False,0.0,False,False,True
ORD-007207,C02000,Mia Hall | Germany | Basic,Electronics,365.34,3,2025-11-23,Mobile App,1096.02,Mia Hall,Germany,Basic,Mia Hall,Germany,Berlin,Basic,Small Business,2026-03-15,both,Matched,True,False,False,False,0.0,False,False,False
ORD-007212,C02307,Lucas Patel | Canada | Plus,Home & Kitchen,143.79,0,2026-05-02,Mobile App,143.79,Lucas Patel,Canada,Plus,Lucas Patel,Canada,Ottawa,Plus,Consumer,2025-03-02,both,Matched,False,False,True,True,143.79,False,False,False
ORD-007225,C01983,Zoe Davis | United Kingdom | Premium,Home & Kitchen,243.3,6,2025-05-09,Retail Store,1459.8,Zoe Davis,United Kingdom,Premium,Zoe Davis,United Kingdom,London,Premium,Consumer,2026-03-30,both,Matched,True,False,False,False,-2.2737367544323206e-13,False,False,False
ORD-007234,C00545,Chloe Johnson | France | Plus,Sports,319.62,2,2025-10-02,Mobile App,639.24,Chloe Johnson,France,Plus,Chloe Johnson,France,Nice,Plus,Small Business,2025-10-15,both,Matched,True,False,False,False,0.0,False,False,False
ORD-007251,C02688,Maya Adams | UAE | Premium,Clothing,299.09,1,2026-05-19,Retail Store,299.09,Maya Adams,UAE,Premium,Maya Adams,UAE,,Premium,,,left_only,Not Found,False,False,False,False,0.0,False,False,True
ORD-007255,C02918,Layla Carter | Singapore | Plus,Toys,121.27,6,2025-05-22,Mobile App,727.62,Layla Carter,Singapore,Plus,Layla Carter,Singapore,Singapore,Plus,Consumer,2025-06-07,both,Matched,True,False,False,False,0.0,False,False,False
ORD-007266,C02404,Adam Miller | United Kingdom | Basic,Sprots,60.97,5,2025-07-07,Website,304.85,Adam Miller,United Kingdom,Basic,Adam Miller,United Kingdom,Bristol,Basic,Small Business,2026-01-21,both,Matched,True,False,False,False,0.0,False,False,False
ORD-007271,C01245,Mia Miller | United States | Basic,Home & Kitchen,466.97,1,2025-05-15,Website,466.97,Mia Miller,United States,Basic,Mia Miller,United States,New York,Basic,Consumer,2025-11-16,both,Matched,True,False,False,False,0.0,False,False,False
ORD-007273,C01042,Zoe Lewis | France | Basic,Beauty,294.07,6,2025-04-04,Marketplace,1764.42,Zoe Lewis,France,Basic,Zoe Lewis,France,Nice,Basic,Consumer,2025-04-08,both,Matched,True,False,False,False,0.0,False,False,False
ORD-007276,C02900,Lina Anderson | Australia | Plus,Books,213.3,6,2026-01-25,Website,1279.8,Lina Anderson,Australia,Plus,Lina Anderson,Australia,Melbourne,Plus,Consumer,2026-04-04,both,Matched,True,False,False,False,-2.2737367544323206e-13,False,False,False
ORD-007286,C00375,Olivia Mitchell | Germany | Basic,Sports,516.97,3,2025-01-09,Website,1550.91,Olivia Mitchell,Germany,Basic,Olivia Mitchell,Germany,,Basic,,,left_only,Not Found,False,False,False,False,0.0,False,False,True
ORD-007289,C00202,Emma Ahmed | France | Basic,Office Supplies,218.18,6,2025-04-06,Marketplace,1309.08,Emma Ahmed,France,Basic,Emma Ahmed,France,,Basic,,,left_only,Not Found,False,False,False,False,0.0,False,False,True
ORD-007290,C01484,Noah Nelson | Canada | Basic,Clothing,128.56,6,2025-10-18,Retail Store,771.36,Noah Nelson,Canada,Basic,Noah Nelson,Canada,Toronto,Basic,Consumer,2026-01-20,both,Matched,True,False,False,False,0.0,False,False,False
ORD-007292,C01871,Alex Miller | United States | Basic,Clothes,566.46,6,2025-01-08,Marketplace,3398.76,Alex Miller,United States,Basic,Alex Miller,United States,Austin,Basic,Consumer,2025-02-25,both,Matched,True,False,False,False,0.0,False,False,False
ORD-007299,C02551,Daniel Wilson | France | Basic,Home & Kitchen,107.77,6,2026-03-21,Retail Store,646.62,Daniel Wilson,France,Basic,Daniel Wilson,France,,Basic,,,left_only,Not Found,False,False,False,False,0.0,False,False,True
ORD-007302,C01799,Noah Hall | France | Basic,Home & Kitchen,157.36,1,2025-12-17,Retail Store,157.36,Noah Hall,France,Basic,Noah Hall,France,Paris,Basic,Consumer,2026-02-25,both,Matched,True,False,False,False,0.0,False,False,False
ORD-007314,C00992,Ryan Hall | UAE | Premium,Home & Kitchen,615.22,3,2025-03-09,Website,1845.66,Ryan Hall,UAE,Premium,Ryan Hall,UAE,Dubai,Premium,Consumer,2025-11-05,both,Matched,True,False,False,False,0.0,False,False,False
ORD-007315,C01402,Olivia Taylor | Canada | Premium,Beauty,516.64,6,2025-06-12,Retail Store,3099.84,Olivia Taylor,Canada,Premium,Olivia Taylor,Canada,,Premium,,,left_only,Not Found,False,False,False,False,0.0,False,False,True
ORD-007321,C00638,Sophia Taylor | UAE | Plus,Beauty,334.06,2,2026-01-08,Website,668.12,Sophia Taylor,UAE,Plus,Sophia Taylor,UAE,Sharjah,Plus,Small Business,2026-01-29,both,Matched,True,False,False,False,0.0,False,False,False
ORD-007322,C01781,Alex King | United Kingdom | Premium,Electronics,106.68,1,2025-03-25,Marketplace,106.68,Alex King,United Kingdom,Premium,Alex King,United Kingdom,,Premium,,,left_only,Not Found,False,False,False,False,0.0,False,False,True
ORD-007324,C01130,Leo Green | France | Premium,Electronics,466.59,4,2025-04-16,Marketplace,1866.36,Leo Green,France,Premium,Leo Green,France,,Premium,,,left_only,Not Found,False,False,False,False,0.0,False,False,True
ORD-007326,C02046,Ava Mitchell | Singapore | Plus,Home & Kitchen,633.85,2,2025-01-10,Retail Store,1267.7,Ava Mitchell,Singapore,Plus,Ava Mitchell,Singapore,Singapore,Plus,Consumer,2025-09-21,both,Matched,True,False,False,False,0.0,False,False,False
ORD-007342,C02342,Ryan Adams | UAE | Premium,Home & Kitchen,347.65,6,2025-03-05,Mobile App,2085.9,Ryan Adams,UAE,Premium,Ryan Adams,UAE,,Premium,,,left_only,Not Found,False,False,False,False,4.547473508864641e-13,False,False,True
ORD-007343,C01097,Noah King | France | Basic,Office Supplies,183.23,3,2025-12-24,Marketplace,549.69,Noah King,France,Basic,Noah King,France,,Basic,,,left_only,Not Found,False,False,False,False,1.1368683772161603e-13,False,False,True
ORD-007344,C00867,Olivia Thomas | Singapore | Basic,Home & Kitchen,150.85,1,2025-02-25,Mobile App,150.85,Olivia Thomas,Singapore,Basic,Olivia Thomas,Singapore,,Basic,,,left_only,Not Found,False,False,False,False,0.0,False,False,True
ORD-007348,C00895,Lucas Baker | United Kingdom | Plus,Home & Kitchen,606.31,3,2025-05-25,Website,1818.93,Lucas Baker,United Kingdom,Plus,Lucas Baker,United Kingdom,Bristol,Plus,Small Business,2025-12-31,both,Matched,True,False,False,False,2.2737367544323206e-13,False,False,False
ORD-007353,C02518,Lucas Johnson | France | Plus,Sports,375.66,4,2025-10-01,Marketplace,1502.64,Lucas Johnson,France,Plus,Lucas Johnson,France,Paris,Plus,Enterprise,2025-10-31,both,Matched,True,False,False,False,0.0,False,False,False
ORD-007358,C00163,Emma Davis | Germany | Plus,Toys,639.87,4,2025-05-17,Marketplace,2559.48,Emma Davis,Germany,Plus,Emma Davis,Germany,Berlin,Plus,Consumer,2026-02-23,both,Matched,True,False,False,False,0.0,False,False,False
ORD-007359,C00138,Sam Wilson | Singapore | Basic,Office Supplies,504.03,2,2025-01-13,Marketplace,1008.06,Sam Wilson,Singapore,Basic,Sam Wilson,Singapore,Singapore,Basic,Consumer,2026-01-17,both,Matched,True,False,False,False,0.0,False,False,False
ORD-007361,C01962,Ava Garcia | France | Premium,Beauty,213.63,5,2025-08-18,Website,1068.15,Ava Garcia,France,Premium,Ava Garcia,France,,Premium,,,left_only,Not Found,False,False,False,False,0.0,False,False,True
ORD-007368,C00715,Zoe Carter | UAE | Basic,Sports,633.17,3,2026-04-18,Website,1899.51,Zoe Carter,UAE,Basic,Zoe Carter,UAE,,Basic,,,left_only,Not Found,False,False,False,False,2.2737367544323206e-13,False,False,True
ORD-007376,C00568,Sophia Ahmed | United States | Basic,Clothing,495.26,1,2025-07-17,Website,495.26,Sophia Ahmed,United States,Basic,Sophia Ahmed,United States,Seattle,Basic,Consumer,2025-12-01,both,Matched,True,False,False,False,0.0,False,False,False
ORD-007377,C02229,Noah Baker | France | Basic,Office Supplies,313.07,6,2026-02-24,Website,1878.42,Noah Baker,France,Basic,Noah Baker,France,Bordeaux,Basic,Enterprise,2026-03-27,both,Matched,True,False,False,False,0.0,False,False,False
ORD-007380,C02578,Henry Taylor | United Kingdom | Basic,Toys,461.39,2,2025-05-09,Marketplace,922.78,Henry Taylor,United Kingdom,Basic,Henry Taylor,United Kingdom,Manchester,Basic,Consumer,2025-05-14,both,Matched,True,False,False,False,0.0,False,False,False
ORD-007382,C01196,Zoe Khan | Canada | Plus,Sports,480.23,2,2025-04-27,Retail Store,960.46,Zoe Khan,Canada,Plus,Zoe Khan,Canada,Toronto,Plus,Consumer,2026-01-14,both,Matched,True,False,False,False,0.0,False,False,False
ORD-007391,C01167,Chloe Green | Germany | Basic,Home & Kitchen,274.88,3,2025-05-11,Mobile App,824.64,Chloe Green,Germany,Basic,Chloe Green,Germany,Berlin,Basic,Small Business,2025-11-25,both,Matched,True,False,False,False,0.0,False,False,False
ORD-007392,C00971,Noah Walker | France | Plus,Sports,159.55,6,2026-02-16,Retail Store,957.3,Noah Walker,France,Plus,Noah Walker,France,Nice,Plus,Consumer,2026-03-24,both,Matched,True,False,False,False,-1.1368683772161603e-13,False,False,False
ORD-007395,C00215,Lina Green | Singapore | Basic,Office Supplies,102.05,3,2025-02-05,Website,306.15,Lina Green,Singapore,Basic,Lina Green,Singapore,Singapore,Basic,Enterprise,2025-03-04,both,Matched,True,False,False,False,0.0,False,False,False
ORD-007399,C02035,James Mitchell | France | Basic,Sports,547.56,1,2026-02-24,Marketplace,547.56,James Mitchell,France,Basic,James Mitchell,France,,Basic,,,left_only,Not Found,False,False,False,False,0.0,False,False,True
ORD-007400,C00605,Layla Nelson | Germany | Plus,Books,72.39,4,2025-12-28,Retail Store,289.56,Layla Nelson,Germany,Plus,Layla Nelson,Germany,Berlin,Plus,Consumer,2026-04-08,both,Matched,True,False,False,False,0.0,False,False,False
ORD-007406,C00692,Sara Hall | Singapore | Premium,Sports,184.6,2,2026-01-18,Marketplace,369.2,Sara Hall,Singapore,Premium,Sara Hall,Singapore,,Premium,,,left_only,Not Found,False,False,False,False,0.0,False,False,True
ORD-007407,C00564,Amelia Clark | Australia | Basic,Beauty,437.53,2,2025-03-29,Retail Store,875.06,Amelia Clark,Australia,Basic,Amelia Clark,Australia,Melbourne,Basic,Consumer,2025-10-30,both,Matched,True,False,False,False,0.0,False,False,False
ORD-007408,C02787,Olivia Young | Canada | Premium,Office Supplies,121.67,4,2025-04-25,Marketplace,486.68,Olivia Young,Canada,Premium,Olivia Young,Canada,Ottawa,Premium,Consumer,2026-01-04,both,Matched,True,False,False,False,0.0,False,False,False
ORD-007416,C02559,Amelia Nelson | Singapore | Basic,Beauty,437.0,5,,Mobile App,2185.0,Amelia Nelson,Singapore,Basic,Amelia Nelson,Singapore,Singapore,Basic,Small Business,2023-10-26,both,Matched,False,False,False,False,0.0,False,True,False
ORD-007417,C00750,Alex Taylor | UAE | Basic,Sports,547.04,6,2026-01-25,Retail Store,3282.24,Alex Taylor,UAE,Basic,Alex Taylor,UAE,,Basic,,,left_only,Not Found,False,False,False,False,0.0,False,False,True
ORD-007420,C02900,Lina Anderson | Australia | Plus,Clothing,443.34,1,2025-05-04,Marketplace,443.34,Lina Anderson,Australia,Plus,Lina Anderson,Australia,Melbourne,Plus,Consumer,2026-04-04,both,Matched,True,False,False,False,0.0,False,False,False
ORD-007421,C01533,Isla Anderson | United States | Plus,Clothing,366.78,3,2025-09-13,Website,1100.34,Isla Anderson,United States,Plus,Isla Anderson,United States,New York,Plus,Consumer,2026-02-22,both,Matched,True,False,False,False,0.0,False,False,False
ORD-007424,C02706,Liam Johnson | Australia | Plus,Beauty,386.74,1,2025-01-05,Retail Store,386.74,Liam Johnson,Australia,Plus,Liam Johnson,Australia,Sydney,Plus,Small Business,2025-04-24,both,Matched,True,False,False,False,0.0,False,False,False
ORD-007427,C00794,Jack Nelson | Australia | Plus,Books,74.82,2,2025-08-27,Mobile App,149.64,Jack Nelson,Australia,Plus,Jack Nelson,Australia,Melbourne,Plus,Small Business,2026-01-28,both,Matched,True,False,False,False,0.0,False,False,False
ORD-007428,C02849,Jack Hassan | Germany | Premium,Books,240.9,3,2025-11-16,Website,722.7,Jack Hassan,Germany,Premium,Jack Hassan,Germany,Hamburg,Premium,Consumer,2026-02-07,both,Matched,True,False,False,False,0.0,False,False,False
ORD-007434,C01031,Jack Taylor | Australia | Basic,Sports,284.21,2,2025-01-20,Marketplace,568.42,Jack Taylor,Australia,Basic,Jack Taylor,Australia,Perth,Basic,Consumer,2025-06-19,both,Matched,True,False,False,False,0.0,False,False,False
ORD-007436,C00288,Yusuf Hassan | Canada | Plus,Office Supplies,78.37,5,2025-03-11,Retail Store,391.85,Yusuf Hassan,Canada,Plus,Yusuf Hassan,Canada,Calgary,Plus,Consumer,2025-09-30,both,Matched,True,False,False,False,0.0,False,False,False
ORD-007438,C01402,Olivia Taylor | Canada | Premium,Beauty,403.08,5,2026-02-13,Retail Store,2015.4,Olivia Taylor,Canada,Premium,Olivia Taylor,Canada,,Premium,,,left_only,Not Found,False,False,False,False,2.2737367544323206e-13,False,False,True
ORD-007450,C00285,Alex Hall | Germany | Basic,Clothing,628.85,1,2025-04-21,Mobile App,628.85,Alex Hall,Germany,Basic,Alex Hall,Germany,Munich,Basic,Consumer,2025-10-21,both,Matched,True,False,False,False,0.0,False,False,False
ORD-007455,C02421,Lucas Johnson | Canada | Premium,Beauty,93.01,3,2025-12-22,Marketplace,279.03,Lucas Johnson,Canada,Premium,Lucas Johnson,Canada,,Premium,,,left_only,Not Found,False,False,False,False,-5.684341886080802e-14,False,False,True
ORD-007460,C02711,Liam Clark | United States | Plus,Office Supplies,427.34,4,2026-01-06,Mobile App,1709.36,Liam Clark,United States,Plus,Liam Clark,United States,,Plus,,,left_only,Not Found,False,False,False,False,0.0,False,False,True
ORD-007467,C00255,Adam King | United States | Plus,Clothing,305.57,5,2025-01-07,Marketplace,1527.85,Adam King,United States,Plus,Adam King,United States,Austin,Plus,Enterprise,2025-01-31,both,Matched,True,False,False,False,0.0,False,False,False
ORD-007472,C00996,Nora Young | United Kingdom | Basic,Sports,342.4,6,2025-07-29,Mobile App,2054.4,Nora Young,United Kingdom,Basic,Nora Young,United Kingdom,Bristol,Basic,Small Business,2026-04-09,both,Matched,True,False,False,False,4.547473508864641e-13,False,False,False
ORD-007475,C00274,Leo Green | United Kingdom | Basic,Clothing,183.66,4,2025-11-05,Mobile App,734.64,Leo Green,United Kingdom,Basic,Leo Green,United Kingdom,,Basic,,,left_only,Not Found,False,False,False,False,0.0,False,False,True
ORD-007476,C00750,Alex Taylor | UAE | Basic,Office Supplies,274.19,1,2026-02-05,Marketplace,274.19,Alex Taylor,UAE,Basic,Alex Taylor,UAE,,Basic,,,left_only,Not Found,False,False,False,False,0.0,False,False,True
ORD-007481,C01042,Zoe Lewis | France | Basic,Office Supplies,164.1,1,2025-01-10,Mobile App,164.1,Zoe Lewis,France,Basic,Zoe Lewis,France,Nice,Basic,Consumer,2025-04-08,both,Matched,True,False,False,False,0.0,False,False,False
ORD-007482,C01859,Sam Lee | France | Plus,Toys,387.94,3,2025-04-11,Retail Store,1163.82,Sam Lee,France,Plus,Sam Lee,France,Paris,Plus,Consumer,2026-02-11,both,Matched,True,False,False,False,0.0,False,False,False
ORD-007486,C02132,Sara Thomas | Singapore | Plus,Books,13.45,5,2025-06-02,Mobile App,67.25,Sara Thomas,Singapore,Plus,Sara Thomas,Singapore,Singapore,Plus,Small Business,2025-12-22,both,Matched,True,False,False,False,0.0,False,False,False
ORD-007490,C01684,Daniel Lee | Australia | Plus,Clothing,416.69,6,2025-12-25,Mobile App,2500.14,Daniel Lee,Australia,Plus,Daniel Lee,Australia,Perth,Plus,Consumer,2026-02-18,both,Matched,True,False,False,False,0.0,False,False,False
ORD-007492,C01431,Sophia Smith | France | Premium,Sports,13.5,3,2025-08-16,Marketplace,40.5,Sophia Smith,France,Premium,Sophia Smith,France,Lyon,Premium,Enterprise,2025-11-21,both,Matched,True,False,False,False,0.0,False,False,False
ORD-007496,C02734,Alex Brown | Australia | Plus,Beauty,555.62,3,2025-11-27,Mobile App,1666.86,Alex Brown,Australia,Plus,Alex Brown,Australia,Brisbane,Plus,Small Business,2026-03-16,both,Matched,True,False,False,False,-2.2737367544323206e-13,False,False,False
ORD-007497,C02999,Sara Mitchell | Canada | Premium,Sports,211.14,2,2025-03-22,Retail Store,422.28,Sara Mitchell,Canada,Premium,Sara Mitchell,Canada,Calgary,Premium,Consumer,2026-03-05,both,Matched,True,False,False,False,0.0,False,False,False
ORD-007513,C01212,Ella Patel | France | Premium,Clothing,159.8,5,2025-02-24,Website,799.0,Ella Patel,France,Premium,Ella Patel,France,Nice,Premium,Consumer,2025-11-11,both,Matched,True,False,False,False,0.0,False,False,False
ORD-007517,C00111,Lina Wilson | Singapore | Premium,Office Supplies,597.61,3,2025-08-08,Marketplace,1792.83,Lina Wilson,Singapore,Premium,Lina Wilson,Singapore,Singapore,Premium,Consumer,2025-08-19,both,Matched,True,False,False,False,0.0,False,False,False
ORD-007519,C00053,Amelia Taylor | United Kingdom | Plus,Beauty,325.44,5,2025-07-16,Marketplace,1627.2,Amelia Taylor,United Kingdom,Plus,Amelia Taylor,United Kingdom,Manchester,Plus,Small Business,2026-04-07,both,Matched,True,False,False,False,0.0,False,False,False
ORD-007524,C01466,Sophia Carter | United States | Plus,Office Supplies,207.34,4,2025-01-15,Retail Store,829.36,Sophia Carter,United States,Plus,Sophia Carter,United States,,Plus,,,left_only,Not Found,False,False,False,False,0.0,False,False,True
ORD-007535,C02641,Alex Hall | Germany | Basic,Clothing,234.83,4,2025-09-01,Mobile App,939.32,Alex Hall,Germany,Basic,Alex Hall,Germany,Berlin,Basic,Consumer,2025-09-11,both,Matched,True,False,False,False,0.0,False,False,False
ORD-007537,C00774,Sam Hall | United States | Premium,Electronics,418.69,4,2025-10-08,Marketplace,1674.76,Sam Hall,United States,Premium,Sam Hall,United States,Seattle,Premium,Consumer,2026-03-14,both,Matched,True,False,False,False,0.0,False,False,False
ORD-007544,C02814,Chloe Anderson | United States | Premium,Office Supplies,163.13,2,2026-02-07,Mobile App,326.26,Chloe Anderson,United States,Premium,Chloe Anderson,United States,Seattle,Premium,Consumer,2026-03-31,both,Matched,True,False,False,False,0.0,False,False,False
ORD-007547,C02963,Yusuf Wilson | Germany | Plus,Books,261.93,2,2025-04-02,Retail Store,523.86,Yusuf Wilson,Germany,Plus,Yusuf Wilson,Germany,Hamburg,Plus,Consumer,2025-07-03,both,Matched,True,False,False,False,0.0,False,False,False
ORD-007550,C01944,Daniel Adams | Canada | Basic,Books,91.62,6,2026-04-06,Marketplace,549.72,Daniel Adams,Canada,Basic,Daniel Adams,Canada,,Basic,,,left_only,Not Found,False,False,False,False,0.0,False,False,True
ORD-007568,C00075,Chloe Garcia | United Kingdom | Basic,Clothing,428.77,3,2026-06-27,Retail Store,1286.31,Chloe Garcia,United Kingdom,Basic,Chloe Garcia,United Kingdom,,Basic,,,left_only,Not Found,False,False,False,False,0.0,False,False,True
ORD-007581,C01035,Daniel Taylor | France | Basic,Clothing,261.86,1,2025-06-20,Marketplace,261.86,Daniel Taylor,France,Basic,Daniel Taylor,France,Nice,Basic,Small Business,2025-06-28,both,Matched,True,False,False,False,0.0,False,False,False
ORD-007582,C00349,Sam Clark | UAE | Basic,Home & Kitchen,247.22,6,2025-12-18,Mobile App,1483.32,Sam Clark,UAE,Basic,Sam Clark,UAE,Dubai,Basic,Enterprise,2026-04-01,both,Matched,True,False,False,False,0.0,False,False,False
ORD-007583,C02525,Chloe Johnson | United Kingdom | Plus,Beauty,87.46,5,2025-07-14,Retail Store,437.3,Chloe Johnson,United Kingdom,Plus,Chloe Johnson,United Kingdom,Bristol,Plus,Small Business,2025-12-13,both,Matched,True,False,False,False,5.684341886080802e-14,False,False,False
ORD-007587,C02710,Lina Johnson | Singapore | Basic,Beauty,137.13,4,2025-04-21,Marketplace,548.52,Lina Johnson,Singapore,Basic,Lina Johnson,Singapore,Singapore,Basic,Consumer,2025-07-16,both,Matched,True,False,False,False,0.0,False,False,False
ORD-007588,C00368,Layla Hassan | Germany | Basic,Sports,131.49,1,2026-04-07,Marketplace,131.49,Layla Hassan,Germany,Basic,Layla Hassan,Germany,,Basic,,,left_only,Not Found,False,False,False,False,0.0,False,False,True
ORD-007592,C00500,Mia Hall | United Kingdom | Basic,Home & Kitchen,479.25,5,2026-05-05,Mobile App,2396.25,Mia Hall,United Kingdom,Basic,Mia Hall,United Kingdom,,Basic,,,left_only,Not Found,False,False,False,False,0.0,False,False,True
ORD-007599,C00781,Maya Garcia | France | Basic,Clothing,270.57,5,2025-03-23,Marketplace,1352.85,Maya Garcia,France,Basic,Maya Garcia,France,Paris,Basic,Consumer,2026-01-10,both,Matched,True,False,False,False,0.0,False,False,False
ORD-007608,C02280,Jack Thomas | UAE | Plus,Electronics,217.49,6,2025-02-08,Retail Store,1304.94,Jack Thomas,UAE,Plus,Jack Thomas,UAE,Abu Dhabi,Plus,Small Business,2025-04-12,both,Matched,True,False,False,False,0.0,False,False,False
ORD-007614,C02492,Chloe Clark | France | Plus,Clothing,265.58,5,2025-04-12,Mobile App,1327.9,Chloe Clark,France,Plus,Chloe Clark,France,Nice,Plus,Consumer,2025-11-22,both,Matched,True,False,False,False,2.2737367544323206e-13,False,False,False
ORD-007627,C01653,Nora Smith | United States | Basic,Home & Kitchen,353.62,6,2025-03-04,Marketplace,2121.72,Nora Smith,United States,Basic,Nora Smith,United States,,Basic,,,left_only,Not Found,False,False,False,False,-4.547473508864641e-13,False,False,True
ORD-007632,C02999,Sara Mitchell | Canada | Premium,Beauty,121.77,2,2026-02-08,Mobile App,243.54,Sara Mitchell,Canada,Premium,Sara Mitchell,Canada,Calgary,Premium,Consumer,2026-03-05,both,Matched,True,False,False,False,0.0,False,False,False
ORD-007633,C00276,Emma Wilson | Germany | Basic,Office Supplies,410.02,6,2025-08-17,Mobile App,2460.12,Emma Wilson,Germany,Basic,Emma Wilson,Germany,,Basic,,,left_only,Not Found,False,False,False,False,0.0,False,False,True
ORD-007634,C02705,Amelia Taylor | United States | Plus,Office Supplies,590.35,3,2025-01-17,Marketplace,1771.05,Amelia Taylor,United States,Plus,Amelia Taylor,United States,New York,Plus,Small Business,2025-11-19,both,Matched,True,False,False,False,-2.2737367544323206e-13,False,False,False
ORD-007641,C01596,Zoe King | Australia | Basic,Home & Kitchen,147.28,5,2026-07-15,Website,736.4,Zoe King,Australia,Basic,Zoe King,Australia,,Basic,,,left_only,Not Found,False,False,False,False,0.0,False,False,True
ORD-007644,C01426,Lina Wright | Germany | Premium,Electronics,301.13,4,2025-03-19,Mobile App,1204.52,Lina Wright,Germany,Premium,Lina Wright,Germany,Munich,Premium,Small Business,2025-12-17,both,Matched,True,False,False,False,0.0,False,False,False
ORD-007649,C00715,Zoe Carter | UAE | Basic,Home & Kitchen,512.69,6,2025-08-16,Retail Store,3076.14,Zoe Carter,UAE,Basic,Zoe Carter,UAE,,Basic,,,left_only,Not Found,False,False,False,False,-4.547473508864641e-13,False,False,True
ORD-007651,C01588,Nora Martin | United States | Plus,Office Supplies,388.23,5,2025-07-27,Marketplace,1941.15,Nora Martin,United States,Plus,Nora Martin,United States,Seattle,Plus,Consumer,2025-12-22,both,Matched,True,False,False,False,0.0,False,False,False
ORD-007655,C02033,Adam Brown | United States | Plus,Beauty,599.49,3,2025-07-23,Retail Store,1798.47,Adam Brown,United States,Plus,Adam Brown,United States,,Plus,,,left_only,Not Found,False,False,False,False,0.0,False,False,True
ORD-007656,C01596,Zoe King | Australia | Basic,Office Supplies,141.24,4,2025-11-03,Mobile App,564.96,Zoe King,Australia,Basic,Zoe King,Australia,,Basic,,,left_only,Not Found,False,False,False,False,0.0,False,False,True
ORD-007662,C01533,Isla Anderson | United States | Plus,Sports,520.8,1,2026-02-11,Website,520.8,Isla Anderson,United States,Plus,Isla Anderson,United States,New York,Plus,Consumer,2026-02-22,both,Matched,True,False,False,False,0.0,False,False,False
ORD-007666,C00417,Ava Ahmed | Canada | Plus,Toys,521.72,3,2025-01-10,Marketplace,1565.16,Ava Ahmed,Canada,Plus,Ava Ahmed,Canada,Calgary,Plus,Enterprise,2025-11-19,both,Matched,True,False,False,False,0.0,False,False,False
ORD-007671,C00368,Layla Hassan | Germany | Basic,Books,250.79,3,2025-04-23,Retail Store,752.37,Layla Hassan,Germany,Basic,Layla Hassan,Germany,,Basic,,,left_only,Not Found,False,False,False,False,0.0,False,False,True
ORD-007681,C00290,Omar Carter | Canada | Plus,Toys,425.47,1,2025-05-05,Retail Store,425.47,Omar Carter,Canada,Plus,Omar Carter,Canada,Toronto,Plus,Consumer,2026-03-30,both,Matched,True,False,False,False,0.0,False,False,False
ORD-007684,C01248,Zoe Patel | UAE | Basic,Books,303.37,1,2025-11-21,Marketplace,303.37,Zoe Patel,UAE,Basic,Zoe Patel,UAE,Dubai,Basic,Small Business,2026-02-19,both,Matched,True,False,False,False,0.0,False,False,False
ORD-007686,C00043,Lucas Carter | United States | Basic,Books,421.03,3,2025-11-13,Website,1263.09,Lucas Carter,United States,Basic,Lucas Carter,United States,New York,Basic,Consumer,2025-12-06,both,Matched,True,False,False,False,0.0,False,False,False
ORD-007688,C00304,Liam Patel | UAE | Premium,Sports,345.88,6,2026-01-22,Retail Store,2075.28,Liam Patel,UAE,Premium,Liam Patel,UAE,,Premium,,,left_only,Not Found,False,False,False,False,4.547473508864641e-13,False,False,True
ORD-007689,C00163,Emma Davis | Germany | Plus,Books,595.12,1,2026-02-07,Website,595.12,Emma Davis,Germany,Plus,Emma Davis,Germany,Berlin,Plus,Consumer,2026-02-23,both,Matched,True,False,False,False,0.0,False,False,False
ORD-007691,C02100,Ella Garcia | Singapore | Plus,Clothing,647.32,3,2025-02-28,Retail Store,1941.96,Ella Garcia,Singapore,Plus,Ella Garcia,Singapore,Singapore,Plus,Small Business,2025-03-20,both,Matched,True,False,False,False,0.0,False,False,False
ORD-007697,C02029,Liam Khan | Singapore | Plus,Books,407.03,3,2025-08-13,Mobile App,1221.09,Liam Khan,Singapore,Plus,Liam Khan,Singapore,Singapore,Plus,Small Business,2025-09-24,both,Matched,True,False,False,False,0.0,False,False,False
ORD-007700,C01799,Noah Hall | France | Basic,Clothing,436.61,5,2025-05-20,Mobile App,2183.05,Noah Hall,France,Basic,Noah Hall,France,Paris,Basic,Consumer,2026-02-25,both,Matched,True,False,False,False,0.0,False,False,False
ORD-007714,C00714,James Nelson | Canada | Basic,Beauty,384.64,4,2026-05-13,Mobile App,1538.56,James Nelson,Canada,Basic,James Nelson,Canada,,Basic,,,left_only,Not Found,False,False,False,False,0.0,False,False,True
ORD-007718,C01414,Emma Taylor | United Kingdom | Plus,Beauty,618.15,6,2025-04-13,Website,3708.9,Emma Taylor,United Kingdom,Plus,Emma Taylor,United Kingdom,Manchester,Plus,Small Business,2025-09-29,both,Matched,True,False,False,False,4.547473508864641e-13,False,False,False
ORD-007720,C00970,Maya Green | United States | Basic,Electronics,275.65,5,2025-05-13,Website,1378.25,Maya Green,United States,Basic,Maya Green,United States,New York,Basic,Small Business,2025-12-23,both,Matched,True,False,False,False,0.0,False,False,False
ORD-007731,C02953,Chloe Wilson | Canada | Premium,Clothing,575.97,4,2026-03-28,Website,2303.88,Chloe Wilson,Canada,Premium,Chloe Wilson,Canada,,Premium,,,left_only,Not Found,False,False,False,False,0.0,False,False,True
ORD-007735,C00568,Sophia Ahmed | United States | Basic,Home & Kitchen,63.48,4,2025-02-06,Mobile App,253.92,Sophia Ahmed,United States,Basic,Sophia Ahmed,United States,Seattle,Basic,Consumer,2025-12-01,both,Matched,True,False,False,False,0.0,False,False,False
ORD-007745,C00248,Jack Green | France | Premium,Office Supplies,416.35,1,2025-08-06,Retail Store,416.35,Jack Green,France,Premium,Jack Green,France,Nice,Premium,Consumer,2025-10-15,both,Matched,True,False,False,False,0.0,False,False,False
ORD-007751,C02641,Alex Hall | Germany | Basic,Toys,212.45,6,2025-04-17,Website,1274.7,Alex Hall,Germany,Basic,Alex Hall,Germany,Berlin,Basic,Consumer,2025-09-11,both,Matched,True,False,False,False,2.2737367544323206e-13,False,False,False
ORD-007752,C02178,Isla Clark | Australia | Plus,Clothes,43.19,5,2025-07-01,Website,215.95,Isla Clark,Australia,Plus,Isla Clark,Australia,,Plus,,,left_only,Not Found,False,False,False,False,0.0,False,False,True
ORD-007754,C02733,Maya Miller | Canada | Premium,Electronics,52.37,4,2025-11-14,Mobile App,209.48,Maya Miller,Canada,Premium,Maya Miller,Canada,Toronto,Premium,Small Business,2026-01-22,both,Matched,True,False,False,False,0.0,False,False,False
ORD-007758,C02264,Liam Martin | UAE | Plus,Books,132.32,4,2025-09-14,Marketplace,529.28,Liam Martin,UAE,Plus,Liam Martin,UAE,Dubai,Plus,Enterprise,2026-02-26,both,Matched,True,False,False,False,0.0,False,False,False
ORD-007764,C01854,Sara Thomas | United Kingdom | Basic,Books,292.77,6,2026-01-29,Retail Store,1756.62,Sara Thomas,United Kingdom,Basic,Sara Thomas,United Kingdom,Leeds,Basic,Consumer,2026-03-28,both,Matched,True,False,False,False,0.0,False,False,False
ORD-007767,C01411,Amelia Mitchell | Australia | Basic,Toys,101.15,1,2025-02-24,Marketplace,101.15,Amelia Mitchell,Australia,Basic,Amelia Mitchell,Australia,Sydney,Basic,Consumer,2026-01-28,both,Matched,True,False,False,False,0.0,False,False,False
ORD-007773,C01292,Sam Lee | Canada | Plus,Electronics,299.22,5,2025-05-29,Mobile App,1496.1,Sam Lee,Canada,Plus,Sam Lee,Canada,,Plus,,,left_only,Not Found,False,False,False,False,-2.2737367544323206e-13,False,False,True
ORD-007774,C00304,Liam Patel | UAE | Premium,Office Supplies,270.58,4,2026-03-31,Marketplace,1082.32,Liam Patel,UAE,Premium,Liam Patel,UAE,,Premium,,,left_only,Not Found,False,False,False,False,0.0,False,False,True
ORD-007783,C00298,Lina Lee | Singapore | Basic,Home & Kitchen,40.88,4,2025-03-31,Mobile App,163.52,Lina Lee,Singapore,Basic,Lina Lee,Singapore,,Basic,,,left_only,Not Found,False,False,False,False,0.0,False,False,True
ORD-007785,C02710,Lina Johnson | Singapore | Basic,Beauty,525.43,5,2025-01-05,Website,2627.15,Lina Johnson,Singapore,Basic,Lina Johnson,Singapore,Singapore,Basic,Consumer,2025-07-16,both,Matched,True,False,False,False,4.547473508864641e-13,False,False,False
ORD-007786,C00871,Adam Baker | Singapore | Basic,Books,538.72,6,2026-03-21,Retail Store,3232.32,Adam Baker,Singapore,Basic,Adam Baker,Singapore,Singapore,Basic,Consumer,2026-03-22,both,Matched,True,False,False,False,0.0,False,False,False
ORD-007794,C02958,Zoe Ahmed | Canada | Premium,Home & Kitchen,203.92,1,2025-07-19,Retail Store,203.92,Zoe Ahmed,Canada,Premium,Zoe Ahmed,Canada,,Premium,,,left_only,Not Found,False,False,False,False,0.0,False,False,True
ORD-007795,C01097,Noah King | France | Basic,Clothing,261.33,6,2025-09-11,Marketplace,1567.98,Noah King,France,Basic,Noah King,France,,Basic,,,left_only,Not Found,False,False,False,False,0.0,False,False,True
ORD-007798,C00700,Yusuf Smith | United States | Basic,Office Supplies,60.89,1,2025-06-04,Marketplace,60.89,Yusuf Smith,United States,Basic,Yusuf Smith,United States,Chicago,Basic,Consumer,2026-03-22,both,Matched,True,False,False,False,0.0,False,False,False
ORD-007799,C02676,Sara Thomas | Germany | Basic,Toys,209.67,5,2026-01-28,Mobile App,1048.35,Sara Thomas,Germany,Basic,Sara Thomas,Germany,,Basic,,,left_only,Not Found,False,False,False,False,0.0,False,False,True
ORD-007800,C01008,Amelia Miller | United States | Basic,Office Supplies,53.36,6,2025-07-25,Marketplace,320.16,Amelia Miller,United States,Basic,Amelia Miller,United States,Austin,Basic,Enterprise,2025-08-25,both,Matched,True,False,False,False,5.684341886080802e-14,False,False,False
ORD-007801,C00485,Yusuf Clark | United States | Basic,Office Supplies,300.33,5,2025-04-24,Retail Store,1501.65,Yusuf Clark,United States,Basic,Yusuf Clark,United States,Seattle,Basic,Enterprise,2025-12-20,both,Matched,True,False,False,False,2.2737367544323206e-13,False,False,False
ORD-007804,C01754,Mia Johnson | Australia | Plus,Books,463.4,6,2025-09-23,Marketplace,2780.4,Mia Johnson,Australia,Plus,Mia Johnson,Australia,,Plus,,,left_only,Not Found,False,False,False,False,4.547473508864641e-13,False,False,True
ORD-007809,C02775,Amelia Johnson | United States | Plus,Toys,214.19,6,2026-01-24,Retail Store,1285.14,Amelia Johnson,United States,Plus,Amelia Johnson,United States,Seattle,Plus,Consumer,2026-04-03,both,Matched,True,False,False,False,2.2737367544323206e-13,False,False,False
ORD-007810,C00105,Lucas King | Australia | Plus,Home & Kitchen,265.8,1,2025-12-11,Retail Store,265.8,Lucas King,Australia,Plus,Lucas King,Australia,Brisbane,Plus,Consumer,2026-02-07,both,Matched,True,False,False,False,0.0,False,False,False
ORD-007812,C02264,Liam Martin | UAE | Plus,Home & Kitchen,442.8,5,2025-02-22,Retail Store,2214.0,Liam Martin,UAE,Plus,Liam Martin,UAE,Dubai,Plus,Enterprise,2026-02-26,both,Matched,True,False,False,False,0.0,False,False,False
ORD-007814,C02697,Noah Martin | United States | Plus,Beauty,626.64,2,2025-01-19,Website,1253.28,Noah Martin,United States,Plus,Noah Martin,United States,Chicago,Plus,Enterprise,2025-06-02,both,Matched,True,False,False,False,0.0,False,False,False
ORD-007818,C00692,Sara Hall | Singapore | Premium,Home & Kitchen,134.67,4,2025-01-07,Website,538.68,Sara Hall,Singapore,Premium,Sara Hall,Singapore,,Premium,,,left_only,Not Found,False,False,False,False,0.0,False,False,True
ORD-007823,C00059,Emma Moore | United States | Basic,Home & Kitchen,613.19,4,2025-01-13,Website,2452.76,Emma Moore,United States,Basic,Emma Moore,United States,Chicago,Basic,Small Business,2025-07-31,both,Matched,True,False,False,False,0.0,False,False,False
ORD-007834,C02778,Isla Martin | United States | Basic,Office Supplies,300.21,2,2025-03-13,Website,600.42,Isla Martin,United States,Basic,Isla Martin,United States,Seattle,Basic,Small Business,2025-09-30,both,Matched,True,False,False,False,0.0,False,False,False
ORD-007835,C02079,Zoe Martin | Singapore | Plus,Electronics,639.3,6,2025-03-27,Mobile App,3835.8,Zoe Martin,Singapore,Plus,Zoe Martin,Singapore,Singapore,Plus,Small Business,2025-06-30,both,Matched,True,False,False,False,4.547473508864641e-13,False,False,False
ORD-007836,C01605,Leo Brown | Canada | Plus,Sports,22.95,3,2025-01-23,Marketplace,68.85,Leo Brown,Canada,Plus,Leo Brown,Canada,Calgary,Plus,Small Business,2025-02-16,both,Matched,True,False,False,False,0.0,False,False,False
ORD-007837,C00247,Sam Khan | Germany | Basic,Sports,604.6,6,2025-04-10,Website,3627.6,Sam Khan,Germany,Basic,Sam Khan,Germany,,Basic,,,left_only,Not Found,False,False,False,False,-4.547473508864641e-13,False,False,True
ORD-007839,C01450,Leo Ahmed | Australia | Basic,Office Supplies,272.53,2,2025-06-22,Marketplace,545.06,Leo Ahmed,Australia,Basic,Leo Ahmed,Australia,Melbourne,Basic,Consumer,2025-11-10,both,Matched,True,False,False,False,0.0,False,False,False
ORD-007841,C00692,Sara Hall | Singapore | Premium,Office Supplies,601.66,2,2026-02-16,Mobile App,1203.32,Sara Hall,Singapore,Premium,Sara Hall,Singapore,,Premium,,,left_only,Not Found,False,False,False,False,0.0,False,False,True
ORD-007844,C00764,Layla Johnson | United Kingdom | Basic,Sports,177.44,6,2025-01-12,Retail Store,1064.64,Layla Johnson,United Kingdom,Basic,Layla Johnson,United Kingdom,Bristol,Basic,Consumer,2025-11-29,both,Matched,True,False,False,False,2.2737367544323206e-13,False,False,False
ORD-007847,C00263,Alex Baker | United States | Plus,Sports,150.27,1,2025-05-29,Marketplace,150.27,Alex Baker,United States,Plus,Alex Baker,United States,Seattle,Plus,Consumer,2026-02-03,both,Matched,True,False,False,False,0.0,False,False,False
ORD-007851,C00778,Daniel Davis | United Kingdom | Basic,Electronic Goods,135.2,5,2025-01-02,Marketplace,676.0,Daniel Davis,United Kingdom,Basic,Daniel Davis,United Kingdom,Bristol,Basic,Small Business,2025-02-20,both,Matched,True,False,False,False,0.0,False,False,False
ORD-007861,C00257,Lucas Taylor | United States | Basic,Books,26.15,3,2025-08-29,Retail Store,78.45,Lucas Taylor,United States,Basic,Lucas Taylor,United States,Austin,Basic,Consumer,2026-02-24,both,Matched,True,False,False,False,1.4210854715202004e-14,False,False,False
ORD-007863,C00424,Ella Lee | Singapore | Basic,Books,351.68,2,2025-10-16,Website,703.36,Ella Lee,Singapore,Basic,Ella Lee,Singapore,Singapore,Basic,Consumer,2026-01-25,both,Matched,True,False,False,False,0.0,False,False,False
ORD-007865,C00609,Lina Miller | Canada | Plus,Home & Kitchen,38.89,1,2025-10-21,Website,38.89,Lina Miller,Canada,Plus,Lina Miller,Canada,,Plus,,,left_only,Not Found,False,False,False,False,0.0,False,False,True
ORD-000038,C00586,Mia Davis | United States | Plus,Books,502.62,4,2026-03-16,Marketplace,2010.48,Mia Davis,United States,Plus,Mia Davis,United States,New York,Plus,Consumer,2025-08-19,both,Matched,False,False,False,False,0.0,True,False,False
ORD-007874,C00939,Olivia Miller | Australia | Basic,Clothes,634.53,1,2025-05-16,Retail Store,634.53,Olivia Miller,Australia,Basic,Olivia Miller,Australia,,Basic,,,left_only,Not Found,False,False,False,False,0.0,False,False,True
ORD-007877,C01292,Sam Lee | Canada | Plus,Sports,461.34,4,2025-10-21,Marketplace,1845.36,Sam Lee,Canada,Plus,Sam Lee,Canada,,Plus,,,left_only,Not Found,False,False,False,False,0.0,False,False,True
ORD-007879,C02801,Lucas Patel | Canada | Basic,Beauty,415.98,2,2026-04-12,Website,831.96,Lucas Patel,Canada,Basic,Lucas Patel,Canada,,Basic,,,left_only,Not Found,False,False,False,False,0.0,False,False,True
ORD-007883,C02151,Omar Ahmed | Germany | Premium,Books,207.21,5,2025-12-03,Marketplace,1036.05,Omar Ahmed,Germany,Premium,Omar Ahmed,Germany,Munich,Premium,Small Business,2026-02-05,both,Matched,True,False,False,False,0.0,False,False,False
ORD-007886,C02994,Liam Wilson | France | Basic,Home & Kitchen,484.13,2,2025-11-17,Mobile App,968.26,Liam Wilson,France,Basic,Liam Wilson,France,Paris,Basic,Small Business,2026-02-07,both,Matched,True,False,False,False,0.0,False,False,False
ORD-007887,C02817,Jack King | Canada | Basic,Home & Kitchen,292.37,4,2025-05-27,Mobile App,1169.48,Jack King,Canada,Basic,Jack King,Canada,Vancouver,Basic,Small Business,2026-02-14,both,Matched,True,False,False,False,0.0,False,False,False
ORD-007892,C00075,Chloe Garcia | United Kingdom | Basic,Toys,411.98,4,2026-04-12,Marketplace,1647.92,Chloe Garcia,United Kingdom,Basic,Chloe Garcia,United Kingdom,,Basic,,,left_only,Not Found,False,False,False,False,0.0,False,False,True
ORD-007893,C01822,James Anderson | France | Basic,Beauty,470.97,4,2025-06-18,Retail Store,1883.88,James Anderson,France,Basic,James Anderson,France,Nice,Basic,Small Business,2025-08-12,both,Matched,True,False,False,False,0.0,False,False,False
ORD-007895,C01264,Maya Miller | Canada | Premium,Electronics,93.2,4,2025-06-30,Mobile App,372.8,Maya Miller,Canada,Premium,Maya Miller,Canada,Vancouver,Premium,Enterprise,2025-09-28,both,Matched,True,False,False,False,0.0,False,False,False
ORD-007897,C00744,Ryan Hall | UAE | Plus,Books,599.54,2,2025-05-27,Marketplace,1199.08,Ryan Hall,UAE,Plus,Ryan Hall,UAE,Sharjah,Plus,Small Business,2026-01-30,both,Matched,True,False,False,False,0.0,False,False,False
ORD-007901,C00898,Jack Miller | Canada | Plus,Books,229.36,2,2025-02-27,Retail Store,458.72,Jack Miller,Canada,Plus,Jack Miller,Canada,Toronto,Plus,Consumer,2026-03-19,both,Matched,True,False,False,False,0.0,False,False,False
ORD-007903,C02840,Lina Mitchell | Australia | Basic,Home & Kitchen,490.61,3,2025-05-21,Mobile App,1471.83,Lina Mitchell,Australia,Basic,Lina Mitchell,Australia,Melbourne,Basic,Consumer,2025-06-02,both,Matched,True,False,False,False,0.0,False,False,False
ORD-007906,C02460,Olivia Miller | Canada | Basic,Office Supplies,156.35,2,2025-04-20,Retail Store,312.7,Olivia Miller,Canada,Basic,Olivia Miller,Canada,Vancouver,Basic,Small Business,2026-01-13,both,Matched,True,False,False,False,0.0,False,False,False
ORD-007916,C02741,Ella Lee | France | Basic,Toys,423.34,3,2025-10-19,Marketplace,1270.02,Ella Lee,France,Basic,Ella Lee,France,,Basic,,,left_only,Not Found,False,False,False,False,0.0,False,False,True
ORD-007923,C02340,Chloe Khan | France | Plus,Electronics,311.98,5,2025-04-02,Website,1559.9,Chloe Khan,France,Plus,Chloe Khan,France,Paris,Plus,Consumer,2025-11-15,both,Matched,True,False,False,False,0.0,False,False,False
ORD-007926,C00215,Lina Green | Singapore | Basic,Toys,391.41,1,2025-01-31,Marketplace,391.41,Lina Green,Singapore,Basic,Lina Green,Singapore,Singapore,Basic,Enterprise,2025-03-04,both,Matched,True,False,False,False,0.0,False,False,False
ORD-007934,C00856,Leo Garcia | Germany | Plus,Home & Kitchen,262.35,1,2025-04-21,Website,262.35,Leo Garcia,Germany,Plus,Leo Garcia,Germany,Munich,Plus,Consumer,2025-11-23,both,Matched,True,False,False,False,0.0,False,False,False
ORD-007940,C01896,Olivia Lee | Germany | Basic,Sports,148.69,6,2026-01-30,Marketplace,892.14,Olivia Lee,Germany,Basic,Olivia Lee,Germany,,Basic,,,left_only,Not Found,False,False,False,False,0.0,False,False,True
ORD-007941,C01602,Noah Davis | United States | Basic,Electronics,415.06,4,2025-01-15,Retail Store,1660.24,Noah Davis,United States,Basic,Noah Davis,United States,Austin,Basic,Consumer,2025-06-11,both,Matched,True,False,False,False,0.0,False,False,False
ORD-007943,C02264,Liam Martin | UAE | Plus,Beauty,143.64,3,2025-11-21,Marketplace,430.92,Liam Martin,UAE,Plus,Liam Martin,UAE,Dubai,Plus,Enterprise,2026-02-26,both,Matched,True,False,False,False,5.684341886080802e-14,False,False,False
ORD-007962,C01067,Sam Martin | Singapore | Plus,Beauty,21.2,5,2025-01-08,Website,106.0,Sam Martin,Singapore,Plus,Sam Martin,Singapore,Singapore,Plus,Small Business,2025-08-15,both,Matched,True,False,False,False,0.0,False,False,False
ORD-007965,C02033,Adam Brown | United States | Plus,Books,424.59,3,2025-11-19,Marketplace,1273.77,Adam Brown,United States,Plus,Adam Brown,United States,,Plus,,,left_only,Not Found,False,False,False,False,0.0,False,False,True
ORD-007969,C00404,Leo Taylor | UAE | Plus,Electronics,151.45,4,2025-02-03,Website,605.8,Leo Taylor,UAE,Plus,Leo Taylor,UAE,Abu Dhabi,Plus,Consumer,2025-05-06,both,Matched,True,False,False,False,0.0,False,False,False
ORD-007972,C00609,Lina Miller | Canada | Plus,Books,125.25,1,2025-12-14,Marketplace,125.25,Lina Miller,Canada,Plus,Lina Miller,Canada,,Plus,,,left_only,Not Found,False,False,False,False,0.0,False,False,True
ORD-007976,C01089,Lina Lewis | United Kingdom | Basic,Sports,147.39,3,2026-01-05,Marketplace,442.17,Lina Lewis,United Kingdom,Basic,Lina Lewis,United Kingdom,Bristol,Basic,Small Business,2026-01-26,both,Matched,True,False,False,False,5.684341886080802e-14,False,False,False
ORD-007979,C01943,Amelia Lewis | France | Basic,Sports,69.31,1,2025-07-07,Retail Store,69.31,Amelia Lewis,France,Basic,Amelia Lewis,France,Nice,Basic,Consumer,2025-11-04,both,Matched,True,False,False,False,0.0,False,False,False
ORD-007980,C01980,Lucas Thomas | Australia | Basic,Sports,355.94,6,2025-04-06,Website,2135.64,Lucas Thomas,Australia,Basic,Lucas Thomas,Australia,Brisbane,Basic,Small Business,2025-06-19,both,Matched,True,False,False,False,0.0,False,False,False
ORD-007981,C02178,Isla Clark | Australia | Plus,Books,350.55,4,2025-01-18,Marketplace,1402.2,Isla Clark,Australia,Plus,Isla Clark,Australia,,Plus,,,left_only,Not Found,False,False,False,False,0.0,False,False,True
ORD-007982,C00615,Emma Johnson | France | Plus,Home & Kitchen,193.46,3,2025-01-24,Website,580.38,Emma Johnson,France,Plus,Emma Johnson,France,Nice,Plus,Consumer,2026-04-11,both,Matched,True,False,False,False,0.0,False,False,False
ORD-007992,C00684,Sam Patel | Canada | Basic,Electronic Goods,607.71,4,2025-03-10,Marketplace,2430.84,Sam Patel,Canada,Basic,Sam Patel,Canada,Vancouver,Basic,Consumer,2025-11-22,both,Matched,True,False,False,False,0.0,False,False,False
ORD-007993,C00699,Mia Garcia | United Kingdom | Premium,Clothing,392.79,1,2025-03-22,Retail Store,392.79,Mia Garcia,United Kingdom,Premium,Mia Garcia,United Kingdom,London,Premium,Small Business,2025-10-05,both,Matched,True,False,False,False,0.0,False,False,False
ORD-007994,C01976,Zoe Patel | Germany | Plus,Office Supplies,551.61,1,2025-11-03,Retail Store,551.61,Zoe Patel,Germany,Plus,Zoe Patel,Germany,Frankfurt,Plus,Consumer,2026-03-22,both,Matched,True,False,False,False,0.0,False,False,False
ORD-008000,C01936,Lina Ahmed | Singapore | Basic,Sports,165.77,5,2025-03-14,Website,828.85,Lina Ahmed,Singapore,Basic,Lina Ahmed,Singapore,Singapore,Basic,Consumer,2026-02-04,both,Matched,True,False,False,False,0.0,False,False,False
ORD-008005,C00921,Liam Wilson | France | Plus,Home & Kitchen,521.77,1,2025-05-23,Retail Store,521.77,Liam Wilson,France,Plus,Liam Wilson,France,Lyon,Plus,Consumer,2025-06-23,both,Matched,True,False,False,False,0.0,False,False,False
ORD-008006,C02606,Jack Khan | Singapore | Plus,Books,610.1,2,2025-04-29,Website,1220.2,Jack Khan,Singapore,Plus,Jack Khan,Singapore,Singapore,Plus,Consumer,2026-01-14,both,Matched,True,False,False,False,0.0,False,False,False
ORD-008007,C02801,Lucas Patel | Canada | Basic,Toys,387.64,3,2026-07-07,Website,1162.92,Lucas Patel,Canada,Basic,Lucas Patel,Canada,,Basic,,,left_only,Not Found,False,False,False,False,0.0,False,False,True
ORD-008010,C00644,Isla Davis | Germany | Plus,Clothing,129.59,5,2025-08-13,Website,647.95,Isla Davis,Germany,Plus,Isla Davis,Germany,Munich,Plus,Consumer,2025-09-09,both,Matched,True,False,False,False,0.0,False,False,False
ORD-008014,C00614,Nora Martin | United Kingdom | Premium,Sports,62.64,4,2025-02-03,Mobile App,250.56,Nora Martin,United Kingdom,Premium,Nora Martin,United Kingdom,,Premium,,,left_only,Not Found,False,False,False,False,0.0,False,False,True
ORD-008016,C00177,Zoe Taylor | Singapore | Premium,Beauty,49.79,3,2025-02-18,Retail Store,149.37,Zoe Taylor,Singapore,Premium,Zoe Taylor,Singapore,Singapore,Premium,Consumer,2025-12-03,both,Matched,True,False,False,False,0.0,False,False,False
ORD-008026,C00055,Chloe Young | Australia | Plus,Toys,105.73,1,2025-02-03,Mobile App,105.73,Chloe Young,Australia,Plus,Chloe Young,Australia,Melbourne,Plus,Consumer,2026-02-20,both,Matched,True,False,False,False,0.0,False,False,False
ORD-008029,C01148,Zoe Hall | United Kingdom | Premium,Books,587.73,3,2025-01-30,Retail Store,1763.19,Zoe Hall,United Kingdom,Premium,Zoe Hall,United Kingdom,Bristol,Premium,Consumer,2025-08-27,both,Matched,True,False,False,False,0.0,False,False,False
ORD-008033,C02037,Ella King | United States | Plus,Books,111.24,1,2025-07-16,Retail Store,111.24,Ella King,United States,Plus,Ella King,United States,Seattle,Plus,Consumer,2025-08-01,both,Matched,True,False,False,False,0.0,False,False,False
ORD-008034,C00875,Sophia Davis | France | Plus,Toys,201.52,1,2025-07-11,Mobile App,176.52,Sophia Davis,France,Plus,Sophia Davis,France,Bordeaux,Plus,Consumer,2024-04-28,both,Matched,False,False,False,True,-25.0,False,False,False
ORD-008035,C00725,Amelia Johnson | Germany | Premium,Sports,77.64,5,2025-10-23,Mobile App,388.2,Amelia Johnson,Germany,Premium,Amelia Johnson,Germany,Hamburg,Premium,Consumer,2026-01-12,both,Matched,True,False,False,False,0.0,False,False,False
ORD-008039,C02659,Jack Wright | UAE | Plus,Books,141.32,6,2025-08-27,Website,847.92,Jack Wright,UAE,Plus,Jack Wright,UAE,Dubai,Plus,Small Business,2026-04-13,both,Matched,True,False,False,False,0.0,False,False,False
ORD-008042,C02006,Amelia Wilson | United States | Basic,Toys,330.57,2,2026-03-14,Marketplace,661.14,Amelia Wilson,United States,Basic,Amelia Wilson,United States,Austin,Basic,Consumer,2026-03-17,both,Matched,True,False,False,False,0.0,False,False,False
ORD-008043,C02179,Sam Martin | Singapore | Basic,Beauty,513.79,1,2026-01-21,Website,513.79,Sam Martin,Singapore,Basic,Sam Martin,Singapore,,Basic,,,left_only,Not Found,False,False,False,False,0.0,False,False,True
ORD-008051,C02596,Ryan Taylor | Canada | Plus,Office Supplies,86.45,4,2025-03-24,Retail Store,345.8,Ryan Taylor,Canada,Plus,Ryan Taylor,Canada,Ottawa,Plus,Small Business,2025-12-06,both,Matched,True,False,False,False,0.0,False,False,False
ORD-008060,C02596,Ryan Taylor | Canada | Plus,Beauty,346.83,2,2025-06-30,Retail Store,693.66,Ryan Taylor,Canada,Plus,Ryan Taylor,Canada,Ottawa,Plus,Small Business,2025-12-06,both,Matched,True,False,False,False,0.0,False,False,False
ORD-008061,C01308,Lina Johnson | Australia | Plus,Home & Kitchen,171.51,5,2025-07-09,Mobile App,857.55,Lina Johnson,Australia,Plus,Lina Johnson,Australia,Perth,Plus,Small Business,2025-12-06,both,Matched,True,False,False,False,0.0,False,False,False
ORD-008062,C01661,Layla Taylor | Australia | Basic,Sports,587.48,1,2025-02-04,Marketplace,587.48,Layla Taylor,Australia,Basic,Layla Taylor,Australia,Melbourne,Basic,Consumer,2025-11-01,both,Matched,True,False,False,False,0.0,False,False,False
ORD-008067,C00359,Sophia Mitchell | Canada | Basic,Sports,232.8,4,2025-01-27,Mobile App,931.2,Sophia Mitchell,Canada,Basic,Sophia Mitchell,Canada,Calgary,Basic,Consumer,2025-02-03,both,Matched,True,False,False,False,0.0,False,False,False
ORD-008069,C01097,Noah King | France | Basic,Clothing,100.76,4,2026-03-27,Marketplace,403.04,Noah King,France,Basic,Noah King,France,,Basic,,,left_only,Not Found,False,False,False,False,0.0,False,False,True
ORD-008085,C01194,Olivia Miller | France | Basic,Clothing,366.66,4,2025-10-27,Marketplace,1466.64,Olivia Miller,France,Basic,Olivia Miller,France,Bordeaux,Basic,Consumer,2026-01-12,both,Matched,True,False,False,False,0.0,False,False,False
ORD-008088,C00377,Leo Lewis | Singapore | Basic,Office Supplies,591.99,2,2025-04-01,Website,1183.98,Leo Lewis,Singapore,Basic,Leo Lewis,Singapore,Singapore,Basic,Consumer,2025-05-12,both,Matched,True,False,False,False,0.0,False,False,False
ORD-008099,C01533,Isla Anderson | United States | Plus,Office Supplies,587.24,2,2025-07-08,Website,1174.48,Isla Anderson,United States,Plus,Isla Anderson,United States,New York,Plus,Consumer,2026-02-22,both,Matched,True,False,False,False,0.0,False,False,False
ORD-008109,C01612,Ava Lee | Germany | Plus,Clothing,380.89,5,2025-07-24,Mobile App,1904.45,Ava Lee,Germany,Plus,Ava Lee,Germany,Hamburg,Plus,Small Business,2025-10-30,both,Matched,True,False,False,False,2.2737367544323206e-13,False,False,False
ORD-008113,C02038,Zoe Moore | United States | Plus,Office Supplies,198.32,1,2025-01-25,Marketplace,198.32,Zoe Moore,United States,Plus,Zoe Moore,United States,Chicago,Plus,Small Business,2025-06-03,both,Matched,True,False,False,False,0.0,False,False,False
ORD-008114,C01544,Ava Garcia | Canada | Basic,Books,393.98,4,2025-04-13,Retail Store,1575.92,Ava Garcia,Canada,Basic,Ava Garcia,Canada,Vancouver,Basic,Enterprise,2025-09-13,both,Matched,True,False,False,False,0.0,False,False,False
ORD-008121,C00605,Layla Nelson | Germany | Plus,Office Supplies,590.61,5,2025-04-14,Retail Store,2953.05,Layla Nelson,Germany,Plus,Layla Nelson,Germany,Berlin,Plus,Consumer,2026-04-08,both,Matched,True,False,False,False,0.0,False,False,False
ORD-008127,C01943,Amelia Lewis | France | Basic,Home & Kitchen,352.56,3,2025-10-09,Website,1057.68,Amelia Lewis,France,Basic,Amelia Lewis,France,Nice,Basic,Consumer,2025-11-04,both,Matched,True,False,False,False,0.0,False,False,False
ORD-008129,C01794,Nora Clark | United States | Plus,Sports,277.54,3,2025-01-16,Retail Store,832.62,Nora Clark,United States,Plus,Nora Clark,United States,Chicago,Plus,Consumer,2025-09-03,both,Matched,True,False,False,False,-1.1368683772161603e-13,False,False,False
ORD-008142,C00482,Isla King | UAE | Basic,Beauty,203.41,4,2025-05-02,Marketplace,813.64,Isla King,UAE,Basic,Isla King,UAE,Abu Dhabi,Basic,Small Business,2025-12-12,both,Matched,True,False,False,False,0.0,False,False,False
ORD-008149,C01847,Nora Lewis | United States | Plus,Toys,79.74,5,2025-09-07,Mobile App,398.7,Nora Lewis,United States,Plus,Nora Lewis,United States,,Plus,,,left_only,Not Found,False,False,False,False,0.0,False,False,True
ORD-008152,C00857,Henry Wilson | Australia | Basic,Home & Kitchen,269.71,6,2025-09-14,Website,1618.26,Henry Wilson,Australia,Basic,Henry Wilson,Australia,Sydney,Basic,Small Business,2025-12-05,both,Matched,True,False,False,False,2.2737367544323206e-13,False,False,False
ORD-008153,C02867,Yusuf Miller | UAE | Basic,Electronics,11.64,3,2025-11-04,Mobile App,34.92,Yusuf Miller,UAE,Basic,Yusuf Miller,UAE,Abu Dhabi,Basic,Consumer,2026-01-07,both,Matched,True,False,False,False,0.0,False,False,False
ORD-008157,C01432,Ella Anderson | United States | Premium,Office Supplies,247.57,5,2025-07-11,Retail Store,1277.85,Ella Anderson,United States,Premium,Ella Anderson,United States,Chicago,Premium,Small Business,2023-04-28,both,Matched,False,False,False,True,40.0,False,False,False
ORD-008161,C01208,Lucas Garcia | UAE | Plus,Beauty,148.58,2,2025-06-09,Website,297.16,Lucas Garcia,UAE,Plus,Lucas Garcia,UAE,Abu Dhabi,Plus,Consumer,2025-10-21,both,Matched,True,False,False,False,0.0,False,False,False
ORD-008172,C00301,Jack Baker | Australia | Premium,Sports,447.89,2,2025-10-23,Mobile App,895.78,Jack Baker,Australia,Premium,Jack Baker,Australia,,Premium,,,left_only,Not Found,False,False,False,False,0.0,False,False,True
ORD-008173,C00882,Ryan Thomas | France | Premium,Clothes,500.39,6,2025-10-13,Mobile App,3002.34,Ryan Thomas,France,Premium,Ryan Thomas,France,Nice,Premium,Consumer,2025-11-11,both,Matched,True,False,False,False,0.0,False,False,False
ORD-008176,C00290,Omar Carter | Canada | Plus,Toys,482.32,1,2025-01-27,Mobile App,482.32,Omar Carter,Canada,Plus,Omar Carter,Canada,Toronto,Plus,Consumer,2026-03-30,both,Matched,True,False,False,False,0.0,False,False,False
ORD-008188,C01723,Isla Anderson | Germany | Basic,Clothing,292.66,2,2026-03-29,Mobile App,560.32,Isla Anderson,Germany,Basic,Isla Anderson,Germany,Berlin,Basic,Consumer,2024-07-19,both,Matched,False,False,False,True,-25.0,False,False,False
ORD-008191,C02711,Liam Clark | United States | Plus,Books,180.44,6,2026-01-26,Retail Store,1082.64,Liam Clark,United States,Plus,Liam Clark,United States,,Plus,,,left_only,Not Found,False,False,False,False,2.2737367544323206e-13,False,False,True
ORD-008194,C01361,Isla Ahmed | Australia | Basic,Toys,174.82,1,2025-07-20,Website,174.82,Isla Ahmed,Australia,Basic,Isla Ahmed,Australia,Brisbane,Basic,Small Business,2025-08-31,both,Matched,True,False,False,False,0.0,False,False,False
ORD-008207,C01245,Mia Miller | United States | Basic,Books,105.72,6,2025-04-28,Retail Store,634.32,Mia Miller,United States,Basic,Mia Miller,United States,New York,Basic,Consumer,2025-11-16,both,Matched,True,False,False,False,1.1368683772161603e-13,False,False,False
ORD-008216,C02884,Henry Wilson | UAE | Premium,Electronics,526.77,1,2025-08-17,Mobile App,526.77,Henry Wilson,UAE,Premium,Henry Wilson,UAE,Abu Dhabi,Premium,Small Business,2026-03-04,both,Matched,True,False,False,False,0.0,False,False,False
ORD-008219,C02716,Amelia Hall | Australia | Plus,Beauty,391.84,1,2025-04-17,Marketplace,391.84,Amelia Hall,Australia,Plus,Amelia Hall,Australia,Melbourne,Plus,Consumer,2025-06-19,both,Matched,True,False,False,False,0.0,False,False,False
ORD-008220,C02950,Maya Anderson | United States | Premium,Clothing,121.7,2,2025-05-29,Mobile App,243.4,Maya Anderson,United States,Premium,Maya Anderson,United States,,Premium,,,left_only,Not Found,False,True,False,False,0.0,False,False,True
ORD-008224,C01117,Sara Carter | UAE | Premium,Beauty,128.53,5,2025-02-08,Retail Store,642.65,Sara Carter,UAE,Premium,Sara Carter,UAE,Abu Dhabi,Premium,Consumer,2025-10-17,both,Matched,True,False,False,False,0.0,False,False,False
ORD-008234,C02492,Chloe Clark | France | Plus,Beauty,82.68,3,2025-03-28,Retail Store,248.04,Chloe Clark,France,Plus,Chloe Clark,France,Nice,Plus,Consumer,2025-11-22,both,Matched,True,False,False,False,-2.842170943040401e-14,False,False,False
ORD-008236,C01234,Omar Miller | United States | Premium,Electronics,576.99,2,2025-07-19,Mobile App,1153.98,Omar Miller,United States,Premium,Omar Miller,United States,Seattle,Premium,Consumer,2025-08-27,both,Matched,True,False,False,False,0.0,False,False,False
ORD-008238,C02448,Lina Taylor | Canada | Plus,Office Supplies,489.74,6,2025-11-29,Retail Store,2938.44,Lina Taylor,Canada,Plus,Lina Taylor,Canada,Calgary,Plus,Consumer,2026-03-07,both,Matched,True,False,False,False,0.0,False,False,False
ORD-008241,C01900,Zoe Walker | UAE | Plus,Electronics,34.93,1,2025-01-23,Website,34.93,Zoe Walker,UAE,Plus,Zoe Walker,UAE,Dubai,Plus,Enterprise,2025-04-01,both,Matched,True,False,False,False,0.0,False,False,False
ORD-008242,C00350,Jack Wright | Canada | Basic,Sports,151.39,1,2025-06-16,Mobile App,151.39,Jack Wright,Canada,Basic,Jack Wright,Canada,Vancouver,Basic,Consumer,2026-03-12,both,Matched,True,False,False,False,0.0,False,False,False
ORD-008244,C02953,Chloe Wilson | Canada | Premium,Books,458.35,4,2025-12-10,Retail Store,1833.4,Chloe Wilson,Canada,Premium,Chloe Wilson,Canada,,Premium,,,left_only,Not Found,False,False,False,False,0.0,False,False,True
ORD-008250,C01434,Chloe Hassan | UAE | Basic,Home & Kitchen,483.87,1,2025-03-13,Website,483.87,Chloe Hassan,UAE,Basic,Chloe Hassan,UAE,Abu Dhabi,Basic,Consumer,2025-10-04,both,Matched,True,False,False,False,0.0,False,False,False
ORD-008252,C02995,Lucas Anderson | UAE | Basic,Home & Kitchen,610.47,6,2025-06-08,Website,3662.82,Lucas Anderson,UAE,Basic,Lucas Anderson,UAE,Sharjah,Basic,Small Business,2025-06-09,both,Matched,True,False,False,False,0.0,False,False,False
ORD-008254,C02665,Yusuf Ahmed | United Kingdom | Premium,Books,13.27,3,2025-03-23,Marketplace,39.81,Yusuf Ahmed,United Kingdom,Premium,Yusuf Ahmed,United Kingdom,Manchester,Premium,Consumer,2026-04-07,both,Matched,True,False,False,False,0.0,False,False,False
ORD-008258,C02144,Maya Hall | Canada | Basic,Toys,404.51,5,2026-02-26,Website,2022.55,Maya Hall,Canada,Basic,Maya Hall,Canada,,Basic,,,left_only,Not Found,False,False,False,False,0.0,False,False,True
ORD-008259,C00424,Ella Lee | Singapore | Basic,Beauty,373.82,4,2025-07-17,Website,1495.28,Ella Lee,Singapore,Basic,Ella Lee,Singapore,Singapore,Basic,Consumer,2026-01-25,both,Matched,True,False,False,False,0.0,False,False,False
ORD-008261,C02532,Omar Miller | United States | Basic,Books,368.83,6,2026-07-08,Website,2212.98,Omar Miller,United States,Basic,Omar Miller,United States,,Basic,,,left_only,Not Found,False,False,False,False,0.0,False,False,True
ORD-008265,C01754,Mia Johnson | Australia | Plus,Electronics,384.09,2,2025-08-23,Website,768.18,Mia Johnson,Australia,Plus,Mia Johnson,Australia,,Plus,,,left_only,Not Found,False,False,False,False,0.0,False,False,True
ORD-008267,C01212,Ella Patel | France | Premium,Electronic Goods,208.02,2,2025-04-10,Retail Store,416.04,Ella Patel,France,Premium,Ella Patel,France,Nice,Premium,Consumer,2025-11-11,both,Matched,True,False,False,False,0.0,False,False,False
ORD-008273,C00609,Lina Miller | Canada | Plus,Beauty,83.23,3,2025-09-07,Marketplace,249.69,Lina Miller,Canada,Plus,Lina Miller,Canada,,Plus,,,left_only,Not Found,False,False,False,False,0.0,False,False,True
ORD-008274,C01030,Sophia Ahmed | Australia | Basic,Sports,528.2,4,2025-01-14,Marketplace,2112.8,Sophia Ahmed,Australia,Basic,Sophia Ahmed,Australia,,Basic,,,left_only,Not Found,False,False,False,False,0.0,False,False,True
ORD-008275,C00165,Maya Wright | United Kingdom | Basic,Beauty,491.99,1,2025-05-23,Marketplace,491.99,Maya Wright,United Kingdom,Basic,Maya Wright,United Kingdom,Manchester,Basic,Consumer,2025-10-05,both,Matched,True,False,False,False,0.0,False,False,False
ORD-008280,C02333,Sam Baker | UAE | Basic,Home & Kitchen,94.88,2,2026-05-06,Retail Store,189.76,Sam Baker,UAE,Basic,Sam Baker,UAE,,Basic,,,left_only,Not Found,False,False,False,False,0.0,False,False,True
ORD-008281,C00084,Sara King | France | Basic,Sports,518.74,2,2025-04-16,Retail Store,1037.48,Sara King,France,Basic,Sara King,France,Lyon,Basic,Consumer,2025-09-21,both,Matched,True,False,False,False,0.0,False,False,False
ORD-000023,C01634,Liam Lewis | United States | Premium,Sports,237.03,3,2026-03-03,Marketplace,711.09,Liam Lewis,United States,Premium,Liam Lewis,United States,Austin,Premium,Small Business,2023-10-18,both,Matched,False,False,False,False,0.0,True,False,False
ORD-008307,C01463,Noah Carter | United States | Plus,Office Supplies,245.57,1,2025-05-04,Website,245.57,Noah Carter,United States,Plus,Noah Carter,United States,Austin,Plus,Consumer,2025-12-26,both,Matched,True,False,False,False,0.0,False,False,False
ORD-008312,C01569,Amelia Mitchell | United Kingdom | Basic,Toys,66.35,1,2025-06-18,Marketplace,66.35,Amelia Mitchell,United Kingdom,Basic,Amelia Mitchell,United Kingdom,Leeds,Basic,Small Business,2025-07-18,both,Matched,True,False,False,False,0.0,False,False,False
ORD-008321,C02650,Layla Clark | France | Basic,Clothing,263.9,5,2025-06-09,Website,1319.5,Layla Clark,France,Basic,Layla Clark,France,Nice,Basic,Consumer,2026-02-06,both,Matched,True,False,False,False,0.0,False,False,False
ORD-008333,C02958,Zoe Ahmed | Canada | Premium,Office Supplies,165.77,1,2025-09-29,Marketplace,165.77,Zoe Ahmed,Canada,Premium,Zoe Ahmed,Canada,,Premium,,,left_only,Not Found,False,False,False,False,0.0,False,False,True
ORD-008334,C00910,Ava Lewis | Canada | Basic,Electronics,301.82,6,2025-07-13,Marketplace,1810.92,Ava Lewis,Canada,Basic,Ava Lewis,Canada,Toronto,Basic,Consumer,2025-08-02,both,Matched,True,False,False,False,0.0,False,False,False
ORD-008342,C02736,Amelia Hassan | Canada | Plus,Electronics,99.5,5,2025-07-19,Retail Store,497.5,Amelia Hassan,Canada,Plus,Amelia Hassan,Canada,Toronto,Plus,Small Business,2026-01-24,both,Matched,True,False,False,False,0.0,False,False,False
ORD-008354,C02951,Jack Mitchell | France | Plus,Home & Kitchen,126.54,6,2026-01-07,Website,759.24,Jack Mitchell,France,Plus,Jack Mitchell,France,,Plus,,,left_only,Not Found,False,False,False,False,0.0,False,False,True
ORD-008358,C02466,Ella Lee | Australia | Basic,Electronics,372.08,2,2025-10-06,Mobile App,744.16,Ella Lee,Australia,Basic,Ella Lee,Australia,,Basic,,,left_only,Not Found,False,False,False,False,0.0,False,False,True
ORD-008365,C02082,Sophia Mitchell | UAE | Premium,Beauty,161.65,2,2025-04-03,Mobile App,323.3,Sophia Mitchell,UAE,Premium,Sophia Mitchell,UAE,Sharjah,Premium,Enterprise,2026-01-27,both,Matched,True,False,False,False,0.0,False,False,False
ORD-008369,C00565,Ethan Taylor | Germany | Basic,Office Supplies,166.31,2,2025-12-14,Mobile App,332.62,Ethan Taylor,Germany,Basic,Ethan Taylor,Germany,Berlin,Basic,Small Business,2025-12-31,both,Matched,True,False,False,False,0.0,False,False,False
ORD-008370,C00290,Omar Carter | Canada | Plus,Books,461.29,3,2026-02-04,Website,1383.87,Omar Carter,Canada,Plus,Omar Carter,Canada,Toronto,Plus,Consumer,2026-03-30,both,Matched,True,False,False,False,-2.2737367544323206e-13,False,False,False
ORD-008376,C01302,Layla Johnson | Singapore | Basic,Books,516.71,6,2025-03-29,Mobile App,3100.26,Layla Johnson,Singapore,Basic,Layla Johnson,Singapore,Singapore,Basic,Small Business,2025-08-03,both,Matched,True,False,False,False,0.0,False,False,False
ORD-008384,C01383,Lina Hassan | United States | Premium,Electronics,575.36,1,2025-01-14,Retail Store,575.36,Lina Hassan,United States,Premium,Lina Hassan,United States,,Premium,,,left_only,Not Found,False,False,False,False,0.0,False,False,True
ORD-008397,C02466,Ella Lee | Australia | Basic,Home & Kitchen,573.31,5,2025-11-02,Website,2866.55,Ella Lee,Australia,Basic,Ella Lee,Australia,,Basic,,,left_only,Not Found,False,False,False,False,4.547473508864641e-13,False,False,True
ORD-008398,C00237,Maya Miller | Singapore | Basic,Electronics,418.27,3,2025-08-04,Mobile App,1254.81,Maya Miller,Singapore,Basic,Maya Miller,Singapore,Singapore,Basic,Small Business,2026-01-02,both,Matched,True,False,False,False,0.0,False,False,False
ORD-008403,C02743,James Anderson | UAE | Plus,Beauty,323.73,1,2025-07-10,Retail Store,323.73,James Anderson,UAE,Plus,James Anderson,UAE,Abu Dhabi,Plus,Consumer,2025-09-04,both,Matched,True,False,False,False,0.0,False,False,False
ORD-008408,C02643,Leo Walker | Canada | Basic,Clothing,594.27,3,2025-08-03,Mobile App,1782.81,Leo Walker,Canada,Basic,Leo Walker,Canada,Ottawa,Basic,Consumer,2025-10-01,both,Matched,True,False,False,False,0.0,False,False,False
ORD-008411,C00245,Chloe Johnson | Germany | Plus,Office Supplies,419.23,6,2025-01-26,Marketplace,2515.38,Chloe Johnson,Germany,Plus,Chloe Johnson,Germany,Hamburg,Plus,Enterprise,2026-01-17,both,Matched,True,False,False,False,0.0,False,False,False
ORD-008419,C02132,Sara Thomas | Singapore | Plus,Office Supplies,217.04,6,2025-08-21,Website,1302.24,Sara Thomas,Singapore,Plus,Sara Thomas,Singapore,Singapore,Plus,Small Business,2025-12-22,both,Matched,True,False,False,False,0.0,False,False,False
ORD-008420,C00022,Ella Khan | Australia | Basic,Toys,387.9,1,2025-04-09,Mobile App,387.9,Ella Khan,Australia,Basic,Ella Khan,Australia,Melbourne,Basic,Consumer,2025-12-22,both,Matched,True,False,False,False,0.0,False,False,False
ORD-008430,C00202,Emma Ahmed | France | Basic,Toys,393.75,3,2025-08-20,Marketplace,1181.25,Emma Ahmed,France,Basic,Emma Ahmed,France,,Basic,,,left_only,Not Found,False,False,False,False,0.0,False,False,True
ORD-008437,C02330,Olivia King | UAE | Basic,Books,216.89,4,2026-04-21,Website,867.56,Olivia King,UAE,Basic,Olivia King,UAE,,Basic,,,left_only,Not Found,False,False,False,False,0.0,False,False,True
ORD-008456,C00368,Layla Hassan | Germany | Basic,Toys,447.3,1,2026-03-25,Mobile App,447.3,Layla Hassan,Germany,Basic,Layla Hassan,Germany,,Basic,,,left_only,Not Found,False,False,False,False,0.0,False,False,True
ORD-008459,C00676,Sam Nelson | France | Plus,Beauty,630.99,1,2026-06-25,Mobile App,630.99,Sam Nelson,France,Plus,Sam Nelson,France,,Plus,,,left_only,Not Found,False,False,False,False,0.0,False,False,True
ORD-008470,C00649,Lucas Anderson | Canada | Basic,Home & Kitchen,75.57,2,2026-01-07,Mobile App,151.14,Lucas Anderson,Canada,Basic,Lucas Anderson,Canada,,Basic,,,left_only,Not Found,False,False,False,False,0.0,False,False,True
ORD-008474,C02103,Henry Ahmed | France | Plus,Toys,218.33,6,2026-02-26,Retail Store,1309.98,Henry Ahmed,France,Plus,Henry Ahmed,France,Nice,Plus,Consumer,2026-03-13,both,Matched,True,False,False,False,0.0,False,False,False
ORD-008480,C00977,Nora Baker | United Kingdom | Plus,Toys,345.59,3,2025-03-26,Marketplace,1036.77,Nora Baker,United Kingdom,Plus,Nora Baker,United Kingdom,Leeds,Plus,Small Business,2025-12-27,both,Matched,True,False,False,False,0.0,False,False,False
ORD-008481,C02951,Jack Mitchell | France | Plus,Toys,626.01,5,2025-07-17,Marketplace,3130.05,Jack Mitchell,France,Plus,Jack Mitchell,France,,Plus,,,left_only,Not Found,False,False,False,False,0.0,False,False,True
ORD-008482,C00127,Ava Wright | Singapore | Plus,Books,601.88,5,2025-09-12,Marketplace,3009.4,Ava Wright,Singapore,Plus,Ava Wright,Singapore,Singapore,Plus,Consumer,2026-01-31,both,Matched,True,False,False,False,0.0,False,False,False
ORD-008489,C00257,Lucas Taylor | United States | Basic,Beauty,450.22,1,2025-07-09,Website,450.22,Lucas Taylor,United States,Basic,Lucas Taylor,United States,Austin,Basic,Consumer,2026-02-24,both,Matched,True,False,False,False,0.0,False,False,False
ORD-008502,C02191,Lucas Clark | United States | Basic,Home & Kitchen,437.33,3,2026-01-10,Marketplace,1311.99,Lucas Clark,United States,Basic,Lucas Clark,United States,Seattle,Basic,Small Business,2026-02-24,both,Matched,True,False,False,False,0.0,False,False,False
ORD-008505,C01876,Ava Thomas | Canada | Plus,Clothing,73.81,1,2025-06-24,Retail Store,73.81,Ava Thomas,Canada,Plus,Ava Thomas,Canada,Vancouver,Plus,Consumer,2025-07-20,both,Matched,True,False,False,False,0.0,False,False,False
ORD-008509,C01480,Yusuf Taylor | France | Basic,Sports,200.64,5,,Retail Store,1003.2,Yusuf Taylor,France,Basic,Yusuf Taylor,France,Bordeaux,Basic,Small Business,2023-03-31,both,Matched,False,False,False,False,1.1368683772161603e-13,False,True,False
ORD-008510,C01465,Sara King | France | Basic,Clothes,624.03,3,2025-01-04,Website,1872.09,Sara King,France,Basic,Sara King,France,Nice,Basic,Consumer,2026-03-17,both,Matched,True,False,False,False,0.0,False,False,False
ORD-008516,C01592,Alex Hall | Australia | Basic,Sports,275.78,6,2025-08-13,Marketplace,1654.68,Alex Hall,Australia,Basic,Alex Hall,Australia,Sydney,Basic,Consumer,2025-12-15,both,Matched,True,False,False,False,2.2737367544323206e-13,False,False,False
ORD-008522,C02149,Jack Carter | United States | Basic,Electronics,497.52,5,2025-02-16,Marketplace,2487.6,Jack Carter,United States,Basic,Jack Carter,United States,Seattle,Basic,Small Business,2025-02-17,both,Matched,True,False,False,False,0.0,False,False,False
ORD-008523,C00500,Mia Hall | United Kingdom | Basic,Sports,381.69,4,2025-06-11,Mobile App,1526.76,Mia Hall,United Kingdom,Basic,Mia Hall,United Kingdom,,Basic,,,left_only,Not Found,False,False,False,False,0.0,False,False,True
ORD-008525,C00696,James Thomas | UAE | Basic,Sports,427.57,2,2025-06-03,Marketplace,855.14,James Thomas,UAE,Basic,James Thomas,UAE,Abu Dhabi,Basic,Consumer,2026-03-20,both,Matched,True,False,False,False,0.0,False,False,False
ORD-008526,C02898,Ryan Thomas | United States | Plus,Books,357.55,5,2025-04-19,Marketplace,1787.75,Ryan Thomas,United States,Plus,Ryan Thomas,United States,New York,Plus,Small Business,2025-09-04,both,Matched,True,False,False,False,0.0,False,False,False
ORD-008530,C00348,Sara Davis | Germany | Basic,Electronics,494.96,1,2025-01-02,Website,494.96,Sara Davis,Germany,Basic,Sara Davis,Germany,Munich,Basic,Consumer,2026-02-26,both,Matched,True,False,False,False,0.0,False,False,False
ORD-008531,C01006,Sara Thomas | UAE | Basic,Clothes,312.57,6,2025-04-11,Retail Store,1875.42,Sara Thomas,UAE,Basic,Sara Thomas,UAE,Dubai,Basic,Consumer,2026-02-08,both,Matched,True,False,False,False,0.0,False,False,False
ORD-008532,C02602,James Khan | United Kingdom | Basic,Beauty,90.3,2,2025-11-10,Retail Store,180.6,James Khan,United Kingdom,Basic,James Khan,United Kingdom,London,Basic,Consumer,2026-01-22,both,Matched,True,False,False,False,0.0,False,False,False
ORD-008539,C01030,Sophia Ahmed | Australia | Basic,Office Supplies,163.24,5,2026-04-08,Mobile App,816.2,Sophia Ahmed,Australia,Basic,Sophia Ahmed,Australia,,Basic,,,left_only,Not Found,False,False,False,False,0.0,False,False,True
ORD-008546,C01851,Nora Nelson | UAE | Basic,Sports,122.93,5,2026-01-29,Mobile App,614.65,Nora Nelson,UAE,Basic,Nora Nelson,UAE,Dubai,Basic,Consumer,2026-03-25,both,Matched,True,False,False,False,-1.1368683772161603e-13,False,False,False
ORD-008549,C00132,Maya Mitchell | Australia | Basic,Electronics,283.31,2,2025-04-01,Mobile App,566.62,Maya Mitchell,Australia,Basic,Maya Mitchell,Australia,Melbourne,Basic,Consumer,2025-04-15,both,Matched,True,False,False,False,0.0,False,False,False
ORD-008555,C00948,Liam Adams | United Kingdom | Premium,Clothes,107.71,5,2025-08-29,Mobile App,538.55,Liam Adams,United Kingdom,Premium,Liam Adams,United Kingdom,,Premium,,,left_only,Not Found,False,False,False,False,0.0,False,False,True
ORD-008556,C00361,Maya Moore | United States | Basic,Beauty,328.98,5,2025-04-30,Website,1644.9,Maya Moore,United States,Basic,Maya Moore,United States,New York,Basic,Consumer,2025-09-01,both,Matched,True,False,False,False,0.0,False,False,False
ORD-008557,C02082,Sophia Mitchell | UAE | Premium,Toys,230.56,1,2025-05-11,Mobile App,230.56,Sophia Mitchell,UAE,Premium,Sophia Mitchell,UAE,Sharjah,Premium,Enterprise,2026-01-27,both,Matched,True,False,False,False,0.0,False,False,False
ORD-008558,C00309,Chloe Johnson | United States | Plus,Home & Kitchen,593.98,0,2025-12-28,Retail Store,2375.92,Chloe Johnson,United States,Plus,Chloe Johnson,United States,Seattle,Plus,Consumer,2024-11-17,both,Matched,False,False,True,True,2375.92,False,False,False
ORD-008560,C01402,Olivia Taylor | Canada | Premium,Electronics,429.53,3,2025-10-01,Mobile App,1288.59,Olivia Taylor,Canada,Premium,Olivia Taylor,Canada,,Premium,,,left_only,Not Found,False,False,False,False,0.0,False,False,True
ORD-008563,C01845,Mia Nelson | Australia | Basic,Clothing,448.68,0,2026-03-10,Marketplace,448.68,Mia Nelson,Australia,Basic,Mia Nelson,Australia,Perth,Basic,Small Business,2024-08-14,both,Matched,False,False,True,True,448.68,False,False,False
ORD-008565,C02053,Lucas Nelson | UAE | Premium,Electronics,105.85,6,2025-01-03,Mobile App,710.1,Lucas Nelson,UAE,Premium,Lucas Nelson,UAE,Sharjah,Premium,Consumer,2024-04-04,both,Matched,False,False,False,True,75.00000000000011,False,False,False
ORD-008568,C02742,Ryan Martin | Singapore | Plus,Sprots,112.25,3,2025-04-13,Retail Store,336.75,Ryan Martin,Singapore,Plus,Ryan Martin,Singapore,Singapore,Plus,Consumer,2025-05-17,both,Matched,True,False,False,False,0.0,False,False,False
ORD-008579,C00108,Sophia Lee | Singapore | Plus,Books,300.69,3,2025-07-16,Mobile App,902.07,Sophia Lee,Singapore,Plus,Sophia Lee,Singapore,Singapore,Plus,Enterprise,2025-12-10,both,Matched,True,False,False,False,1.1368683772161603e-13,False,False,False
ORD-008580,C02121,Jack Smith | France | Basic,Home & Kitchen,19.9,3,2025-10-20,Retail Store,59.7,Jack Smith,France,Basic,Jack Smith,France,Nice,Basic,Consumer,2026-01-13,both,Matched,True,False,False,False,7.105427357601002e-15,False,False,False
ORD-008581,C01663,Ella Clark | Canada | Premium,Toys,185.06,4,2025-09-28,Retail Store,740.24,Ella Clark,Canada,Premium,Ella Clark,Canada,,Premium,,,left_only,Not Found,False,False,False,False,0.0,False,False,True
ORD-008586,C02608,Ava Adams | Australia | Premium,Electronic Goods,575.02,6,2025-04-18,Retail Store,3450.12,Ava Adams,Australia,Premium,Ava Adams,Australia,Perth,Premium,Consumer,2025-12-25,both,Matched,True,False,False,False,0.0,False,False,False
ORD-008589,C00324,Jack Smith | France | Plus,Toys,369.73,3,2025-07-20,Marketplace,1109.19,Jack Smith,France,Plus,Jack Smith,France,Nice,Plus,Small Business,2026-03-30,both,Matched,True,False,False,False,0.0,False,False,False
ORD-008590,C01473,Isla Smith | United Kingdom | Premium,Books,96.95,4,2025-02-01,Mobile App,387.8,Isla Smith,United Kingdom,Premium,Isla Smith,United Kingdom,Leeds,Premium,Consumer,2026-02-02,both,Matched,True,False,False,False,0.0,False,False,False
ORD-008593,C02268,Daniel King | Australia | Basic,Home & Kitchen,594.41,1,2025-06-23,Retail Store,594.41,Daniel King,Australia,Basic,Daniel King,Australia,Melbourne,Basic,Consumer,2026-03-14,both,Matched,True,False,False,False,0.0,False,False,False
ORD-008595,C01631,Sara Wilson | United Kingdom | Basic,Home & Kitchen,238.84,1,2025-05-24,Retail Store,238.84,Sara Wilson,United Kingdom,Basic,Sara Wilson,United Kingdom,London,Basic,Small Business,2025-07-15,both,Matched,True,False,False,False,0.0,False,False,False
ORD-008598,C01308,Lina Johnson | Australia | Plus,Beauty,14.54,6,2025-10-31,Retail Store,87.24,Lina Johnson,Australia,Plus,Lina Johnson,Australia,Perth,Plus,Small Business,2025-12-06,both,Matched,True,False,False,False,0.0,False,False,False
ORD-008601,C02340,Chloe Khan | France | Plus,Home & Kitchen,234.07,3,2025-08-20,Mobile App,702.21,Chloe Khan,France,Plus,Chloe Khan,France,Paris,Plus,Consumer,2025-11-15,both,Matched,True,False,False,False,0.0,False,False,False
ORD-008605,C01976,Zoe Patel | Germany | Plus,Sports,22.56,2,2025-04-28,Retail Store,45.12,Zoe Patel,Germany,Plus,Zoe Patel,Germany,Frankfurt,Plus,Consumer,2026-03-22,both,Matched,True,False,False,False,0.0,False,False,False
ORD-008609,C01098,Zoe Taylor | United States | Plus,Electronics,367.02,2,2025-08-09,Website,734.04,Zoe Taylor,United States,Plus,Zoe Taylor,United States,Chicago,Plus,Enterprise,2025-10-09,both,Matched,True,False,False,False,0.0,False,False,False
ORD-008610,C00127,Ava Wright | Singapore | Plus,Beauty,341.93,2,2025-06-06,Mobile App,683.86,Ava Wright,Singapore,Plus,Ava Wright,Singapore,Singapore,Plus,Consumer,2026-01-31,both,Matched,True,False,False,False,0.0,False,False,False
ORD-008613,C01854,Sara Thomas | United Kingdom | Basic,Office Supplies,620.16,1,2025-12-03,Mobile App,620.16,Sara Thomas,United Kingdom,Basic,Sara Thomas,United Kingdom,Leeds,Basic,Consumer,2026-03-28,both,Matched,True,False,False,False,0.0,False,False,False
ORD-008614,C01663,Ella Clark | Canada | Premium,Sports,502.46,5,2025-02-13,Mobile App,2512.3,Ella Clark,Canada,Premium,Ella Clark,Canada,,Premium,,,left_only,Not Found,False,False,False,False,4.547473508864641e-13,False,False,True
ORD-008621,C02801,Lucas Patel | Canada | Basic,Sprots,648.85,1,2025-09-07,Website,648.85,Lucas Patel,Canada,Basic,Lucas Patel,Canada,,Basic,,,left_only,Not Found,False,False,False,False,0.0,False,False,True
ORD-008622,C00532,Sara Moore | United States | Basic,Home & Kitchen,161.45,4,2025-06-08,Website,645.8,Sara Moore,United States,Basic,Sara Moore,United States,Austin,Basic,Small Business,2023-04-29,both,Matched,False,True,False,False,0.0,False,False,False
ORD-008624,C00582,Yusuf Smith | UAE | Premium,Office Supplies,157.2,4,2025-03-31,Website,628.8,Yusuf Smith,UAE,Premium,Yusuf Smith,UAE,Abu Dhabi,Premium,Consumer,2025-04-22,both,Matched,True,False,False,False,0.0,False,False,False
ORD-008625,C00064,Liam King | Australia | Basic,Beauty,342.03,3,2025-04-25,Retail Store,1026.09,Liam King,Australia,Basic,Liam King,Australia,Brisbane,Basic,Consumer,2025-11-30,both,Matched,True,False,False,False,0.0,False,False,False
ORD-008632,C00276,Emma Wilson | Germany | Basic,Beauty,470.04,2,2025-03-15,Retail Store,940.08,Emma Wilson,Germany,Basic,Emma Wilson,Germany,,Basic,,,left_only,Not Found,False,False,False,False,0.0,False,False,True
ORD-008636,C02089,Sara Patel | United States | Basic,Beauty,636.37,5,2025-08-10,Marketplace,3181.85,Sara Patel,United States,Basic,Sara Patel,United States,New York,Basic,Consumer,2026-03-15,both,Matched,True,False,False,False,0.0,False,False,False
ORD-008640,C02519,Daniel Garcia | Germany | Basic,Electronics,518.24,3,2025-03-18,Retail Store,1554.72,Daniel Garcia,Germany,Basic,Daniel Garcia,Germany,Frankfurt,Basic,Enterprise,2025-04-13,both,Matched,True,False,False,False,0.0,False,False,False
ORD-008651,C01674,Zoe Ahmed | Canada | Plus,Sports,407.21,6,2026-03-01,Mobile App,2443.26,Zoe Ahmed,Canada,Plus,Zoe Ahmed,Canada,Vancouver,Plus,Consumer,2026-04-04,both,Matched,True,False,False,False,4.547473508864641e-13,False,False,False
ORD-008660,C00731,Leo Smith | France | Plus,Office Supplies,605.97,4,2025-03-06,Mobile App,2423.88,Leo Smith,France,Plus,Leo Smith,France,Nice,Plus,Small Business,2026-01-27,both,Matched,True,False,False,False,0.0,False,False,False
ORD-008663,C01537,Sara Wright | Australia | Basic,Home & Kitchen,583.52,3,2025-01-12,Retail Store,1750.56,Sara Wright,Australia,Basic,Sara Wright,Australia,Perth,Basic,Consumer,2025-09-22,both,Matched,True,False,False,False,0.0,False,False,False
ORD-008667,C00137,Ella Smith | Canada | Premium,Home & Kitchen,53.39,2,2025-01-26,Mobile App,106.78,Ella Smith,Canada,Premium,Ella Smith,Canada,Calgary,Premium,Consumer,2025-09-29,both,Matched,True,False,False,False,0.0,False,False,False
ORD-008668,C00610,Liam Mitchell | Australia | Basic,Sports,606.67,6,2026-05-14,Mobile App,3680.02,Liam Mitchell,Australia,Basic,Liam Mitchell,Australia,Perth,Basic,Small Business,2024-08-12,both,Matched,False,False,False,True,40.000000000000455,False,False,False
ORD-008676,C01292,Sam Lee | Canada | Plus,Electronics,127.29,5,2025-06-23,Retail Store,636.45,Sam Lee,Canada,Plus,Sam Lee,Canada,,Plus,,,left_only,Not Found,False,False,False,False,0.0,False,False,True
ORD-008703,C02716,Amelia Hall | Australia | Plus,Books,598.69,2,2025-02-22,Marketplace,1197.38,Amelia Hall,Australia,Plus,Amelia Hall,Australia,Melbourne,Plus,Consumer,2025-06-19,both,Matched,True,False,False,False,0.0,False,False,False
ORD-008709,C00402,Maya Hall | France | Plus,Electronics,419.25,4,,Website,1677.0,Maya Hall,France,Plus,Maya Hall,France,Bordeaux,Plus,Consumer,2025-07-26,both,Matched,False,False,False,False,0.0,False,True,False
ORD-008716,C00916,Henry Garcia | UAE | Plus,Office Supplies,467.59,6,2025-04-19,Marketplace,2805.54,Henry Garcia,UAE,Plus,Henry Garcia,UAE,Dubai,Plus,Consumer,2025-08-14,both,Matched,True,False,False,False,0.0,False,False,False
ORD-008719,C00522,Alex Ahmed | France | Basic,Beauty,135.22,6,2026-02-08,Mobile App,811.32,Alex Ahmed,France,Basic,Alex Ahmed,France,Paris,Basic,Consumer,2026-04-08,both,Matched,True,False,False,False,1.1368683772161603e-13,False,False,False
ORD-008720,C01067,Sam Martin | Singapore | Plus,Sports,83.63,6,2025-03-28,Retail Store,501.78,Sam Martin,Singapore,Plus,Sam Martin,Singapore,Singapore,Plus,Small Business,2025-08-15,both,Matched,True,False,False,False,0.0,False,False,False
ORD-008721,C02747,James Clark | Germany | Basic,Sports,212.85,5,2025-08-23,Mobile App,1064.25,James Clark,Germany,Basic,James Clark,Germany,,Basic,,,left_only,Not Found,False,False,False,False,0.0,False,False,True
ORD-008724,C02269,Ethan Patel | Australia | Plus,Beauty,560.58,1,2026-02-05,Mobile App,560.58,Ethan Patel,Australia,Plus,Ethan Patel,Australia,Perth,Plus,Consumer,2026-02-15,both,Matched,True,False,False,False,0.0,False,False,False
ORD-008725,C01759,Amelia Baker | United States | Basic,Toys,366.16,1,2025-11-03,Marketplace,366.16,Amelia Baker,United States,Basic,Amelia Baker,United States,Seattle,Basic,Enterprise,2026-03-15,both,Matched,True,False,False,False,0.0,False,False,False
ORD-008740,C00201,Omar Smith | Singapore | Premium,Electronics,17.08,2,2025-04-29,Marketplace,34.16,Omar Smith,Singapore,Premium,Omar Smith,Singapore,Singapore,Premium,Consumer,2026-03-20,both,Matched,True,False,False,False,0.0,False,False,False
ORD-008745,C01440,Omar Hassan | Germany | Basic,Books,223.77,6,2025-03-04,Retail Store,1342.62,Omar Hassan,Germany,Basic,Omar Hassan,Germany,Berlin,Basic,Consumer,2025-09-08,both,Matched,True,False,False,False,-2.2737367544323206e-13,False,False,False
ORD-008749,C01143,Daniel Wright | United States | Basic,Sports,112.96,4,2025-01-16,Website,451.84,Daniel Wright,United States,Basic,Daniel Wright,United States,New York,Basic,Consumer,2025-06-30,both,Matched,True,False,False,False,0.0,False,False,False
ORD-008752,C00274,Leo Green | United Kingdom | Basic,Home & Kitchen,134.75,4,2026-06-06,Retail Store,539.0,Leo Green,United Kingdom,Basic,Leo Green,United Kingdom,,Basic,,,left_only,Not Found,False,False,False,False,0.0,False,False,True
ORD-008769,C01107,Emma Patel | Germany | Premium,Sports,168.85,6,2025-04-03,Marketplace,1013.1,Emma Patel,Germany,Premium,Emma Patel,Germany,Munich,Premium,Consumer,2026-04-03,both,Matched,True,False,False,False,1.1368683772161603e-13,False,False,False
ORD-008771,C01168,Olivia Brown | Germany | Basic,Home & Kitchen,493.79,1,2025-05-01,Website,493.79,Olivia Brown,Germany,Basic,Olivia Brown,Germany,Hamburg,Basic,Small Business,2025-06-07,both,Matched,True,False,False,False,0.0,False,False,False
ORD-008776,C02704,Isla Baker | United Kingdom | Premium,Sports,557.76,2,2025-11-14,Retail Store,1115.52,Isla Baker,United Kingdom,Premium,Isla Baker,United Kingdom,,Premium,,,left_only,Not Found,False,False,False,False,0.0,False,False,True
ORD-008779,C01920,Nora Anderson | Singapore | Plus,Electronics,419.95,1,2025-05-31,Retail Store,419.95,Nora Anderson,Singapore,Plus,Nora Anderson,Singapore,Singapore,Plus,Consumer,2025-06-29,both,Matched,True,False,False,False,0.0,False,False,False
ORD-008784,C02665,Yusuf Ahmed | United Kingdom | Premium,Electronics,521.59,4,2025-11-12,Marketplace,2086.36,Yusuf Ahmed,United Kingdom,Premium,Yusuf Ahmed,United Kingdom,Manchester,Premium,Consumer,2026-04-07,both,Matched,True,False,False,False,0.0,False,False,False
ORD-008787,C01206,Liam Lewis | United States | Basic,Clothing,382.49,4,2025-06-23,Retail Store,1529.96,Liam Lewis,United States,Basic,Liam Lewis,United States,Seattle,Basic,Consumer,2025-09-18,both,Matched,True,False,False,False,0.0,False,False,False
ORD-008791,C01231,Nora Hall | United States | Basic,Electronics,549.56,6,2026-01-05,Website,3297.36,Nora Hall,United States,Basic,Nora Hall,United States,Chicago,Basic,Consumer,2026-03-17,both,Matched,True,False,False,False,4.547473508864641e-13,False,False,False
ORD-008797,C01542,Olivia Lewis | France | Basic,Toys,442.92,1,2025-02-21,Website,442.92,Olivia Lewis,France,Basic,Olivia Lewis,France,Paris,Basic,Small Business,2025-05-09,both,Matched,True,False,False,False,0.0,False,False,False
ORD-008804,C02361,Omar King | France | Basic,Office Supplies,606.44,4,2025-04-03,Mobile App,2425.76,Omar King,France,Basic,Omar King,France,,Basic,,,left_only,Not Found,False,False,False,False,0.0,False,False,True
ORD-008805,C02551,Daniel Wilson | France | Basic,Beauty,42.86,4,2025-11-30,Marketplace,171.44,Daniel Wilson,France,Basic,Daniel Wilson,France,,Basic,,,left_only,Not Found,False,False,False,False,0.0,False,False,True
ORD-008810,C01190,Ryan Anderson | Canada | Basic,Clothing,93.66,3,2025-04-22,Marketplace,280.98,Ryan Anderson,Canada,Basic,Ryan Anderson,Canada,Calgary,Basic,Small Business,2025-09-28,both,Matched,True,False,False,False,0.0,False,False,False
ORD-008811,C02951,Jack Mitchell | France | Plus,Sports,598.95,6,2026-02-24,Marketplace,3593.7,Jack Mitchell,France,Plus,Jack Mitchell,France,,Plus,,,left_only,Not Found,False,False,False,False,-4.547473508864641e-13,False,False,True
ORD-008815,C02082,Sophia Mitchell | UAE | Premium,Books,84.5,5,2025-12-06,Marketplace,422.5,Sophia Mitchell,UAE,Premium,Sophia Mitchell,UAE,Sharjah,Premium,Enterprise,2026-01-27,both,Matched,True,False,False,False,0.0,False,False,False
ORD-008818,C00579,Emma Green | Canada | Plus,Toys,283.8,4,2025-05-09,Marketplace,1135.2,Emma Green,Canada,Plus,Emma Green,Canada,Ottawa,Plus,Consumer,2025-05-13,both,Matched,True,False,False,False,0.0,False,False,False
ORD-008823,C01032,Henry Taylor | UAE | Premium,Electronics,243.79,4,2025-02-09,Website,975.16,Henry Taylor,UAE,Premium,Henry Taylor,UAE,Abu Dhabi,Premium,Consumer,2025-11-19,both,Matched,True,False,False,False,0.0,False,False,False
ORD-008824,C00676,Sam Nelson | France | Plus,Beauty,592.27,6,2026-05-18,Website,3553.62,Sam Nelson,France,Plus,Sam Nelson,France,,Plus,,,left_only,Not Found,False,False,False,False,0.0,False,False,True
ORD-000021,C01421,Layla Ahmed | Australia | Plus,Books,569.6,4,2025-08-12,Marketplace,2278.4,Layla Ahmed,Australia,Plus,Layla Ahmed,Australia,Brisbane,Plus,Consumer,2024-09-17,both,Matched,False,False,False,False,0.0,True,False,False
ORD-008832,C02268,Daniel King | Australia | Basic,Electronics,50.11,5,2025-07-25,Marketplace,250.55,Daniel King,Australia,Basic,Daniel King,Australia,Melbourne,Basic,Consumer,2026-03-14,both,Matched,True,False,False,False,0.0,False,False,False
ORD-008859,C00248,Jack Green | France | Premium,Sports,443.43,3,2025-03-24,Website,1330.29,Jack Green,France,Premium,Jack Green,France,Nice,Premium,Consumer,2025-10-15,both,Matched,True,False,False,False,0.0,False,False,False
ORD-008864,C01539,Daniel Wilson | Australia | Plus,Sprots,80.99,5,2025-01-22,Marketplace,404.95,Daniel Wilson,Australia,Plus,Daniel Wilson,Australia,Brisbane,Plus,Enterprise,2025-02-17,both,Matched,True,False,False,False,0.0,False,False,False
ORD-008868,C02231,Alex Lewis | United States | Premium,Beauty,345.11,3,2025-06-06,Mobile App,1035.33,Alex Lewis,United States,Premium,Alex Lewis,United States,Seattle,Premium,Consumer,2025-07-06,both,Matched,True,False,False,False,0.0,False,False,False
ORD-008870,C02711,Liam Clark | United States | Plus,Sports,377.62,2,2026-02-24,Website,755.24,Liam Clark,United States,Plus,Liam Clark,United States,,Plus,,,left_only,Not Found,False,False,False,False,0.0,False,False,True
ORD-008876,C00453,Sam Carter | UAE | Basic,Toys,359.95,6,2025-03-02,Website,2159.7,Sam Carter,UAE,Basic,Sam Carter,UAE,Abu Dhabi,Basic,Small Business,2026-03-21,both,Matched,True,False,False,False,0.0,False,False,False
ORD-008883,C00882,Ryan Thomas | France | Premium,Office Supplies,526.08,2,2025-04-19,Marketplace,1052.16,Ryan Thomas,France,Premium,Ryan Thomas,France,Nice,Premium,Consumer,2025-11-11,both,Matched,True,False,False,False,0.0,False,False,False
ORD-008887,C02747,James Clark | Germany | Basic,Toys,459.11,1,2025-10-20,Marketplace,459.11,James Clark,Germany,Basic,James Clark,Germany,,Basic,,,left_only,Not Found,False,False,False,False,0.0,False,False,True
ORD-008889,C02471,Lucas Ahmed | UAE | Plus,Books,245.73,6,2025-11-19,Marketplace,1474.38,Lucas Ahmed,UAE,Plus,Lucas Ahmed,UAE,Abu Dhabi,Plus,Small Business,2025-12-23,both,Matched,True,False,False,False,2.2737367544323206e-13,False,False,False
ORD-008892,C00281,Leo Baker | Singapore | Plus,Home & Kitchen,420.41,0,2025-03-31,Marketplace,1681.64,Leo Baker,Singapore,Plus,Leo Baker,Singapore,Singapore,Plus,Small Business,2025-06-01,both,Matched,True,False,True,True,1681.64,False,False,False
ORD-008894,C01186,Liam Ahmed | Australia | Basic,Toys,297.04,5,2026-01-11,Marketplace,1485.2,Liam Ahmed,Australia,Basic,Liam Ahmed,Australia,Perth,Basic,Small Business,2026-02-18,both,Matched,True,False,False,False,0.0,False,False,False
ORD-008895,C02268,Daniel King | Australia | Basic,Sports,467.61,3,2025-11-21,Retail Store,1402.83,Daniel King,Australia,Basic,Daniel King,Australia,Melbourne,Basic,Consumer,2026-03-14,both,Matched,True,False,False,False,0.0,False,False,False
ORD-008899,C01552,Henry Carter | United States | Plus,Home & Kitchen,572.88,2,2025-12-02,Website,1185.76,Henry Carter,United States,Plus,Henry Carter,United States,Seattle,Plus,Consumer,2024-09-20,both,Matched,False,False,False,True,40.0,False,False,False
ORD-008904,C02425,Liam Anderson | Singapore | Basic,Toys,267.43,5,2025-07-25,Marketplace,1337.15,Liam Anderson,Singapore,Basic,Liam Anderson,Singapore,Singapore,Basic,Consumer,2026-01-14,both,Matched,True,False,False,False,0.0,False,False,False
ORD-008909,C00564,Amelia Clark | Australia | Basic,Home & Kitchen,271.09,1,2025-01-15,Website,271.09,Amelia Clark,Australia,Basic,Amelia Clark,Australia,Melbourne,Basic,Consumer,2025-10-30,both,Matched,True,False,False,False,0.0,False,False,False
ORD-008913,C02177,Isla Hall | Australia | Basic,Beauty,32.23,3,2025-03-09,Marketplace,96.69,Isla Hall,Australia,Basic,Isla Hall,Australia,Sydney,Basic,Consumer,2026-01-30,both,Matched,True,False,False,False,0.0,False,False,False
ORD-008917,C01464,Sam Adams | United Kingdom | Basic,Electronic Goods,430.58,4,2025-06-12,Website,1722.32,Sam Adams,United Kingdom,Basic,Sam Adams,United Kingdom,Manchester,Basic,Consumer,2026-02-25,both,Matched,True,False,False,False,0.0,False,False,False
ORD-008918,C01372,Ryan Carter | United Kingdom | Basic,Sports,446.04,1,2025-01-16,Marketplace,446.04,Ryan Carter,United Kingdom,Basic,Ryan Carter,United Kingdom,Bristol,Basic,Small Business,2025-02-20,both,Matched,True,False,False,False,0.0,False,False,False
ORD-008920,C01826,Layla Thomas | United States | Basic,Electronics,158.04,6,2025-02-03,Mobile App,948.24,Layla Thomas,United States,Basic,Layla Thomas,United States,Seattle,Basic,Consumer,2025-09-07,both,Matched,True,False,False,False,0.0,False,False,False
ORD-008921,C02427,Olivia Hall | UAE | Plus,Sports,434.97,6,2026-06-08,Website,2609.82,Olivia Hall,UAE,Plus,Olivia Hall,UAE,,Plus,,,left_only,Not Found,False,False,False,False,0.0,False,False,True
ORD-008923,C01161,Sam Lee | Germany | Plus,Clothing,353.85,1,2025-07-31,Marketplace,353.85,Sam Lee,Germany,Plus,Sam Lee,Germany,Munich,Plus,Small Business,2025-11-02,both,Matched,True,False,False,False,0.0,False,False,False
ORD-008927,C01971,Zoe Thomas | Singapore | Plus,Electronics,347.29,6,2025-05-06,Mobile App,2083.74,Zoe Thomas,Singapore,Plus,Zoe Thomas,Singapore,Singapore,Plus,Small Business,2025-06-01,both,Matched,True,False,False,False,-4.547473508864641e-13,False,False,False
ORD-008932,C01877,Omar Johnson | Singapore | Basic,Toys,289.25,5,2025-01-03,Marketplace,1446.25,Omar Johnson,Singapore,Basic,Omar Johnson,Singapore,Singapore,Basic,Small Business,2025-07-31,both,Matched,True,False,False,False,0.0,False,False,False
ORD-008946,C01032,Henry Taylor | UAE | Premium,Office Supplies,362.2,4,2025-05-14,Website,1448.8,Henry Taylor,UAE,Premium,Henry Taylor,UAE,Abu Dhabi,Premium,Consumer,2025-11-19,both,Matched,True,False,False,False,0.0,False,False,False
ORD-008953,C02606,Jack Khan | Singapore | Plus,Sports,621.66,4,2025-08-26,Website,2486.64,Jack Khan,Singapore,Plus,Jack Khan,Singapore,Singapore,Plus,Consumer,2026-01-14,both,Matched,True,False,False,False,0.0,False,False,False
ORD-008957,C01304,Lina Thomas | UAE | Plus,Home & Kitchen,57.11,6,2025-02-26,Retail Store,342.66,Lina Thomas,UAE,Plus,Lina Thomas,UAE,Abu Dhabi,Plus,Consumer,2025-08-02,both,Matched,True,False,False,False,5.684341886080802e-14,False,False,False
ORD-008958,C01417,James Mitchell | France | Plus,Home & Kitchen,146.74,1,2025-06-03,Mobile App,146.74,James Mitchell,France,Plus,James Mitchell,France,Bordeaux,Plus,Consumer,2025-11-17,both,Matched,True,False,False,False,0.0,False,False,False
ORD-008959,C00676,Sam Nelson | France | Plus,Toys,250.97,2,2025-12-14,Mobile App,501.94,Sam Nelson,France,Plus,Sam Nelson,France,,Plus,,,left_only,Not Found,False,False,False,False,0.0,False,False,True
ORD-008982,C00285,Alex Hall | Germany | Basic,Sports,461.42,2,2025-01-05,Mobile App,922.84,Alex Hall,Germany,Basic,Alex Hall,Germany,Munich,Basic,Consumer,2025-10-21,both,Matched,True,False,False,False,0.0,False,False,False
ORD-008990,C01369,Liam Wright | United States | Premium,Office Supplies,607.37,4,2025-01-04,Retail Store,2429.48,Liam Wright,United States,Premium,Liam Wright,United States,Austin,Premium,Consumer,2025-02-24,both,Matched,True,False,False,False,0.0,False,False,False
ORD-008997,C00441,Chloe Smith | Germany | Basic,Electronics,497.37,6,2025-06-13,Mobile App,2984.22,Chloe Smith,Germany,Basic,Chloe Smith,Germany,Hamburg,Basic,Small Business,2026-03-10,both,Matched,True,False,False,False,-4.547473508864641e-13,False,False,False
ORD-009003,C00622,Noah Patel | Germany | Premium,Books,433.69,3,2025-02-06,Marketplace,1301.07,Noah Patel,Germany,Premium,Noah Patel,Germany,Frankfurt,Premium,Enterprise,2025-03-01,both,Matched,True,False,False,False,0.0,False,False,False
ORD-009005,C02949,Lina Hall | Canada | Basic,Clothing,634.44,6,2025-08-12,Retail Store,3806.64,Lina Hall,Canada,Basic,Lina Hall,Canada,Vancouver,Basic,Consumer,2025-11-17,both,Matched,True,False,False,False,-4.547473508864641e-13,False,False,False
ORD-009006,C02919,Liam Garcia | United Kingdom | Basic,Beauty,302.11,1,2025-02-19,Mobile App,302.11,Liam Garcia,United Kingdom,Basic,Liam Garcia,United Kingdom,Leeds,Basic,Consumer,2026-01-31,both,Matched,True,False,False,False,0.0,False,False,False
ORD-009007,C01146,Omar Moore | Singapore | Basic,Clothes,424.48,3,2025-06-01,Retail Store,1273.44,Omar Moore,Singapore,Basic,Omar Moore,Singapore,Singapore,Basic,Consumer,2025-11-17,both,Matched,True,False,False,False,0.0,False,False,False
ORD-009008,C01860,Sam Garcia | Germany | Basic,Books,593.66,6,2025-08-30,Marketplace,3561.96,Sam Garcia,Germany,Basic,Sam Garcia,Germany,,Basic,,,left_only,Not Found,False,False,False,False,0.0,False,False,True
ORD-009011,C00764,Layla Johnson | United Kingdom | Basic,Beauty,202.13,3,2025-10-23,Website,606.39,Layla Johnson,United Kingdom,Basic,Layla Johnson,United Kingdom,Bristol,Basic,Consumer,2025-11-29,both,Matched,True,False,False,False,0.0,False,False,False
ORD-009016,C01175,Ava Garcia | UAE | Basic,Sprots,646.62,4,2025-05-30,Mobile App,2586.48,Ava Garcia,UAE,Basic,Ava Garcia,UAE,,Basic,,,left_only,Not Found,False,False,False,False,0.0,False,False,True
ORD-009018,C02033,Adam Brown | United States | Plus,Clothing,244.2,3,2026-07-19,Retail Store,732.6,Adam Brown,United States,Plus,Adam Brown,United States,,Plus,,,left_only,Not Found,False,False,False,False,1.1368683772161603e-13,False,False,True
ORD-009020,C00383,Adam Taylor | Australia | Plus,Electronics,223.24,2,2025-04-23,Retail Store,446.48,Adam Taylor,Australia,Plus,Adam Taylor,Australia,Melbourne,Plus,Consumer,2025-08-03,both,Matched,True,False,False,False,0.0,False,False,False
ORD-009028,C01803,Sam Taylor | United States | Basic,Electronics,182.09,3,2025-10-30,Website,546.27,Sam Taylor,United States,Basic,Sam Taylor,United States,Chicago,Basic,Small Business,2025-12-10,both,Matched,True,False,False,False,0.0,False,False,False
ORD-009039,C00318,Yusuf Clark | Australia | Basic,Clothing,199.15,6,2025-08-28,Retail Store,1194.9,Yusuf Clark,Australia,Basic,Yusuf Clark,Australia,,Basic,,,left_only,Not Found,False,False,False,False,0.0,False,False,True
ORD-009041,C01117,Sara Carter | UAE | Premium,Sports,44.39,4,2025-05-23,Retail Store,177.56,Sara Carter,UAE,Premium,Sara Carter,UAE,Abu Dhabi,Premium,Consumer,2025-10-17,both,Matched,True,False,False,False,0.0,False,False,False
ORD-009043,C02342,Ryan Adams | UAE | Premium,Books,591.06,5,2026-06-05,Marketplace,2955.3,Ryan Adams,UAE,Premium,Ryan Adams,UAE,,Premium,,,left_only,Not Found,False,False,False,False,4.547473508864641e-13,False,False,True
ORD-009055,C02048,Amelia Taylor | Australia | Premium,Home & Kitchen,646.74,6,2025-05-13,Website,3880.44,Amelia Taylor,Australia,Premium,Amelia Taylor,Australia,Brisbane,Premium,Small Business,2026-02-21,both,Matched,True,False,False,False,0.0,False,False,False
ORD-009061,C00165,Maya Wright | United Kingdom | Basic,Beauty,90.55,1,2025-05-11,Retail Store,90.55,Maya Wright,United Kingdom,Basic,Maya Wright,United Kingdom,Manchester,Basic,Consumer,2025-10-05,both,Matched,True,False,False,False,0.0,False,False,False
ORD-009065,C01493,Ava Wilson | France | Plus,Home & Kitchen,363.46,6,2025-08-06,Marketplace,2180.76,Ava Wilson,France,Plus,Ava Wilson,France,Bordeaux,Plus,Small Business,2025-09-06,both,Matched,True,False,False,False,4.547473508864641e-13,False,False,False
ORD-009067,C02544,Isla Carter | UAE | Plus,Beauty,475.67,6,2025-03-14,Website,2854.02,Isla Carter,UAE,Plus,Isla Carter,UAE,Abu Dhabi,Plus,Small Business,2025-05-11,both,Matched,True,False,False,False,0.0,False,False,False
ORD-009069,C02747,James Clark | Germany | Basic,Sports,150.91,4,2025-03-24,Mobile App,603.64,James Clark,Germany,Basic,James Clark,Germany,,Basic,,,left_only,Not Found,False,False,False,False,0.0,False,False,True
ORD-009087,C00047,Ryan Young | United Kingdom | Basic,Beauty,213.22,1,2025-08-06,Website,213.22,Ryan Young,United Kingdom,Basic,Ryan Young,United Kingdom,Manchester,Basic,Consumer,2026-01-17,both,Matched,True,False,False,False,0.0,False,False,False
ORD-009089,C00676,Sam Nelson | France | Plus,Home & Kitchen,524.34,2,2025-02-26,Retail Store,1048.68,Sam Nelson,France,Plus,Sam Nelson,France,,Plus,,,left_only,Not Found,False,False,False,False,0.0,False,False,True
ORD-009101,C02949,Lina Hall | Canada | Basic,Books,304.66,6,2025-10-13,Website,1827.96,Lina Hall,Canada,Basic,Lina Hall,Canada,Vancouver,Basic,Consumer,2025-11-17,both,Matched,True,False,False,False,0.0,False,False,False
ORD-009104,C01951,Sam Martin | UAE | Premium,Electronics,305.01,4,2026-05-12,Mobile App,1220.04,Sam Martin,UAE,Premium,Sam Martin,UAE,,Premium,,,left_only,Not Found,False,False,False,False,0.0,False,False,True
ORD-009110,C00605,Layla Nelson | Germany | Plus,Home & Kitchen,231.43,5,2025-06-09,Mobile App,1157.15,Layla Nelson,Germany,Plus,Layla Nelson,Germany,Berlin,Plus,Consumer,2026-04-08,both,Matched,True,False,False,False,0.0,False,False,False
ORD-009122,C02402,Ethan Taylor | Singapore | Basic,Beauty,452.34,5,2025-06-13,Website,2261.7,Ethan Taylor,Singapore,Basic,Ethan Taylor,Singapore,Singapore,Basic,Small Business,2025-12-30,both,Matched,True,False,False,False,0.0,False,False,False
ORD-009125,C01218,Chloe Smith | UAE | Plus,Books,74.57,1,2025-03-10,Retail Store,74.57,Chloe Smith,UAE,Plus,Chloe Smith,UAE,Abu Dhabi,Plus,Small Business,2025-09-28,both,Matched,True,False,False,False,0.0,False,False,False
ORD-009127,C01943,Amelia Lewis | France | Basic,Clothing,134.4,3,2025-10-28,Mobile App,403.2,Amelia Lewis,France,Basic,Amelia Lewis,France,Nice,Basic,Consumer,2025-11-04,both,Matched,True,False,False,False,-5.684341886080802e-14,False,False,False
ORD-009131,C02541,Yusuf Hassan | United Kingdom | Basic,Toys,196.71,5,2026-02-20,Marketplace,983.55,Yusuf Hassan,United Kingdom,Basic,Yusuf Hassan,United Kingdom,,Basic,,,left_only,Not Found,False,False,False,False,-1.1368683772161603e-13,False,False,True
ORD-009136,C00847,Ryan Baker | United States | Basic,Beauty,582.34,1,2025-04-25,Website,582.34,Ryan Baker,United States,Basic,Ryan Baker,United States,Austin,Basic,Small Business,2026-01-04,both,Matched,True,False,False,False,0.0,False,False,False
ORD-009137,C01144,Daniel Baker | United States | Plus,Toys,142.02,3,2025-02-03,Website,426.06,Daniel Baker,United States,Plus,Daniel Baker,United States,Chicago,Plus,Consumer,2026-03-12,both,Matched,True,False,False,False,-5.684341886080802e-14,False,False,False
ORD-009140,C01854,Sara Thomas | United Kingdom | Basic,Home & Kitchen,183.73,2,2025-10-09,Website,367.46,Sara Thomas,United Kingdom,Basic,Sara Thomas,United Kingdom,Leeds,Basic,Consumer,2026-03-28,both,Matched,True,False,False,False,0.0,False,False,False
ORD-009144,C01684,Daniel Lee | Australia | Plus,Sports,142.06,6,2025-05-06,Mobile App,852.36,Daniel Lee,Australia,Plus,Daniel Lee,Australia,Perth,Plus,Consumer,2026-02-18,both,Matched,True,False,False,False,0.0,False,False,False
ORD-009147,C01511,Lucas King | UAE | Premium,Home & Kitchen,504.34,0,2026-04-25,Retail Store,3026.04,Lucas King,UAE,Premium,Lucas King,UAE,Sharjah,Premium,Consumer,2023-06-08,both,Matched,False,False,True,True,3026.04,False,False,False
ORD-009164,C02841,Chloe Ahmed | Germany | Premium,Office Supplies,372.46,3,2026-02-02,Website,1117.38,Chloe Ahmed,Germany,Premium,Chloe Ahmed,Germany,Frankfurt,Premium,Small Business,2026-03-28,both,Matched,True,False,False,False,2.2737367544323206e-13,False,False,False
ORD-009167,C00408,James Adams | Singapore | Plus,Books,188.93,5,2025-03-17,Retail Store,944.65,James Adams,Singapore,Plus,James Adams,Singapore,Singapore,Plus,Consumer,2025-06-28,both,Matched,True,False,False,False,-1.1368683772161603e-13,False,False,False
ORD-009168,C01859,Sam Lee | France | Plus,Electronics,55.28,4,2025-10-17,Marketplace,221.12,Sam Lee,France,Plus,Sam Lee,France,Paris,Plus,Consumer,2026-02-11,both,Matched,True,False,False,False,0.0,False,False,False
ORD-009169,C02320,Olivia Adams | Canada | Basic,Clothing,447.0,2,2026-01-30,Mobile App,894.0,Olivia Adams,Canada,Basic,Olivia Adams,Canada,,Basic,,,left_only,Not Found,False,False,False,False,0.0,False,False,True
ORD-009173,C01983,Zoe Davis | United Kingdom | Premium,Beauty,220.43,5,2026-02-07,Marketplace,1102.15,Zoe Davis,United Kingdom,Premium,Zoe Davis,United Kingdom,London,Premium,Consumer,2026-03-30,both,Matched,True,False,False,False,0.0,False,False,False
ORD-009178,C00660,Henry Clark | France | Plus,Electronics,24.21,6,2025-03-07,Website,145.26,Henry Clark,France,Plus,Henry Clark,France,Nice,Plus,Consumer,2025-09-07,both,Matched,True,False,False,False,0.0,False,False,False
ORD-009179,C02973,Alex Green | Canada | Premium,Office Supplies,263.44,1,2025-08-23,Marketplace,263.44,Alex Green,Canada,Premium,Alex Green,Canada,Calgary,Premium,Small Business,2025-10-17,both,Matched,True,False,False,False,0.0,False,False,False
ORD-009196,C02661,Ava Khan | Germany | Plus,Sports,10.24,6,2025-10-02,Retail Store,61.44,Ava Khan,Germany,Plus,Ava Khan,Germany,Munich,Plus,Small Business,2026-01-11,both,Matched,True,False,False,False,0.0,False,False,False
ORD-009208,C00125,Maya Green | Canada | Premium,Electronic Goods,515.9,5,2025-10-01,Mobile App,2579.5,Maya Green,Canada,Premium,Maya Green,Canada,Vancouver,Premium,Consumer,2025-10-04,both,Matched,True,False,False,False,0.0,False,False,False
ORD-009209,C01596,Zoe King | Australia | Basic,Clothing,8.75,6,2026-05-16,Marketplace,52.5,Zoe King,Australia,Basic,Zoe King,Australia,,Basic,,,left_only,Not Found,False,False,False,False,0.0,False,False,True
ORD-009211,C01792,James Lewis | Singapore | Premium,Electronics,388.15,6,2025-07-17,Marketplace,2328.9,James Lewis,Singapore,Premium,James Lewis,Singapore,Singapore,Premium,Consumer,2024-05-15,both,Matched,False,True,False,False,4.547473508864641e-13,False,False,False
ORD-009212,C01817,Olivia Anderson | United States | Plus,Beauty,379.76,4,2025-08-13,Mobile App,1519.04,Olivia Anderson,United States,Plus,Olivia Anderson,United States,Austin,Plus,Consumer,2025-08-24,both,Matched,True,False,False,False,0.0,False,False,False
ORD-009215,C02293,Adam Clark | France | Plus,Beauty,521.4,5,2025-01-15,Marketplace,2607.0,Adam Clark,France,Plus,Adam Clark,France,Bordeaux,Plus,Enterprise,2025-07-29,both,Matched,True,False,False,False,0.0,False,False,False
ORD-009224,C00128,Noah Green | United Kingdom | Basic,Toys,569.9,2,2025-03-17,Retail Store,1139.8,Noah Green,United Kingdom,Basic,Noah Green,United Kingdom,Bristol,Basic,Consumer,2025-04-07,both,Matched,True,False,False,False,0.0,False,False,False
ORD-009226,C00318,Yusuf Clark | Australia | Basic,Sprots,292.63,1,2025-08-26,Retail Store,292.63,Yusuf Clark,Australia,Basic,Yusuf Clark,Australia,,Basic,,,left_only,Not Found,False,False,False,False,0.0,False,False,True
ORD-009231,C02745,Isla Anderson | United Kingdom | Basic,Books,46.16,3,2025-06-29,Mobile App,138.48,Isla Anderson,United Kingdom,Basic,Isla Anderson,United Kingdom,Leeds,Basic,Consumer,2025-10-09,both,Matched,True,False,False,False,0.0,False,False,False
ORD-009245,C01844,Adam Young | Singapore | Basic,Electronics,323.95,4,2025-01-23,Mobile App,1295.8,Adam Young,Singapore,Basic,Adam Young,Singapore,Singapore,Basic,Small Business,2025-02-28,both,Matched,True,False,False,False,0.0,False,False,False
ORD-009247,C02602,James Khan | United Kingdom | Basic,Electronics,604.74,3,2025-07-20,Marketplace,1814.22,James Khan,United Kingdom,Basic,James Khan,United Kingdom,London,Basic,Consumer,2026-01-22,both,Matched,True,False,False,False,0.0,False,False,False
ORD-009248,C02810,Sophia Davis | Germany | Basic,Books,463.72,4,2025-04-22,Mobile App,1854.88,Sophia Davis,Germany,Basic,Sophia Davis,Germany,Berlin,Basic,Consumer,2025-07-11,both,Matched,True,False,False,False,0.0,False,False,False
ORD-000041,C00535,Lucas Young | Singapore | Basic,Electronics,575.93,1,2025-04-30,Marketplace,575.93,Lucas Young,Singapore,Basic,Lucas Young,Singapore,Singapore,Basic,Small Business,2026-02-03,both,Matched,True,False,False,False,0.0,True,False,False
ORD-009255,C02919,Liam Garcia | United Kingdom | Basic,Beauty,127.17,2,2025-08-21,Marketplace,254.34,Liam Garcia,United Kingdom,Basic,Liam Garcia,United Kingdom,Leeds,Basic,Consumer,2026-01-31,both,Matched,True,False,False,False,0.0,False,False,False
ORD-009256,C02017,Adam Nelson | Australia | Basic,Electronics,39.24,1,2025-01-31,Retail Store,14.24,Adam Nelson,Australia,Basic,Adam Nelson,Australia,Melbourne,Basic,Consumer,2023-12-06,both,Matched,False,False,False,True,-25.0,False,False,False
ORD-009264,C00383,Adam Taylor | Australia | Plus,Toys,256.71,5,2025-02-10,Website,1283.55,Adam Taylor,Australia,Plus,Adam Taylor,Australia,Melbourne,Plus,Consumer,2025-08-03,both,Matched,True,False,False,False,0.0,False,False,False
ORD-009272,C00944,Amelia Martin | United Kingdom | Basic,Books,230.0,3,2025-08-01,Marketplace,690.0,Amelia Martin,United Kingdom,Basic,Amelia Martin,United Kingdom,Bristol,Basic,Small Business,2025-09-01,both,Matched,True,False,False,False,0.0,False,False,False
ORD-009274,C02955,Ella Johnson | Australia | Basic,Clothing,304.58,6,2025-10-15,Mobile App,1827.48,Ella Johnson,Australia,Basic,Ella Johnson,Australia,Sydney,Basic,Small Business,2025-12-19,both,Matched,True,False,False,False,0.0,False,False,False
ORD-009276,C01696,Amelia Thomas | United States | Plus,Beauty,353.46,6,2025-08-06,Retail Store,2120.76,Amelia Thomas,United States,Plus,Amelia Thomas,United States,New York,Plus,Small Business,2025-12-30,both,Matched,True,False,False,False,4.547473508864641e-13,False,False,False
ORD-009285,C02867,Yusuf Miller | UAE | Basic,Office Supplies,147.08,4,2025-05-20,Mobile App,588.32,Yusuf Miller,UAE,Basic,Yusuf Miller,UAE,Abu Dhabi,Basic,Consumer,2026-01-07,both,Matched,True,False,False,False,0.0,False,False,False
ORD-009287,C02593,Layla Garcia | UAE | Basic,Office Supplies,64.22,3,2025-08-12,Mobile App,192.66,Layla Garcia,UAE,Basic,Layla Garcia,UAE,Dubai,Basic,Consumer,2026-01-12,both,Matched,True,True,False,False,0.0,False,False,False
ORD-009289,C01006,Sara Thomas | UAE | Basic,Office Supplies,317.04,2,2025-11-02,Mobile App,634.08,Sara Thomas,UAE,Basic,Sara Thomas,UAE,Dubai,Basic,Consumer,2026-02-08,both,Matched,True,False,False,False,0.0,False,False,False
ORD-009294,C02797,Noah Johnson | France | Basic,Office Supplies,248.32,1,2025-01-14,Mobile App,248.32,Noah Johnson,France,Basic,Noah Johnson,France,Nice,Basic,Consumer,2025-08-14,both,Matched,True,False,False,False,0.0,False,False,False
ORD-009301,C02121,Jack Smith | France | Basic,Beauty,588.42,4,2025-05-06,Mobile App,2353.68,Jack Smith,France,Basic,Jack Smith,France,Nice,Basic,Consumer,2026-01-13,both,Matched,True,False,False,False,0.0,False,False,False
ORD-009308,C02192,Mia Miller | Canada | Basic,Beauty,396.73,4,2025-11-08,Website,1586.92,Mia Miller,Canada,Basic,Mia Miller,Canada,Calgary,Basic,Consumer,2026-01-03,both,Matched,True,False,False,False,0.0,False,False,False
ORD-009312,C00970,Maya Green | United States | Basic,Electronics,542.18,6,2025-08-01,Marketplace,3253.08,Maya Green,United States,Basic,Maya Green,United States,New York,Basic,Small Business,2025-12-23,both,Matched,True,False,False,False,0.0,False,False,False
ORD-009315,C02631,Sara Baker | United States | Basic,Books,360.8,6,2025-09-24,Website,2164.8,Sara Baker,United States,Basic,Sara Baker,United States,Seattle,Basic,Consumer,2025-11-19,both,Matched,True,False,False,False,0.0,False,False,False
ORD-009319,C01179,Zoe Ahmed | Australia | Basic,Sports,559.45,2,2025-07-20,Mobile App,1118.9,Zoe Ahmed,Australia,Basic,Zoe Ahmed,Australia,Brisbane,Basic,Small Business,2026-03-19,both,Matched,True,False,False,False,0.0,False,False,False
ORD-009323,C02715,Nora Wright | France | Basic,Sports,648.87,6,2025-05-01,Marketplace,3893.22,Nora Wright,France,Basic,Nora Wright,France,Nice,Basic,Consumer,2026-02-23,both,Matched,True,False,False,False,-4.547473508864641e-13,False,False,False
ORD-009327,C00993,Ava Khan | Canada | Premium,Sports,244.63,1,2025-03-11,Website,244.63,Ava Khan,Canada,Premium,Ava Khan,Canada,,Premium,,,left_only,Not Found,False,False,False,False,0.0,False,False,True
ORD-009330,C02358,Chloe Clark | Singapore | Premium,Books,480.75,3,2025-05-07,Mobile App,1442.25,Chloe Clark,Singapore,Premium,Chloe Clark,Singapore,Singapore,Premium,Small Business,2025-11-01,both,Matched,True,False,False,False,0.0,False,False,False
ORD-009333,C00382,Leo Hassan | Singapore | Basic,Beauty,423.87,3,2025-01-06,Marketplace,1271.61,Leo Hassan,Singapore,Basic,Leo Hassan,Singapore,Singapore,Basic,Consumer,2025-03-15,both,Matched,True,False,False,False,-2.2737367544323206e-13,False,False,False
ORD-009339,C01855,Emma Carter | United States | Plus,Sports,102.84,4,2025-11-20,Retail Store,411.36,Emma Carter,United States,Plus,Emma Carter,United States,Austin,Plus,Enterprise,2025-12-09,both,Matched,True,False,False,False,0.0,False,False,False
ORD-009341,C01613,Liam Thomas | UAE | Premium,Clothing,48.64,5,2025-03-12,Retail Store,243.2,Liam Thomas,UAE,Premium,Liam Thomas,UAE,Dubai,Premium,Consumer,2025-07-15,both,Matched,True,False,False,False,0.0,False,False,False
ORD-009344,C00901,Amelia Hassan | United Kingdom | Premium,Office Supplies,92.44,3,2025-05-26,Mobile App,277.32,Amelia Hassan,United Kingdom,Premium,Amelia Hassan,United Kingdom,,Premium,,,left_only,Not Found,False,False,False,False,0.0,False,False,True
ORD-009346,C00495,Zoe Taylor | Germany | Basic,Beauty,160.72,6,2025-06-10,Marketplace,964.32,Zoe Taylor,Germany,Basic,Zoe Taylor,Germany,Hamburg,Basic,Enterprise,2025-06-13,both,Matched,True,False,False,False,1.1368683772161603e-13,False,False,False
ORD-009350,C01466,Sophia Carter | United States | Plus,Clothing,15.21,5,2026-01-02,Retail Store,76.05,Sophia Carter,United States,Plus,Sophia Carter,United States,,Plus,,,left_only,Not Found,False,False,False,False,-1.4210854715202004e-14,False,False,True
ORD-009358,C01992,Adam Mitchell | France | Basic,Electronics,535.41,2,2025-06-21,Retail Store,1070.82,Adam Mitchell,France,Basic,Adam Mitchell,France,Lyon,Basic,Consumer,2025-11-28,both,Matched,True,False,False,False,0.0,False,False,False
ORD-009361,C01423,Olivia Martin | United States | Plus,Office Supplies,300.44,2,2025-02-14,Mobile App,600.88,Olivia Martin,United States,Plus,Olivia Martin,United States,New York,Plus,Consumer,2025-10-06,both,Matched,True,False,False,False,0.0,False,False,False
ORD-009364,C00795,Daniel Mitchell | UAE | Plus,Clothing,388.31,6,2025-01-29,Retail Store,2329.86,Daniel Mitchell,UAE,Plus,Daniel Mitchell,UAE,Sharjah,Plus,Consumer,2026-04-08,both,Matched,True,False,False,False,0.0,False,False,False
ORD-009366,C00185,Ella Brown | United Kingdom | Basic,Home & Kitchen,219.82,2,2025-04-17,Retail Store,439.64,Ella Brown,United Kingdom,Basic,Ella Brown,United Kingdom,,Basic,,,left_only,Not Found,False,False,False,False,0.0,False,False,True
ORD-009370,C00209,Henry Thomas | Germany | Basic,Toys,646.46,2,2025-03-15,Mobile App,1292.92,Henry Thomas,Germany,Basic,Henry Thomas,Germany,Hamburg,Basic,Consumer,2025-06-24,both,Matched,True,False,False,False,0.0,False,False,False
ORD-009372,C02046,Ava Mitchell | Singapore | Plus,Office Supplies,26.91,1,2025-02-15,Mobile App,26.91,Ava Mitchell,Singapore,Plus,Ava Mitchell,Singapore,Singapore,Plus,Consumer,2025-09-21,both,Matched,True,False,False,False,0.0,False,False,False
ORD-009374,C01973,Maya Hall | United Kingdom | Plus,Sports,245.69,5,2025-06-04,Marketplace,1228.45,Maya Hall,United Kingdom,Plus,Maya Hall,United Kingdom,Manchester,Plus,Consumer,2025-12-16,both,Matched,True,False,False,False,0.0,False,False,False
ORD-009377,C01916,Leo Miller | France | Basic,Clothing,414.97,1,2025-07-05,Retail Store,414.97,Leo Miller,France,Basic,Leo Miller,France,Paris,Basic,Small Business,2025-11-13,both,Matched,True,False,False,False,0.0,False,False,False
ORD-009382,C01271,Adam Clark | United States | Plus,Sports,455.66,4,2025-06-08,Mobile App,1822.64,Adam Clark,United States,Plus,Adam Clark,United States,Chicago,Plus,Consumer,2025-07-12,both,Matched,True,False,False,False,0.0,False,False,False
ORD-009383,C01032,Henry Taylor | UAE | Premium,Home & Kitchen,388.85,2,2025-04-22,Website,777.7,Henry Taylor,UAE,Premium,Henry Taylor,UAE,Abu Dhabi,Premium,Consumer,2025-11-19,both,Matched,True,False,False,False,0.0,False,False,False
ORD-009385,C00463,Sam Hassan | Canada | Basic,Home & Kitchen,321.86,2,,Marketplace,643.72,Sam Hassan,Canada,Basic,Sam Hassan,Canada,Toronto,Basic,Enterprise,2025-05-09,both,Matched,False,False,False,False,0.0,False,True,False
ORD-009392,C00192,Olivia Wilson | United States | Plus,Sports,109.7,5,2025-03-16,Mobile App,548.5,Olivia Wilson,United States,Plus,Olivia Wilson,United States,New York,Plus,Consumer,2025-05-09,both,Matched,True,False,False,False,0.0,False,False,False
ORD-009395,C01578,Maya Mitchell | United States | Premium,Sports,87.3,3,2025-08-31,Website,261.9,Maya Mitchell,United States,Premium,Maya Mitchell,United States,New York,Premium,Enterprise,2025-09-18,both,Matched,True,False,False,False,0.0,False,False,False
ORD-009396,C00956,Zoe Baker | United States | Basic,Books,479.26,2,2025-03-10,Mobile App,958.52,Zoe Baker,United States,Basic,Zoe Baker,United States,Chicago,Basic,Enterprise,2025-07-20,both,Matched,True,False,False,False,0.0,False,False,False
ORD-009399,C00516,Alex Nelson | France | Plus,Clothing,225.47,4,2025-10-20,Marketplace,901.88,Alex Nelson,France,Plus,Alex Nelson,France,Lyon,Plus,Small Business,2025-12-06,both,Matched,True,False,False,False,0.0,False,False,False
ORD-009400,C01677,Sara Miller | Australia | Premium,Books,239.24,3,2025-01-08,Mobile App,717.72,Sara Miller,Australia,Premium,Sara Miller,Australia,Sydney,Premium,Consumer,2025-02-25,both,Matched,True,False,False,False,0.0,False,False,False
ORD-009404,C01138,Amelia Smith | France | Basic,Sports,279.65,6,2025-04-03,Mobile App,1677.9,Amelia Smith,France,Basic,Amelia Smith,France,Paris,Basic,Small Business,2025-07-31,both,Matched,True,False,False,False,2.2737367544323206e-13,False,False,False
ORD-009406,C01434,Chloe Hassan | UAE | Basic,Electronics,188.66,5,2025-07-13,Retail Store,943.3,Chloe Hassan,UAE,Basic,Chloe Hassan,UAE,Abu Dhabi,Basic,Consumer,2025-10-04,both,Matched,True,False,False,False,0.0,False,False,False
ORD-009413,C00276,Emma Wilson | Germany | Basic,Toys,174.47,4,2026-05-19,Retail Store,697.88,Emma Wilson,Germany,Basic,Emma Wilson,Germany,,Basic,,,left_only,Not Found,False,False,False,False,0.0,False,False,True
ORD-009417,C01781,Alex King | United Kingdom | Premium,Beauty,162.3,3,2026-02-21,Retail Store,486.9,Alex King,United Kingdom,Premium,Alex King,United Kingdom,,Premium,,,left_only,Not Found,False,False,False,False,-5.684341886080802e-14,False,False,True
ORD-009418,C01663,Ella Clark | Canada | Premium,Electronics,204.52,5,2025-04-14,Marketplace,1022.6,Ella Clark,Canada,Premium,Ella Clark,Canada,,Premium,,,left_only,Not Found,False,False,False,False,0.0,False,False,True
ORD-009437,C01306,Ethan Davis | United States | Basic,Electronics,604.2,2,2025-01-30,Retail Store,1208.4,Ethan Davis,United States,Basic,Ethan Davis,United States,New York,Basic,Consumer,2025-03-11,both,Matched,True,False,False,False,0.0,False,False,False
ORD-009438,C01907,Olivia Mitchell | France | Basic,Beauty,259.85,3,2025-12-05,Marketplace,779.55,Olivia Mitchell,France,Basic,Olivia Mitchell,France,Paris,Basic,Consumer,2026-03-11,both,Matched,True,False,False,False,-1.1368683772161603e-13,False,False,False
ORD-009441,C02345,Alex Adams | United Kingdom | Plus,Electronics,630.07,3,2025-11-03,Website,1890.21,Alex Adams,United Kingdom,Plus,Alex Adams,United Kingdom,Leeds,Plus,Consumer,2025-11-18,both,Matched,True,False,False,False,0.0,False,False,False
ORD-009444,C00671,Omar Clark | Singapore | Basic,Clothing,589.33,5,2025-03-16,Marketplace,2946.65,Omar Clark,Singapore,Basic,Omar Clark,Singapore,Singapore,Basic,Small Business,2026-03-25,both,Matched,True,False,False,False,0.0,False,False,False
ORD-009449,C00795,Daniel Mitchell | UAE | Plus,Sports,250.85,6,2025-06-02,Retail Store,1505.1,Daniel Mitchell,UAE,Plus,Daniel Mitchell,UAE,Sharjah,Plus,Consumer,2026-04-08,both,Matched,True,False,False,False,0.0,False,False,False
ORD-009451,C02013,James Ahmed | Canada | Premium,Beauty,587.57,3,2025-05-17,Website,1762.71,James Ahmed,Canada,Premium,James Ahmed,Canada,Vancouver,Premium,Consumer,2025-06-12,both,Matched,True,False,False,False,0.0,False,False,False
ORD-009458,C00725,Amelia Johnson | Germany | Premium,Home & Kitchen,163.39,4,2025-11-10,Retail Store,653.56,Amelia Johnson,Germany,Premium,Amelia Johnson,Germany,Hamburg,Premium,Consumer,2026-01-12,both,Matched,True,False,False,False,0.0,False,False,False
ORD-009463,C01936,Lina Ahmed | Singapore | Basic,Clothing,260.95,1,2025-03-09,Marketplace,260.95,Lina Ahmed,Singapore,Basic,Lina Ahmed,Singapore,Singapore,Basic,Consumer,2026-02-04,both,Matched,True,False,False,False,0.0,False,False,False
ORD-009468,C01227,Isla Thomas | Australia | Basic,Clothing,614.46,2,2025-01-14,Website,1228.92,Isla Thomas,Australia,Basic,Isla Thomas,Australia,Brisbane,Basic,Small Business,2025-12-27,both,Matched,True,False,False,False,0.0,False,False,False
ORD-009469,C00924,Henry King | Canada | Plus,Clothing,621.9,5,2025-09-27,Retail Store,3109.5,Henry King,Canada,Plus,Henry King,Canada,Vancouver,Plus,Small Business,2026-03-22,both,Matched,True,False,False,False,0.0,False,False,False
ORD-009475,C01942,Jack Anderson | Singapore | Plus,Books,375.64,1,2025-03-14,Mobile App,375.64,Jack Anderson,Singapore,Plus,Jack Anderson,Singapore,Singapore,Plus,Small Business,2025-07-23,both,Matched,True,False,False,False,0.0,False,False,False
ORD-009476,C00144,Yusuf Ahmed | France | Premium,Home & Kitchen,554.44,1,2025-05-30,Mobile App,554.44,Yusuf Ahmed,France,Premium,Yusuf Ahmed,France,Paris,Premium,Small Business,2025-12-28,both,Matched,True,False,False,False,0.0,False,False,False
ORD-009480,C00387,Emma Nelson | France | Plus,Electronics,272.69,3,2025-06-14,Website,818.07,Emma Nelson,France,Plus,Emma Nelson,France,Paris,Plus,Consumer,2026-01-04,both,Matched,True,False,False,False,1.1368683772161603e-13,False,False,False
ORD-009488,C02957,Sara Hassan | France | Basic,Books,280.78,2,2025-01-27,Website,561.56,Sara Hassan,France,Basic,Sara Hassan,France,Nice,Basic,Small Business,2025-04-02,both,Matched,True,False,False,False,0.0,False,False,False
ORD-009492,C02421,Lucas Johnson | Canada | Premium,Clothing,384.29,5,2025-02-03,Website,1921.45,Lucas Johnson,Canada,Premium,Lucas Johnson,Canada,,Premium,,,left_only,Not Found,False,False,False,False,0.0,False,False,True
ORD-009493,C01645,Mia Brown | Canada | Premium,Beauty,279.8,1,2026-03-17,Retail Store,279.8,Mia Brown,Canada,Premium,Mia Brown,Canada,Vancouver,Premium,Consumer,2026-04-13,both,Matched,True,False,False,False,0.0,False,False,False
ORD-009498,C00375,Olivia Mitchell | Germany | Basic,Beauty,151.27,2,2026-04-06,Marketplace,302.54,Olivia Mitchell,Germany,Basic,Olivia Mitchell,Germany,,Basic,,,left_only,Not Found,False,False,False,False,0.0,False,False,True
ORD-009499,C02333,Sam Baker | UAE | Basic,Clothing,521.97,5,2026-03-19,Mobile App,2609.85,Sam Baker,UAE,Basic,Sam Baker,UAE,,Basic,,,left_only,Not Found,False,False,False,False,-4.547473508864641e-13,False,False,True
ORD-009501,C01154,Liam Miller | France | Basic,Toys,407.17,0,2026-05-19,Retail Store,1221.51,Liam Miller,France,Basic,Liam Miller,France,Bordeaux,Basic,Consumer,2023-04-07,both,Matched,False,False,True,True,1221.51,False,False,False
ORD-009503,C01550,Maya Carter | United Kingdom | Basic,Office Supplies,155.8,2,2025-01-09,Mobile App,311.6,Maya Carter,United Kingdom,Basic,Maya Carter,United Kingdom,London,Basic,Enterprise,2025-05-10,both,Matched,True,False,False,False,0.0,False,False,False
ORD-009513,C01001,Sam Nelson | United Kingdom | Plus,Books,416.85,2,2025-03-06,Mobile App,833.7,Sam Nelson,United Kingdom,Plus,Sam Nelson,United Kingdom,Manchester,Plus,Consumer,2025-05-01,both,Matched,True,False,False,False,0.0,False,False,False
ORD-009520,C00961,James Moore | Australia | Basic,Clothing,327.44,3,2025-01-30,Website,1057.32,James Moore,Australia,Basic,James Moore,Australia,Sydney,Basic,Consumer,2024-03-19,both,Matched,False,False,False,True,75.0,False,False,False
ORD-009525,C00443,Zoe Brown | United States | Basic,Home & Kitchen,162.14,4,2025-01-16,Retail Store,648.56,Zoe Brown,United States,Basic,Zoe Brown,United States,Seattle,Basic,Enterprise,2025-03-26,both,Matched,True,False,False,False,0.0,False,False,False
ORD-009530,C00320,Layla Green | Germany | Premium,Beauty,389.14,2,2025-07-16,Website,778.28,Layla Green,Germany,Premium,Layla Green,Germany,Berlin,Premium,Consumer,2026-01-26,both,Matched,True,False,False,False,0.0,False,False,False
ORD-009536,C00702,Emma Clark | UAE | Plus,Electronics,15.56,6,2025-06-28,Retail Store,93.36,Emma Clark,UAE,Plus,Emma Clark,UAE,Dubai,Plus,Consumer,2026-01-12,both,Matched,True,False,False,False,0.0,False,False,False
ORD-009540,C01843,Ethan Walker | Canada | Basic,Clothing,202.19,6,2026-03-08,Marketplace,1213.14,Ethan Walker,Canada,Basic,Ethan Walker,Canada,Ottawa,Basic,Consumer,2026-03-31,both,Matched,True,False,False,False,2.2737367544323206e-13,False,False,False
ORD-009544,C00075,Chloe Garcia | United Kingdom | Basic,Clothing,149.03,4,2025-10-09,Marketplace,596.12,Chloe Garcia,United Kingdom,Basic,Chloe Garcia,United Kingdom,,Basic,,,left_only,Not Found,False,False,False,False,0.0,False,False,True
ORD-009547,C00669,Chloe Miller | United Kingdom | Basic,Home & Kitchen,134.37,3,2025-06-13,Mobile App,403.11,Chloe Miller,United Kingdom,Basic,Chloe Miller,United Kingdom,London,Basic,Consumer,2026-01-09,both,Matched,True,False,False,False,0.0,False,False,False
ORD-009558,C02821,Amelia Martin | Australia | Premium,Office Supplies,546.39,3,2025-02-24,Website,1639.17,Amelia Martin,Australia,Premium,Amelia Martin,Australia,Melbourne,Premium,Consumer,2025-12-05,both,Matched,True,False,False,False,0.0,False,False,False
ORD-009561,C00294,Layla Garcia | Singapore | Plus,Beauty,180.58,5,2025-04-23,Marketplace,902.9,Layla Garcia,Singapore,Plus,Layla Garcia,Singapore,,Plus,,,left_only,Not Found,False,False,False,False,-1.1368683772161603e-13,False,False,True
ORD-009564,C02178,Isla Clark | Australia | Plus,Office Supplies,388.94,3,2025-10-04,Marketplace,1166.82,Isla Clark,Australia,Plus,Isla Clark,Australia,,Plus,,,left_only,Not Found,False,False,False,False,0.0,False,False,True
ORD-009565,C01684,Daniel Lee | Australia | Plus,Sprots,329.71,2,2026-01-15,Mobile App,659.42,Daniel Lee,Australia,Plus,Daniel Lee,Australia,Perth,Plus,Consumer,2026-02-18,both,Matched,True,False,False,False,0.0,False,False,False
ORD-009567,C01671,Layla Brown | UAE | Basic,Clothing,219.44,2,2026-01-25,Marketplace,438.88,Layla Brown,UAE,Basic,Layla Brown,UAE,Sharjah,Basic,Small Business,2026-02-27,both,Matched,True,False,False,False,0.0,False,False,False
ORD-009571,C02597,Maya Garcia | UAE | Premium,Office Supplies,375.88,3,2025-12-16,Retail Store,1127.64,Maya Garcia,UAE,Premium,Maya Garcia,UAE,Dubai,Premium,Consumer,2026-03-08,both,Matched,True,False,False,False,2.2737367544323206e-13,False,False,False
ORD-009574,C01360,Nora Moore | France | Basic,Home & Kitchen,208.36,3,2025-12-15,Retail Store,625.08,Nora Moore,France,Basic,Nora Moore,France,Lyon,Basic,Consumer,2025-12-22,both,Matched,True,False,False,False,0.0,False,False,False
ORD-009585,C02754,Lucas Mitchell | United States | Basic,Beauty,285.92,5,2025-01-01,Mobile App,1429.6,Lucas Mitchell,United States,Basic,Lucas Mitchell,United States,Chicago,Basic,Consumer,2025-09-09,both,Matched,True,False,False,False,-2.2737367544323206e-13,False,False,False
ORD-009587,C01697,Yusuf Moore | France | Plus,Office Supplies,165.82,1,2025-02-09,Website,165.82,Yusuf Moore,France,Plus,Yusuf Moore,France,Paris,Plus,Consumer,2025-02-11,both,Matched,True,False,False,False,0.0,False,False,False
ORD-009589,C00696,James Thomas | UAE | Basic,Office Supplies,463.7,3,2025-05-27,Retail Store,1391.1,James Thomas,UAE,Basic,James Thomas,UAE,Abu Dhabi,Basic,Consumer,2026-03-20,both,Matched,True,False,False,False,0.0,False,False,False
ORD-009593,C02074,Ava Green | United Kingdom | Basic,Toys,269.15,4,2025-12-14,Retail Store,1076.6,Ava Green,United Kingdom,Basic,Ava Green,United Kingdom,Bristol,Basic,Consumer,2026-02-14,both,Matched,True,False,False,False,0.0,False,False,False
ORD-009618,C01283,Ava Clark | France | Plus,Office Supplies,178.09,5,2025-08-25,Retail Store,890.45,Ava Clark,France,Plus,Ava Clark,France,Bordeaux,Plus,Consumer,2026-01-06,both,Matched,True,False,False,False,0.0,False,False,False
ORD-009622,C00245,Chloe Johnson | Germany | Plus,Home & Kitchen,335.0,2,2025-08-09,Mobile App,670.0,Chloe Johnson,Germany,Plus,Chloe Johnson,Germany,Hamburg,Plus,Enterprise,2026-01-17,both,Matched,True,False,False,False,0.0,False,False,False
ORD-009625,C02807,Noah Moore | United Kingdom | Plus,Beauty,103.9,3,2025-06-30,Mobile App,311.7,Noah Moore,United Kingdom,Plus,Noah Moore,United Kingdom,London,Plus,Consumer,2025-08-29,both,Matched,True,False,False,False,-5.684341886080802e-14,False,False,False
ORD-009628,C02593,Layla Garcia | UAE | Basic,Sports,270.99,5,2025-09-14,Mobile App,1354.95,Layla Garcia,UAE,Basic,Layla Garcia,UAE,Dubai,Basic,Consumer,2026-01-12,both,Matched,True,False,False,False,0.0,False,False,False
ORD-009630,C02712,Ella Moore | Canada | Premium,Books,104.68,5,2025-09-08,Marketplace,523.4,Ella Moore,Canada,Premium,Ella Moore,Canada,Calgary,Premium,Enterprise,2025-10-04,both,Matched,True,False,False,False,-1.1368683772161603e-13,False,False,False
ORD-009635,C00971,Noah Walker | France | Plus,Beauty,224.37,6,2026-01-18,Marketplace,1346.22,Noah Walker,France,Plus,Noah Walker,France,Nice,Plus,Consumer,2026-03-24,both,Matched,True,False,False,False,0.0,False,False,False
ORD-009636,C02654,Noah Hall | UAE | Basic,Beauty,429.8,2,2025-03-02,Mobile App,859.6,Noah Hall,UAE,Basic,Noah Hall,UAE,,Basic,,,left_only,Not Found,False,False,False,False,0.0,False,False,True
ORD-009638,C02444,Daniel Miller | United Kingdom | Basic,Office Supplies,137.35,2,2025-06-07,Marketplace,274.7,Daniel Miller,United Kingdom,Basic,Daniel Miller,United Kingdom,Leeds,Basic,Small Business,2025-07-09,both,Matched,True,False,False,False,0.0,False,False,False
ORD-009644,C02708,Daniel Martin | France | Plus,Electronics,18.26,1,2025-06-19,Website,18.26,Daniel Martin,France,Plus,Daniel Martin,France,,Plus,,,left_only,Not Found,False,False,False,False,0.0,False,False,True
ORD-009647,C00548,Ryan Patel | Germany | Premium,Electronics,628.3,1,2025-07-20,Mobile App,628.3,Ryan Patel,Germany,Premium,Ryan Patel,Germany,Hamburg,Premium,Small Business,2026-02-17,both,Matched,True,False,False,False,0.0,False,False,False
ORD-009655,C00225,Yusuf Walker | Singapore | Plus,Office Supplies,455.67,2,2025-08-06,Mobile App,911.34,Yusuf Walker,Singapore,Plus,Yusuf Walker,Singapore,Singapore,Plus,Consumer,2025-08-18,both,Matched,True,False,False,False,0.0,False,False,False
ORD-009657,C00193,Nora Hall | UAE | Basic,Beauty,42.21,6,2025-12-23,Website,253.26,Nora Hall,UAE,Basic,Nora Hall,UAE,Abu Dhabi,Basic,Consumer,2026-03-08,both,Matched,True,False,False,False,0.0,False,False,False
ORD-009661,C02015,Sophia Wilson | Australia | Basic,Toys,104.59,5,2025-05-21,Marketplace,522.95,Sophia Wilson,Australia,Basic,Sophia Wilson,Australia,,Basic,,,left_only,Not Found,False,False,False,False,0.0,False,False,True
ORD-009662,C01860,Sam Garcia | Germany | Basic,Beauty,438.68,6,2025-05-23,Marketplace,2632.08,Sam Garcia,Germany,Basic,Sam Garcia,Germany,,Basic,,,left_only,Not Found,False,False,False,False,0.0,False,False,True
ORD-009663,C02233,Lina Moore | United States | Basic,Electronics,69.3,4,2025-05-11,Mobile App,277.2,Lina Moore,United States,Basic,Lina Moore,United States,Seattle,Basic,Consumer,2025-07-23,both,Matched,True,False,False,False,0.0,False,False,False
ORD-009677,C01417,James Mitchell | France | Plus,Toys,147.11,2,2025-02-17,Website,294.22,James Mitchell,France,Plus,James Mitchell,France,Bordeaux,Plus,Consumer,2025-11-17,both,Matched,True,False,False,False,0.0,False,False,False
ORD-009694,C01144,Daniel Baker | United States | Plus,Toys,595.71,4,2025-06-03,Mobile App,2382.84,Daniel Baker,United States,Plus,Daniel Baker,United States,Chicago,Plus,Consumer,2026-03-12,both,Matched,True,False,False,False,0.0,False,False,False
ORD-009707,C02034,Daniel Clark | France | Basic,Office Supplies,246.75,3,2025-02-21,Mobile App,740.25,Daniel Clark,France,Basic,Daniel Clark,France,Nice,Basic,Small Business,2025-09-26,both,Matched,True,False,False,False,0.0,False,False,False
ORD-009716,C02048,Amelia Taylor | Australia | Premium,Beauty,375.26,2,2026-01-03,Marketplace,750.52,Amelia Taylor,Australia,Premium,Amelia Taylor,Australia,Brisbane,Premium,Small Business,2026-02-21,both,Matched,True,False,False,False,0.0,False,False,False
ORD-009729,C01074,Alex Miller | Canada | Plus,Toys,554.84,6,2025-06-01,Mobile App,3329.04,Alex Miller,Canada,Plus,Alex Miller,Canada,Vancouver,Plus,Consumer,2025-09-22,both,Matched,True,False,False,False,0.0,False,False,False
ORD-009734,C02472,Chloe Thomas | Germany | Basic,Books,641.91,1,2025-06-16,Marketplace,641.91,Chloe Thomas,Germany,Basic,Chloe Thomas,Germany,Frankfurt,Basic,Enterprise,2025-12-27,both,Matched,True,False,False,False,0.0,False,False,False
ORD-009735,C01175,Ava Garcia | UAE | Basic,Office Supplies,411.73,3,2025-07-16,Website,1235.19,Ava Garcia,UAE,Basic,Ava Garcia,UAE,,Basic,,,left_only,Not Found,False,False,False,False,0.0,False,False,True
ORD-009746,C02841,Chloe Ahmed | Germany | Premium,Home & Kitchen,507.43,4,2026-01-25,Retail Store,2029.72,Chloe Ahmed,Germany,Premium,Chloe Ahmed,Germany,Frankfurt,Premium,Small Business,2026-03-28,both,Matched,True,False,False,False,0.0,False,False,False
ORD-009751,C02149,Jack Carter | United States | Basic,Sports,382.74,2,2025-01-15,Retail Store,765.48,Jack Carter,United States,Basic,Jack Carter,United States,Seattle,Basic,Small Business,2025-02-17,both,Matched,True,False,False,False,0.0,False,False,False
ORD-009754,C02374,Omar Miller | Australia | Plus,Books,9.46,1,2025-06-10,Mobile App,9.46,Omar Miller,Australia,Plus,Omar Miller,Australia,Brisbane,Plus,Consumer,2025-08-02,both,Matched,True,False,False,False,0.0,False,False,False
ORD-009766,C00304,Liam Patel | UAE | Premium,Toys,141.75,6,2025-01-23,Website,850.5,Liam Patel,UAE,Premium,Liam Patel,UAE,,Premium,,,left_only,Not Found,False,False,False,False,0.0,False,False,True
ORD-009776,C01896,Olivia Lee | Germany | Basic,Books,239.72,1,2026-06-02,Marketplace,239.72,Olivia Lee,Germany,Basic,Olivia Lee,Germany,,Basic,,,left_only,Not Found,False,False,False,False,0.0,False,False,True
ORD-009783,C01161,Sam Lee | Germany | Plus,Electronic Goods,385.62,4,2025-09-05,Retail Store,1542.48,Sam Lee,Germany,Plus,Sam Lee,Germany,Munich,Plus,Small Business,2025-11-02,both,Matched,True,False,False,False,0.0,False,False,False
ORD-009785,C01818,Ava Walker | United Kingdom | Plus,Beauty,594.14,3,,Mobile App,1782.42,Ava Walker,United Kingdom,Plus,Ava Walker,United Kingdom,Manchester,Plus,Consumer,2025-02-28,both,Matched,False,False,False,False,0.0,False,True,False
ORD-009788,C00401,Ava Lee | Singapore | Basic,Sports,242.29,1,2025-07-28,Retail Store,242.29,Ava Lee,Singapore,Basic,Ava Lee,Singapore,Singapore,Basic,Small Business,2025-12-16,both,Matched,True,False,False,False,0.0,False,False,False
ORD-009790,C00731,Leo Smith | France | Plus,Office Supplies,326.38,4,2025-04-29,Website,1305.52,Leo Smith,France,Plus,Leo Smith,France,Nice,Plus,Small Business,2026-01-27,both,Matched,True,False,False,False,0.0,False,False,False
ORD-009798,C01190,Ryan Anderson | Canada | Basic,Books,627.74,1,2025-05-26,Retail Store,627.74,Ryan Anderson,Canada,Basic,Ryan Anderson,Canada,Calgary,Basic,Small Business,2025-09-28,both,Matched,True,False,False,False,0.0,False,False,False
ORD-009800,C01248,Zoe Patel | UAE | Basic,Clothing,328.44,1,2025-07-03,Retail Store,328.44,Zoe Patel,UAE,Basic,Zoe Patel,UAE,Dubai,Basic,Small Business,2026-02-19,both,Matched,True,False,False,False,0.0,False,False,False
ORD-009801,C02265,Amelia Green | Singapore | Plus,Beauty,232.62,1,2025-12-07,Retail Store,232.62,Amelia Green,Singapore,Plus,Amelia Green,Singapore,Singapore,Plus,Consumer,2025-12-11,both,Matched,True,False,False,False,0.0,False,False,False
ORD-009802,C02000,Mia Hall | Germany | Basic,Home & Kitchen,604.46,2,2025-03-19,Mobile App,1208.92,Mia Hall,Germany,Basic,Mia Hall,Germany,Berlin,Basic,Small Business,2026-03-15,both,Matched,True,False,False,False,0.0,False,False,False
ORD-009804,C01238,Alex Wilson | United States | Basic,Sports,49.9,4,2025-01-28,Retail Store,199.6,Alex Wilson,United States,Basic,Alex Wilson,United States,Chicago,Basic,Consumer,2025-06-03,both,Matched,True,False,False,False,0.0,False,False,False
ORD-009819,C01974,Sara Ahmed | France | Basic,Electronics,446.21,5,2025-02-08,Marketplace,2231.05,Sara Ahmed,France,Basic,Sara Ahmed,France,Paris,Basic,Consumer,2025-03-09,both,Matched,True,False,False,False,4.547473508864641e-13,False,False,False
ORD-009821,C01231,Nora Hall | United States | Basic,Electronics,436.24,1,2025-11-29,Mobile App,436.24,Nora Hall,United States,Basic,Nora Hall,United States,Chicago,Basic,Consumer,2026-03-17,both,Matched,True,False,False,False,0.0,False,False,False
ORD-009823,C02919,Liam Garcia | United Kingdom | Basic,Toys,25.98,4,2025-10-27,Website,103.92,Liam Garcia,United Kingdom,Basic,Liam Garcia,United Kingdom,Leeds,Basic,Consumer,2026-01-31,both,Matched,True,False,False,False,0.0,False,False,False
ORD-009825,C00348,Sara Davis | Germany | Basic,Books,91.91,3,2025-08-30,Website,275.73,Sara Davis,Germany,Basic,Sara Davis,Germany,Munich,Basic,Consumer,2026-02-26,both,Matched,True,False,False,False,0.0,False,False,False
ORD-009831,C00592,Ava Young | United States | Premium,Books,314.43,4,2025-05-08,Retail Store,1257.72,Ava Young,United States,Premium,Ava Young,United States,Austin,Premium,Consumer,2025-08-26,both,Matched,True,False,False,False,0.0,False,False,False
ORD-009837,C02958,Zoe Ahmed | Canada | Premium,Office Supplies,46.24,4,2025-08-28,Marketplace,184.96,Zoe Ahmed,Canada,Premium,Zoe Ahmed,Canada,,Premium,,,left_only,Not Found,False,False,False,False,0.0,False,False,True
ORD-009842,C00541,Nora Lewis | Australia | Basic,Beauty,311.85,5,2025-11-13,Website,1559.25,Nora Lewis,Australia,Basic,Nora Lewis,Australia,,Basic,,,left_only,Not Found,False,False,False,False,0.0,False,False,True
ORD-009845,C02103,Henry Ahmed | France | Plus,Home & Kitchen,614.86,2,2025-02-21,Marketplace,1229.72,Henry Ahmed,France,Plus,Henry Ahmed,France,Nice,Plus,Consumer,2026-03-13,both,Matched,True,False,False,False,0.0,False,False,False
ORD-009846,C00248,Jack Green | France | Premium,Beauty,363.99,2,2025-06-19,Website,727.98,Jack Green,France,Premium,Jack Green,France,Nice,Premium,Consumer,2025-10-15,both,Matched,True,False,False,False,0.0,False,False,False
ORD-009850,C02241,Ella Ahmed | France | Premium,Clothing,197.31,3,2025-09-29,Retail Store,591.93,Ella Ahmed,France,Premium,Ella Ahmed,France,Paris,Premium,Small Business,2025-10-23,both,Matched,True,False,False,False,-1.1368683772161603e-13,False,False,False
ORD-009868,C01396,Isla Ahmed | United Kingdom | Basic,Clothing,463.76,6,2025-06-01,Retail Store,2782.56,Isla Ahmed,United Kingdom,Basic,Isla Ahmed,United Kingdom,Manchester,Basic,Enterprise,2025-06-07,both,Matched,True,False,False,False,0.0,False,False,False
ORD-009871,C00237,Maya Miller | Singapore | Basic,Office Supplies,139.49,5,2025-04-08,Website,697.45,Maya Miller,Singapore,Basic,Maya Miller,Singapore,Singapore,Basic,Small Business,2026-01-02,both,Matched,True,False,False,False,0.0,False,False,False
ORD-009876,C00245,Chloe Johnson | Germany | Plus,Office Supplies,317.5,3,2025-05-24,Retail Store,952.5,Chloe Johnson,Germany,Plus,Chloe Johnson,Germany,Hamburg,Plus,Enterprise,2026-01-17,both,Matched,True,False,False,False,0.0,False,False,False
ORD-009881,C02492,Chloe Clark | France | Plus,Toys,483.92,4,2025-03-17,Retail Store,1935.68,Chloe Clark,France,Plus,Chloe Clark,France,Nice,Plus,Consumer,2025-11-22,both,Matched,True,False,False,False,0.0,False,False,False
ORD-009892,C00465,Chloe Moore | France | Basic,Home & Kitchen,621.58,6,2025-03-15,Website,3729.48,Chloe Moore,France,Basic,Chloe Moore,France,Nice,Basic,Small Business,2026-04-04,both,Matched,True,False,False,False,-4.547473508864641e-13,False,False,False
ORD-009894,C01939,Liam Nelson | United States | Plus,Books,142.22,3,2025-04-02,Mobile App,426.66,Liam Nelson,United States,Plus,Liam Nelson,United States,Seattle,Plus,Consumer,2025-09-06,both,Matched,True,False,False,False,5.684341886080802e-14,False,False,False
ORD-009897,C02793,Ava Clark | France | Plus,Sports,527.51,2,2025-09-17,Retail Store,1055.02,Ava Clark,France,Plus,Ava Clark,France,Nice,Plus,Small Business,2025-12-26,both,Matched,True,False,False,False,0.0,False,False,False
ORD-009901,C02711,Liam Clark | United States | Plus,Beauty,368.21,1,2026-02-08,Marketplace,368.21,Liam Clark,United States,Plus,Liam Clark,United States,,Plus,,,left_only,Not Found,False,False,False,False,0.0,False,False,True
ORD-009903,C01089,Lina Lewis | United Kingdom | Basic,Clothing,514.09,5,2025-06-23,Marketplace,2570.45,Lina Lewis,United Kingdom,Basic,Lina Lewis,United Kingdom,Bristol,Basic,Small Business,2026-01-26,both,Matched,True,False,False,False,-4.547473508864641e-13,False,False,False
ORD-009905,C02421,Lucas Johnson | Canada | Premium,Clothing,272.22,6,2025-09-01,Retail Store,1633.32,Lucas Johnson,Canada,Premium,Lucas Johnson,Canada,,Premium,,,left_only,Not Found,False,False,False,False,-2.2737367544323206e-13,False,False,True
ORD-009906,C01799,Noah Hall | France | Basic,Clothing,172.9,2,2025-03-26,Mobile App,345.8,Noah Hall,France,Basic,Noah Hall,France,Paris,Basic,Consumer,2026-02-25,both,Matched,True,False,False,False,0.0,False,False,False
ORD-009912,C02608,Ava Adams | Australia | Premium,Books,170.37,6,2025-07-13,Website,1022.22,Ava Adams,Australia,Premium,Ava Adams,Australia,Perth,Premium,Consumer,2025-12-25,both,Matched,True,False,False,False,0.0,False,False,False
ORD-009915,C01661,Layla Taylor | Australia | Basic,Office Supplies,27.8,5,2025-01-14,Retail Store,139.0,Layla Taylor,Australia,Basic,Layla Taylor,Australia,Melbourne,Basic,Consumer,2025-11-01,both,Matched,True,False,False,False,0.0,False,False,False
ORD-009916,C02242,James Johnson | United Kingdom | Basic,Beauty,265.53,2,2025-05-08,Retail Store,531.06,James Johnson,United Kingdom,Basic,James Johnson,United Kingdom,,Basic,,,left_only,Not Found,False,False,False,False,0.0,False,False,True
ORD-009924,C02787,Olivia Young | Canada | Premium,Office Supplies,189.81,2,2025-11-11,Website,379.62,Olivia Young,Canada,Premium,Olivia Young,Canada,Ottawa,Premium,Consumer,2026-01-04,both,Matched,True,False,False,False,0.0,False,False,False
ORD-009925,C02532,Omar Miller | United States | Basic,Home & Kitchen,209.52,2,2026-05-21,Marketplace,419.04,Omar Miller,United States,Basic,Omar Miller,United States,,Basic,,,left_only,Not Found,False,False,False,False,0.0,False,False,True
ORD-009927,C00052,Maya Lewis | UAE | Basic,Toys,444.62,6,2025-07-26,Mobile App,2667.72,Maya Lewis,UAE,Basic,Maya Lewis,UAE,Sharjah,Basic,Small Business,2026-02-22,both,Matched,True,False,False,False,-4.547473508864641e-13,False,False,False
ORD-009937,C02884,Henry Wilson | UAE | Premium,Home & Kitchen,315.83,6,2025-03-05,Mobile App,1894.98,Henry Wilson,UAE,Premium,Henry Wilson,UAE,Abu Dhabi,Premium,Small Business,2026-03-04,both,Matched,True,False,False,False,0.0,False,False,False
ORD-009940,C00744,Ryan Hall | UAE | Plus,Books,352.72,6,2025-07-19,Mobile App,2116.32,Ryan Hall,UAE,Plus,Ryan Hall,UAE,Sharjah,Plus,Small Business,2026-01-30,both,Matched,True,False,False,False,0.0,False,False,False
ORD-009948,C00530,Sophia Green | Australia | Plus,Toys,128.01,3,2025-01-27,Retail Store,384.03,Sophia Green,Australia,Plus,Sophia Green,Australia,Perth,Plus,Small Business,2025-02-04,both,Matched,True,False,False,False,0.0,False,False,False
ORD-009949,C01803,Sam Taylor | United States | Basic,Office Supplies,569.46,5,2025-11-27,Marketplace,2847.3,Sam Taylor,United States,Basic,Sam Taylor,United States,Chicago,Basic,Small Business,2025-12-10,both,Matched,True,False,False,False,0.0,False,False,False
ORD-009968,C01102,Leo Lewis | Australia | Premium,Electronics,177.37,1,2025-07-03,Retail Store,177.37,Leo Lewis,Australia,Premium,Leo Lewis,Australia,Perth,Premium,Consumer,2025-07-27,both,Matched,True,False,False,False,0.0,False,False,False
ORD-009969,C02758,Daniel Hassan | France | Basic,Toys,209.24,4,2025-07-12,Marketplace,836.96,Daniel Hassan,France,Basic,Daniel Hassan,France,,Basic,,,left_only,Not Found,False,False,False,False,0.0,False,False,True
ORD-009971,C02532,Omar Miller | United States | Basic,Office Supplies,413.45,4,2026-03-23,Mobile App,1653.8,Omar Miller,United States,Basic,Omar Miller,United States,,Basic,,,left_only,Not Found,False,False,False,False,0.0,False,False,True
ORD-009973,C02340,Chloe Khan | France | Plus,Office Supplies,412.27,0,2025-06-08,Marketplace,1236.81,Chloe Khan,France,Plus,Chloe Khan,France,Paris,Plus,Consumer,2025-11-15,both,Matched,True,False,True,True,1236.81,False,False,False
ORD-009975,C02448,Lina Taylor | Canada | Plus,Toys,240.1,4,2026-02-27,Mobile App,960.4,Lina Taylor,Canada,Plus,Lina Taylor,Canada,Calgary,Plus,Consumer,2026-03-07,both,Matched,True,False,False,False,0.0,False,False,False
ORD-009976,C00489,Ryan Carter | United States | Premium,Electronics,153.93,4,2025-12-10,Website,615.72,Ryan Carter,United States,Premium,Ryan Carter,United States,Seattle,Premium,Consumer,2026-02-27,both,Matched,True,False,False,False,0.0,False,False,False
ORD-009979,C00149,Ethan Martin | United Kingdom | Plus,Beauty,317.09,3,2025-09-23,Marketplace,951.27,Ethan Martin,United Kingdom,Plus,Ethan Martin,United Kingdom,,Plus,,,left_only,Not Found,False,False,False,False,0.0,False,False,True
ORD-009982,C01366,Lina Wilson | United States | Basic,Office Supplies,63.49,2,2025-02-27,Retail Store,126.98,Lina Wilson,United States,Basic,Lina Wilson,United States,Austin,Basic,Consumer,2026-01-28,both,Matched,True,False,False,False,0.0,False,False,False
ORD-009997,C01175,Ava Garcia | UAE | Basic,Electronics,439.98,6,2026-02-16,Mobile App,2639.88,Ava Garcia,UAE,Basic,Ava Garcia,UAE,,Basic,,,left_only,Not Found,False,False,False,False,0.0,False,False,True
ORD-010000,C00921,Liam Wilson | France | Plus,Toys,503.22,1,2025-01-02,Mobile App,503.22,Liam Wilson,France,Plus,Liam Wilson,France,Lyon,Plus,Consumer,2025-06-23,both,Matched,True,False,False,False,0.0,False,False,False
