 Order ID ,Customer ID,Customer Details ,Product Category,Unit Price ,Quantity,Order Date,Sales Channel,Order Total
ORD-000001,C00347,Leo Lewis | Germany | Basic,HOME & KITCHEN,348.61,1,2026-06-10,Website,348.61
ORD-000002,C00966,Nora Baker | Australia | Plus,Clothng,274.73,5,2025-02-21,Website,1373.65
ORD-000003,C01862,Lina Clark | United Kingdom | Basic,ELECTRONICS,194.69,4,2025-02-06,Mobile App,778.76
ORD-000004,C02451,Amelia Hall | France | Basic,Beauty,631.77,5,2025-09-15,Marketplace,3158.85
ORD-000005,C00730,Adam Walker | Singapore | Plus,Clothing & Apparel,324.89,1,2025-06-26,Mobile App,324.89
ORD-000006,C00583,Nora Johnson | United Kingdom | Plus,Office  Supplies,171.03,6,2025-08-14,Retail Store,1026.18
ORD-000007,C00745,Layla Taylor | Canada | Plus,Beauty,103.65,3,2025-04-26,Retail Store,310.95
ORD-000008,C00722,Olivia Thomas | Singapore | Basic,Toy,528.51,6,2026-01-27,Mobile App,3171.06
ORD-000009,C00800,Ethan Lee | Singapore | Basic,Electroncs,137.51,2,2025-10-24,Marketplace,275.02
ORD-000010,C01238,Alex Wilson | United States | Basic,OFFICE SUPPLIES,203.29,1,2026-06-16,Retail Store,203.29
ORD-000011,C02084,Adam Wilson | Australia | Basic,Clothing,20.87,4,2025-06-20,Website,83.48
ORD-000012,C01533,Isla Anderson | United States | Plus,Toys & Games,231.96,6,2025-11-17,Mobile App,1391.76
ORD-000013,C02793,Ava Clark | France | Plus,Office Supplies,458.53,5,2025-07-06,Retail Store,2292.65
ORD-000014,C01750,Jack Martin | United Kingdom | Premium,Sports,483.64,5,2026-03-01,Mobile App,2418.2
ORD-000015,C01098,Zoe Taylor | United States | Plus,Beauty,312.15,4,2025-06-24,Mobile App,1248.6
ORD-000016,C01470,James Taylor | United States | Plus,Beauty,576.64,1,2025-12-24,Website,576.64
ORD-000017,C00581,Liam Wright | Singapore | Basic,Beauty,375.46,3,2025-06-11,Mobile App,1126.38
ORD-000018,C02427,Olivia Hall | UAE | Plus,Books,601.21,3,2026-02-25,Mobile App,1803.63
ORD-000019,C00173,Alex Anderson | United States | Premium,Beauty,494.16,3,2026-02-16,Mobile App,1482.48
ORD-000020,C01786,Leo Smith | Australia | Basic,Sports,529.44,6,2026-02-23,Mobile App,3176.64
ORD-000021,C02550,Emma Carter | United States | Plus,Book,34.96,2,2026-01-22,Website,69.92
ORD-000022,C01374,Liam Brown | Germany | Plus,Book,422.75,1,2026-07-19,Marketplace,422.75
ORD-000023,C00398,Ethan Khan | France | Basic,Sports,150.8,1,2026-07-06,Website,150.8
ORD-000024,C00179,Henry Taylor | Singapore | Basic,Books,460.06,2,2025-06-10,Website,920.12
ORD-000025,C02632,Layla Nelson | Germany | Basic,Home & Kitchen,68.13,2,2025-06-27,Website,136.26
ORD-000026,C01525,Yusuf Moore | France | Premium,Books,464.46,1,2026-07-06,Mobile App,464.46
ORD-000027,C01784,Ava Wright | Australia | Premium,Toys,198.94,4,2025-01-09,Website,795.76
ORD-000028,C02388,Omar Garcia | United States | Premium,Home & Kitchen,364.9,3,2025-03-01,Retail Store,1094.7
ORD-000029,C01267,Layla Ahmed | Singapore | Basic,Books & Media,8.12,6,2026-02-02,Mobile App,48.72
ORD-000030,C02335,Ava Baker | Australia | Basic,Office Supplies,316.18,5,2025-11-18,Marketplace,1580.9
ORD-000031,C01589,Adam King | United States | Basic,Toys,488.69,4,2025-05-02,Retail Store,1954.76
ORD-000032,C02967,Ella Taylor | Canada | Premium,Beauty,123.34,6,2025-05-25,Retail Store,740.04
ORD-000033,C00594,Amelia Hall | Germany | Plus,Beauty,18.49,2,2025-03-07,Website,36.98
ORD-000034,C01165,Adam Ahmed | France | Plus,Beautyy,146.9,5,2025-04-26,Marketplace,734.5
ORD-000035,C01990,Noah Wilson | Australia | Plus,Home & Kitchen,294.38,5,2026-02-21,Marketplace,1471.9
ORD-000036,C02357,Zoe Walker | Canada | Premium,Home and Kitchen,456.16,5,2025-04-24,Website,2280.8
ORD-000037,C00234,Sara Ahmed | Singapore | Plus,SPORTS,270.81,4,2025-06-22,Website,1083.24
ORD-000038,C00256,Nora Garcia | United Kingdom | Plus,Electronics,488.09,2,2026-07-07,Marketplace,976.18
ORD-000039,C00793,Ava Ahmed | United Kingdom | Basic,Toys,9.97,1,2025-02-17,Marketplace,9.97
ORD-000040,C00736,Yusuf Green | Canada | Basic,Books,585.2,5,2026-07-18,Website,2926.0
ORD-000041,C01456,Yusuf Young | Australia | Basic,beauty ,117.31,5,2025-03-05,Website,586.55
ORD-000042,C01848,Mia Green | Germany | Plus,Toys,112.88,4,2026-04-14,Retail Store,451.52
ORD-000043,C01000,Emma Young | United States | Basic,Sports,645.47,5,2025-07-31,Retail Store,3227.35
ORD-000044,C02758,Daniel Hassan | France | Basic,Sports,269.32,4,2025-03-27,Marketplace,1077.28
ORD-000045,C02601,Layla Walker | UAE | Premium,Home & Ktchen,594.14,5,2026-02-17,Mobile App,2970.7
ORD-000046,C01629,Yusuf Young | Singapore | Basic,Office Supplies,362.26,4,2025-04-22,Website,1449.04
ORD-000047,C00305,Omar Khan | Singapore | Plus,Sports,515.78,5,2025-07-25,Mobile App,2578.9
ORD-000048,C02937,Omar Patel | United Kingdom | Basic,Beauty,553.08,5,2025-08-18,Marketplace,2765.4
ORD-000049,C00766,Zoe Khan | UAE | Plus,Office Supples,557.57,6,2026-06-26,Retail Store,3345.42
ORD-000050,C01333,Emma Martin | Singapore | Basic,Electronics,324.26,4,2025-04-08,Website,1297.04
ORD-000051,C01731,Daniel Walker | United States | Basic,CLOTHING,11.53,2,2026-07-06,Website,23.06
ORD-000052,C02680,Liam Lee | UAE | Premium,Books,406.6,1,2026-04-24,Retail Store,406.6
ORD-000053,C01679,Nora Garcia | Germany | Premium,Home & Kitchen,453.9,5,2025-12-27,Retail Store,2269.5
ORD-000054,C02374,Omar Miller | Australia | Plus,Sports,232.34,3,2026-05-25,Mobile App,697.02
ORD-000055,C02768,Ryan Adams | France | Plus,Electronics ,104.31,6,2026-02-05,Retail Store,625.86
ORD-000056,C01510,Isla Brown | France | Plus,Toys,400.48,2,2025-12-29,Website,800.96
ORD-000057,C00567,Omar Green | France | Plus,Clothing,403.76,3,2025-06-16,Marketplace,1211.28
ORD-000058,C01336,Nora Walker | Singapore | Basic,Sports,287.09,6,2025-01-10,Retail Store,1722.54
ORD-000059,C01221,Ella Garcia | United States | Basic,Beauty,21.94,5,2025-10-02,Retail Store,109.7
ORD-000060,C00585,Omar Patel | Australia | Basic,Toys,47.93,3,2026-03-25,Retail Store,143.79
ORD-000061,C01985,Jack Mitchell | Germany | Basic,electronic,509.84,5,2026-04-14,Marketplace,2549.2
ORD-000062,C02810,Sophia Davis | Germany | Basic,Office Supplies,447.99,3,2025-10-19,Retail Store,1343.97
ORD-000063,C01130,Leo Green | France | Premium,HOME & KITCHEN,523.25,2,2026-06-01,Marketplace,1046.5
ORD-000064,C00461,Sara Garcia | Australia | Basic,Toys,546.49,3,2026-06-16,Marketplace,1639.47
ORD-000065,C00845,Liam Patel | Germany | Basic,Toys & Games,526.91,5,2025-04-20,Retail Store,2634.55
ORD-000066,C01200,Ava Wright | UAE | Basic,Electronics,13.85,3,2025-06-20,Retail Store,41.55
ORD-000067,C00041,Ryan Moore | UAE | Premium,Clothng,544.43,1,2025-02-02,Mobile App,544.43
ORD-000068,C01633,Amelia Davis | Germany | Plus,beauty ,262.38,1,2025-10-24,Website,262.38
ORD-000069,C00075,Chloe Garcia | United Kingdom | Basic,Beauty,237.88,3,2025-04-17,Mobile App,713.64
ORD-000070,C00003,Layla Mitchell | United States | Plus,SPORTS,219.45,1,2025-11-09,Mobile App,219.45
ORD-000071,C02535,Jack Lee | United Kingdom | Plus,Office Supplies,646.69,6,2026-07-21,Marketplace,3880.14
ORD-000072,C01704,Isla Nelson | Australia | Plus,Sports,513.98,4,2025-01-14,Website,2055.92
ORD-000073,C00003,Layla Mitchell | United States | Plus,Sports,470.23,3,2026-02-17,Website,1410.69
ORD-000074,C02426,Liam Lewis | UAE | Premium,Clothes,592.92,1,2026-01-02,Retail Store,592.92
ORD-000075,C01200,Ava Wright | UAE | Basic,Home & Kitchen,130.59,5,2026-03-25,Marketplace,652.95
ORD-000076,C01770,Noah Wright | Canada | Plus,Office Supplies,496.55,5,2025-01-20,Website,2482.75
ORD-000077,C02175,Emma Young | United States | Plus,Office Supplies,523.84,6,2025-02-01,Website,3143.04
ORD-000078,C02585,Jack Miller | Singapore | Premium,Sports,86.45,6,2025-08-25,Marketplace,518.7
ORD-000079,C01211,Maya Martin | United States | Premium,Boks,92.01,3,2025-02-14,Retail Store,276.03
ORD-000080,C01983,Zoe Davis | United Kingdom | Premium,Book,366.42,4,2026-02-15,Marketplace,1465.68
ORD-000081,C00676,Sam Nelson | France | Plus,Boks,98.58,4,2025-05-10,Website,394.32
ORD-000082,C01326,Ava Clark | Australia | Premium,Clothes,567.92,4,2025-05-21,Marketplace,2271.68
ORD-000083,C01743,Mia Carter | Singapore | Premium,Beauty,87.74,2,2025-01-09,Marketplace,175.48
ORD-000084,C00967,Sophia Wilson | Germany | Basic,Sprots,431.49,6,2026-03-27,Website,2588.94
ORD-000085,C01060,Lina Patel | Australia | Basic,Office Supplies,202.55,4,2025-10-23,Marketplace,810.2
ORD-000086,C01526,Lucas Lee | United Kingdom | Plus,Sports,117.19,3,2025-08-26,Mobile App,351.57
ORD-000087,C01281,Omar Garcia | France | Basic,Electronics,630.37,1,2025-10-22,Marketplace,630.37
ORD-000088,C02985,Adam Ahmed | UAE | Plus,Clothing,458.22,2,2025-02-27,Website,916.44
ORD-000089,C01021,Ryan Smith | Singapore | Basic,Toys,615.63,2,2025-03-11,Retail Store,1231.26
ORD-000090,C00971,Noah Walker | France | Plus,Beautyy,325.31,4,2026-03-12,Marketplace,1301.24
ORD-000091,C02196,Olivia Young | Singapore | Basic,Sport,213.73,5,2025-11-25,Marketplace,1068.65
ORD-000092,C00701,Sam Lewis | Singapore | Premium,Beauty,116.92,3,2025-12-21,Mobile App,350.76
ORD-000093,C02920,James Brown | Germany | Plus,Clothing,635.54,1,2025-12-02,Retail Store,635.54
ORD-000094,C01509,James Ahmed | Canada | Plus,Home & Kitchen,223.37,1,2025-02-23,Website,223.37
ORD-000095,C01488,Leo Young | United Kingdom | Basic,Books,295.49,3,2025-11-11,Marketplace,886.47
ORD-000096,C01932,Ella Hassan | Australia | Basic,Sports & Fitness,145.52,6,2025-05-25,Marketplace,873.12
ORD-000097,C01796,Liam Nelson | UAE | Premium,Books,84.01,4,2025-11-04,Retail Store,336.04
ORD-000098,C00817,Jack Hall | France | Plus,Books,138.04,5,2025-12-08,Mobile App,690.2
ORD-000099,C02001,Sophia Wilson | Australia | Plus,Electronics,347.93,1,2026-03-08,Website,347.93
ORD-000100,C00282,Mia Anderson | Canada | Plus,Sports,342.35,6,2025-07-06,Retail Store,2054.1
ORD-000101,C00154,Lina Walker | United States | Basic,Office Supplies,529.26,2,2026-07-25,Website,1058.52
ORD-000102,C01445,Sara Wright | Australia | Plus,Beauty,133.62,4,2025-10-20,Retail Store,534.48
ORD-000103,C00754,Isla Moore | UAE | Plus,Clothes,124.14,3,2026-04-01,Marketplace,372.42
ORD-000104,C01674,Zoe Ahmed | Canada | Plus,CLOTHING,602.83,2,2025-08-20,Retail Store,1205.66
ORD-000105,C02097,Mia Mitchell | Australia | Premium,Electronics,562.28,5,2025-12-31,Retail Store,2811.4
ORD-000106,C02809,Isla Thomas | Germany | Basic,Office Supplies,566.06,3,2026-05-24,Website,1698.18
ORD-000107,C01963,Sophia Nelson | United Kingdom | Basic,Office Supples,388.17,2,2026-02-12,Website,776.34
ORD-000108,C01272,Nora Wright | France | Plus,Sports,95.23,4,2025-09-21,Retail Store,380.92
ORD-000109,C02577,Liam Green | United Kingdom | Basic,Toys,41.33,3,2025-01-30,Website,123.99
ORD-000110,C00460,Sophia Walker | Canada | Basic,Electronics,226.13,5,2025-08-22,Website,1130.65
ORD-000111,C02177,Isla Hall | Australia | Basic,SPORTS,462.95,6,2025-06-17,Website,2777.7
ORD-000112,C02885,Adam Moore | United States | Basic,Home & Kitchen,433.84,4,2025-10-25,Marketplace,1735.36
ORD-000113,C00698,Sam Lewis | Australia | Basic,Books,610.09,6,2026-06-14,Marketplace,3660.54
ORD-000114,C02537,Omar Garcia | UAE | Basic,Office Supplies,117.17,4,2026-01-15,Retail Store,468.68
ORD-000115,C01346,Layla Thomas | Australia | Basic,Clothing & Apparel,614.95,2,2025-04-24,Website,1229.9
ORD-000116,C00734,Sara Miller | Canada | Plus,Beauty,382.6,6,2026-07-06,Website,2295.6
ORD-000117,C00564,Amelia Clark | Australia | Basic,Books,418.25,2,2026-04-08,Website,836.5
ORD-000118,C01893,Daniel Thomas | United States | Basic,Electronics ,347.46,5,2025-09-26,Marketplace,1737.3
ORD-000119,C00406,James Martin | Singapore | Basic,Books & Media,280.85,2,2025-06-13,Retail Store,561.7
ORD-000120,C02144,Maya Hall | Canada | Basic,Home & Kitchen,147.33,6,2025-01-31,Mobile App,883.98
ORD-000121,C02164,Sam Hall | Australia | Basic,Clothing & Apparel,80.79,5,2025-03-25,Mobile App,403.95
ORD-000122,C02498,Ethan Wilson | United Kingdom | Basic,OFFICE SUPPLIES,184.25,1,2025-12-11,Website,184.25
ORD-000123,C00093,Sara Davis | UAE | Basic,BEAUTY,308.2,4,2025-02-18,Marketplace,1232.8
ORD-000124,C01293,Yusuf Carter | Canada | Plus,Beauty,601.56,4,2025-08-01,Mobile App,2406.24
ORD-000125,C01531,Zoe Baker | United States | Premium,Home and Kitchen,208.65,6,2026-06-01,Website,1251.9
ORD-000126,C02957,Sara Hassan | France | Basic,Office  Supplies,501.46,1,2025-11-23,Mobile App,501.46
ORD-000127,C00519,Sophia Miller | Australia | Basic,Toys,85.59,6,2025-09-04,Website,513.54
ORD-000128,C00043,Lucas Carter | United States | Basic,Sprots,88.23,5,2026-05-01,Marketplace,441.15
ORD-000129,C00551,Adam Clark | Canada | Plus,Clothing,472.35,2,2025-02-13,Website,944.7
ORD-000130,C02827,Maya Wilson | Australia | Basic,CLOTHING,557.21,1,2025-05-06,Website,632.21
ORD-000131,C01161,Sam Lee | Germany | Plus,Clothing,199.82,2,2026-04-18,Mobile App,399.64
ORD-000132,C01641,Layla Walker | UAE | Basic,HOME & KITCHEN,518.34,6,2026-06-28,Retail Store,3110.04
ORD-000133,C00843,Alex Khan | Australia | Plus,Toys & Games,595.4,2,2025-03-22,Mobile App,1190.8
ORD-000134,C02828,Ella Patel | United Kingdom | Basic,Clothing,265.11,5,2025-09-09,Mobile App,1325.55
ORD-000135,C01447,Lina Miller | United Kingdom | Basic,Sports & Fitness,460.02,1,2025-12-08,Marketplace,460.02
ORD-000136,C01763,Jack Brown | Germany | Plus,Home & Kitchen,296.86,3,2025-09-10,Website,890.58
ORD-000137,C02666,Nora Smith | UAE | Basic,CLOTHING,161.32,4,2026-05-15,Mobile App,645.28
ORD-000138,C01463,Noah Carter | United States | Plus,Clothing & Apparel,72.56,1,2025-10-25,Mobile App,72.56
ORD-000139,C01610,Henry Khan | Australia | Basic,Electroncs,592.83,5,2026-04-28,Retail Store,2964.15
ORD-000140,C00745,Layla Taylor | Canada | Plus,Office Supplies,357.47,2,2026-03-08,Retail Store,714.94
ORD-000141,C01679,Nora Garcia | Germany | Premium,Electronics,197.03,2,2026-06-18,Website,394.06
ORD-000142,C01548,Daniel Moore | Germany | Plus,Books,446.3,6,2025-03-20,Website,2677.8
ORD-000143,C00430,Omar Khan | United Kingdom | Basic,Office  Supplies,415.23,3,2025-07-29,Marketplace,1245.69
ORD-000144,C02194,Layla Miller | Canada | Plus,Books,35.03,3,2026-01-18,Website,105.09
ORD-000145,C00154,Lina Walker | United States | Basic,Sport,8.29,5,2026-05-18,Mobile App,41.45
ORD-000146,C00034,Lucas Lee | Australia | Basic,Books,141.48,4,2025-05-18,Website,565.92
ORD-000147,C01079,Ryan Wright | Australia | Basic,Book,82.07,4,2025-08-24,Marketplace,328.28
ORD-000148,C00866,Yusuf Young | Canada | Plus,electronic,519.76,5,2026-03-05,Retail Store,2598.8
ORD-000149,C01648,Ryan Walker | Canada | Plus,Book,560.22,6,2025-01-04,Mobile App,3361.32
ORD-000150,C00710,Sophia Wilson | UAE | Plus,Boks,299.42,5,2025-10-04,Marketplace,1497.1
ORD-000151,C01437,Omar Anderson | UAE | Plus,Home & Ktchen,541.52,2,2025-12-03,Retail Store,1083.04
ORD-000152,C00557,Sophia Garcia | UAE | Plus,Office Supplies,578.21,3,2025-01-22,Retail Store,1734.63
ORD-000153,C02265,Amelia Green | Singapore | Plus,Home Kitchen,546.65,4,2025-10-05,Website,2186.6
ORD-000154,C00832,Noah Wilson | United States | Basic,Boks,331.24,5,2026-06-20,Website,1656.2
ORD-000155,C02078,James Lee | Germany | Premium,Office Supplies,292.25,4,2026-01-03,Mobile App,1169.0
ORD-000156,C03000,Mia Ahmed | UAE | Plus,Sports,496.43,3,2026-04-06,Website,1489.29
ORD-000157,C01029,Layla Carter | United Kingdom | Plus,Home & Kitchen,396.24,1,2025-04-26,Marketplace,396.24
ORD-000158,C00791,Sophia Patel | Germany | Plus,Toys ,357.63,2,2026-02-10,Mobile App,715.26
ORD-000159,C01429,Noah Wright | Singapore | Basic,Books & Media,601.06,1,2025-03-11,Mobile App,601.06
ORD-000160,C00953,Liam Brown | Australia | Plus,Home and Kitchen,426.65,6,2026-04-07,Retail Store,2559.9
ORD-000161,C00549,Ethan Walker | United Kingdom | Basic,Electronics,50.09,3,2025-02-27,Retail Store,150.27
ORD-000162,C02825,Chloe Nelson | Canada | Plus,Books,110.02,2,2026-01-16,Mobile App,220.04
ORD-000163,C02257,Leo Nelson | Singapore | Plus,Home & Kitchen,466.62,4,2025-11-13,Website,1866.48
ORD-000164,C02599,Leo Miller | United States | Basic,Beauty,357.01,3,2026-04-22,Website,1071.03
ORD-000165,C02406,Ethan Adams | Australia | Premium,Office Supplies,639.05,4,2026-02-21,Mobile App,2556.2
ORD-000166,C00751,Alex Anderson | Singapore | Basic,Beauty,548.47,4,2025-05-28,Mobile App,2193.88
ORD-000167,C01187,Adam Thomas | United Kingdom | Basic,Electronics,422.35,6,2025-08-08,Mobile App,2534.1
ORD-000168,C01718,Mia Thomas | United States | Plus,Home & Kitchen,40.66,5,2025-07-17,Marketplace,203.3
ORD-000169,C01568,Sophia Brown | United Kingdom | Basic,Toys,145.71,4,2026-05-02,Website,582.84
ORD-000170,C00612,James Johnson | United States | Basic,Toys,116.62,6,2025-06-05,Website,699.72
ORD-000171,C00131,Mia Thomas | Canada | Premium,Clothing & Apparel,258.67,2,2026-03-01,Mobile App,517.34
ORD-000172,C00288,Yusuf Hassan | Canada | Plus,Clothing,382.33,5,2025-01-11,Marketplace,1911.65
ORD-000173,C01905,Sara Green | UAE | Premium,Office Supply,46.01,1,2026-05-22,Mobile App,46.01
ORD-000174,C00560,Sophia Smith | United States | Basic,Clothng,627.96,5,2025-01-27,Retail Store,3139.8
ORD-000175,C00886,James Lee | UAE | Basic,Office Supplies,427.92,1,2025-06-25,Mobile App,427.92
ORD-000176,C00384,Lina Lee | Singapore | Premium,Home & Kitchen,371.39,4,2026-06-06,Retail Store,1485.56
ORD-000177,C00310,Leo Green | Singapore | Premium,Toys,84.57,2,2025-09-17,Marketplace,169.14
ORD-000178,C02908,Adam Clark | United States | Plus,Books & Media,649.22,1,2025-04-24,Mobile App,649.22
ORD-000179,C02242,James Johnson | United Kingdom | Basic,Home & Kitchen,299.7,1,2025-11-10,Mobile App,299.7
ORD-000180,C01668,Emma Smith | Canada | Plus,Electronics ,537.6,2,2025-11-05,Marketplace,1075.2
ORD-000181,C00540,Lucas Lewis | Canada | Basic,Beauty,423.81,1,2025-01-16,Mobile App,423.81
ORD-000182,C01403,Lucas Walker | United States | Plus,Beauty,180.9,5,2025-03-26,Mobile App,904.5
ORD-000183,C02722,Zoe Clark | United Kingdom | Plus,electronic,484.18,3,2026-04-02,Retail Store,1452.54
ORD-000184,C00739,Omar Walker | Singapore | Basic,Toy,440.8,2,,Marketplace,881.6
ORD-000185,C01294,Sophia Smith | UAE | Basic,Home & Kitchen,309.68,2,2025-03-22,Retail Store,619.36
ORD-000186,C02469,Daniel King | United States | Basic,Books & Media,631.05,1,2025-05-18,Marketplace,631.05
ORD-000187,C01413,Mia Moore | Australia | Basic,Clothing,79.43,3,2025-02-07,Mobile App,238.29
ORD-000188,C00434,Maya Patel | UAE | Plus,Home & Kitchen,212.89,1,2026-07-04,Website,212.89
ORD-000189,C00700,Yusuf Smith | United States | Basic,Toys,645.74,4,2025-10-20,Retail Store,2582.96
ORD-000190,C01046,Leo Mitchell | United Kingdom | Plus,Office Supplies,440.84,5,2025-05-10,Mobile App,2204.2
ORD-000191,C01899,Yusuf Moore | United Kingdom | Basic,Toys ,328.88,1,2025-10-03,Marketplace,328.88
ORD-000192,C01869,Isla Wright | UAE | Basic,Books,155.74,6,2026-07-25,Website,934.44
ORD-000193,C02313,Adam King | Canada | Plus,Home & Kitchen,194.84,4,2025-05-14,Website,779.36
ORD-000194,C01791,Maya Carter | Singapore | Basic,Books,374.55,4,2026-06-26,Mobile App,1498.2
ORD-000195,C01610,Henry Khan | Australia | Basic,BEAUTY,636.92,3,2025-10-13,Marketplace,1910.76
ORD-000196,C02089,Sara Patel | United States | Basic,Toys,331.43,1,2025-05-01,Mobile App,331.43
ORD-000197,C02352,Ryan Patel | Singapore | Basic,Toys,127.96,4,2025-01-10,Mobile App,511.84
ORD-000198,C00271,Henry Mitchell | Germany | Premium,Beauty,323.4,6,2025-06-01,Website,1940.4
ORD-000199,C01472,Noah Khan | United States | Basic,Clothing,496.68,2,2025-01-03,Website,993.36
ORD-000200,C00085,Amelia King | Germany | Plus,Electronics,167.27,4,2025-10-26,Retail Store,669.08
ORD-000201,C01858,Henry Wilson | Australia | Basic,Sports,10.6,5,2026-06-13,Website,53.0
ORD-000202,C00497,Lucas Patel | UAE | Basic,Books,22.37,1,2025-04-05,Retail Store,22.37
ORD-000203,C02326,Lucas Miller | United States | Premium,BEAUTY,447.94,2,2025-07-26,Retail Store,895.88
ORD-000204,C02384,Layla Mitchell | Singapore | Premium,Office Supples,36.24,5,2025-01-10,Marketplace,181.2
ORD-000205,C01230,Daniel Young | United States | Basic,HOME & KITCHEN,280.73,5,2025-09-22,Retail Store,1403.65
ORD-000206,C01004,Sophia Walker | Singapore | Basic,Electronics,531.74,5,2026-06-12,Marketplace,2658.7
ORD-000207,C02803,Maya Nelson | United States | Plus,Sports,579.53,1,2025-09-08,Retail Store,579.53
ORD-000208,C00338,Alex Adams | Germany | Basic,Home & Kitchen,212.03,1,2026-07-23,Marketplace,212.03
ORD-000209,C02844,Ava Adams | Germany | Basic,Books,495.31,2,2025-11-13,Mobile App,990.62
ORD-000210,C00075,Chloe Garcia | United Kingdom | Basic,Sport,15.23,6,2026-01-07,Mobile App,91.38
ORD-000211,C01327,Alex Patel | Australia | Plus,Sports,26.76,4,2025-11-26,Retail Store,107.04
ORD-000212,C02355,Henry Lewis | Australia | Plus,Books,183.12,6,2026-02-19,Retail Store,1098.72
ORD-000213,C01809,Leo Ahmed | Australia | Plus,Beauty Products,45.12,1,2025-05-22,Marketplace,45.12
ORD-000214,C02638,Olivia Miller | France | Basic,Electronic Goods,502.22,6,2025-04-04,Mobile App,3013.32
ORD-000215,C00565,Ethan Taylor | Germany | Basic,Sports,600.17,5,2025-10-23,Website,3000.85
ORD-000216,C00612,James Johnson | United States | Basic,Toys,230.22,5,2025-03-13,Retail Store,1151.1
ORD-000217,C01074,Alex Miller | Canada | Plus,Clothng,153.61,4,2026-01-03,Mobile App,614.44
ORD-000218,C01686,Zoe Brown | UAE | Basic,Books,228.8,2,2026-04-11,Website,457.6
ORD-000219,C00035,Lucas Moore | United Kingdom | Plus,Books,68.35,5,2025-05-23,Marketplace,341.75
ORD-000011,C00440,Daniel King | United Kingdom | Basic,Home and Kitchen,411.21,1,2025-12-02,Marketplace,411.21
ORD-000221,C02313,Adam King | Canada | Plus,Electronics,81.02,4,2025-02-02,Website,324.08
ORD-000222,C01904,Ryan Moore | UAE | Basic,Beauty,281.51,3,2025-01-25,Website,844.53
ORD-000223,C00350,Jack Wright | Canada | Basic,Beauty,99.59,5,2025-03-30,Website,497.95
ORD-000224,C00368,Layla Hassan | Germany | Basic,Beauty,372.31,2,2026-03-14,Website,744.62
ORD-000225,C01438,Henry Davis | Singapore | Basic,Home & Kitchen,588.61,6,2026-06-30,Marketplace,3531.66
ORD-000226,C00048,Lina Walker | United States | Premium,Office Supples,490.29,4,2025-08-18,Marketplace,1961.16
ORD-000227,C01279,Sam King | Australia | Plus,Toys & Games,428.4,3,2025-05-28,Retail Store,1285.2
ORD-000228,C01717,Omar Carter | Canada | Premium,SPORTS,253.46,3,2025-01-26,Website,760.38
ORD-000229,C02548,Sara Adams | Canada | Premium,Home & Kitchen,242.62,1,2025-07-29,Marketplace,242.62
ORD-000230,C02015,Sophia Wilson | Australia | Basic,Beauty,366.23,3,2026-03-08,Website,1098.69
ORD-000231,C02012,James Wilson | United Kingdom | Premium,Toys,611.58,2,2025-04-14,Mobile App,1223.16
ORD-000232,C01880,Leo Khan | United States | Basic,Beauty,334.78,1,2026-03-05,Retail Store,334.78
ORD-000233,C01439,Adam Anderson | Australia | Basic,Toys ,184.87,2,2025-03-20,Retail Store,369.74
ORD-000234,C01675,Adam Carter | France | Basic,Office Supplies,515.14,3,2025-10-28,Retail Store,1545.42
ORD-000235,C01914,Sam Adams | Singapore | Basic,Home and Kitchen,46.11,5,2025-08-01,Marketplace,230.55
ORD-000236,C00062,Ava Smith | United Kingdom | Basic,Electronics,525.53,1,2025-11-07,Retail Store,525.53
ORD-000237,C01235,Lucas Hall | United States | Plus,Beauty,562.68,3,2025-08-03,Marketplace,1688.04
ORD-000238,C00220,Ella Wilson | United Kingdom | Plus,Books & Media,491.88,6,2026-07-15,Mobile App,2951.28
ORD-000239,C00453,Sam Carter | UAE | Basic,Beauty,285.59,6,2025-09-16,Marketplace,1713.54
ORD-000240,C00671,Omar Clark | Singapore | Basic,Clothing,18.55,2,2026-02-14,Marketplace,37.1
ORD-000241,C01160,Alex Mitchell | United Kingdom | Plus,Home Kitchen,438.35,1,2026-05-20,Mobile App,438.35
ORD-000242,C02240,Yusuf Hall | UAE | Basic,Home & Kitchen,167.53,4,2026-03-16,Mobile App,670.12
ORD-000243,C01257,Ethan Clark | Canada | Basic,Sports,514.4,5,2026-05-28,Mobile App,2572.0
ORD-000244,C02966,Noah Patel | Canada | Basic,Home & Kitchen,384.45,3,2026-03-06,Website,1153.35
ORD-000245,C01660,Alex Baker | Australia | Basic,Toys,230.65,1,2025-04-11,Website,230.65
ORD-000246,C00180,Olivia Wilson | Canada | Basic,Beauty,207.32,3,2025-10-13,Website,621.96
ORD-000247,C02975,Lina Adams | France | Premium,Beauty,83.61,1,2026-02-16,Website,83.61
ORD-000248,C01274,Leo Davis | United Kingdom | Premium,Toys,326.61,2,2025-04-13,Retail Store,653.22
ORD-000249,C00217,Ava Taylor | France | Basic,Electronics,649.68,1,2025-07-26,Website,649.68
ORD-000250,C02436,Jack Brown | France | Premium,Office Supplies,407.71,5,2025-02-20,Website,2038.55
ORD-000251,C00367,Ella Moore | France | Basic,Books,142.33,1,2026-05-02,Website,142.33
ORD-000252,C00986,Mia Young | Canada | Premium,Home Kitchen,487.79,4,2026-04-23,Retail Store,1951.16
ORD-000253,C00187,Sam Thomas | United States | Plus,Home & Ktchen,575.54,4,2025-06-09,Marketplace,2302.16
ORD-000254,C02801,Lucas Patel | Canada | Basic,Electroncs,70.8,3,2025-10-19,Retail Store,212.4
ORD-000255,C02146,Isla Adams | United States | Basic,CLOTHING,411.43,1,2025-03-20,Mobile App,411.43
ORD-000256,C01793,Emma Smith | Singapore | Premium,Clothing,113.93,5,2025-05-03,Website,569.65
ORD-000257,C01936,Lina Ahmed | Singapore | Basic,Beauty,564.69,6,2026-03-31,Website,3388.14
ORD-000258,C01932,Ella Hassan | Australia | Basic,Beauty Products,496.09,5,2025-08-21,Retail Store,2480.45
ORD-000259,C00459,Sara Moore | Canada | Basic,Toys,362.5,1,2026-06-09,Website,362.5
ORD-000260,C02522,Ella Mitchell | United States | Plus,Office  Supplies,90.88,2,2025-07-27,Retail Store,181.76
ORD-000261,C01030,Sophia Ahmed | Australia | Basic,Office Supplies,351.54,1,2026-05-12,Marketplace,351.54
ORD-000262,C00929,Maya Lee | UAE | Basic,Electronics,367.08,4,2025-04-19,Website,1468.32
ORD-000263,C00746,Sam Patel | Australia | Basic,Books,471.9,6,2026-07-17,Marketplace,2831.4
ORD-000264,C01442,Ava Garcia | France | Basic,OFFICE SUPPLIES,27.72,5,2025-06-23,Marketplace,138.6
ORD-000265,C02741,Ella Lee | France | Basic,Books,144.54,2,2026-02-09,Mobile App,289.08
ORD-000266,C00665,Sam Baker | UAE | Premium,Home & Kitchen,514.65,1,2026-01-29,Retail Store,514.65
ORD-000267,C02259,Lina Carter | France | Basic,CLOTHING,263.48,3,2026-04-29,Website,790.44
ORD-000268,C01594,Ava Davis | Germany | Basic,Office Supply,50.09,3,2025-05-02,Mobile App,150.27
ORD-000269,C02368,Chloe Walker | Germany | Basic,Clothes,64.97,2,2025-02-26,Website,129.94
ORD-000270,C01666,Zoe Baker | Germany | Basic,BOOKS,54.21,4,2026-05-07,Website,216.84
ORD-000271,C00892,Lina Adams | Canada | Premium,Sports,343.32,6,2025-09-22,Mobile App,2059.92
ORD-000272,C01156,Noah Miller | United Kingdom | Basic,Sport,79.79,6,2026-07-06,Mobile App,478.74
ORD-000273,C02368,Chloe Walker | Germany | Basic,Beauty,330.93,3,2025-08-14,Website,992.79
ORD-000274,C00042,Olivia Mitchell | United Kingdom | Basic,Boks,280.62,6,2025-03-18,Website,1683.72
ORD-000275,C01296,Leo Khan | Singapore | Plus,Sports,244.13,1,2025-03-14,Retail Store,244.13
ORD-000276,C01951,Sam Martin | UAE | Premium,Clothing & Apparel,360.91,6,2026-02-02,Marketplace,2165.46
ORD-000277,C01656,Nora Davis | United States | Basic,Sports,561.66,5,2025-08-27,Marketplace,2783.3
ORD-000278,C02253,Sam Miller | France | Basic,Home & Kitchen,18.47,3,2025-05-02,Marketplace,55.41
ORD-000279,C02043,Sophia Nelson | Germany | Plus,Toys,322.7,2,2026-03-11,Website,645.4
ORD-000280,C01311,Sophia Brown | United States | Basic,Office Supplies,213.71,3,2025-04-24,Mobile App,641.13
ORD-000281,C02237,Henry Nelson | France | Premium,HOME & KITCHEN,219.21,4,2025-04-11,Mobile App,876.84
ORD-000282,C00960,Chloe Walker | UAE | Premium,Clothing & Apparel,333.05,4,2025-12-16,Marketplace,1332.2
ORD-000283,C01064,Isla Brown | Singapore | Basic,Beauty,36.81,6,2026-04-18,Mobile App,220.86
ORD-000284,C00931,Chloe Khan | Singapore | Basic,Toys,513.0,3,2026-03-22,Marketplace,1539.0
ORD-000285,C01148,Zoe Hall | United Kingdom | Premium,Toys & Games,98.32,4,2026-01-02,Website,393.28
ORD-000286,C01809,Leo Ahmed | Australia | Plus,Home & Kitchen,46.79,2,2026-05-28,Retail Store,93.58
ORD-000287,C00502,Adam Lewis | United Kingdom | Basic,Clothing,492.39,3,2026-05-08,Mobile App,1477.17
ORD-000288,C01971,Zoe Thomas | Singapore | Plus,Electronics,211.85,4,2025-08-22,Website,847.4
ORD-000289,C00761,Noah Young | Australia | Basic,Office Supplies,547.54,1,2026-05-31,Marketplace,547.54
ORD-000290,C02891,Noah Smith | France | Premium,Office Supply,39.5,4,2025-06-26,Marketplace,158.0
ORD-000291,C01064,Isla Brown | Singapore | Basic,Toy,637.96,4,2026-04-07,Mobile App,2551.84
ORD-000292,C02274,Sophia Patel | Singapore | Basic,Boks,275.18,4,2025-09-14,Mobile App,1100.72
ORD-000293,C00043,Lucas Carter | United States | Basic,Office Supply,446.45,4,2025-05-28,Retail Store,1785.8
ORD-000294,C00277,Nora Clark | UAE | Basic,Sprots,474.36,2,2026-02-15,Retail Store,948.72
ORD-000295,C01711,Ella Brown | United States | Premium,Beauty,147.49,2,2026-06-26,Retail Store,294.98
ORD-000296,C02958,Zoe Ahmed | Canada | Premium,Office Supply,583.13,4,2025-01-31,Marketplace,2332.52
ORD-000297,C02118,Ryan Hassan | Australia | Plus,Toys,120.81,2,2025-12-09,Marketplace,241.62
ORD-000298,C00964,Ryan Carter | United States | Premium,Books,449.09,1,2025-05-29,Retail Store,449.09
ORD-000299,C00820,Nora Martin | France | Plus,Toys & Games,390.55,3,2026-04-06,Retail Store,1171.65
ORD-000300,C01055,Emma Taylor | France | Premium,Electronics,429.13,6,2025-11-26,Retail Store,2574.78
ORD-000301,C01845,Mia Nelson | Australia | Basic,Electronic Goods,390.03,5,2026-04-20,Retail Store,1950.15
ORD-000302,C02911,Ava Garcia | Singapore | Premium,Clothing,287.84,2,2025-03-20,Website,575.68
ORD-000303,C00989,Isla Young | UAE | Plus,Books,313.88,2,2026-02-17,Mobile App,627.76
ORD-000304,C01866,Yusuf Mitchell | France | Plus,Sports,120.62,6,2025-05-31,Retail Store,723.72
ORD-000305,C00424,Ella Lee | Singapore | Basic,Home Kitchen,540.86,4,2026-05-17,Retail Store,2163.44
ORD-000306,C02486,Lina Lee | Singapore | Basic,HOME & KITCHEN,279.24,1,2025-02-28,Marketplace,279.24
ORD-000307,C00646,Ella Lewis | UAE | Basic,Clothing,545.37,3,2026-02-18,Mobile App,1636.11
ORD-000308,C00133,Olivia Clark | United Kingdom | Premium,Clothing,544.34,1,2025-01-09,Mobile App,544.34
ORD-000309,C02395,Sara Mitchell | United States | Premium,Beauty,487.37,2,2026-07-17,Website,974.74
ORD-000310,C00392,Mia Young | United States | Basic,Books,180.1,4,2025-03-21,Website,720.4
ORD-000311,C01730,Amelia Hall | Germany | Premium,ELECTRONICS,305.98,4,2025-01-20,Mobile App,1223.92
ORD-000312,C00330,Leo Green | France | Premium,Toys ,577.46,4,2025-02-10,Marketplace,2309.84
ORD-000313,C02807,Noah Moore | United Kingdom | Plus,Electronics ,382.27,3,2025-08-02,Mobile App,1146.81
ORD-000314,C01693,Chloe Mitchell | United States | Premium,Office Supplies,249.55,3,2025-08-18,Website,748.65
ORD-000315,C01805,Jack Thomas | Canada | Plus,Beauty,285.85,4,2025-09-05,Website,1143.4
ORD-000316,C02212,Emma Lee | UAE | Basic,Sprots,483.87,1,2025-11-29,Marketplace,483.87
ORD-000317,C00250,James Walker | Germany | Basic,BEAUTY,475.58,5,2026-07-18,Marketplace,2377.9
ORD-000318,C00446,Alex Wilson | Germany | Plus,Sports & Fitness,89.24,2,2025-06-11,Retail Store,178.48
ORD-000319,C00739,Omar Walker | Singapore | Basic,Home & Kitchen,83.23,5,2026-02-01,Mobile App,416.15
ORD-000320,C01426,Lina Wright | Germany | Premium,Electronics,532.49,5,2025-03-02,Mobile App,2662.45
ORD-000321,C01764,Henry Garcia | United Kingdom | Premium,Toys,220.25,6,2025-06-25,Retail Store,1321.5
ORD-000322,C00681,Ella Wilson | Singapore | Basic,Books,385.36,2,2025-09-29,Marketplace,770.72
ORD-000323,C00096,Adam Nelson | France | Basic,Office Supples,559.51,5,2026-03-22,Marketplace,2797.55
ORD-000324,C00012,Isla Thomas | Australia | Premium,Toys & Games,491.65,3,2025-01-23,Mobile App,1474.95
ORD-000325,C00183,Ella Green | France | Plus,Electroncs,370.54,1,2025-06-25,Website,370.54
ORD-000326,C00680,Alex Nelson | United States | Basic,Beauty Products,506.48,3,2025-11-03,Mobile App,1519.44
ORD-000327,C02539,Alex Adams | Singapore | Basic,Electronics,375.28,5,2025-02-05,Mobile App,1876.4
ORD-000328,C00711,Mia Anderson | Germany | Basic,Beauty,166.37,2,2025-06-27,Website,332.74
ORD-000329,C00688,Ryan Carter | Germany | Premium,Sports,106.42,1,2026-01-19,Marketplace,106.42
ORD-000330,C01410,Yusuf Martin | France | Basic,Electronics,152.86,6,2025-12-12,Marketplace,917.16
ORD-000331,C01346,Layla Thomas | Australia | Basic,Electronics,380.73,4,2026-07-22,Marketplace,1522.92
ORD-000332,C02848,Ava Adams | United Kingdom | Basic,Sport,131.34,2,2025-06-16,Marketplace,262.68
ORD-000333,C01009,Liam Khan | Canada | Basic,Toys ,281.69,5,2025-01-08,Website,1408.45
ORD-000334,C01421,Layla Ahmed | Australia | Plus,Sports,491.08,3,2025-04-03,Mobile App,1473.24
ORD-000335,C02375,Mia Ahmed | UAE | Basic,Electronics,490.25,3,2026-02-07,Marketplace,1470.75
ORD-000336,C02506,Leo Khan | France | Basic,beauty ,99.15,1,2026-05-24,Retail Store,99.15
ORD-000337,C00812,Adam Brown | Singapore | Plus,Home & Kitchen,385.29,3,2025-10-12,Mobile App,1155.87
ORD-000338,C00269,Sam Brown | Canada | Plus,Electronics,505.36,5,2025-10-02,Website,2526.8
ORD-000339,C02320,Olivia Adams | Canada | Basic,Sprots,407.22,3,2025-04-11,Mobile App,1221.66
ORD-000340,C00741,Daniel Martin | Australia | Plus,Toys,154.68,6,2026-05-09,Marketplace,928.08
ORD-000341,C00951,Noah Khan | Germany | Basic,Toys,556.82,4,2025-10-08,Retail Store,2227.28
ORD-000342,C01305,Olivia Brown | Australia | Basic,Beautyy,411.99,5,2026-02-13,Marketplace,2059.95
ORD-000343,C01570,Maya Khan | Germany | Basic,Home & Ktchen,458.03,2,2026-03-12,Website,916.06
ORD-000344,C01838,Zoe Thomas | Singapore | Basic,Sports,388.56,5,2026-06-30,Marketplace,1942.8
ORD-000345,C01292,Sam Lee | Canada | Plus,Beauty,114.29,2,2025-04-19,Website,228.58
ORD-000346,C01450,Leo Ahmed | Australia | Basic,SPORTS,13.88,3,2025-04-07,Marketplace,41.64
ORD-000347,C00860,Amelia Carter | Canada | Basic,Beauty,75.01,6,2025-09-01,Website,450.06
ORD-000348,C02120,Leo Khan | UAE | Premium,Office Supplies,303.69,5,2025-05-24,Marketplace,1518.45
ORD-000349,C01910,Ethan Baker | Australia | Basic,Beauty,168.98,6,2025-05-15,Mobile App,1013.88
ORD-000350,C00383,Adam Taylor | Australia | Plus,Sports & Fitness,411.17,3,2025-11-26,Website,1233.51
ORD-000351,C02420,Ava Anderson | United Kingdom | Plus,Beauty Products,201.86,1,2026-07-10,Retail Store,201.86
ORD-000352,C02018,Maya Khan | Australia | Plus,Electronics,253.07,6,2025-07-23,Mobile App,1518.42
ORD-000353,C00961,James Moore | Australia | Basic,Beauty,283.77,5,2025-04-08,Marketplace,1418.85
ORD-000354,C02530,Ryan Johnson | Canada | Plus,Electronics,467.79,4,2025-10-24,Retail Store,1871.16
ORD-000355,C01127,Daniel Lewis | France | Plus,ELECTRONICS,416.48,3,2026-01-03,Mobile App,1249.44
ORD-000356,C02218,Zoe Anderson | Canada | Plus,beauty ,456.91,3,2026-05-05,Mobile App,1370.73
ORD-000357,C01657,Ava Mitchell | United Kingdom | Plus,Beauty,178.49,5,2026-05-09,Mobile App,892.45
ORD-000358,C02698,Omar Moore | United States | Basic,Beauty,561.5,2,2025-11-23,Marketplace,1123.0
ORD-000359,C00329,Emma Adams | UAE | Premium,Toys,118.4,2,2025-12-25,Website,236.8
ORD-000360,C00436,Sam Lee | United Kingdom | Basic,Beauty,607.48,6,2026-02-20,Mobile App,3644.88
ORD-000361,C01229,Sam Hall | France | Basic,Office Supplies,128.74,4,2025-09-15,Mobile App,514.96
ORD-000362,C02647,Layla Lee | UAE | Plus,Electronics,516.95,2,2025-09-09,Marketplace,1033.9
ORD-000363,C00358,Alex Thomas | UAE | Premium,Books,389.16,2,2025-01-14,Retail Store,778.32
ORD-000364,C01616,Lucas Smith | Singapore | Basic,BEAUTY,33.04,4,2026-02-24,Retail Store,132.16
ORD-000365,C00002,Henry Hassan | United Kingdom | Basic,Boks,539.51,3,2025-02-23,Marketplace,1618.53
ORD-000366,C01763,Jack Brown | Germany | Plus,Sports,544.6,4,2025-02-10,Website,2178.4
ORD-000367,C02938,Sam Martin | Australia | Premium,Sport,481.23,1,2025-03-28,Mobile App,481.23
ORD-000368,C01007,Daniel Johnson | Canada | Basic,Clothing & Apparel,405.33,5,2025-05-18,Mobile App,2026.65
ORD-000369,C01221,Ella Garcia | United States | Basic,Office Supplies,150.26,5,2025-01-06,Website,751.3
ORD-000370,C01720,Adam Lewis | Canada | Basic,Electronics ,303.95,2,2025-02-08,Marketplace,607.9
ORD-000371,C01639,Lina Hall | United Kingdom | Plus,Books,488.32,6,2025-02-26,Retail Store,2929.92
ORD-000372,C01786,Leo Smith | Australia | Basic,Beauty,462.85,2,2025-12-29,Website,925.7
ORD-000373,C00061,Isla Moore | United Kingdom | Basic,Clothing,135.93,2,2026-03-10,Website,271.86
ORD-000374,C01822,James Anderson | France | Basic,Toy,440.09,2,2025-07-30,Mobile App,880.18
ORD-000375,C01681,Lucas Lee | UAE | Plus,Home & Kitchen,173.89,5,2025-04-06,Retail Store,869.45
ORD-000376,C01228,Yusuf Lewis | Singapore | Premium,beauty ,71.2,6,2025-12-24,Marketplace,427.2
ORD-000377,C01179,Zoe Ahmed | Australia | Basic,HOME & KITCHEN,302.9,2,2026-04-21,Retail Store,605.8
ORD-000378,C02698,Omar Moore | United States | Basic,Toys,618.53,4,2025-02-02,Retail Store,2474.12
ORD-000379,C02837,Layla Clark | France | Basic,Sports & Fitness,195.31,5,2025-02-16,Marketplace,976.55
ORD-000380,C01756,Lucas Anderson | UAE | Premium,Home & Kitchen,71.81,3,2026-07-18,Retail Store,215.43
ORD-000381,C00081,Mia Wilson | Australia | Plus,Home & Ktchen,405.67,4,2025-07-13,Mobile App,1622.68
ORD-000382,C01228,Yusuf Lewis | Singapore | Premium,Beauty,191.92,2,2025-08-13,Retail Store,383.84
ORD-000383,C01261,Chloe Ahmed | United Kingdom | Basic,Books & Media,501.31,1,2025-06-22,Mobile App,501.31
ORD-000384,C01101,Ella Walker | Australia | Basic,Clothing,519.01,3,2026-05-29,Retail Store,1557.03
ORD-000385,C02346,Noah Patel | United Kingdom | Premium,Books,113.84,1,2025-10-28,Marketplace,113.84
ORD-000386,C00924,Henry King | Canada | Plus,TOYS,276.08,2,2025-02-12,Marketplace,552.16
ORD-000387,C02819,Mia Taylor | Singapore | Basic,Office Supplies,286.26,5,2025-09-30,Website,1431.3
ORD-000388,C02675,Sophia Moore | United Kingdom | Plus,Electronics ,390.19,1,2025-08-21,Marketplace,390.19
ORD-000389,C02564,Yusuf King | France | Premium,Clothing,119.54,3,2026-02-05,Marketplace,358.62
ORD-000390,C00961,James Moore | Australia | Basic,Clothing & Apparel,17.78,5,2025-02-03,Mobile App,88.9
ORD-000391,C01954,Nora Walker | France | Plus,Home & Kitchen,39.57,4,2026-05-16,Retail Store,158.28
ORD-000392,C00385,Henry Baker | UAE | Basic,Books,621.85,5,2026-06-20,Marketplace,3109.25
ORD-000393,C01130,Leo Green | France | Premium,Sports,475.07,4,2025-03-26,Retail Store,1900.28
ORD-000394,C02670,James Lee | UAE | Premium,CLOTHING,583.24,3,2026-04-24,Mobile App,1749.72
ORD-000395,C02783,Emma Khan | Germany | Basic,Toys & Games,363.09,4,2025-03-10,Marketplace,1452.36
ORD-000396,C02700,Ella Anderson | United States | Plus,BOOKS,341.26,1,2026-06-14,Website,341.26
ORD-000397,C00245,Chloe Johnson | Germany | Plus,Beauty,114.76,6,2025-04-23,Website,688.56
ORD-000398,C02118,Ryan Hassan | Australia | Plus,Books,299.47,6,2026-01-30,Website,1796.82
ORD-000399,C01189,Leo Baker | United States | Basic,Sports,28.87,4,2025-02-07,Mobile App,115.48
ORD-000400,C02892,Sara Hassan | United States | Plus,Sports,387.95,4,2025-09-09,Mobile App,1551.8
ORD-000401,C00111,Lina Wilson | Singapore | Premium,Toys,435.32,4,2025-01-23,Retail Store,1741.28
ORD-000402,C01930,Ava Clark | Canada | Basic,Home & Kitchen,125.1,2,2025-07-07,Retail Store,250.2
ORD-000403,C01681,Lucas Lee | UAE | Plus,Office  Supplies,188.18,6,2025-03-25,Website,1129.08
ORD-000404,C02097,Mia Mitchell | Australia | Premium,Office Supplies,284.36,5,2025-08-12,Marketplace,1421.8
ORD-000405,C02770,Yusuf Wilson | UAE | Premium,Electronics,375.42,2,2025-07-29,Marketplace,750.84
ORD-000406,C02785,Omar Anderson | Singapore | Basic,Beautyy,404.51,6,2026-05-31,Retail Store,2427.06
ORD-000407,C01638,Emma Carter | France | Basic,Electronic Goods,520.74,3,2025-11-27,Website,1562.22
ORD-000408,C02748,Zoe Miller | France | Basic,Books,539.77,2,2026-04-12,Website,1079.54
ORD-000409,C01075,Alex Smith | United States | Basic,Toys & Games,357.7,1,2026-02-16,Retail Store,357.7
ORD-000410,C00122,Lina King | Canada | Basic,Toys,546.52,2,2025-03-13,Retail Store,1093.04
ORD-000411,C00668,Sophia Adams | France | Plus,Electronics,381.02,5,2026-06-06,Website,1905.1
ORD-000412,C02757,Adam Patel | UAE | Plus,Beauty,106.39,5,2025-11-27,Mobile App,531.95
ORD-000413,C00956,Zoe Baker | United States | Basic,Office Supplies,595.01,6,2025-01-07,Retail Store,3570.06
ORD-000414,C01262,Sophia Nelson | France | Basic,Books,195.07,5,2025-01-31,Mobile App,975.35
ORD-000415,C02941,Adam King | Germany | Premium,Sprots,440.91,1,2025-09-01,Marketplace,440.91
ORD-000416,C01239,Olivia Taylor | United States | Basic,Electronics,505.49,3,2026-03-05,Retail Store,1516.47
ORD-000417,C00110,Amelia Ahmed | UAE | Basic,Toys,403.88,1,2026-07-06,Retail Store,403.88
ORD-000418,C00778,Daniel Davis | United Kingdom | Basic,Electronics,348.35,5,2025-10-06,Mobile App,1741.75
ORD-000419,C02300,Ryan Hassan | France | Basic,Book,529.03,2,2025-05-31,Website,1058.06
ORD-000420,C01909,James Adams | Australia | Basic,Home & Kitchen,560.07,5,2025-01-06,Retail Store,2800.35
ORD-000421,C02597,Maya Garcia | UAE | Premium,Toys ,433.69,3,2025-04-27,Marketplace,1301.07
ORD-000422,C02643,Leo Walker | Canada | Basic,Electronics,554.21,6,2025-05-26,Website,3325.26
ORD-000423,C01346,Layla Thomas | Australia | Basic,Electronics,505.25,4,2025-04-28,Retail Store,2021.0
ORD-000424,C00223,Yusuf King | UAE | Basic,Beauty,34.83,3,2025-02-19,Mobile App,104.49
ORD-000425,C00128,Noah Green | United Kingdom | Basic,Electronics,299.36,1,2026-02-16,Mobile App,299.36
ORD-000426,C02166,Layla Smith | Canada | Plus,Beauty,361.05,4,2025-10-31,Marketplace,1444.2
ORD-000427,C02157,Maya Moore | Germany | Plus,Clothing & Apparel,431.88,1,2025-01-20,Retail Store,431.88
ORD-000428,C00604,Sophia Lee | Canada | Premium,Clothng,419.72,2,2026-04-24,Marketplace,839.44
ORD-000429,C00364,Daniel Lewis | United States | Plus,Home & Kitchen,-279.27,1,2025-04-26,Retail Store,279.27
ORD-000430,C00452,Olivia Lewis | United Kingdom | Basic,Beauty Products,259.3,4,2025-01-16,Website,1037.2
ORD-000431,C02173,Nora Moore | Singapore | Basic,BEAUTY,409.0,2,2026-04-13,Website,818.0
ORD-000432,C02604,Chloe Nelson | France | Basic,beauty ,132.54,4,2025-09-28,Marketplace,530.16
ORD-000433,C01104,Henry Lee | France | Plus,Sports,252.6,5,2025-07-08,Marketplace,1263.0
ORD-000434,C01369,Liam Wright | United States | Premium,OFFICE SUPPLIES,122.28,1,2025-10-30,Mobile App,122.28
ORD-000435,C01222,Amelia Clark | United States | Plus,Beautyy,145.61,3,2025-01-20,Website,436.83
ORD-000436,C00640,Jack Carter | Singapore | Basic,Sports,13.25,2,2026-07-19,Marketplace,26.5
ORD-000437,C02335,Ava Baker | Australia | Basic,Office Supplies,45.28,6,2026-01-21,Retail Store,271.68
ORD-000438,C00004,Lucas Green | Canada | Plus,beauty ,163.17,3,2025-11-22,Mobile App,489.51
ORD-000439,C02826,Zoe Adams | United States | Basic,Books,150.33,3,2026-03-12,Marketplace,450.99
ORD-000440,C02054,Ella Ahmed | Australia | Premium,Home and Kitchen,514.93,4,2025-10-13,Website,2059.72
ORD-000441,C00996,Nora Young | United Kingdom | Basic,TOYS,547.46,3,2026-06-07,Mobile App,1642.38
ORD-000442,C00487,James Davis | United States | Plus,CLOTHING,297.76,5,2026-05-26,Mobile App,1488.8
ORD-000443,C02121,Jack Smith | France | Basic,Clothing,264.54,6,2025-06-05,Mobile App,1587.24
ORD-000444,C00521,Olivia King | France | Premium,Sports,266.58,4,2026-04-20,Retail Store,1066.32
ORD-000445,C01163,Liam Moore | Australia | Premium,Home & Kitchen,206.94,5,2026-05-12,Mobile App,1034.7
ORD-000446,C00553,Zoe Mitchell | United Kingdom | Premium,Electronics ,396.1,2,2026-02-01,Mobile App,792.2
ORD-000447,C00680,Alex Nelson | United States | Basic,Toys,14.62,2,2026-03-03,Retail Store,29.24
ORD-000448,C00298,Lina Lee | Singapore | Basic,Office  Supplies,382.34,5,2025-07-01,Mobile App,1911.7
ORD-000449,C01413,Mia Moore | Australia | Basic,Toy,591.33,5,2025-06-08,Mobile App,2956.65
ORD-000450,C00883,Emma Moore | UAE | Basic,Clothing & Apparel,314.27,6,2026-02-14,Retail Store,1885.62
ORD-000451,C02909,Chloe Anderson | United Kingdom | Basic,Office Supplies,246.62,2,2026-03-21,Website,493.24
ORD-000452,C01234,Omar Miller | United States | Premium,Home & Kitchen,118.44,5,2026-06-20,Marketplace,592.2
ORD-000453,C02491,Omar Green | United States | Plus,Sports,395.01,2,2025-07-14,Website,790.02
ORD-000454,C00634,Alex Miller | Canada | Basic,Beauty,10.34,1,2025-03-10,Marketplace,10.34
ORD-000455,C01219,Sara King | United Kingdom | Plus,Electroncs,456.22,6,2026-02-13,Mobile App,2737.32
ORD-000456,C02527,Layla Baker | Germany | Plus,HOME & KITCHEN,483.72,3,2025-08-21,Website,1451.16
ORD-000457,C01165,Adam Ahmed | France | Plus,Home & Kitchen,18.22,1,2026-06-13,Retail Store,18.22
ORD-000458,C01317,Maya Mitchell | Germany | Basic,beauty ,309.52,5,2025-02-03,Retail Store,1547.6
ORD-000459,C02640,Zoe Khan | Australia | Premium,CLOTHING,198.4,4,2025-05-19,Marketplace,793.6
ORD-000460,C00047,Ryan Young | United Kingdom | Basic,Clothes,424.46,6,2025-02-26,Mobile App,2546.76
ORD-000461,C00957,Ethan King | Germany | Basic,CLOTHING,373.87,1,2026-05-12,Retail Store,373.87
ORD-000462,C01754,Mia Johnson | Australia | Plus,Home and Kitchen,366.46,3,2026-02-15,Mobile App,1099.38
ORD-000463,C02329,Nora Martin | United Kingdom | Basic,Electroncs,265.98,3,2025-05-15,Website,797.94
ORD-000464,C00349,Sam Clark | UAE | Basic,Office Supply,410.96,2,2025-01-03,Retail Store,821.92
ORD-000465,C02522,Ella Mitchell | United States | Plus,Toys,284.17,5,2025-12-08,Retail Store,1420.85
ORD-000466,C00627,Ella Taylor | Australia | Plus,BOOKS,206.43,1,2025-11-11,Retail Store,206.43
ORD-000467,C01056,Henry Clark | Australia | Plus,Home Kitchen,152.41,3,2025-03-16,Mobile App,457.23
ORD-000468,C01975,Amelia Smith | Australia | Basic,CLOTHING,15.68,1,2026-05-24,Retail Store,15.68
ORD-000469,C02032,Ella Hassan | Canada | Plus,Sport,326.39,1,2025-12-25,Website,326.39
ORD-000470,C00925,Amelia Adams | Singapore | Basic,Toys,496.95,5,2025-07-03,Website,2484.75
ORD-000471,C00601,Liam King | Germany | Basic,CLOTHING,544.52,6,2025-03-14,Mobile App,3267.12
ORD-000472,C02113,James Martin | UAE | Premium,Office Supplies,33.4,4,2025-11-02,Mobile App,133.6
ORD-000473,C01204,Liam Hall | UAE | Premium,Books,191.65,4,2025-01-01,Marketplace,766.6
ORD-000474,C02021,Amelia Brown | Canada | Basic,Toys,623.51,6,2026-03-02,Mobile App,3741.06
ORD-000475,C00924,Henry King | Canada | Plus,Clothng,452.0,1,2026-04-27,Retail Store,452.0
ORD-000476,C01317,Maya Mitchell | Germany | Basic,Home Kitchen,53.31,5,2026-04-28,Website,266.55
ORD-000477,C02819,Mia Taylor | Singapore | Basic,Clothing,160.99,6,2025-06-20,Marketplace,965.94
ORD-000478,C00322,Liam Patel | Australia | Basic,Books,631.75,2,2025-02-07,Website,1263.5
ORD-000479,C02287,Yusuf Adams | Australia | Premium,Clothing,230.01,3,2025-03-22,Website,690.03
ORD-000480,C01315,Liam Clark | Australia | Basic,Office Supplies,521.99,6,2026-02-06,Marketplace,3131.94
ORD-000481,C01020,Sam Nelson | United Kingdom | Basic,HOME & KITCHEN,422.95,1,2026-04-30,Website,422.95
ORD-000482,C00208,Ethan Garcia | Singapore | Plus,Books,580.78,2,2025-01-13,Marketplace,1161.56
ORD-000483,C01307,Ethan Brown | United States | Basic,Books,640.18,3,2025-09-12,Mobile App,1920.54
ORD-000484,C00730,Adam Walker | Singapore | Plus,Home & Ktchen,445.02,1,2026-01-27,Retail Store,445.02
ORD-000485,C00657,Layla Lewis | France | Plus,Electronics,595.61,3,2026-07-12,Retail Store,1786.83
ORD-000486,C02804,Ella Johnson | Canada | Plus,Book,485.35,6,2026-04-01,Website,2912.1
ORD-000487,C00621,Daniel Nelson | United States | Plus,Toys,455.85,5,2025-04-03,Retail Store,2279.25
ORD-000488,C01158,Sara Anderson | Canada | Premium,Toys & Games,564.52,2,2025-08-31,Marketplace,1129.04
ORD-000489,C02953,Chloe Wilson | Canada | Premium,Toys,606.66,1,2026-04-25,Marketplace,606.66
ORD-000490,C01080,Nora Wright | Canada | Basic,Electronics,585.75,5,2026-03-19,Retail Store,2928.75
ORD-000491,C00175,Adam Miller | Australia | Basic,Office  Supplies,390.8,1,2025-02-12,Website,390.8
ORD-000492,C02456,Lucas Wright | United States | Basic,Home & Kitchen,535.84,6,2025-10-16,Mobile App,3215.04
ORD-000493,C00324,Jack Smith | France | Plus,Home & Kitchen,528.41,2,2026-01-23,Website,1056.82
ORD-000494,C00395,Ava Brown | Canada | Plus,Clothing,224.99,5,2025-02-18,Marketplace,1124.95
ORD-000495,C00668,Sophia Adams | France | Plus,Toys,84.15,6,2026-02-17,Website,504.9
ORD-000496,C01210,James Wright | Singapore | Basic,Office Supples,642.15,6,2025-05-31,Website,3852.9
ORD-000497,C01285,Zoe Khan | France | Basic,Sports,443.19,4,2026-05-03,Retail Store,1772.76
ORD-000498,C01117,Sara Carter | UAE | Premium,Clothing & Apparel,316.06,3,2025-02-28,Mobile App,948.18
ORD-000499,C02624,Noah Lee | Germany | Basic,Sports,193.36,1,2025-03-17,Marketplace,193.36
ORD-000500,C02987,Adam Wilson | Germany | Premium,Sports,570.59,4,2026-05-13,Retail Store,2282.36
ORD-000501,C01672,Ava Green | UAE | Plus,BEAUTY,166.97,2,2026-01-20,Website,333.94
ORD-000502,C01489,Chloe Johnson | UAE | Basic,Sprots,488.76,2,2025-03-17,Marketplace,977.52
ORD-000503,C00068,Henry Hassan | UAE | Plus,Beauty,590.39,5,2025-01-07,Mobile App,2951.95
ORD-000504,C01591,Liam Smith | Germany | Plus,Toys,260.24,1,2025-02-12,Retail Store,260.24
ORD-000505,C01622,Chloe Johnson | Canada | Basic,Sports,245.84,1,2025-05-13,Website,245.84
ORD-000506,C02651,Nora Young | United States | Plus,Toys,408.32,1,2025-05-04,Website,408.32
ORD-000507,C00887,Ella Wright | UAE | Premium,electronic,45.22,0,2025-08-31,Website,90.44
ORD-000508,C00587,Sam Baker | UAE | Plus,Clothing,176.02,5,2025-06-11,Mobile App,880.1
ORD-000509,C01885,Ryan Khan | Canada | Basic,Clothing,391.37,6,2025-08-25,Website,2348.22
ORD-000510,C02354,James Anderson | Germany | Plus,beauty ,39.33,1,2026-07-01,Retail Store,39.33
ORD-000511,C00177,Zoe Taylor | Singapore | Premium,BEAUTY,231.61,4,2026-05-20,Marketplace,926.44
ORD-000512,C02710,Lina Johnson | Singapore | Basic,Clothing,638.1,3,2025-05-21,Website,1914.3
ORD-000513,C01307,Ethan Brown | United States | Basic,Books & Media,188.37,5,2025-10-20,Marketplace,941.85
ORD-000514,C00923,Sara Green | United States | Basic,Home & Kitchen,412.67,1,2025-05-04,Retail Store,412.67
ORD-000515,C01425,Daniel Baker | United Kingdom | Basic,Clothing,576.96,3,2025-10-17,Marketplace,1730.88
ORD-000516,C01631,Sara Wilson | United Kingdom | Basic,Toys,391.15,2,2026-01-15,Mobile App,782.3
ORD-000517,C00506,Chloe King | UAE | Basic,Office Supply,209.82,1,2026-02-22,Retail Store,209.82
ORD-000518,C00050,Sophia Patel | Canada | Basic,Sprots,73.39,4,2026-03-07,Mobile App,293.56
ORD-000519,C01269,Emma Lee | Canada | Premium,Toys,197.89,1,2025-06-07,Retail Store,197.89
ORD-000520,C01664,Mia Khan | United States | Basic,Electronics,521.36,3,,Marketplace,1564.08
ORD-000521,C02065,Lina Mitchell | Singapore | Plus,Clothing,621.02,3,2025-01-05,Website,1863.06
ORD-000522,C01808,Amelia Hall | France | Basic,Sport,618.6,6,2026-03-10,Retail Store,3711.6
ORD-000523,C00385,Henry Baker | UAE | Basic,Clothing,345.81,3,2025-03-05,Marketplace,1037.43
ORD-000524,C00529,Sara Davis | Germany | Plus,Beauty,141.9,1,2025-12-01,Marketplace,141.9
ORD-000525,C01812,Zoe Hassan | Canada | Plus,Books,629.84,4,2026-01-10,Mobile App,2519.36
ORD-000526,C00398,Ethan Khan | France | Basic,Clothes,382.41,4,2025-11-23,Retail Store,1529.64
ORD-000527,C00505,Leo Smith | Germany | Premium,Home Kitchen,416.92,5,2026-06-29,Retail Store,2084.6
ORD-000528,C01781,Alex King | United Kingdom | Premium,BOOKS,380.62,4,2026-03-16,Marketplace,1522.48
ORD-000529,C01591,Liam Smith | Germany | Plus,Home & Kitchen,573.61,2,2026-05-22,Marketplace,1147.22
ORD-000530,C02570,Isla Smith | Singapore | Basic,Office Supplies,247.96,1,2026-04-25,Website,247.96
ORD-000531,C00761,Noah Young | Australia | Basic,Sprots,314.79,6,2026-05-01,Website,1888.74
ORD-000532,C02221,Olivia Mitchell | United Kingdom | Premium,Books,525.17,1,2025-04-13,Mobile App,525.17
ORD-000533,C00672,Liam Wright | UAE | Basic,electronic,321.6,4,2025-08-11,Mobile App,1286.4
ORD-000534,C00589,Nora Miller | Singapore | Premium,Office Supplies,93.12,6,2026-02-19,Marketplace,558.72
ORD-000535,C01062,Ella Moore | Australia | Basic,Electronics,599.6,5,2025-11-26,Mobile App,2998.0
ORD-000536,C00672,Liam Wright | UAE | Basic,Toys ,249.12,4,,Marketplace,996.48
ORD-000537,C00678,Isla Walker | Germany | Plus,Office Supplies,407.1,2,2025-06-13,Mobile App,814.2
ORD-000538,C02953,Chloe Wilson | Canada | Premium,Clothes,95.3,1,2025-07-06,Website,95.3
ORD-000539,C02357,Zoe Walker | Canada | Premium,Home & Kitchen,49.43,1,2025-07-13,Mobile App,49.43
ORD-000540,C00718,Olivia Martin | Germany | Basic,Books,625.28,2,2026-05-22,Website,1250.56
ORD-000541,C02477,Sam Taylor | Singapore | Premium,BEAUTY,521.3,1,2026-05-10,Marketplace,521.3
ORD-000542,C01316,Maya Hall | United States | Basic,Home & Kitchen,450.85,3,2025-05-10,Retail Store,1352.55
ORD-000543,C00236,Liam Garcia | Canada | Basic,Office Supplies,450.65,5,2025-03-13,Mobile App,2253.25
ORD-000544,C02258,Zoe Moore | United States | Basic,Sports,467.93,1,2026-02-07,Marketplace,467.93
ORD-000545,C01008,Amelia Miller | United States | Basic,Sport,504.45,2,2026-03-19,Mobile App,1008.9
ORD-000546,C00526,Noah King | Germany | Basic,Office Supplies,147.79,4,2025-03-19,Retail Store,591.16
ORD-000547,C02974,Noah Taylor | Singapore | Plus,Electronics ,604.11,4,2026-05-05,Website,2416.44
ORD-000548,C01815,Ava Carter | Canada | Basic,Electronics,41.14,3,2026-01-23,Website,123.42
ORD-000549,C01373,Maya Khan | France | Basic,Clothing,519.03,5,2025-05-19,Marketplace,2595.15
ORD-000550,C00348,Sara Davis | Germany | Basic,Electroncs,198.65,6,2025-02-24,Mobile App,1191.9
ORD-000551,C02032,Ella Hassan | Canada | Plus,Books,565.54,6,2026-04-30,Marketplace,3393.24
ORD-000552,C02074,Ava Green | United Kingdom | Basic,Beauty,95.99,4,2025-01-03,Retail Store,383.96
ORD-000553,C00655,Noah Khan | Germany | Plus,ELECTRONICS,461.48,2,2025-07-15,Marketplace,922.96
ORD-000554,C02599,Leo Miller | United States | Basic,TOYS,615.22,3,2025-03-14,Marketplace,1845.66
ORD-000555,C02350,Omar Nelson | Canada | Basic,Office Supplies,319.56,5,2025-08-02,Website,1597.8
ORD-000556,C02142,Adam Anderson | Germany | Premium,Sprots,502.27,6,2026-05-12,Marketplace,3013.62
ORD-000557,C02451,Amelia Hall | France | Basic,Home & Kitchen,332.66,6,2025-02-05,Marketplace,1995.96
ORD-000558,C01285,Zoe Khan | France | Basic,ELECTRONICS,458.66,5,2025-08-01,Mobile App,2293.3
ORD-000559,C01708,Ella Adams | Australia | Plus,Toys,92.17,2,2025-08-16,Marketplace,184.34
ORD-000560,C01561,Amelia Young | Australia | Basic,Home & Kitchen,469.2,2,2026-07-01,Website,938.4
ORD-000561,C02706,Liam Johnson | Australia | Plus,Home & Kitchen,368.83,3,2025-12-14,Mobile App,1106.49
ORD-000562,C01031,Jack Taylor | Australia | Basic,Electronics,124.73,1,2026-04-07,Retail Store,124.73
ORD-000563,C02864,James Ahmed | Germany | Basic,Beauty,532.18,2,2026-06-28,Marketplace,1064.36
ORD-000564,C02039,Henry Thomas | United States | Plus,Books,111.34,6,2026-02-12,Retail Store,668.04
ORD-000565,C02065,Lina Mitchell | Singapore | Plus,Office Supplies,505.02,5,2026-06-23,Mobile App,2525.1
ORD-000566,C00528,Ella Baker | United Kingdom | Basic,Sports,358.33,6,2026-05-10,Website,2149.98
ORD-000567,C01351,Ethan Young | UAE | Basic,Books,39.29,5,2025-03-20,Mobile App,196.45
ORD-000568,C02859,Olivia Taylor | Germany | Plus,Books,265.02,3,2026-04-24,Marketplace,795.06
ORD-000569,C01604,Amelia Thomas | United States | Premium,Electronic Goods,338.59,3,2026-03-31,Marketplace,1015.77
ORD-000570,C02324,Yusuf Ahmed | United Kingdom | Plus,Toys,355.46,6,2025-01-04,Retail Store,2132.76
ORD-000571,C00632,Alex Patel | Canada | Basic,Sports,40.07,1,2026-07-11,Website,40.07
ORD-000572,C02351,Isla Hassan | Singapore | Basic,Beauty,265.0,4,2025-01-08,Website,1060.0
ORD-000573,C01715,Ava Hassan | France | Plus,Clothing,478.1,3,2026-06-03,Retail Store,1434.3
ORD-000574,C01138,Amelia Smith | France | Basic,Clothing,615.96,5,2025-11-27,Marketplace,3079.8
ORD-000575,C01469,Ryan Wilson | Canada | Plus,Office Supplies,171.19,2,2026-03-18,Marketplace,342.38
ORD-000576,C00024,Lucas Johnson | Australia | Basic,Electronics,294.32,5,2026-06-18,Retail Store,1471.6
ORD-000577,C02175,Emma Young | United States | Plus,Beauty,237.14,1,2026-03-01,Retail Store,237.14
ORD-000578,C01446,Sara Taylor | Canada | Plus,Books,120.02,2,2025-09-20,Marketplace,240.04
ORD-000579,C01066,Emma Lewis | Singapore | Premium,Home Kitchen,400.47,5,2025-10-31,Website,2002.35
ORD-000580,C00589,Nora Miller | Singapore | Premium,Sports,593.56,4,2026-03-13,Website,2374.24
ORD-000581,C02100,Ella Garcia | Singapore | Plus,SPORTS,564.72,4,2025-03-07,Retail Store,2258.88
ORD-000582,C00082,Omar Wright | Germany | Basic,Sports,574.12,1,2025-11-02,Marketplace,574.12
ORD-000583,C00631,Sara Hassan | United States | Basic,Sports,46.54,4,2025-02-16,Marketplace,186.16
ORD-000584,C02996,Ryan Ahmed | Canada | Plus,Electronics,351.03,6,2025-02-01,Marketplace,2106.18
ORD-000585,C00284,Nora Garcia | Canada | Basic,Sports,15.28,5,2026-03-20,Website,76.4
ORD-000586,C02488,Alex Thomas | Canada | Basic,Office Supplies,571.38,5,2025-05-19,Marketplace,2856.9
ORD-000587,C01379,Daniel Patel | Singapore | Plus,Beauty,142.26,1,2026-02-03,Marketplace,142.26
ORD-000588,C02158,Sophia Thomas | United Kingdom | Basic,Electronics,305.64,1,2025-12-29,Retail Store,305.64
ORD-000589,C02832,Ryan Young | Canada | Plus,Office Supplies,633.09,5,2025-01-15,Marketplace,3165.45
ORD-000590,C02041,Adam Davis | Germany | Premium,Sports,19.6,6,2025-12-11,Website,117.6
ORD-000591,C00575,Isla Green | United States | Plus,Toys,403.92,6,2025-10-04,Mobile App,2423.52
ORD-000592,C02666,Nora Smith | UAE | Basic,Electronic Goods,234.8,1,2026-06-28,Mobile App,234.8
ORD-000593,C01361,Isla Ahmed | Australia | Basic,Book,308.6,1,2025-11-16,Mobile App,308.6
ORD-000594,C00168,Isla Johnson | Germany | Basic,Sports,290.21,6,2026-04-16,Retail Store,1741.26
ORD-000595,C01171,Amelia Davis | Canada | Plus,Toys,242.21,5,2025-04-27,Marketplace,1211.05
ORD-000596,C00274,Leo Green | United Kingdom | Basic,Toys & Games,343.32,6,2025-06-12,Mobile App,2059.92
ORD-000597,C00016,Omar Anderson | France | Basic,BEAUTY,512.96,3,2026-06-17,Retail Store,1538.88
ORD-000598,C02853,Lucas Thomas | Germany | Basic,Books,109.77,4,2025-08-14,Mobile App,439.08
ORD-000599,C01759,Amelia Baker | United States | Basic,Electronic Goods,471.75,3,2026-01-21,Marketplace,1415.25
ORD-000600,C00679,Jack Clark | Singapore | Basic,Office Supplies,195.45,4,2026-06-13,Mobile App,781.8
ORD-000601,C00405,Yusuf Wilson | France | Basic,Office Supplies,254.19,1,2025-07-06,Mobile App,254.19
ORD-000602,C02692,Mia Garcia | Singapore | Plus,Home & Kitchen,600.73,5,2025-04-03,Retail Store,3003.65
ORD-000603,C02216,Jack Thomas | Australia | Plus,Beauty,576.98,2,2026-01-06,Marketplace,1153.96
ORD-000604,C02307,Lucas Patel | Canada | Plus,Books,388.96,5,2025-01-24,Retail Store,1944.8
ORD-000605,C00626,James Smith | United Kingdom | Plus,Sports,100.28,6,2026-05-01,Website,601.68
ORD-000606,C01845,Mia Nelson | Australia | Basic,Electronics ,153.99,2,2025-02-27,Website,307.98
ORD-000607,C02902,Sara Moore | UAE | Basic,Toys,568.35,3,2026-07-10,Retail Store,1705.05
ORD-000608,C00228,Ella Lee | UAE | Basic,BOOKS,380.74,4,2025-09-23,Website,1522.96
ORD-000609,C02569,Nora Khan | France | Basic,Office Supplies,209.16,3,2026-06-22,Website,627.48
ORD-000610,C02231,Alex Lewis | United States | Premium,ELECTRONICS,142.51,6,2026-06-11,Website,855.06
ORD-000611,C01445,Sara Wright | Australia | Plus,Home & Kitchen,44.82,5,2025-11-06,Marketplace,224.1
ORD-000612,C02089,Sara Patel | United States | Basic,Toys,142.49,5,2025-09-27,Retail Store,712.45
ORD-000613,C01684,Daniel Lee | Australia | Plus,Sports,623.97,2,2026-05-06,Retail Store,1247.94
ORD-000614,C00325,Olivia Johnson | France | Plus,Beauty,445.21,4,2025-07-04,Website,1780.84
ORD-000615,C02588,Alex Hassan | Singapore | Plus,electronic,481.81,3,2026-07-15,Website,1445.43
ORD-000616,C00634,Alex Miller | Canada | Basic,TOYS,335.65,1,2025-05-18,Website,335.65
ORD-000617,C02658,Ethan Martin | UAE | Premium,Office Supplies,256.81,4,2025-02-07,Website,1027.24
ORD-000618,C00193,Nora Hall | UAE | Basic,Office Supplies,316.57,2,2025-05-31,Mobile App,633.14
ORD-000619,C01588,Nora Martin | United States | Plus,Sports,336.06,6,2026-03-24,Marketplace,2016.36
ORD-000620,C02489,Yusuf Patel | Singapore | Basic,Office  Supplies,466.15,2,2025-02-15,Retail Store,932.3
ORD-000621,C02011,Sara Adams | Canada | Plus,Clothing,273.34,5,2026-06-16,Mobile App,1366.7
ORD-000622,C00783,Nora Garcia | United Kingdom | Basic,Clothing,16.03,4,2026-05-14,Retail Store,64.12
ORD-000623,C00968,Daniel Patel | Canada | Plus,Home Kitchen,584.98,6,2025-08-12,Website,3509.88
ORD-000624,C01323,Daniel Walker | Australia | Basic,Clothing,445.26,1,2025-11-22,Retail Store,445.26
ORD-000625,C02770,Yusuf Wilson | UAE | Premium,Electronics,67.65,6,2026-05-05,Mobile App,405.9
ORD-000626,C02116,Ella King | United Kingdom | Plus,Books & Media,176.74,3,2025-11-15,Marketplace,530.22
ORD-000627,C02086,Ryan Adams | France | Basic,Sports,207.55,1,2025-11-12,Retail Store,207.55
ORD-000628,C00211,Nora Johnson | United States | Premium,Home Kitchen,635.72,2,2025-11-27,Website,1271.44
ORD-000629,C00813,Ethan Moore | France | Basic,Toys,80.64,4,2026-02-07,Website,322.56
ORD-000630,C00154,Lina Walker | United States | Basic,OFFICE SUPPLIES,404.51,4,2026-07-05,Website,1618.04
ORD-000631,C00583,Nora Johnson | United Kingdom | Plus,Sport,524.26,3,2025-10-01,Marketplace,1572.78
ORD-000632,C01747,Lucas Ahmed | Canada | Basic,Books,376.62,4,2025-10-28,Website,1506.48
ORD-000633,C00950,Henry Moore | Singapore | Basic,Toys & Games,620.3,4,2025-01-23,Website,2481.2
ORD-000634,C01770,Noah Wright | Canada | Plus,Sprots,212.65,5,2025-08-12,Retail Store,1063.25
ORD-000635,C02073,Daniel Brown | UAE | Basic,SPORTS,381.62,3,2026-05-26,Marketplace,1144.86
ORD-000636,C01856,Sophia Carter | UAE | Plus,Beauty,437.56,6,2026-03-26,Mobile App,2625.36
ORD-000637,C00428,Ethan Moore | Canada | Plus,Toys ,141.38,6,2025-02-08,Mobile App,848.28
ORD-000638,C02314,Yusuf Anderson | Singapore | Plus,Home & Kitchen,599.74,3,2025-11-08,Mobile App,1799.22
ORD-000639,C00929,Maya Lee | UAE | Basic,Sports,249.03,1,2026-01-17,Website,249.03
ORD-000640,C02253,Sam Miller | France | Basic,Clothes,352.87,3,2026-03-20,Retail Store,1058.61
ORD-000641,C00099,Yusuf Miller | Singapore | Basic,Office  Supplies,194.88,3,2026-01-29,Retail Store,584.64
ORD-000642,C02905,Ethan Carter | United States | Plus,Books,86.1,6,2026-01-01,Marketplace,516.6
ORD-000643,C02664,Amelia Carter | Germany | Premium,HOME & KITCHEN,179.52,4,2025-04-28,Retail Store,718.08
ORD-000644,C00261,Chloe Walker | UAE | Plus,Office Supplies,616.79,1,2025-06-19,Website,616.79
ORD-000645,C02104,Isla Taylor | United Kingdom | Premium,Home & Kitchen,53.63,5,2025-10-21,Website,268.15
ORD-000646,C00934,Liam Lee | Singapore | Plus,BOOKS,315.59,6,2025-03-01,Marketplace,1893.54
ORD-000647,C02304,James Mitchell | United States | Basic,Sport,192.41,4,2025-05-12,Mobile App,769.64
ORD-000648,C02196,Olivia Young | Singapore | Basic,Toys,648.02,6,2025-07-26,Website,3888.12
ORD-000649,C00621,Daniel Nelson | United States | Plus,Toys ,231.01,6,2025-01-31,Retail Store,1386.06
ORD-000650,C02897,Noah Wright | Singapore | Plus,Beauty,274.53,2,2026-04-09,Retail Store,549.06
ORD-000651,C00505,Leo Smith | Germany | Premium,Toys ,287.31,4,2025-03-21,Website,1149.24
ORD-000652,C00572,James Baker | Australia | Basic,Clothing & Apparel,186.04,2,2025-02-02,Mobile App,372.08
ORD-000653,C00525,Noah Martin | Canada | Basic,Beautyy,180.12,2,2026-07-12,Website,360.24
ORD-000654,C00297,Isla Nelson | Canada | Premium,Sports & Fitness,363.27,4,2026-03-08,Retail Store,1453.08
ORD-000655,C01467,Leo Moore | Australia | Plus,Electronics,402.17,4,2025-12-02,Mobile App,1608.68
ORD-000656,C02604,Chloe Nelson | France | Basic,Books,84.79,4,2025-10-28,Website,339.16
ORD-000657,C02527,Layla Baker | Germany | Plus,Beauty,47.76,3,2025-11-08,Retail Store,143.28
ORD-000658,C01477,Daniel Hassan | UAE | Basic,TOYS,565.55,2,2026-01-21,Website,1131.1
ORD-000659,C00451,Jack Anderson | United Kingdom | Basic,Toys,251.4,2,2025-03-10,Marketplace,502.8
ORD-000660,C02634,Layla Wright | Singapore | Basic,TOYS,222.64,6,2025-06-11,Mobile App,1335.84
ORD-000661,C01991,Mia Ahmed | Singapore | Basic,Office Supplies,529.14,3,2025-11-02,Website,1587.42
ORD-000662,C00108,Sophia Lee | Singapore | Plus,Sprots,215.27,5,2025-07-03,Marketplace,1076.35
ORD-000663,C01407,Olivia Nelson | Canada | Basic,Home Kitchen,541.9,2,2025-10-05,Marketplace,1083.8
ORD-000664,C02799,Sophia Wilson | Singapore | Plus,BOOKS,316.61,4,2025-07-04,Mobile App,1266.44
ORD-000665,C02346,Noah Patel | United Kingdom | Premium,Electronics,622.18,2,2025-03-09,Marketplace,1244.36
ORD-000666,C01480,Yusuf Taylor | France | Basic,Books,454.52,6,2026-01-18,Retail Store,2727.12
ORD-000667,C01198,Liam Patel | UAE | Basic,Sports,81.04,1,2026-04-14,Retail Store,81.04
ORD-000668,C02416,Lina Lewis | France | Basic,Clothing,569.59,2,2025-01-09,Marketplace,1139.18
ORD-000669,C00058,Alex Thomas | France | Basic,Clothing,325.89,4,2026-03-22,Retail Store,1303.56
ORD-000670,C00389,Ethan Khan | United States | Premium,Sports,524.32,5,2026-05-30,Website,2621.6
ORD-000671,C00245,Chloe Johnson | Germany | Plus,Home Kitchen,316.17,5,2025-09-07,Website,1580.85
ORD-000672,C01279,Sam King | Australia | Plus,Sports,66.67,3,2025-03-08,Marketplace,200.01
ORD-000673,C00938,Ella Davis | United Kingdom | Basic,Toys,117.26,4,2025-04-17,Website,469.04
ORD-000674,C01991,Mia Ahmed | Singapore | Basic,Home & Kitchen,36.63,1,2026-02-20,Marketplace,36.63
ORD-000675,C01734,Emma Garcia | United Kingdom | Premium,Books,-546.53,4,2026-02-21,Website,2186.12
ORD-000676,C00585,Omar Patel | Australia | Basic,TOYS,134.67,6,2025-03-15,Marketplace,808.02
ORD-000677,C01079,Ryan Wright | Australia | Basic,Beauty Products,15.36,2,2025-02-04,Website,30.72
ORD-000678,C00757,Ella King | Australia | Plus,Sports,284.89,5,2025-12-10,Marketplace,1424.45
ORD-000679,C02849,Jack Hassan | Germany | Premium,Electroncs,115.57,2,2025-04-08,Website,231.14
ORD-000680,C01185,Daniel Ahmed | Singapore | Premium,Beauty,316.16,4,2025-04-16,Marketplace,1264.64
ORD-000681,C00309,Chloe Johnson | United States | Plus,Books,371.41,5,2025-01-20,Website,1857.05
ORD-000682,C01646,Ryan Brown | Canada | Basic,TOYS,552.86,2,2026-06-16,Mobile App,1105.72
ORD-000683,C00528,Ella Baker | United Kingdom | Basic,BEAUTY,31.5,3,2025-11-24,Mobile App,94.5
ORD-000684,C02405,Isla Hassan | United States | Premium,Beauty,37.82,2,2026-01-22,Mobile App,75.64
ORD-000685,C02683,Liam Mitchell | United States | Basic,Electronics,482.41,6,2025-02-17,Website,2894.46
ORD-000686,C00467,Noah Wright | UAE | Basic,Sports,141.83,3,2025-04-14,Mobile App,425.49
ORD-000687,C00934,Liam Lee | Singapore | Plus,Beauty,250.9,5,2025-04-30,Mobile App,1254.5
ORD-000688,C00649,Lucas Anderson | Canada | Basic,Sports & Fitness,223.08,3,,Marketplace,669.24
ORD-000689,C01366,Lina Wilson | United States | Basic,Beauty,329.13,2,2025-11-02,Marketplace,658.26
ORD-000690,C02497,Nora Mitchell | Germany | Plus,Office Supplies,118.82,1,2026-06-09,Retail Store,118.82
ORD-000691,C01759,Amelia Baker | United States | Basic,Sports,42.52,6,2026-01-01,Mobile App,255.12
ORD-000692,C01792,James Lewis | Singapore | Premium,Office Supply,409.13,4,2025-09-06,Marketplace,1636.52
ORD-000693,C02712,Ella Moore | Canada | Premium,Clothing,541.02,4,2025-12-31,Retail Store,2164.08
ORD-000694,C00378,Leo Baker | United Kingdom | Basic,Clothes,638.33,4,2026-02-18,Marketplace,2553.32
ORD-000695,C01362,Layla Wright | Australia | Premium,Home & Kitchen,624.58,4,2026-01-14,Mobile App,2498.32
ORD-000696,C02620,Liam Nelson | France | Basic,electronic,275.09,4,2025-04-18,Marketplace,1100.36
ORD-000697,C01937,Isla Brown | Australia | Premium,Clothing,552.98,4,2026-01-15,Mobile App,2211.92
ORD-000698,C01182,Olivia Brown | United States | Premium,Office Supples,601.04,3,2026-02-08,Retail Store,1803.12
ORD-000699,C02948,Sophia Miller | France | Premium,Clothes,141.38,3,2026-02-22,Mobile App,424.14
ORD-000700,C02597,Maya Garcia | UAE | Premium,Clothing & Apparel,193.59,2,2026-02-02,Retail Store,387.18
ORD-000701,C02427,Olivia Hall | UAE | Plus,Beauty,312.57,3,2025-06-10,Retail Store,937.71
ORD-000702,C02642,Noah Adams | Australia | Plus,Toys ,409.25,6,2025-08-18,Marketplace,2455.5
ORD-000703,C01112,Sara Wilson | Singapore | Basic,Sprots,271.45,3,2025-12-03,Retail Store,814.35
ORD-000704,C01010,Amelia Taylor | Canada | Premium,Electronics,260.19,1,2026-07-06,Mobile App,260.19
ORD-000705,C01213,Leo Johnson | UAE | Plus,Office Supplies,403.22,2,2026-07-14,Website,806.44
ORD-000706,C01701,Zoe Johnson | United States | Plus,Home & Kitchen,440.42,2,2026-05-28,Website,880.84
ORD-000707,C00416,Ella Lee | United States | Plus,TOYS,428.84,5,2026-04-18,Website,2144.2
ORD-000708,C00120,Omar Taylor | Australia | Premium,Sports,312.03,2,2026-01-24,Website,624.06
ORD-000709,C01932,Ella Hassan | Australia | Basic,Beauty Products,613.37,1,2025-10-08,Retail Store,613.37
ORD-000710,C01975,Amelia Smith | Australia | Basic,electronic,255.89,2,2025-10-09,Mobile App,511.78
ORD-000711,C00483,Lucas Khan | United States | Plus,beauty ,263.36,3,2025-07-21,Marketplace,790.08
ORD-000712,C01811,Adam Khan | United States | Basic,Toys,186.1,6,2025-05-28,Mobile App,1116.6
ORD-000713,C01592,Alex Hall | Australia | Basic,Books,139.29,4,2025-07-15,Website,557.16
ORD-000714,C01885,Ryan Khan | Canada | Basic,Beauty Products,560.42,5,2025-11-04,Website,2802.1
ORD-000715,C00882,Ryan Thomas | France | Premium,TOYS,332.37,3,2025-03-23,Website,997.11
ORD-000716,C00744,Ryan Hall | UAE | Plus,Toy,469.2,4,2026-04-17,Website,1876.8
ORD-000717,C02542,Yusuf Davis | United States | Premium,Toys,23.93,6,2026-07-18,Mobile App,143.58
ORD-000718,C00895,Lucas Baker | United Kingdom | Plus,Clothing,28.61,1,2026-02-03,Website,28.61
ORD-000719,C00696,James Thomas | UAE | Basic,Clothing & Apparel,25.19,5,2026-02-15,Mobile App,125.95
ORD-000720,C02326,Lucas Miller | United States | Premium,Books & Media,496.71,1,2025-03-25,Mobile App,496.71
ORD-000721,C00928,Adam Nelson | Germany | Premium,Sports,145.92,3,2026-03-06,Retail Store,437.76
ORD-000722,C02691,Alex Hassan | United States | Plus,Sprots,350.26,3,2025-04-13,Marketplace,1050.78
ORD-000723,C00187,Sam Thomas | United States | Plus,Books,621.1,1,2026-03-21,Retail Store,621.1
ORD-000724,C02460,Olivia Miller | Canada | Basic,Sports,591.35,3,2025-04-04,Website,1774.05
ORD-000725,C01641,Layla Walker | UAE | Basic,Electronics ,427.99,5,2025-03-27,Website,2139.95
ORD-000726,C00195,Isla Green | France | Plus,Book,581.66,2,2025-02-09,Mobile App,1163.32
ORD-000727,C02170,Jack Miller | Singapore | Basic,TOYS,267.2,1,2026-07-12,Website,267.2
ORD-000728,C00297,Isla Nelson | Canada | Premium,Electronics,85.88,2,2025-07-25,Marketplace,171.76
ORD-000729,C02056,Ella Green | France | Basic,Clothing,578.14,3,2025-03-03,Mobile App,1734.42
ORD-000730,C01308,Lina Johnson | Australia | Plus,Sports,454.27,1,2025-04-09,Retail Store,454.27
ORD-000731,C02424,Isla Hassan | United States | Basic,Home & Kitchen,253.04,5,2025-03-23,Marketplace,1265.2
ORD-000732,C01969,Layla Moore | Germany | Basic,Home & Ktchen,515.53,1,2025-04-29,Mobile App,515.53
ORD-000733,C00554,Layla Walker | France | Premium,Home & Kitchen,602.6,3,2025-01-17,Mobile App,1807.8
ORD-000734,C01243,Liam Smith | United Kingdom | Premium,Office Supply,111.31,1,2026-06-18,Website,111.31
ORD-000735,C01186,Liam Ahmed | Australia | Basic,Home & Kitchen,302.65,5,2025-11-03,Marketplace,1513.25
ORD-000736,C00560,Sophia Smith | United States | Basic,Office  Supplies,503.9,1,2025-08-07,Retail Store,503.9
ORD-000737,C01952,Sara Hassan | Canada | Premium,Clothing,560.17,3,2025-07-12,Website,1680.51
ORD-000738,C00979,Sophia Anderson | Singapore | Basic,Home & Kitchen,328.31,6,2025-04-24,Retail Store,1969.86
ORD-000739,C00501,Ella Ahmed | Germany | Basic,Books,105.0,6,2025-12-23,Marketplace,630.0
ORD-000740,C00197,Layla Patel | Canada | Basic,Home Kitchen,598.65,1,2025-08-12,Marketplace,598.65
ORD-000741,C00211,Nora Johnson | United States | Premium,Toys,628.03,4,2025-07-09,Retail Store,2512.12
ORD-000742,C00273,Daniel Anderson | Canada | Basic,Toys,224.11,3,2025-11-27,Mobile App,672.33
ORD-000743,C02687,Ethan Taylor | United Kingdom | Basic,Office Supples,8.8,1,2026-01-08,Marketplace,8.8
ORD-000744,C01993,Mia Hassan | UAE | Premium,HOME & KITCHEN,382.56,4,2025-10-10,Marketplace,1530.24
ORD-000745,C01745,Jack Taylor | UAE | Premium,Toy,373.86,5,2025-08-15,Website,1869.3
ORD-000746,C00126,Olivia Baker | Germany | Basic,Clothing,457.74,6,2025-12-15,Retail Store,2746.44
ORD-000747,C01850,Daniel Hall | Germany | Basic,Clothng,141.27,4,2026-01-08,Marketplace,565.08
ORD-000748,C00597,Nora Davis | Australia | Basic,Beauty,63.03,6,2025-06-09,Retail Store,378.18
ORD-000749,C01656,Nora Davis | United States | Basic,Beauty Products,267.77,3,2025-01-27,Marketplace,803.31
ORD-000750,C01568,Sophia Brown | United Kingdom | Basic,Electronics,35.02,6,2025-10-29,Marketplace,210.12
ORD-000751,C00456,James Miller | France | Basic,Sports,334.69,4,2026-03-08,Mobile App,1338.76
ORD-000752,C01068,Isla Thomas | France | Plus,Electronic Goods,293.46,5,2025-04-16,Website,1467.3
ORD-000753,C00015,Mia Lewis | UAE | Plus,Toys,45.4,5,2025-10-06,Website,227.0
ORD-000754,C01991,Mia Ahmed | Singapore | Basic,Beauty,310.58,1,2025-06-22,Mobile App,310.58
ORD-000755,C02055,Mia Smith | Canada | Premium,Home & Kitchen,111.16,6,2025-08-23,Mobile App,666.96
ORD-000756,C02262,Emma Garcia | UAE | Basic,Beauty,107.1,5,2025-01-14,Marketplace,535.5
ORD-000757,C01930,Ava Clark | Canada | Basic,CLOTHING,131.25,5,2025-11-01,Website,656.25
ORD-000758,C00006,Emma Taylor | Germany | Plus,Books,490.22,6,2025-10-02,Retail Store,2941.32
ORD-000759,C02480,James Brown | Canada | Basic,Home & Kitchen,460.16,1,2025-09-10,Marketplace,460.16
ORD-000760,C02733,Maya Miller | Canada | Premium,ELECTRONICS,132.3,3,2026-03-30,Mobile App,396.9
ORD-000761,C00675,Omar Young | United Kingdom | Basic,beauty ,516.07,1,2026-03-24,Marketplace,516.07
ORD-000762,C00482,Isla King | UAE | Basic,Clothng,637.5,5,2026-04-21,Mobile App,3187.5
ORD-000763,C00120,Omar Taylor | Australia | Premium,beauty ,554.58,1,2025-01-25,Marketplace,554.58
ORD-000764,C00420,Ella Clark | France | Basic,Boks,613.52,6,2025-09-06,Marketplace,3681.12
ORD-000765,C00317,Ethan King | Canada | Plus,CLOTHING,512.92,2,2026-06-07,Website,1025.84
ORD-000766,C02687,Ethan Taylor | United Kingdom | Basic,Books,270.92,5,2026-04-11,Marketplace,1354.6
ORD-000767,C02576,Ryan Hall | Germany | Basic,Beauty,62.11,2,2026-06-07,Mobile App,124.22
ORD-000768,C00093,Sara Davis | UAE | Basic,Toys,327.29,3,2025-01-26,Mobile App,981.87
ORD-000769,C01904,Ryan Moore | UAE | Basic,Home and Kitchen,150.08,1,2026-04-01,Marketplace,150.08
ORD-000770,C00982,Daniel Young | France | Plus,Toys,212.42,1,2025-12-06,Marketplace,212.42
ORD-000771,C01411,Amelia Mitchell | Australia | Basic,Office Supples,375.12,5,2025-01-22,Marketplace,1875.6
ORD-000772,C00765,Liam Taylor | Australia | Basic,ELECTRONICS,627.35,5,2025-02-20,Marketplace,3136.75
ORD-000773,C01472,Noah Khan | United States | Basic,Beauty,283.23,5,2026-01-22,Website,1416.15
ORD-000774,C02982,Liam Wright | United States | Basic,Electronics,302.86,4,2025-08-28,Retail Store,1211.44
ORD-000775,C01120,Nora Khan | Canada | Basic,Clothing,60.82,1,2025-11-22,Mobile App,60.82
ORD-000776,C01820,Chloe Mitchell | Australia | Premium,Toys,276.23,2,2025-03-12,Marketplace,552.46
ORD-000777,C02408,Sophia Martin | Australia | Plus,Electronics,415.5,2,2026-06-09,Marketplace,831.0
ORD-000778,C00797,Noah Green | United States | Basic,Office Supples,401.85,5,2026-02-12,Marketplace,2009.25
ORD-000779,C01104,Henry Lee | France | Plus,Books,559.85,4,2025-07-04,Marketplace,2239.4
ORD-000780,C00038,Emma Smith | France | Premium,Book,485.49,2,2025-09-14,Mobile App,970.98
ORD-000781,C00871,Adam Baker | Singapore | Basic,Books,183.49,1,2026-04-11,Mobile App,183.49
ORD-000782,C01261,Chloe Ahmed | United Kingdom | Basic,Home Kitchen,165.94,3,2026-02-12,Website,497.82
ORD-000783,C01342,Lina Johnson | France | Plus,Clothing,550.96,3,2025-01-30,Retail Store,1652.88
ORD-000784,C00714,James Nelson | Canada | Basic,Office Supplies,17.1,4,2025-10-12,Mobile App,68.4
ORD-000785,C01512,Ella Ahmed | Singapore | Basic,Office Supplies,149.89,2,2025-05-28,Marketplace,299.78
ORD-000786,C02768,Ryan Adams | France | Plus,Books,552.55,2,2025-11-26,Mobile App,1105.1
ORD-000787,C02152,Sophia Baker | Canada | Basic,Toys,20.51,3,2025-05-24,Retail Store,61.53
ORD-000788,C01607,Sam Wilson | France | Plus,beauty ,404.07,6,2025-04-03,Retail Store,2424.42
ORD-000789,C00647,Jack Brown | United States | Plus,Home & Kitchen,393.15,2,2025-05-15,Website,786.3
ORD-000790,C01238,Alex Wilson | United States | Basic,Home & Kitchen,603.49,5,2025-07-01,Website,3017.45
ORD-000791,C01472,Noah Khan | United States | Basic,Sports,253.22,4,2025-08-03,Retail Store,1012.88
ORD-000792,C00021,Jack Anderson | Canada | Plus,Toys,533.97,2,2025-02-03,Mobile App,1067.94
ORD-000793,C00497,Lucas Patel | UAE | Basic,Sports,36.51,5,2026-06-29,Marketplace,182.55
ORD-000794,C00032,Liam Taylor | France | Basic,Beauty,68.68,4,2025-02-19,Website,274.72
ORD-000795,C02362,Adam Taylor | Canada | Basic,Sport,247.58,2,2025-08-20,Retail Store,495.16
ORD-000796,C02475,Sophia King | Canada | Plus,Office Supplies,8.82,1,2025-01-23,Mobile App,8.82
ORD-000797,C02903,Ella Smith | United Kingdom | Basic,Clothing,101.45,4,2025-12-15,Retail Store,405.8
ORD-000798,C02931,Lucas Moore | UAE | Plus,Book,337.82,1,2026-01-13,Marketplace,337.82
ORD-000799,C02457,Liam Patel | Singapore | Basic,Books,379.74,4,2025-05-27,Mobile App,1518.96
ORD-000800,C00002,Henry Hassan | United Kingdom | Basic,Books & Media,474.57,3,2025-08-11,Mobile App,1423.71
ORD-000801,C00960,Chloe Walker | UAE | Premium,HOME & KITCHEN,410.68,6,2026-04-22,Website,2464.08
ORD-000802,C01167,Chloe Green | Germany | Basic,Clothing,479.04,4,2025-09-08,Retail Store,1916.16
ORD-000803,C00053,Amelia Taylor | United Kingdom | Plus,Home and Kitchen,133.31,3,2025-04-17,Website,399.93
ORD-000804,C02745,Isla Anderson | United Kingdom | Basic,Office  Supplies,630.21,4,2026-03-15,Marketplace,2520.84
ORD-000805,C00240,Olivia Adams | United States | Premium,Clothing,423.91,4,2026-03-05,Website,1695.64
ORD-000806,C00513,Olivia Khan | France | Basic,Electronic Goods,363.3,2,2025-11-25,Retail Store,726.6
ORD-000807,C02243,Jack Clark | Germany | Basic,Electronics,519.67,1,2025-03-03,Mobile App,519.67
ORD-000808,C00541,Nora Lewis | Australia | Basic,Sports,258.58,1,2026-07-15,Retail Store,258.58
ORD-000809,C00099,Yusuf Miller | Singapore | Basic,Toy,413.95,4,2025-07-29,Marketplace,1655.8
ORD-000810,C01008,Amelia Miller | United States | Basic,Beauty,319.94,6,2026-07-07,Marketplace,1919.64
ORD-000811,C02400,Adam Taylor | Canada | Premium,Beauty,250.72,2,2026-06-14,Marketplace,501.44
ORD-000812,C02651,Nora Young | United States | Plus,Clothing,61.33,4,2025-10-20,Mobile App,245.32
ORD-000813,C02484,Amelia Johnson | United States | Plus,Books,26.08,1,2025-09-08,Retail Store,26.08
ORD-000814,C01379,Daniel Patel | Singapore | Plus,Sports,370.26,5,2025-06-02,Mobile App,1851.3
ORD-000815,C02880,Nora Garcia | France | Plus,Home & Kitchen,288.5,3,2026-05-30,Retail Store,865.5
ORD-000816,C01557,Yusuf Thomas | France | Basic,Sports,492.57,4,2026-07-03,Marketplace,1970.28
ORD-000817,C00424,Ella Lee | Singapore | Basic,Office Supply,522.43,2,2026-05-24,Retail Store,1044.86
ORD-000818,C01403,Lucas Walker | United States | Plus,Home & Ktchen,582.87,3,2026-06-21,Mobile App,1748.61
ORD-000819,C00169,Liam Patel | Germany | Basic,Home & Kitchen,436.24,3,2025-02-01,Retail Store,1308.72
ORD-000820,C01447,Lina Miller | United Kingdom | Basic,Beautyy,195.65,4,2026-03-18,Retail Store,782.6
ORD-000821,C00903,Alex Adams | United States | Premium,Clothing,320.94,2,2025-10-14,Marketplace,641.88
ORD-000822,C01415,Liam Adams | Germany | Plus,Sprots,321.69,2,2026-01-10,Retail Store,643.38
ORD-000823,C01287,Olivia Martin | United Kingdom | Basic,Toy,174.66,4,2026-03-28,Marketplace,698.64
ORD-000824,C02412,Sam Green | United Kingdom | Premium,Toys,530.59,3,2025-10-22,Marketplace,1591.77
ORD-000825,C00493,Noah Smith | UAE | Plus,Electronics,96.22,6,2025-01-06,Retail Store,577.32
ORD-000826,C02370,Liam Lewis | Canada | Premium,beauty ,217.59,4,2026-07-01,Marketplace,870.36
ORD-000827,C00450,Layla Adams | Canada | Basic,BEAUTY,564.14,1,,Retail Store,564.14
ORD-000828,C01712,Sam King | France | Basic,Office Supplies,482.75,2,2025-01-23,Retail Store,965.5
ORD-000829,C02394,Alex Miller | Canada | Basic,Sports,564.21,3,2025-03-16,Mobile App,1692.63
ORD-000830,C02358,Chloe Clark | Singapore | Premium,Home & Kitchen,246.03,6,2025-01-05,Mobile App,1476.18
ORD-000831,C00604,Sophia Lee | Canada | Premium,Sports,303.99,4,2025-01-07,Marketplace,1215.96
ORD-000832,C01413,Mia Moore | Australia | Basic,Office Supples,558.75,4,2025-05-21,Marketplace,2235.0
ORD-000833,C00477,Sophia Anderson | Singapore | Basic,Book,302.38,1,2025-07-28,Mobile App,302.38
ORD-000834,C02662,Sophia Hall | Canada | Basic,Beauty,364.41,4,2025-05-28,Mobile App,1457.64
ORD-000835,C00791,Sophia Patel | Germany | Plus,Office Supply,453.02,2,2025-10-04,Marketplace,906.04
ORD-000836,C00263,Alex Baker | United States | Plus,Toys,293.58,6,2026-02-09,Mobile App,1761.48
ORD-000837,C01668,Emma Smith | Canada | Plus,Sport,281.42,5,2025-01-05,Website,1407.1
ORD-000838,C00276,Emma Wilson | Germany | Basic,BEAUTY,24.89,2,2025-02-20,Marketplace,49.78
ORD-000839,C02062,Yusuf Green | Singapore | Basic,Books,504.3,3,2026-07-11,Mobile App,1512.9
ORD-000840,C00839,Omar Mitchell | Germany | Plus,Sports,441.63,4,2026-01-26,Website,1766.52
ORD-000841,C02087,Leo Khan | France | Basic,beauty ,354.62,6,2026-02-20,Retail Store,2127.72
ORD-000842,C02965,Lucas Young | United Kingdom | Basic,Home and Kitchen,13.11,4,2025-12-10,Marketplace,52.44
ORD-000843,C02485,Olivia Hall | UAE | Plus,BOOKS,93.0,5,2026-01-15,Retail Store,465.0
ORD-000844,C01147,Zoe Hassan | Singapore | Plus,Electronics,101.03,2,2026-01-14,Website,202.06
ORD-000845,C02310,Chloe Patel | Singapore | Plus,Sports,630.16,6,2025-01-01,Website,3780.96
ORD-000846,C00444,Layla Walker | France | Plus,Clothing,312.81,1,2026-06-28,Website,312.81
ORD-000847,C02216,Jack Thomas | Australia | Plus,Electronics,478.93,5,2025-02-06,Marketplace,2394.65
ORD-000848,C01046,Leo Mitchell | United Kingdom | Plus,Home & Kitchen,182.22,1,2025-03-07,Marketplace,182.22
ORD-000849,C01662,Nora King | United States | Basic,TOYS,56.23,3,2025-08-07,Marketplace,168.69
ORD-000850,C00783,Nora Garcia | United Kingdom | Basic,Home & Kitchen,147.08,6,2025-11-14,Retail Store,882.48
ORD-000851,C01310,Noah Garcia | France | Premium,Clothing,34.53,2,2025-01-13,Website,69.06
ORD-000852,C01652,Layla Thomas | Germany | Basic,Clothing,78.17,4,2026-04-07,Marketplace,312.68
ORD-000853,C00148,Adam Young | France | Basic,HOME & KITCHEN,31.4,5,2026-04-19,Website,157.0
ORD-000854,C01659,Mia Clark | UAE | Plus,Sports,287.59,1,2025-04-20,Marketplace,287.59
ORD-000855,C02114,Omar Adams | United States | Plus,Toys,635.71,5,2025-04-26,Website,3178.55
ORD-000856,C02330,Olivia King | UAE | Basic,OFFICE SUPPLIES,289.26,4,2026-06-18,Mobile App,1157.04
ORD-000857,C02720,Maya Carter | United States | Plus,Sports,313.65,1,2025-02-12,Marketplace,313.65
ORD-000858,C00116,Leo Carter | United States | Premium,Clothng,-140.74,5,2025-07-14,Marketplace,703.7
ORD-000859,C01461,Ryan Wright | United Kingdom | Basic,Home & Kitchen,217.69,4,2025-06-03,Marketplace,870.76
ORD-000860,C01012,Adam Adams | United States | Basic,Clothng,379.19,2,2026-06-06,Mobile App,758.38
ORD-000861,C01157,James Clark | Singapore | Premium,Beauty,98.75,6,2026-04-25,Retail Store,592.5
ORD-000862,C01373,Maya Khan | France | Basic,Electronics,354.08,3,2025-10-02,Retail Store,1062.24
ORD-000863,C01753,Chloe Adams | France | Basic,Office Supply,10.26,2,2025-07-27,Website,20.52
ORD-000864,C00622,Noah Patel | Germany | Premium,Clothing,122.36,4,2026-01-29,Retail Store,489.44
ORD-000865,C02427,Olivia Hall | UAE | Plus,Sports,417.4,1,2025-03-04,Mobile App,417.4
ORD-000866,C01311,Sophia Brown | United States | Basic,BEAUTY,613.63,3,2026-03-13,Website,1840.89
ORD-000867,C00978,Chloe Walker | Singapore | Plus,Electronic Goods,533.18,4,2025-01-08,Retail Store,2132.72
ORD-000868,C00513,Olivia Khan | France | Basic,electronic,364.45,2,2025-06-20,Retail Store,728.9
ORD-000869,C01947,Henry Walker | United Kingdom | Basic,Office Supplies,617.96,6,2025-04-29,Website,3707.76
ORD-000870,C02054,Ella Ahmed | Australia | Premium,Books,452.94,2,2026-05-08,Retail Store,905.88
ORD-000871,C00813,Ethan Moore | France | Basic,Electronic Goods,13.04,1,2025-03-26,Mobile App,13.04
ORD-000872,C00300,Leo Johnson | Canada | Basic,ELECTRONICS,558.48,6,2025-05-25,Mobile App,3350.88
ORD-000873,C01210,James Wright | Singapore | Basic,Books,627.07,6,2025-12-24,Retail Store,3762.42
ORD-000874,C02834,Sara Mitchell | Singapore | Plus,Office  Supplies,494.12,1,2026-03-14,Website,494.12
ORD-000875,C02777,Alex Anderson | France | Basic,Office Supplies,463.53,3,2026-03-21,Marketplace,1390.59
ORD-000876,C01634,Liam Lewis | United States | Premium,Toys & Games,197.68,4,2026-01-22,Mobile App,790.72
ORD-000877,C00798,Sam Taylor | United States | Premium,Books & Media,18.72,1,2026-01-11,Mobile App,18.72
ORD-000878,C00662,Mia Carter | UAE | Plus,Boks,251.56,6,2026-01-09,Mobile App,1509.36
ORD-000879,C01880,Leo Khan | United States | Basic,Sprots,89.22,2,2025-04-01,Website,178.44
ORD-000880,C01059,Ava King | France | Plus,Sprots,16.04,6,2025-01-22,Marketplace,96.24
ORD-000881,C02840,Lina Mitchell | Australia | Basic,Books,278.21,2,2025-04-27,Marketplace,556.42
ORD-000882,C02019,Sam Lee | Canada | Premium,Home & Kitchen,31.36,3,2025-04-09,Website,94.08
ORD-000883,C00284,Nora Garcia | Canada | Basic,Toys & Games,276.75,2,2025-02-01,Website,553.5
ORD-000884,C00552,Zoe Walker | Singapore | Basic,Toys,468.67,5,2025-09-25,Retail Store,2343.35
ORD-000885,C01378,Emma Smith | Singapore | Basic,OFFICE SUPPLIES,149.27,2,2025-10-23,Mobile App,298.54
ORD-000886,C01468,Lucas Johnson | Australia | Basic,OFFICE SUPPLIES,127.58,5,2025-10-18,Retail Store,637.9
ORD-000887,C01934,Sam Brown | United States | Plus,Home & Ktchen,163.28,4,2026-06-02,Retail Store,653.12
ORD-000888,C02596,Ryan Taylor | Canada | Plus,TOYS,541.9,6,2025-06-09,Website,3251.4
ORD-000889,C00851,Ella Martin | France | Plus,HOME & KITCHEN,452.54,4,2026-02-22,Retail Store,1810.16
ORD-000890,C01495,Ava Wilson | UAE | Basic,Beauty Products,206.92,2,2026-07-06,Marketplace,413.84
ORD-000891,C01081,Ava Nelson | France | Plus,beauty ,437.85,4,2025-10-25,Website,1751.4
ORD-000892,C00162,James Taylor | Singapore | Plus,Electroncs,441.38,6,2025-05-25,Website,2648.28
ORD-000893,C02237,Henry Nelson | France | Premium,Toy,202.94,1,2026-01-22,Website,202.94
ORD-000894,C01310,Noah Garcia | France | Premium,Home & Kitchen,499.46,5,2025-10-14,Mobile App,2497.3
ORD-000895,C00587,Sam Baker | UAE | Plus,OFFICE SUPPLIES,620.68,4,2025-07-27,Website,2482.72
ORD-000896,C02642,Noah Adams | Australia | Plus,Sprots,584.85,3,2025-08-11,Retail Store,1754.55
ORD-000897,C02451,Amelia Hall | France | Basic,SPORTS,590.3,1,2025-02-28,Website,590.3
ORD-000898,C02414,Liam Mitchell | United States | Basic,Electronics,385.7,5,2025-03-09,Retail Store,1928.5
ORD-000899,C02135,Sophia Hassan | UAE | Basic,Home Kitchen,555.94,3,2026-06-29,Website,1667.82
ORD-000900,C00711,Mia Anderson | Germany | Basic,Sports,48.92,3,2026-07-11,Mobile App,146.76
ORD-000901,C02560,Sara Lee | Germany | Premium,electronic,39.22,2,2025-09-26,Mobile App,78.44
ORD-000902,C02595,Olivia King | Germany | Plus,Office Supplies,163.27,1,2026-03-04,Retail Store,163.27
ORD-000903,C00698,Sam Lewis | Australia | Basic,Electronics,97.66,1,2025-05-21,Retail Store,97.66
ORD-000904,C02130,Emma Carter | UAE | Premium,Home & Kitchen,202.24,5,2026-04-15,Marketplace,1011.2
ORD-000905,C01876,Ava Thomas | Canada | Plus,ELECTRONICS,149.04,6,2025-04-01,Website,894.24
ORD-000906,C01429,Noah Wright | Singapore | Basic,Sport,164.6,6,2026-03-20,Retail Store,987.6
ORD-000907,C00831,Ella Davis | Australia | Basic,Office Supply,636.34,3,2025-04-07,Website,1909.02
ORD-000908,C01264,Maya Miller | Canada | Premium,Beautyy,157.06,5,2026-02-22,Marketplace,785.3
ORD-000909,C02653,Isla Hassan | Germany | Basic,Electronic Goods,268.06,1,2026-05-13,Retail Store,268.06
ORD-000910,C01962,Ava Garcia | France | Premium,Home & Kitchen,263.3,4,2025-05-09,Mobile App,1053.2
ORD-000911,C01676,Lucas Taylor | United Kingdom | Premium,Sports,589.64,5,2026-01-02,Website,2948.2
ORD-000912,C00360,Emma Green | Australia | Basic,TOYS,111.24,6,2026-02-16,Mobile App,667.44
ORD-000913,C02426,Liam Lewis | UAE | Premium,Beauty,286.98,4,2026-06-12,Website,1147.92
ORD-000914,C02335,Ava Baker | Australia | Basic,Sports,62.51,4,2026-02-09,Marketplace,250.04
ORD-000915,C00693,Liam Lewis | United Kingdom | Plus,Beauty,394.43,6,2026-07-05,Website,2366.58
ORD-000916,C01900,Zoe Walker | UAE | Plus,Books,526.91,2,2026-07-03,Website,1053.82
ORD-000917,C00556,Daniel Hall | UAE | Plus,Clothing,316.07,4,2025-06-05,Retail Store,1264.28
ORD-000918,C01322,Leo Clark | France | Plus,Office Supplies,360.26,1,2025-07-12,Marketplace,360.26
ORD-000919,C02180,Lina Baker | Canada | Basic,Electronics,597.61,1,2025-10-25,Website,597.61
ORD-000920,C01806,Mia Walker | Australia | Plus,Home & Ktchen,219.31,4,2026-07-19,Mobile App,877.24
ORD-000921,C02342,Ryan Adams | UAE | Premium,HOME & KITCHEN,386.72,2,2025-12-27,Retail Store,773.44
ORD-000922,C01438,Henry Davis | Singapore | Basic,Home & Kitchen,59.08,4,2025-04-27,Marketplace,236.32
ORD-000923,C02153,Alex Patel | Germany | Basic,Toys,239.48,6,2025-02-14,Website,1436.88
ORD-000924,C02943,Olivia Carter | France | Basic,Beauty,459.82,5,2025-07-05,Retail Store,2299.1
ORD-000925,C02299,Sam Brown | Canada | Plus,Office Supplies,645.13,4,2025-08-27,Website,2580.52
ORD-000926,C00579,Emma Green | Canada | Plus,Sports,477.22,1,2025-06-03,Marketplace,477.22
ORD-000927,C02596,Ryan Taylor | Canada | Plus,Electronics,258.99,5,2025-02-06,Retail Store,1294.95
ORD-000928,C01128,Omar Khan | France | Basic,Beauty,265.46,1,2025-12-19,Mobile App,265.46
ORD-000929,C00743,Sophia Green | United Kingdom | Basic,Beauty,269.69,2,2025-08-04,Website,539.38
ORD-000930,C02597,Maya Garcia | UAE | Premium,Electronics,16.26,1,2026-05-26,Mobile App,16.26
ORD-000931,C00082,Omar Wright | Germany | Basic,BEAUTY,588.77,2,2026-03-10,Mobile App,1177.54
ORD-000932,C01064,Isla Brown | Singapore | Basic,Office Supplies,614.79,4,2025-10-23,Website,2459.16
ORD-000933,C02857,Olivia Wilson | France | Basic,Clothing,66.62,6,2025-10-11,Marketplace,399.72
ORD-000934,C01602,Noah Davis | United States | Basic,Clothng,506.71,6,2026-05-23,Marketplace,3040.26
ORD-000935,C00204,Omar Carter | France | Basic,Toys,514.42,4,2026-01-06,Marketplace,2057.68
ORD-000936,C01037,Chloe Davis | Singapore | Basic,Clothing,473.03,3,2025-10-15,Retail Store,1419.09
ORD-000937,C02685,Noah Walker | Australia | Basic,TOYS,433.26,5,2026-03-05,Marketplace,2166.3
ORD-000938,C02106,Daniel Taylor | United Kingdom | Basic,Sport,333.04,3,2025-10-31,Mobile App,999.12
ORD-000939,C02709,Nora Taylor | UAE | Basic,Clothes,412.26,4,2026-03-03,Retail Store,1649.04
ORD-000940,C00885,Omar Ahmed | France | Plus,Toys ,340.05,3,2025-09-04,Mobile App,1020.15
ORD-000941,C00121,Noah Martin | Canada | Basic,Office Supplies,310.12,5,2026-06-05,Marketplace,1550.6
ORD-000942,C00999,Noah Thomas | Germany | Basic,Beauty Products,269.97,6,2025-08-12,Marketplace,1619.82
ORD-000943,C01232,Alex Smith | Australia | Premium,SPORTS,284.18,6,2025-12-12,Website,1705.08
ORD-000944,C01459,Leo Hassan | Singapore | Plus,Electronic Goods,212.54,3,2025-03-03,Marketplace,637.62
ORD-000945,C02953,Chloe Wilson | Canada | Premium,electronic,180.42,5,2026-04-20,Mobile App,902.1
ORD-000946,C00034,Lucas Lee | Australia | Basic,Electronics,118.15,3,2025-07-20,Website,354.45
ORD-000947,C02855,Layla Martin | Germany | Basic,Office Supplies,322.34,6,2025-05-26,Marketplace,1934.04
ORD-000948,C01105,James Johnson | United States | Premium,Clothes,10.58,6,2025-01-30,Website,63.48
ORD-000949,C01728,Layla Green | United Kingdom | Basic,Beauty,78.14,3,2025-02-09,Mobile App,234.42
ORD-000950,C02823,Ella Khan | Singapore | Basic,Electronics,22.38,3,2025-07-09,Website,67.14
ORD-000951,C01277,Ryan Lewis | United States | Basic,Sports,96.98,1,2026-04-21,Marketplace,96.98
ORD-000952,C02801,Lucas Patel | Canada | Basic,SPORTS,406.13,4,2025-12-05,Mobile App,1624.52
ORD-000953,C00323,Nora Wilson | France | Plus,Home & Kitchen,429.51,2,2025-01-30,Marketplace,859.02
ORD-000954,C00684,Sam Patel | Canada | Basic,Toys,532.5,4,2025-06-02,Retail Store,2130.0
ORD-000955,C02768,Ryan Adams | France | Plus,Toys ,228.49,6,2025-02-22,Marketplace,1370.94
ORD-000956,C02032,Ella Hassan | Canada | Plus,Sports,466.83,5,2025-12-25,Marketplace,2334.15
ORD-000957,C01199,Nora Brown | Germany | Plus,Clothng,413.51,3,2026-03-18,Website,1240.53
ORD-000958,C02473,Henry Carter | Australia | Basic,Home & Kitchen,67.75,3,2026-05-04,Marketplace,203.25
ORD-000959,C01410,Yusuf Martin | France | Basic,Clothing,148.8,6,2026-04-10,Website,892.8
ORD-000960,C01712,Sam King | France | Basic,Beauty,550.54,5,2026-03-02,Retail Store,2752.7
ORD-000961,C00819,Sophia Walker | Singapore | Premium,Sports,68.84,4,2025-05-24,Website,275.36
ORD-000962,C02736,Amelia Hassan | Canada | Plus,CLOTHING,626.43,3,2025-06-20,Retail Store,1879.29
ORD-000963,C01055,Emma Taylor | France | Premium,Home & Kitchen,25.97,4,2025-09-21,Website,103.88
ORD-000964,C02094,Daniel Lee | United States | Premium,Office Supplies,386.03,1,2025-03-02,Retail Store,386.03
ORD-000965,C02339,Mia Anderson | United Kingdom | Basic,Sports,162.02,4,2025-08-29,Marketplace,648.08
ORD-000966,C00303,Noah Patel | Australia | Basic,Toys & Games,207.17,1,2025-02-03,Marketplace,207.17
ORD-000967,C02954,Henry Johnson | Germany | Basic,beauty ,594.99,2,2026-03-05,Retail Store,1189.98
ORD-000968,C00933,Amelia Johnson | Germany | Basic,HOME & KITCHEN,187.66,2,2025-08-23,Website,375.32
ORD-000969,C01264,Maya Miller | Canada | Premium,CLOTHING,429.99,1,2025-06-05,Website,429.99
ORD-000970,C00595,Noah Anderson | UAE | Basic,Clothes,264.97,2,2026-01-11,Website,529.94
ORD-000971,C02784,Ethan Moore | UAE | Basic,Beauty,160.12,6,2025-09-10,Marketplace,960.72
ORD-000972,C00543,Leo Patel | United Kingdom | Basic,Office Supplies,291.2,3,2026-04-23,Mobile App,873.6
ORD-000973,C02484,Amelia Johnson | United States | Plus,Home & Kitchen,195.63,3,2025-01-25,Marketplace,586.89
ORD-000974,C02576,Ryan Hall | Germany | Basic,Books,342.46,1,2025-07-27,Marketplace,342.46
ORD-000975,C01019,Mia Adams | Australia | Plus,TOYS,152.08,3,2025-03-28,Website,456.24
ORD-000976,C02809,Isla Thomas | Germany | Basic,Beautyy,318.35,5,2025-05-02,Website,1591.75
ORD-000977,C01314,James Khan | Australia | Premium,Electronics,383.07,6,2026-04-24,Mobile App,2298.42
ORD-000978,C01597,Amelia Thomas | Singapore | Basic,CLOTHING,144.76,4,2025-06-15,Website,579.04
ORD-000979,C01751,Henry Khan | Singapore | Basic,Beautyy,485.29,1,2026-05-31,Retail Store,485.29
ORD-000980,C00937,Ella Miller | United Kingdom | Plus,Beauty,360.84,5,2026-02-11,Website,1804.2
ORD-000981,C01320,Ava Martin | Germany | Basic,Office Supplies,287.08,4,2026-05-11,Website,1148.32
ORD-000982,C00111,Lina Wilson | Singapore | Premium,Clothing,445.97,5,2026-05-15,Website,2229.85
ORD-000983,C01811,Adam Khan | United States | Basic,Books,483.26,5,2025-03-24,Marketplace,2416.3
ORD-000984,C00805,Omar Clark | UAE | Premium,Electronics,40.34,3,2025-07-01,Website,121.02
ORD-000985,C00537,Amelia King | United States | Premium,Toys & Games,164.29,5,2026-05-22,Website,821.45
ORD-000986,C00873,James Khan | United Kingdom | Plus,Book,116.79,1,2025-11-20,Retail Store,116.79
ORD-000987,C01854,Sara Thomas | United Kingdom | Basic,Toys,508.08,6,2025-10-06,Website,3048.48
ORD-000988,C02477,Sam Taylor | Singapore | Premium,Sports,450.68,6,2025-12-23,Marketplace,2704.08
ORD-000989,C02562,Sam Adams | Canada | Premium,Home & Kitchen,101.43,6,2026-03-11,Website,608.58
ORD-000990,C00183,Ella Green | France | Plus,Home & Ktchen,434.78,5,2026-04-03,Mobile App,2173.9
ORD-000991,C00294,Layla Garcia | Singapore | Plus,ELECTRONICS,71.83,3,2025-09-08,Marketplace,215.49
ORD-000992,C01538,Sophia Ahmed | Singapore | Basic,Electronics,110.1,3,2025-01-03,Website,330.3
ORD-000993,C00963,Lucas Hall | France | Premium,Beauty,119.17,2,2026-07-18,Mobile App,238.34
ORD-000994,C02807,Noah Moore | United Kingdom | Plus,Home & Ktchen,255.98,6,2025-05-05,Retail Store,1535.88
ORD-000995,C00911,Sara Patel | Australia | Plus,TOYS,352.83,2,2025-03-30,Retail Store,705.66
ORD-000996,C01006,Sara Thomas | UAE | Basic,Toys,488.79,4,2025-11-10,Retail Store,1955.16
ORD-000997,C01755,Liam Young | Canada | Basic,Office Supplies,22.36,1,2025-05-13,Website,22.36
ORD-000998,C01053,Yusuf Patel | Germany | Basic,Home Kitchen,594.31,4,2026-04-13,Website,2377.24
ORD-000999,C01777,Henry Hall | France | Plus,Sports,567.35,3,2025-01-29,Marketplace,1702.05
ORD-001000,C00427,Nora Smith | France | Premium,Beauty,347.44,1,2025-03-24,Website,347.44
ORD-001001,C02393,Lucas Davis | Singapore | Basic,Home and Kitchen,202.78,6,2025-09-23,Marketplace,1216.68
ORD-001002,C01722,Noah Young | Singapore | Basic,Office Supplies,-228.6,4,2026-02-03,Website,914.4
ORD-001003,C02458,Liam Johnson | Canada | Premium,Beauty,57.77,4,2026-03-26,Retail Store,231.08
ORD-001004,C02804,Ella Johnson | Canada | Plus,Home and Kitchen,329.41,6,2026-03-02,Mobile App,1976.46
ORD-001005,C01744,Ethan Taylor | France | Plus,Sports,75.96,4,2026-02-16,Retail Store,303.84
ORD-001006,C01805,Jack Thomas | Canada | Plus,Sprots,241.02,3,2025-08-01,Retail Store,723.06
ORD-001007,C00404,Leo Taylor | UAE | Plus,Sports,314.5,5,2025-10-21,Website,1572.5
ORD-001008,C00680,Alex Nelson | United States | Basic,Beauty,603.5,6,2025-10-23,Retail Store,3621.0
ORD-001009,C00282,Mia Anderson | Canada | Plus,Books,576.59,4,2025-06-30,Retail Store,2306.36
ORD-001010,C01738,Nora Hall | United Kingdom | Basic,Sports & Fitness,198.23,1,2025-04-24,Website,198.23
ORD-001011,C01873,Sara Johnson | Canada | Basic,Toys & Games,199.09,6,2025-04-15,Marketplace,1194.54
ORD-001012,C00761,Noah Young | Australia | Basic,Books,393.62,1,2026-06-29,Retail Store,393.62
ORD-001013,C00849,Leo Carter | Germany | Basic,Toys,548.3,1,2026-02-02,Marketplace,548.3
ORD-001014,C01545,Daniel Nelson | UAE | Basic,Toys,603.08,4,2025-08-10,Retail Store,2412.32
ORD-001015,C02258,Zoe Moore | United States | Basic,Sports,355.27,3,2026-05-14,Mobile App,1065.81
ORD-001016,C01645,Mia Brown | Canada | Premium,Sport,499.34,1,2025-07-05,Mobile App,499.34
ORD-001017,C02896,Ryan Young | Germany | Basic,Home and Kitchen,317.54,2,2025-03-01,Retail Store,635.08
ORD-001018,C01351,Ethan Young | UAE | Basic,Sports,590.79,1,2025-02-21,Retail Store,590.79
ORD-001019,C02809,Isla Thomas | Germany | Basic,Beauty,356.52,1,2025-06-24,Mobile App,356.52
ORD-001020,C02104,Isla Taylor | United Kingdom | Premium,Beauty,340.7,1,2025-01-21,Website,340.7
ORD-001021,C02198,Lina Mitchell | Singapore | Basic,Home & Kitchen,503.94,5,2026-02-15,Website,2519.7
ORD-001022,C01968,Ella Adams | United States | Basic,Clothes,401.24,5,2026-06-18,Marketplace,2006.2
ORD-001023,C02362,Adam Taylor | Canada | Basic,OFFICE SUPPLIES,402.19,5,2025-02-28,Marketplace,2010.95
ORD-001024,C00661,Daniel Lee | UAE | Premium,Beauty,78.42,1,2026-07-14,Retail Store,78.42
ORD-001025,C01376,Zoe Nelson | Australia | Premium,Toys,68.49,6,2026-07-02,Website,410.94
ORD-001026,C00039,Omar Ahmed | Singapore | Basic,Toys,413.46,2,2025-11-17,Retail Store,826.92
ORD-001027,C00997,Layla Clark | Canada | Basic,HOME & KITCHEN,540.19,2,2025-06-22,Retail Store,1080.38
ORD-001028,C01502,Sophia Davis | Australia | Plus,Clothing,486.06,2,2026-03-01,Website,972.12
ORD-001029,C01715,Ava Hassan | France | Plus,Book,321.04,2,2026-06-04,Website,642.08
ORD-001030,C00364,Daniel Lewis | United States | Plus,Sports,464.01,6,2025-02-24,Retail Store,2784.06
ORD-001031,C02173,Nora Moore | Singapore | Basic,Beautyy,498.12,1,2025-01-14,Retail Store,498.12
ORD-001032,C00315,Lucas Green | Canada | Basic,Toys ,128.63,3,2025-06-25,Website,385.89
ORD-001033,C01594,Ava Davis | Germany | Basic,SPORTS,132.45,6,2025-05-04,Mobile App,794.7
ORD-001034,C00315,Lucas Green | Canada | Basic,Office Supply,219.15,5,2025-02-07,Website,1095.75
ORD-001035,C01272,Nora Wright | France | Plus,Electronics,112.45,6,2026-01-01,Marketplace,674.7
ORD-001036,C01522,Chloe Khan | United Kingdom | Premium,Clothing,453.94,3,2025-08-29,Website,1361.82
ORD-001037,C00628,Amelia Green | Germany | Basic,OFFICE SUPPLIES,147.45,6,2025-06-07,Mobile App,884.7
ORD-001038,C01320,Ava Martin | Germany | Basic,Clothing,52.31,3,2025-07-08,Marketplace,156.93
ORD-001039,C02285,Emma Garcia | UAE | Basic,Home and Kitchen,542.11,3,2026-03-08,Mobile App,1626.33
ORD-001040,C00436,Sam Lee | United Kingdom | Basic,Beauty Products,528.63,4,2025-05-05,Retail Store,2114.52
ORD-001041,C00956,Zoe Baker | United States | Basic,Books,537.44,1,2026-07-23,Marketplace,537.44
ORD-001042,C01304,Lina Thomas | UAE | Plus,Sports,147.33,4,2025-02-23,Mobile App,589.32
ORD-001043,C00036,Noah Khan | United States | Premium,Office Supplies,432.5,5,2025-12-12,Website,2162.5
ORD-001044,C02665,Yusuf Ahmed | United Kingdom | Premium,Toy,240.32,3,2026-07-06,Retail Store,720.96
ORD-001045,C00556,Daniel Hall | UAE | Plus,Boks,368.84,1,2025-06-30,Website,368.84
ORD-001046,C01888,Isla Hassan | UAE | Plus,Office Supply,218.64,2,2025-04-06,Retail Store,437.28
ORD-001047,C01641,Layla Walker | UAE | Basic,Home & Kitchen,146.15,2,2026-04-27,Mobile App,292.3
ORD-001048,C01757,Ryan Clark | Canada | Basic,Office Supplies,94.93,6,2026-05-06,Mobile App,569.58
ORD-001049,C02895,Lucas Khan | Germany | Premium,Boks,598.52,6,2025-11-09,Mobile App,3591.12
ORD-001050,C02665,Yusuf Ahmed | United Kingdom | Premium,Beautyy,554.26,6,2025-10-04,Website,3325.56
ORD-001051,C02820,Sophia Martin | United States | Basic,SPORTS,272.08,1,2025-09-09,Mobile App,272.08
ORD-001052,C00962,Zoe Baker | Singapore | Basic,Toys,67.99,1,2026-07-12,Website,67.99
ORD-001053,C02658,Ethan Martin | UAE | Premium,Books,198.02,2,2026-07-21,Marketplace,396.04
ORD-001054,C00637,Sophia Wright | UAE | Basic,Electronics,164.69,3,2026-01-12,Website,494.07
ORD-001055,C02858,Amelia Baker | United Kingdom | Plus,Books,458.25,3,2025-04-04,Website,1374.75
ORD-001056,C02738,Nora Anderson | Germany | Plus,Toy,275.12,3,2025-10-08,Website,825.36
ORD-001057,C02510,Layla Carter | United States | Plus,Books,233.37,4,2026-07-07,Website,933.48
ORD-001058,C00789,Sophia Hall | Germany | Plus,Office Supplies,541.3,3,2025-05-18,Marketplace,1623.9
ORD-001059,C01331,Lucas Wright | UAE | Basic,Home and Kitchen,43.35,5,2025-07-03,Retail Store,216.75
ORD-001060,C00312,Amelia Hassan | Germany | Plus,Home & Kitchen,212.01,2,2025-11-24,Marketplace,424.02
ORD-001061,C00743,Sophia Green | United Kingdom | Basic,Beauty,162.9,2,2026-01-27,Retail Store,325.8
ORD-001062,C01773,Liam Anderson | Canada | Premium,Toys,373.63,2,2025-08-28,Mobile App,747.26
ORD-001063,C02201,Maya Walker | Germany | Premium,Toys,67.17,3,2025-03-08,Mobile App,201.51
ORD-001064,C02494,Mia Miller | Canada | Premium,ELECTRONICS,510.86,2,2025-11-09,Mobile App,1021.72
ORD-001065,C01149,Liam Baker | Germany | Plus,Beauty,280.33,4,2025-07-01,Mobile App,1121.32
ORD-001066,C01107,Emma Patel | Germany | Premium,Toys,440.9,3,2026-07-06,Mobile App,1322.7
ORD-001067,C00976,Adam Anderson | Canada | Basic,Books,73.37,3,2026-06-24,Retail Store,220.11
ORD-001068,C01787,Maya King | UAE | Premium,Books & Media,286.77,5,2026-01-06,Marketplace,1433.85
ORD-001069,C00720,Jack Carter | Singapore | Basic,Books,120.96,5,2025-05-17,Marketplace,604.8
ORD-001070,C01408,Nora Brown | Canada | Premium,Electronics,225.97,2,2025-01-23,Marketplace,451.94
ORD-001071,C00669,Chloe Miller | United Kingdom | Basic,Clothes,549.47,4,2025-01-09,Mobile App,2197.88
ORD-001072,C02332,Adam Miller | France | Plus,TOYS,568.8,5,2026-03-09,Marketplace,2844.0
ORD-001073,C01339,Jack Young | France | Basic,Sports,546.88,1,2026-04-27,Retail Store,546.88
ORD-001074,C01345,Amelia Taylor | United Kingdom | Basic,Electronics,523.15,1,2026-06-20,Mobile App,523.15
ORD-001075,C00019,James Moore | United States | Plus,Electronic Goods,226.09,5,2025-05-20,Retail Store,1130.45
ORD-001076,C00870,Alex Moore | Germany | Basic,Boks,476.35,6,2026-02-16,Retail Store,2858.1
ORD-001077,C02115,Mia Anderson | United Kingdom | Basic,Toys,353.74,5,2025-09-22,Retail Store,1768.7
ORD-001078,C00068,Henry Hassan | UAE | Plus,Toy,457.43,4,2025-01-23,Retail Store,1829.72
ORD-001079,C02394,Alex Miller | Canada | Basic,Electronics,406.64,3,2025-03-26,Website,1219.92
ORD-001080,C00108,Sophia Lee | Singapore | Plus,Sports & Fitness,519.01,3,2026-04-04,Website,1557.03
ORD-001081,C01380,Yusuf Hall | Canada | Basic,Toys,276.6,3,2025-11-30,Website,829.8
ORD-001082,C02674,Ryan King | United Kingdom | Basic,Clothing,332.08,6,2025-01-21,Website,1992.48
ORD-001083,C01575,Daniel Miller | United States | Basic,Office Supply,369.21,3,2025-07-05,Mobile App,1107.63
ORD-001084,C01164,Lucas Davis | Singapore | Basic,Sprots,399.87,3,2026-03-22,Marketplace,1199.61
ORD-001085,C00077,James Mitchell | Germany | Plus,Books,422.37,1,2026-02-23,Retail Store,422.37
ORD-001086,C02898,Ryan Thomas | United States | Plus,Sports,36.77,3,2025-09-28,Mobile App,110.31
ORD-001087,C02298,Mia Martin | United Kingdom | Plus,Toys,352.56,6,2025-06-21,Marketplace,2115.36
ORD-001088,C01826,Layla Thomas | United States | Basic,Home & Kitchen,550.08,1,2025-12-05,Website,550.08
ORD-001089,C02796,Layla Hall | Canada | Plus,Sports,649.35,6,2026-03-15,Mobile App,3896.1
ORD-001090,C01542,Olivia Lewis | France | Basic,Books,411.75,1,2025-09-13,Marketplace,411.75
ORD-001091,C02347,Jack Hassan | Canada | Basic,Sports & Fitness,559.7,4,2025-02-23,Retail Store,2238.8
ORD-001092,C00803,Chloe Davis | United States | Basic,Clothing,19.67,2,2025-03-28,Website,39.34
ORD-001093,C00326,Ryan Anderson | United Kingdom | Basic,Beauty,249.96,5,2025-12-08,Website,1249.8
ORD-001094,C02501,Layla Lee | France | Plus,Sports,420.44,3,2026-05-31,Marketplace,1261.32
ORD-001095,C00604,Sophia Lee | Canada | Premium,Office Supplies,249.11,5,2026-05-02,Website,1245.55
ORD-001096,C00886,James Lee | UAE | Basic,Toys,40.66,2,2025-07-18,Retail Store,81.32
ORD-001097,C00884,Amelia Ahmed | Germany | Premium,Books,143.25,3,2025-09-22,Retail Store,429.75
ORD-001098,C02084,Adam Wilson | Australia | Basic,Toys & Games,164.66,6,2025-04-18,Website,987.96
ORD-001099,C02762,Lina Walker | Canada | Plus,Beauty,290.04,3,2026-03-08,Website,870.12
ORD-001100,C01953,Adam Wilson | Canada | Plus,Electronics,546.04,2,2026-04-03,Marketplace,1092.08
ORD-001101,C01147,Zoe Hassan | Singapore | Plus,Clothing,118.69,4,2026-02-28,Mobile App,474.76
ORD-001102,C01590,Adam Clark | United Kingdom | Plus,Sprots,353.28,4,2025-02-12,Retail Store,1413.12
ORD-001103,C02032,Ella Hassan | Canada | Plus,Books & Media,401.53,3,2025-10-21,Mobile App,1204.59
ORD-001104,C01169,Noah King | United States | Premium,Clothing,552.62,3,2026-04-02,Retail Store,1657.86
ORD-001105,C01040,Olivia Young | Australia | Basic,Electronics ,313.46,2,2026-04-22,Retail Store,626.92
ORD-001106,C02284,Leo Davis | Germany | Premium,Office Supplies,567.84,3,2025-01-24,Retail Store,1703.52
ORD-001107,C01726,Ava Johnson | Australia | Premium,Office Supplies,390.93,3,2025-12-26,Mobile App,1172.79
ORD-001108,C01221,Ella Garcia | United States | Basic,Home & Kitchen,500.0,4,2025-08-01,Website,2000.0
ORD-001109,C02548,Sara Adams | Canada | Premium,Electronic Goods,468.58,6,2025-10-12,Website,2811.48
ORD-001110,C01676,Lucas Taylor | United Kingdom | Premium,Clothing,332.76,6,2025-09-05,Marketplace,1996.56
ORD-001111,C02959,Omar Young | Singapore | Basic,Books,639.2,5,2025-12-08,Retail Store,3196.0
ORD-001112,C01497,Emma Wright | Singapore | Plus,Sports,594.61,2,2025-05-14,Retail Store,1189.22
ORD-001113,C01761,Lina Ahmed | United Kingdom | Premium,electronic,497.53,6,2025-02-07,Marketplace,2985.18
ORD-001114,C01911,Sophia Carter | Singapore | Basic,ELECTRONICS,480.93,5,2025-03-13,Website,2404.65
ORD-001115,C01006,Sara Thomas | UAE | Basic,Books,239.87,6,2026-03-08,Website,1439.22
ORD-001116,C00323,Nora Wilson | France | Plus,TOYS,63.25,1,2025-04-15,Marketplace,63.25
ORD-001117,C02058,Omar Young | Germany | Basic,Sports & Fitness,513.5,4,2025-10-11,Retail Store,2054.0
ORD-001118,C01747,Lucas Ahmed | Canada | Basic,Home & Kitchen,309.72,3,2026-03-12,Website,929.16
ORD-001119,C02092,Jack Adams | UAE | Basic,Toys,7.54,6,2026-04-18,Retail Store,45.24
ORD-001120,C01638,Emma Carter | France | Basic,Toys,462.5,2,2025-01-17,Marketplace,925.0
ORD-001121,C02917,Liam Khan | UAE | Basic,Beauty,635.83,3,2026-01-19,Website,1907.49
ORD-001122,C02158,Sophia Thomas | United Kingdom | Basic,Home & Kitchen,458.14,2,2025-08-26,Website,916.28
ORD-001123,C02991,Olivia Adams | Germany | Basic,Beauty,326.42,2,2025-10-20,Website,652.84
ORD-001124,C01293,Yusuf Carter | Canada | Plus,BOOKS,162.97,6,2026-07-02,Retail Store,977.82
ORD-001125,C00716,Sara Hassan | Singapore | Basic,Beauty,235.3,1,2025-08-10,Website,235.3
ORD-001126,C02179,Sam Martin | Singapore | Basic,Toys,318.83,3,2026-04-07,Mobile App,956.49
ORD-001127,C00874,Lucas Mitchell | Australia | Premium,Home & Kitchen,483.37,6,2025-12-14,Mobile App,2900.22
ORD-001128,C01070,Maya Lee | France | Premium,Office Supplies,539.24,3,2025-01-03,Mobile App,1617.72
ORD-001129,C01341,Sara Wright | Canada | Plus,Books,605.04,1,2025-06-20,Mobile App,605.04
ORD-001130,C02067,Lucas Carter | France | Plus,Office Supply,644.93,3,2026-07-05,Retail Store,1934.79
ORD-001131,C01695,Daniel Adams | Australia | Basic,Boks,315.3,4,2025-04-08,Mobile App,1261.2
ORD-001132,C00370,Daniel Clark | Germany | Basic,Sprots,332.27,1,2025-07-12,Website,332.27
ORD-001133,C00579,Emma Green | Canada | Plus,Clothing,179.39,2,2026-03-05,Marketplace,358.78
ORD-001134,C02190,Alex Garcia | Canada | Basic,Home & Kitchen,608.66,5,2026-07-05,Marketplace,3043.3
ORD-001135,C02613,Ethan Thomas | France | Plus,Beautyy,361.12,4,2025-12-02,Marketplace,1444.48
ORD-001136,C02551,Daniel Wilson | France | Basic,Electronic Goods,202.56,5,2025-03-19,Mobile App,1012.8
ORD-001137,C02270,Isla Baker | United Kingdom | Plus,Toys,546.88,5,2025-04-24,Retail Store,2734.4
ORD-001138,C01888,Isla Hassan | UAE | Plus,Clothing & Apparel,145.72,2,2025-07-30,Website,291.44
ORD-001139,C02407,Amelia Hall | France | Basic,Sports,66.42,5,2025-02-12,Website,332.1
ORD-001140,C00804,Henry Wilson | United Kingdom | Plus,Home & Ktchen,128.98,4,2025-05-11,Mobile App,515.92
ORD-001141,C01277,Ryan Lewis | United States | Basic,Beauty,570.52,5,2026-04-20,Mobile App,2852.6
ORD-001142,C00214,Nora Taylor | Germany | Plus,Home & Kitchen,209.5,5,2026-04-29,Mobile App,1047.5
ORD-001143,C01210,James Wright | Singapore | Basic,HOME & KITCHEN,472.5,3,2025-04-01,Mobile App,1417.5
ORD-001144,C01022,Chloe Mitchell | Germany | Plus,Home & Kitchen,236.46,6,2025-07-20,Website,1418.76
ORD-001145,C00258,Liam Lewis | Canada | Basic,Clothing,45.33,2,2025-11-11,Marketplace,90.66
ORD-001146,C00043,Lucas Carter | United States | Basic,Office Supplies,439.08,0,2025-04-13,Website,439.08
ORD-001147,C02526,Maya Garcia | Canada | Plus,Toys,202.23,5,2025-11-17,Marketplace,1011.15
ORD-001148,C01871,Alex Miller | United States | Basic,Toys & Games,285.16,6,2025-11-09,Marketplace,1710.96
ORD-001149,C01244,Isla Young | France | Plus,Home Kitchen,633.14,6,2025-04-11,Mobile App,3798.84
ORD-001150,C01666,Zoe Baker | Germany | Basic,Books,275.41,1,2025-03-26,Website,275.41
ORD-001151,C00094,Zoe Patel | France | Premium,Toys ,488.23,6,2026-01-25,Website,2929.38
ORD-001152,C00071,Henry Brown | Canada | Basic,ELECTRONICS,474.41,6,2025-05-16,Mobile App,2846.46
ORD-001153,C02721,Henry Green | United Kingdom | Basic,Books,86.85,6,2026-07-03,Mobile App,521.1
ORD-001154,C01710,Liam Smith | Singapore | Basic,Beauty,414.09,1,2026-05-27,Marketplace,414.09
ORD-001155,C02614,Ella Davis | Canada | Plus,Toys,544.41,4,2026-01-26,Mobile App,2177.64
ORD-001156,C00125,Maya Green | Canada | Premium,Sport,375.61,4,2025-03-30,Website,1502.44
ORD-001157,C00046,Amelia Green | United Kingdom | Plus,Clothing,432.87,2,2025-12-27,Retail Store,865.74
ORD-001158,C00531,Ella Johnson | UAE | Basic,Beauty,39.08,4,2025-07-26,Mobile App,156.32
ORD-001159,C00598,Sara Anderson | Singapore | Plus,Electronics,432.2,6,2025-10-01,Marketplace,2593.2
ORD-001160,C02522,Ella Mitchell | United States | Plus,Office Supples,524.75,3,2026-07-24,Retail Store,1574.25
ORD-001161,C00501,Ella Ahmed | Germany | Basic,Beautyy,197.19,1,2025-07-10,Website,197.19
ORD-001162,C01357,Emma Mitchell | Canada | Basic,Electroncs,594.44,2,2026-06-13,Retail Store,1188.88
ORD-001163,C00066,Yusuf Hall | United Kingdom | Plus,Toys,25.93,5,2025-07-06,Marketplace,129.65
ORD-001164,C00053,Amelia Taylor | United Kingdom | Plus,Toys & Games,577.02,3,2025-09-27,Retail Store,1731.06
ORD-001165,C01635,Adam Baker | United States | Plus,Clothing,22.47,5,2025-03-27,Marketplace,112.35
ORD-001166,C01785,Sara Adams | United Kingdom | Plus,Toys ,138.72,3,2025-04-07,Retail Store,416.16
ORD-001167,C01349,Lina Walker | United States | Plus,Clothing,149.21,2,2026-05-19,Retail Store,298.42
ORD-001168,C02982,Liam Wright | United States | Basic,Toys,638.78,6,2025-09-01,Website,3832.68
ORD-001169,C00844,Alex Brown | Canada | Plus,Toy,275.22,1,2025-05-12,Mobile App,275.22
ORD-001170,C02424,Isla Hassan | United States | Basic,ELECTRONICS,521.09,1,2025-07-18,Retail Store,521.09
ORD-001171,C00038,Emma Smith | France | Premium,Books,185.53,5,2026-04-03,Website,927.65
ORD-001172,C02366,Ryan Miller | UAE | Basic,Electronics,140.7,1,2025-05-05,Marketplace,140.7
ORD-001173,C02135,Sophia Hassan | UAE | Basic,Clothing & Apparel,115.75,5,2025-10-24,Marketplace,578.75
ORD-001174,C00301,Jack Baker | Australia | Premium,Home & Kitchen,477.22,5,2026-01-06,Mobile App,2386.1
ORD-001175,C01261,Chloe Ahmed | United Kingdom | Basic,Office Supplies,385.63,2,2025-04-06,Retail Store,771.26
ORD-001176,C01943,Amelia Lewis | France | Basic,Sport,220.41,5,2025-08-15,Mobile App,1102.05
ORD-001177,C02694,James Young | France | Plus,Toys,171.88,5,2026-06-07,Retail Store,859.4
ORD-001178,C02568,Noah Green | France | Premium,TOYS,251.65,3,2025-06-02,Mobile App,754.95
ORD-001179,C01506,Jack Adams | Canada | Basic,BEAUTY,345.16,2,2025-06-18,Website,690.32
ORD-001180,C00454,Henry Hassan | United Kingdom | Plus,Sports,142.21,3,2026-03-24,Marketplace,426.63
ORD-001181,C01750,Jack Martin | United Kingdom | Premium,Book,319.09,4,2026-02-24,Retail Store,1276.36
ORD-001182,C02058,Omar Young | Germany | Basic,electronic,186.46,4,2026-07-19,Mobile App,745.84
ORD-001183,C01965,Sam Young | Singapore | Basic,Books & Media,216.6,5,2026-05-02,Marketplace,1083.0
ORD-001184,C00601,Liam King | Germany | Basic,Home & Kitchen,136.43,6,2026-05-05,Marketplace,818.58
ORD-001185,C01412,Omar Brown | Germany | Basic,Clothing,601.02,2,2026-05-16,Marketplace,1202.04
ORD-001186,C02202,Daniel Brown | United Kingdom | Basic,Office  Supplies,628.78,1,2025-03-07,Marketplace,628.78
ORD-001187,C02157,Maya Moore | Germany | Plus,Toy,282.84,2,2025-11-27,Website,565.68
ORD-001188,C02671,Daniel Mitchell | Singapore | Basic,Home Kitchen,324.27,5,2025-09-21,Marketplace,1621.35
ORD-001189,C00918,Lina Anderson | Germany | Basic,Book,513.23,3,2025-03-15,Marketplace,1539.69
ORD-001190,C02627,Ella Wright | Singapore | Basic,Toys,400.31,1,2026-03-28,Retail Store,400.31
ORD-001191,C00974,Adam Martin | United Kingdom | Basic,Electronics ,370.98,1,2025-07-31,Marketplace,370.98
ORD-001192,C02066,Sophia Patel | Singapore | Plus,Beauty,261.93,1,2025-07-16,Website,261.93
ORD-001193,C00352,Nora Martin | Germany | Basic,Clothing,418.25,6,2025-06-26,Marketplace,2509.5
ORD-001194,C00593,Lina Patel | Germany | Basic,Beauty,516.28,5,2025-08-09,Marketplace,2581.4
ORD-001195,C02715,Nora Wright | France | Basic,Beauty,362.99,4,2026-06-17,Marketplace,1451.96
ORD-001196,C01786,Leo Smith | Australia | Basic,Electronics ,569.2,6,2025-02-04,Marketplace,3415.2
ORD-001197,C00034,Lucas Lee | Australia | Basic,Sports,363.16,3,2025-03-15,Marketplace,1089.48
ORD-001198,C00898,Jack Miller | Canada | Plus,Office Supples,518.01,3,2026-06-24,Retail Store,1554.03
ORD-001199,C01640,Leo Taylor | United States | Premium,Office Supplies,217.15,3,2025-10-07,Retail Store,651.45
ORD-001200,C00065,Ryan Miller | Australia | Basic,Clothing,580.93,2,2025-02-11,Retail Store,1161.86
ORD-001201,C01985,Jack Mitchell | Germany | Basic,Boks,414.2,4,2025-05-22,Retail Store,1656.8
ORD-001202,C00558,Mia Mitchell | France | Basic,electronic,139.99,6,2025-11-03,Website,839.94
ORD-001203,C00439,Sophia Adams | Australia | Basic,Beauty Products,270.13,3,2025-06-07,Marketplace,810.39
ORD-001204,C00175,Adam Miller | Australia | Basic,beauty ,630.63,3,2025-08-11,Mobile App,1891.89
ORD-001205,C00081,Mia Wilson | Australia | Plus,Office Supplies,360.25,3,2025-04-02,Mobile App,1080.75
ORD-001206,C01583,Adam Ahmed | Canada | Plus,Beauty,612.99,2,2026-01-15,Retail Store,1225.98
ORD-001207,C01957,Amelia Hall | France | Basic,Books,9.12,4,2025-01-23,Retail Store,36.48
ORD-001208,C01407,Olivia Nelson | Canada | Basic,Home and Kitchen,455.3,5,2025-04-13,Website,2276.5
ORD-001209,C01869,Isla Wright | UAE | Basic,Office Supplies,105.92,1,2025-10-11,Marketplace,105.92
ORD-001210,C00394,Layla Baker | Germany | Basic,Books,225.34,2,2025-04-13,Retail Store,450.68
ORD-001211,C01129,Henry Clark | UAE | Plus,Beauty,495.77,6,2026-06-14,Marketplace,2974.62
ORD-001212,C02716,Amelia Hall | Australia | Plus,Office Supplies,286.58,4,2026-01-24,Marketplace,1146.32
ORD-001213,C02386,Ava Smith | United Kingdom | Plus,Electronics,217.05,3,2025-09-27,Mobile App,651.15
ORD-001214,C02616,James Anderson | United Kingdom | Basic,Books,352.55,4,2026-05-20,Website,1410.2
ORD-001215,C01378,Emma Smith | Singapore | Basic,Toys & Games,618.36,2,2025-01-03,Marketplace,1236.72
ORD-001216,C02509,Henry Brown | Singapore | Basic,Electronics,162.34,6,2025-04-26,Marketplace,974.04
ORD-001217,C00863,Mia Ahmed | Canada | Basic,Clothing,87.81,4,2025-02-22,Website,351.24
ORD-001218,C00450,Layla Adams | Canada | Basic,HOME & KITCHEN,169.58,6,2026-04-11,Mobile App,1017.48
ORD-001219,C01179,Zoe Ahmed | Australia | Basic,Books,533.48,1,2025-09-26,Retail Store,533.48
ORD-001220,C00547,Ella Lee | Germany | Plus,Beauty,308.38,3,2026-05-28,Marketplace,925.14
ORD-001221,C01644,Isla Wilson | Germany | Plus,Books,181.21,3,2026-05-15,Marketplace,543.63
ORD-001222,C00391,Zoe Ahmed | Australia | Basic,Toys,247.85,6,2025-08-08,Marketplace,1487.1
ORD-001223,C00622,Noah Patel | Germany | Premium,SPORTS,243.12,5,2026-01-17,Marketplace,1215.6
ORD-001224,C02264,Liam Martin | UAE | Plus,ELECTRONICS,489.3,6,2025-12-19,Retail Store,2935.8
ORD-001225,C02449,Chloe Taylor | Australia | Basic,BOOKS,603.72,3,2025-04-11,Retail Store,1811.16
ORD-001226,C01649,Alex Carter | UAE | Plus,Electronics,504.42,5,2025-09-26,Website,2522.1
ORD-001227,C00793,Ava Ahmed | United Kingdom | Basic,Toys,484.02,2,2025-11-06,Retail Store,968.04
ORD-001228,C00008,Zoe Lee | United Kingdom | Plus,Books,169.17,1,2026-04-01,Website,169.17
ORD-001229,C01043,Daniel Adams | Canada | Plus,Office Supply,470.33,4,2025-09-09,Marketplace,1881.32
ORD-001230,C00510,Zoe Nelson | Singapore | Basic,Clothing & Apparel,225.98,5,2025-02-12,Mobile App,1129.9
ORD-001231,C02046,Ava Mitchell | Singapore | Plus,Books,31.32,4,2026-04-18,Website,125.28
ORD-001232,C00783,Nora Garcia | United Kingdom | Basic,Toys,303.13,1,2025-02-01,Website,303.13
ORD-001233,C00430,Omar Khan | United Kingdom | Basic,Office Supples,303.06,4,2025-10-04,Website,1212.24
ORD-001234,C02003,Isla Martin | Canada | Plus,Toy,614.12,2,2025-11-17,Marketplace,1228.24
ORD-001235,C02785,Omar Anderson | Singapore | Basic,Home & Kitchen,107.79,6,2026-01-09,Mobile App,646.74
ORD-001236,C02723,Ava Miller | UAE | Basic,Toys,168.12,6,2025-07-22,Retail Store,1008.72
ORD-001237,C01994,Amelia Baker | Australia | Basic,Sports,518.66,6,2026-06-24,Retail Store,3111.96
ORD-001238,C00187,Sam Thomas | United States | Plus,Office Supplies,92.85,2,2026-07-06,Mobile App,185.7
ORD-001239,C01107,Emma Patel | Germany | Premium,HOME & KITCHEN,522.04,2,2025-04-20,Mobile App,1044.08
ORD-001240,C02508,Ava Nelson | UAE | Basic,Electronics,37.78,2,2026-04-25,Marketplace,75.56
ORD-001241,C00676,Sam Nelson | France | Plus,Office Supply,153.16,5,2026-02-19,Mobile App,765.8
ORD-001242,C01285,Zoe Khan | France | Basic,Office Supples,372.3,6,2026-03-29,Website,2233.8
ORD-001243,C02845,Henry Hassan | UAE | Basic,Books,133.44,1,2025-01-12,Website,133.44
ORD-001244,C01869,Isla Wright | UAE | Basic,SPORTS,288.24,6,2026-01-09,Mobile App,1729.44
ORD-001245,C01597,Amelia Thomas | Singapore | Basic,Electronics,124.1,3,2026-03-02,Mobile App,372.3
ORD-001246,C02988,Ryan Clark | UAE | Basic,OFFICE SUPPLIES,462.1,3,2025-03-11,Mobile App,1386.3
ORD-001247,C02075,Noah Patel | Germany | Basic,Toys,74.12,5,2025-05-10,Mobile App,370.6
ORD-001248,C00804,Henry Wilson | United Kingdom | Plus,Beauty,430.06,6,2025-11-27,Mobile App,2580.36
ORD-001249,C01547,Ava Patel | Germany | Basic,HOME & KITCHEN,321.83,5,2026-07-14,Mobile App,1609.15
ORD-001250,C01365,Omar Thomas | Singapore | Plus,Books,297.59,3,2025-09-28,Marketplace,892.77
ORD-001251,C01547,Ava Patel | Germany | Basic,Clothes,248.3,2,2025-11-21,Marketplace,496.6
ORD-001252,C01174,Layla Nelson | Canada | Basic,Home & Kitchen,519.76,1,2026-06-30,Marketplace,519.76
ORD-001253,C00350,Jack Wright | Canada | Basic,Sports,128.02,4,2025-01-19,Marketplace,512.08
ORD-001254,C00592,Ava Young | United States | Premium,Electronics,420.93,6,2025-04-13,Mobile App,2525.58
ORD-001255,C01821,Ella Wright | Singapore | Plus,Toys,352.56,1,2025-10-14,Retail Store,352.56
ORD-001256,C00329,Emma Adams | UAE | Premium,Books,114.03,2,2025-03-18,Marketplace,228.06
ORD-001257,C02712,Ella Moore | Canada | Premium,Sports,179.02,3,2025-03-03,Website,537.06
ORD-001258,C00456,James Miller | France | Basic,Beauty,140.54,5,2026-02-03,Website,702.7
ORD-001259,C00802,Maya Walker | Australia | Plus,Electronics,598.69,4,2026-04-25,Retail Store,2394.76
ORD-001260,C00190,Sam Nelson | United States | Basic,Electronics ,434.77,6,2026-03-22,Website,2608.62
ORD-001261,C02227,Nora Moore | Canada | Basic,Sports & Fitness,100.26,4,2026-01-18,Website,401.04
ORD-001262,C01980,Lucas Thomas | Australia | Basic,Toy,546.13,6,2026-03-03,Mobile App,3276.78
ORD-001263,C00385,Henry Baker | UAE | Basic,Office Supplies,358.05,3,2026-06-13,Retail Store,1074.15
ORD-001264,C02298,Mia Martin | United Kingdom | Plus,Electroncs,329.39,1,2025-08-16,Website,329.39
ORD-001265,C00927,Liam Carter | Germany | Plus,Beauty,427.91,3,2026-02-15,Marketplace,1283.73
ORD-001266,C02519,Daniel Garcia | Germany | Basic,Toys,385.82,1,2025-03-27,Retail Store,385.82
ORD-001267,C00152,Maya Wright | Canada | Premium,Clothing & Apparel,491.13,6,2025-01-21,Retail Store,2946.78
ORD-001268,C01025,Noah Lee | United Kingdom | Plus,Electronics ,463.45,6,,Website,2780.7
ORD-001269,C00940,Ava Taylor | UAE | Premium,Books,648.75,6,2026-04-07,Website,3892.5
ORD-001270,C00506,Chloe King | UAE | Basic,Home Kitchen,366.43,3,2025-04-13,Mobile App,1099.29
ORD-001271,C01627,Ava Anderson | Singapore | Premium,Beauty,620.76,4,2026-04-19,Marketplace,2483.04
ORD-001272,C00718,Olivia Martin | Germany | Basic,HOME & KITCHEN,50.54,2,2025-09-12,Retail Store,101.08
ORD-001273,C02985,Adam Ahmed | UAE | Plus,Beauty Products,619.55,3,2026-02-16,Website,1858.65
ORD-001274,C00576,Adam Miller | Germany | Plus,Beauty,479.72,5,2025-01-26,Retail Store,2398.6
ORD-001275,C01503,Emma Hassan | United States | Basic,Books,563.16,2,2025-08-26,Mobile App,1126.32
ORD-001276,C01508,Layla Martin | United States | Premium,Sports & Fitness,130.94,3,2025-03-26,Website,392.82
ORD-001277,C01673,Olivia Thomas | Singapore | Premium,Clothing,554.45,3,2026-05-07,Marketplace,1663.35
ORD-001278,C01385,Adam Garcia | France | Basic,Books,503.18,2,2025-12-20,Website,1006.36
ORD-001279,C00107,Isla Clark | United Kingdom | Basic,Beauty Products,37.75,3,2025-04-01,Mobile App,113.25
ORD-001280,C02225,Leo Wilson | Canada | Premium,Sports,219.79,5,2026-06-10,Retail Store,1098.95
ORD-001281,C02320,Olivia Adams | Canada | Basic,Electronics ,526.66,3,2026-04-10,Website,1579.98
ORD-001282,C02019,Sam Lee | Canada | Premium,Office Supplies,456.77,4,2025-07-16,Website,1827.08
ORD-001283,C01415,Liam Adams | Germany | Plus,Toys,581.41,1,2025-11-07,Website,581.41
ORD-001284,C00531,Ella Johnson | UAE | Basic,Boks,252.93,6,2025-12-04,Website,1517.58
ORD-001285,C01607,Sam Wilson | France | Plus,Books,496.29,2,2026-07-23,Marketplace,992.58
ORD-001286,C00856,Leo Garcia | Germany | Plus,Sports,173.82,5,2026-07-25,Retail Store,869.1
ORD-001287,C01654,Alex Clark | Germany | Plus,Office Supplies,287.36,6,2025-03-04,Website,1724.16
ORD-001288,C01589,Adam King | United States | Basic,Books,612.57,3,2026-04-11,Mobile App,1837.71
ORD-001289,C00328,Emma Brown | UAE | Premium,Office Supples,153.76,1,2025-07-01,Marketplace,153.76
ORD-001290,C02377,Lina Hall | Australia | Basic,Toys & Games,473.5,6,2025-12-08,Retail Store,2841.0
ORD-001291,C01082,Adam Baker | Germany | Basic,Clothing,201.66,1,2025-10-15,Website,201.66
ORD-001292,C02403,Nora Adams | United Kingdom | Plus,Book,473.54,4,2025-08-11,Website,1894.16
ORD-001293,C02218,Zoe Anderson | Canada | Plus,HOME & KITCHEN,20.05,4,2025-12-16,Marketplace,80.2
ORD-001294,C00665,Sam Baker | UAE | Premium,Office Supplies,508.3,5,2026-01-04,Marketplace,2541.5
ORD-001295,C01956,Ella Ahmed | Australia | Plus,TOYS,76.57,1,2026-05-11,Retail Store,76.57
ORD-001296,C01607,Sam Wilson | France | Plus,BOOKS,193.78,3,2025-12-26,Retail Store,581.34
ORD-001297,C01399,Daniel Brown | United Kingdom | Premium,Office Supplies,515.23,5,2025-06-05,Mobile App,2576.15
ORD-001298,C01587,Yusuf Taylor | France | Basic,Sports,179.92,3,2025-01-26,Mobile App,539.76
ORD-001299,C02376,Mia Taylor | Singapore | Basic,electronic,622.14,3,2026-01-25,Marketplace,1866.42
ORD-001300,C01708,Ella Adams | Australia | Plus,ELECTRONICS,472.39,4,2025-07-06,Retail Store,1889.56
ORD-001301,C00278,Lucas Moore | UAE | Premium,Sports,509.8,4,2026-05-03,Website,2039.2
ORD-001302,C02560,Sara Lee | Germany | Premium,OFFICE SUPPLIES,289.58,4,2026-01-19,Retail Store,1158.32
ORD-001303,C00168,Isla Johnson | Germany | Basic,Sports,100.22,4,2025-08-17,Retail Store,400.88
ORD-001304,C01919,Ryan Clark | Singapore | Basic,BEAUTY,52.32,4,2025-03-29,Website,209.28
ORD-001305,C01794,Nora Clark | United States | Plus,Sprots,91.04,1,2026-03-06,Mobile App,91.04
ORD-001306,C00768,Ethan Miller | UAE | Basic,Electronics,596.21,6,2025-10-22,Mobile App,3577.26
ORD-001307,C00672,Liam Wright | UAE | Basic,Sports,40.84,2,2025-05-27,Mobile App,81.68
ORD-001308,C02527,Layla Baker | Germany | Plus,Sports,21.99,4,2026-02-15,Website,87.96
ORD-001309,C01548,Daniel Moore | Germany | Plus,Books & Media,596.76,6,2026-02-13,Marketplace,3580.56
ORD-001310,C02681,Omar Green | UAE | Basic,Beauty,352.96,4,2026-02-06,Marketplace,1411.84
ORD-001311,C00576,Adam Miller | Germany | Plus,Books,228.29,5,2026-05-09,Website,1141.45
ORD-001312,C00136,Sam Brown | Canada | Basic,TOYS,170.57,3,2026-07-24,Marketplace,511.71
ORD-001313,C01177,Ella Young | Canada | Basic,Office Supples,165.18,3,2025-04-30,Website,495.54
ORD-001314,C01049,Emma Green | Germany | Basic,Beauty,588.65,3,2026-06-27,Website,1765.95
ORD-001315,C01328,Olivia Moore | Singapore | Premium,Sprots,495.89,4,2025-11-06,Mobile App,1983.56
ORD-001316,C01496,Lina Wright | Germany | Plus,Clothing & Apparel,365.46,4,2026-03-11,Retail Store,1461.84
ORD-001317,C02230,Chloe Johnson | United Kingdom | Plus,Toys,34.51,2,2025-05-14,Mobile App,69.02
ORD-001318,C00502,Adam Lewis | United Kingdom | Basic,SPORTS,29.46,4,2025-04-06,Marketplace,117.84
ORD-001319,C02295,Ella Nelson | France | Basic,Toys ,618.79,2,2025-05-15,Retail Store,1237.58
ORD-001320,C02318,Maya Adams | Australia | Premium,Office Supplies,326.86,5,2025-03-20,Marketplace,1634.3
ORD-001321,C00646,Ella Lewis | UAE | Basic,Books,119.09,4,2025-04-26,Retail Store,476.36
ORD-001322,C02731,Amelia Lee | Singapore | Plus,Toys,281.92,1,2025-08-29,Mobile App,281.92
ORD-001323,C00749,Daniel Brown | Germany | Basic,Electronics,215.79,1,2025-02-12,Mobile App,215.79
ORD-001324,C02159,Omar Miller | Australia | Basic,Office Supplies,58.44,6,2025-01-22,Mobile App,350.64
ORD-001325,C02790,Nora Thomas | United States | Basic,Beauty Products,490.75,6,2025-03-26,Retail Store,2944.5
ORD-001326,C01479,Ryan Khan | France | Plus,Books,50.43,3,2025-10-10,Retail Store,151.29
ORD-001327,C02538,Leo Hassan | United States | Basic,Beautyy,51.29,6,2025-10-03,Retail Store,307.74
ORD-001328,C01701,Zoe Johnson | United States | Plus,BEAUTY,425.28,3,2025-01-19,Website,1275.84
ORD-001329,C01457,Mia Khan | United Kingdom | Plus,Beauty,374.47,6,2025-09-16,Marketplace,2246.82
ORD-001330,C00700,Yusuf Smith | United States | Basic,Electronics,263.37,6,2026-05-08,Marketplace,1580.22
ORD-001331,C01198,Liam Patel | UAE | Basic,Sports,629.18,5,2026-06-04,Retail Store,3145.9
ORD-001332,C00581,Liam Wright | Singapore | Basic,Sport,263.15,2,2025-01-11,Retail Store,526.3
ORD-001333,C00201,Omar Smith | Singapore | Premium,Home & Ktchen,293.69,3,2025-06-07,Mobile App,881.07
ORD-001334,C00552,Zoe Walker | Singapore | Basic,Toys,483.93,3,2026-06-29,Marketplace,1451.79
ORD-001335,C02049,Leo Garcia | UAE | Plus,Home and Kitchen,11.98,4,2026-01-09,Website,47.92
ORD-001336,C02959,Omar Young | Singapore | Basic,Home & Kitchen,398.98,4,2026-05-10,Mobile App,1595.92
ORD-001337,C00114,Mia Wilson | Canada | Premium,Beauty,91.47,5,2025-05-03,Mobile App,457.35
ORD-001338,C02252,Henry Baker | United States | Basic,Clothing,460.48,2,2026-04-06,Website,920.96
ORD-001339,C01101,Ella Walker | Australia | Basic,Sports & Fitness,226.25,5,2025-06-15,Website,1131.25
ORD-001340,C01408,Nora Brown | Canada | Premium,Clothng,57.18,1,2025-08-05,Retail Store,57.18
ORD-001341,C00342,Sam Young | United Kingdom | Basic,Books,588.34,1,2026-04-23,Marketplace,588.34
ORD-001342,C01883,Ryan Davis | Singapore | Basic,Book,646.74,1,2025-11-14,Mobile App,646.74
ORD-001343,C01225,Liam Moore | Canada | Basic,OFFICE SUPPLIES,272.24,5,2026-01-30,Mobile App,1361.2
ORD-001344,C01417,James Mitchell | France | Plus,Home & Kitchen,160.24,5,2025-03-13,Mobile App,801.2
ORD-001345,C01231,Nora Hall | United States | Basic,Office Supples,495.62,2,2026-03-21,Retail Store,991.24
ORD-001346,C01967,Mia Taylor | France | Basic,BEAUTY,198.37,3,2025-11-10,Mobile App,595.11
ORD-001347,C02580,Emma Taylor | Australia | Basic,CLOTHING,583.65,5,2026-06-16,Retail Store,2918.25
ORD-001348,C00675,Omar Young | United Kingdom | Basic,Toys,224.38,1,2026-02-20,Marketplace,224.38
ORD-001349,C00913,Layla Taylor | Singapore | Basic,ELECTRONICS,595.89,5,2025-02-18,Mobile App,2979.45
ORD-001350,C01107,Emma Patel | Germany | Premium,Electroncs,195.76,2,2026-03-05,Website,391.52
ORD-001351,C02567,Yusuf Khan | Canada | Basic,Electroncs,191.95,5,2025-03-09,Retail Store,959.75
ORD-001352,C02864,James Ahmed | Germany | Basic,Clothing,274.27,4,2025-10-22,Mobile App,1097.08
ORD-001353,C01661,Layla Taylor | Australia | Basic,Toy,542.89,6,2025-05-09,Marketplace,3257.34
ORD-001354,C01072,Lucas Miller | Canada | Basic,beauty ,272.59,2,2025-08-25,Website,545.18
ORD-001355,C02439,Sam Young | Germany | Basic,Home Kitchen,600.5,3,2025-03-02,Website,1801.5
ORD-001356,C02781,Omar Wilson | Australia | Basic,Clothing,77.36,2,2025-04-27,Retail Store,154.72
ORD-001357,C00756,Chloe Smith | Germany | Basic,Beauty,173.67,1,2025-12-03,Retail Store,173.67
ORD-001358,C02342,Ryan Adams | UAE | Premium,ELECTRONICS,49.76,6,2025-09-30,Mobile App,298.56
ORD-001359,C02501,Layla Lee | France | Plus,Sports,399.95,3,2025-10-07,Retail Store,1199.85
ORD-001360,C01255,Adam Smith | United Kingdom | Basic,Beauty,417.01,5,2025-11-27,Retail Store,2085.05
ORD-001361,C02804,Ella Johnson | Canada | Plus,Toys ,513.48,4,2025-03-26,Marketplace,2053.92
ORD-001362,C01021,Ryan Smith | Singapore | Basic,Electronic Goods,284.59,2,2025-06-17,Marketplace,569.18
ORD-001363,C01905,Sara Green | UAE | Premium,Sports,34.94,1,2025-07-27,Mobile App,34.94
ORD-001364,C02479,Ryan Johnson | United Kingdom | Plus,electronic,631.62,6,2025-02-26,Retail Store,3789.72
ORD-001365,C01232,Alex Smith | Australia | Premium,Office Supplies,207.81,6,2025-05-30,Retail Store,1246.86
ORD-001366,C02062,Yusuf Green | Singapore | Basic,Office Supplies,460.89,6,2025-11-22,Marketplace,2765.34
ORD-001367,C02698,Omar Moore | United States | Basic,Electroncs,120.6,3,2025-09-12,Website,361.8
ORD-001368,C01641,Layla Walker | UAE | Basic,Office Supplies,460.67,6,2025-03-04,Retail Store,2764.02
ORD-001369,C01815,Ava Carter | Canada | Basic,CLOTHING,615.36,3,2025-08-19,Mobile App,1846.08
ORD-001370,C01253,Lina Clark | Singapore | Basic,Sport,384.96,4,2025-10-11,Marketplace,1539.84
ORD-001371,C00869,Sam Anderson | Canada | Basic,Beauty Products,230.29,6,2026-06-10,Retail Store,1381.74
ORD-001372,C02286,James Adams | United Kingdom | Plus,Sports,166.92,2,2026-06-08,Website,333.84
ORD-001373,C00907,Lucas King | France | Basic,Sports,156.84,4,2025-12-15,Mobile App,627.36
ORD-001374,C02577,Liam Green | United Kingdom | Basic,Sports,279.34,2,2025-04-14,Mobile App,558.68
ORD-001375,C00625,Ava Adams | United Kingdom | Basic,Books & Media,21.4,3,2026-07-06,Marketplace,64.2
ORD-001376,C00782,Zoe Wilson | Germany | Basic,Office Supplies,155.37,2,2025-02-15,Marketplace,310.74
ORD-001377,C00298,Lina Lee | Singapore | Basic,Toys,535.31,2,2025-12-01,Website,1070.62
ORD-001378,C00117,Isla Patel | United Kingdom | Basic,Office Supples,616.08,3,2025-11-29,Retail Store,1848.24
ORD-001379,C00222,Olivia Walker | United Kingdom | Plus,Book,41.12,6,2025-06-05,Mobile App,246.72
ORD-001380,C02653,Isla Hassan | Germany | Basic,Boks,203.81,4,2025-03-22,Mobile App,815.24
ORD-001381,C01521,Sam Moore | United States | Basic,CLOTHING,213.58,2,2026-06-07,Website,427.16
ORD-001382,C01992,Adam Mitchell | France | Basic,Home & Kitchen,535.82,2,2025-12-20,Website,1071.64
ORD-001383,C01431,Sophia Smith | France | Premium,Sports & Fitness,400.22,3,2025-09-18,Website,1200.66
ORD-001384,C02526,Maya Garcia | Canada | Plus,Office Supplies,326.96,6,2025-11-18,Marketplace,1961.76
ORD-001385,C02033,Adam Brown | United States | Plus,Home & Ktchen,285.22,4,2025-08-25,Mobile App,1140.88
ORD-001386,C02110,Adam Green | Australia | Basic,beauty ,165.58,4,2026-03-17,Website,662.32
ORD-001387,C01682,Olivia Carter | United States | Basic,BEAUTY,438.84,1,2026-07-04,Marketplace,438.84
ORD-001388,C02934,Sophia Smith | United States | Plus,Toys,13.45,2,2025-01-01,Retail Store,26.9
ORD-001389,C01786,Leo Smith | Australia | Basic,Home & Kitchen,106.34,3,2025-11-18,Retail Store,319.02
ORD-001390,C02052,Yusuf Carter | United Kingdom | Premium,Clothes,390.2,4,2026-04-17,Website,1560.8
ORD-001391,C01254,Alex Hassan | France | Basic,Sport,627.1,6,2025-01-25,Website,3762.6
ORD-001392,C02429,Jack Davis | Australia | Basic,Electronics,596.33,1,2026-03-04,Website,596.33
ORD-001393,C00206,Sophia Anderson | Germany | Plus,Sports,541.45,4,2026-06-22,Website,2165.8
ORD-001394,C02204,Daniel King | United States | Plus,Sports,429.27,4,2026-01-31,Mobile App,1717.08
ORD-001395,C02273,Amelia Walker | UAE | Premium,Home & Kitchen,311.49,5,2026-07-03,Marketplace,1557.45
ORD-001396,C00363,Zoe Moore | United Kingdom | Basic,Clothng,36.89,5,2025-12-25,Website,184.45
ORD-001397,C02707,James Clark | United Kingdom | Basic,Toys,494.99,4,2026-07-04,Mobile App,1979.96
ORD-001398,C01558,Liam Khan | Singapore | Plus,Office Supplies,15.23,1,2025-06-09,Retail Store,15.23
ORD-001399,C00642,Lina Carter | UAE | Plus,Electroncs,79.63,5,2025-10-25,Retail Store,398.15
ORD-001400,C00633,Emma Davis | United States | Basic,Sports,-277.33,3,2025-01-19,Retail Store,831.99
ORD-001401,C02113,James Martin | UAE | Premium,Sports & Fitness,509.34,6,2026-07-01,Mobile App,3056.04
ORD-001402,C00204,Omar Carter | France | Basic,Toys,495.95,5,2026-01-16,Website,2479.75
ORD-001403,C02628,Noah Smith | Canada | Plus,Books,397.86,3,2025-07-29,Retail Store,1193.58
ORD-001404,C01891,Liam Clark | Australia | Plus,Home & Kitchen,176.76,4,2025-02-06,Retail Store,707.04
ORD-001405,C01553,Layla Davis | United Kingdom | Plus,Toys,565.45,1,2025-12-12,Retail Store,565.45
ORD-001406,C00414,Adam Moore | United Kingdom | Premium,Home & Kitchen,284.49,3,2025-12-26,Marketplace,853.47
ORD-001407,C01648,Ryan Walker | Canada | Plus,Sprots,602.54,2,2025-04-02,Website,1205.08
ORD-001408,C02564,Yusuf King | France | Premium,Office Supplies,17.95,2,2025-02-03,Mobile App,35.9
ORD-001409,C01432,Ella Anderson | United States | Premium,Clothing,161.85,2,2026-04-26,Retail Store,323.7
ORD-001410,C01975,Amelia Smith | Australia | Basic,Sports,71.38,2,2026-05-23,Retail Store,142.76
ORD-001411,C00444,Layla Walker | France | Plus,BEAUTY,245.98,1,2026-07-15,Retail Store,245.98
ORD-001412,C02758,Daniel Hassan | France | Basic,Beauty,99.75,1,2025-02-28,Mobile App,99.75
ORD-001413,C01536,Chloe Davis | Singapore | Basic,Books,430.38,1,2025-12-17,Marketplace,430.38
ORD-001414,C02417,Layla Young | United Kingdom | Basic,Electronics,470.05,6,2026-07-18,Mobile App,2820.3
ORD-001415,C02327,Ella Smith | United States | Basic,Office Supplies,159.71,4,2026-06-07,Retail Store,638.84
ORD-001416,C00554,Layla Walker | France | Premium,Books,145.35,4,2025-07-27,Marketplace,581.4
ORD-001417,C01019,Mia Adams | Australia | Plus,Sports & Fitness,25.17,1,2025-03-23,Marketplace,25.17
ORD-001418,C00916,Henry Garcia | UAE | Plus,Clothing,404.86,3,2025-08-20,Website,1214.58
ORD-001419,C02015,Sophia Wilson | Australia | Basic,Books,371.41,5,2026-02-27,Marketplace,1857.05
ORD-001420,C01112,Sara Wilson | Singapore | Basic,Toys & Games,336.45,2,2026-05-24,Mobile App,672.9
ORD-001421,C01472,Noah Khan | United States | Basic,Home & Kitchen,108.22,4,2025-12-11,Mobile App,432.88
ORD-001422,C01853,Yusuf Hall | Singapore | Basic,Clothes,10.18,1,2025-05-11,Mobile App,10.18
ORD-001423,C00154,Lina Walker | United States | Basic,Beauty,32.53,3,2026-01-27,Retail Store,97.59
ORD-001424,C01850,Daniel Hall | Germany | Basic,Home & Kitchen,431.1,1,2026-06-16,Website,431.1
ORD-001425,C01075,Alex Smith | United States | Basic,HOME & KITCHEN,114.16,6,2026-06-04,Website,684.96
ORD-001426,C01380,Yusuf Hall | Canada | Basic,Home & Kitchen,35.41,4,2026-07-10,Website,141.64
ORD-001427,C00737,James Smith | UAE | Basic,Sports,346.23,4,2025-10-28,Marketplace,1384.92
ORD-001428,C01991,Mia Ahmed | Singapore | Basic,electronic,521.28,4,2026-03-03,Website,2085.12
ORD-001429,C01337,Ava Wilson | Singapore | Basic,Beauty,215.0,5,2026-07-19,Marketplace,1075.0
ORD-001430,C01241,Nora King | Singapore | Premium,Books,110.35,2,2025-09-23,Mobile App,220.7
ORD-001431,C01029,Layla Carter | United Kingdom | Plus,Toys,164.47,1,2026-04-18,Mobile App,164.47
ORD-001432,C01893,Daniel Thomas | United States | Basic,Home & Kitchen,152.94,1,2025-03-17,Website,152.94
ORD-001433,C02184,Nora Young | France | Basic,Electroncs,443.78,4,2025-05-05,Marketplace,1775.12
ORD-001434,C00498,Ethan Hassan | United States | Premium,Sport,11.61,4,2025-03-29,Website,46.44
ORD-001435,C01081,Ava Nelson | France | Plus,Office  Supplies,568.63,1,2025-05-08,Website,568.63
ORD-001436,C02377,Lina Hall | Australia | Basic,Beauty Products,622.0,4,2025-05-27,Marketplace,2488.0
ORD-001437,C02975,Lina Adams | France | Premium,Office Supplies,437.38,5,2025-08-05,Marketplace,2186.9
ORD-001438,C00260,Olivia Miller | Germany | Plus,Electronics,187.98,1,2025-07-22,Website,187.98
ORD-001439,C02113,James Martin | UAE | Premium,Home & Kitchen,414.52,5,2025-11-16,Website,2072.6
ORD-001440,C01401,Noah Wilson | Australia | Basic,Home and Kitchen,108.1,2,2025-04-29,Retail Store,216.2
ORD-001441,C02406,Ethan Adams | Australia | Premium,Electronics,32.27,4,2026-01-05,Retail Store,129.08
ORD-001442,C00006,Emma Taylor | Germany | Plus,Books & Media,298.7,4,2025-10-31,Retail Store,1194.8
ORD-001443,C02157,Maya Moore | Germany | Plus,Sports,74.68,2,2025-12-29,Retail Store,149.36
ORD-001444,C01114,Noah Green | Germany | Basic,Clothing,301.59,2,2026-04-29,Marketplace,603.18
ORD-001445,C00224,Jack Green | United States | Basic,Office Supples,150.45,1,2026-04-06,Marketplace,150.45
ORD-001446,C01058,Nora Patel | France | Basic,Office Supplies,166.15,2,2025-04-20,Mobile App,332.3
ORD-001447,C01611,Amelia Patel | Australia | Plus,Books,267.4,6,2025-11-04,Website,1604.4
ORD-001448,C00018,Yusuf Brown | France | Plus,Toys,281.61,2,2026-04-07,Marketplace,563.22
ORD-001449,C00958,Isla Lee | Germany | Basic,Home and Kitchen,36.72,5,2026-05-16,Retail Store,183.6
ORD-001450,C00989,Isla Young | UAE | Plus,Home and Kitchen,59.68,1,2026-07-01,Retail Store,59.68
ORD-001451,C02638,Olivia Miller | France | Basic,Clothing,113.99,1,2025-08-20,Retail Store,113.99
ORD-001452,C00154,Lina Walker | United States | Basic,Toys ,46.97,1,2026-03-28,Marketplace,46.97
ORD-001453,C02135,Sophia Hassan | UAE | Basic,Toys,570.85,3,2026-01-23,Marketplace,1712.55
ORD-001454,C02084,Adam Wilson | Australia | Basic,Books,15.29,4,2025-09-10,Retail Store,61.16
ORD-001455,C00437,Adam Wright | Germany | Basic,Electronics ,520.17,4,2025-01-05,Website,2080.68
ORD-001456,C01821,Ella Wright | Singapore | Plus,Office  Supplies,427.59,2,2025-11-17,Marketplace,855.18
ORD-001457,C02440,Nora Patel | Australia | Basic,SPORTS,292.87,0,2025-04-16,Website,292.87
ORD-001458,C00303,Noah Patel | Australia | Basic,Office Supplies,495.09,6,2025-02-23,Website,2970.54
ORD-001459,C01139,Lina King | Singapore | Plus,Electronics,179.72,1,2025-10-28,Website,179.72
ORD-001460,C01461,Ryan Wright | United Kingdom | Basic,CLOTHING,295.17,4,2025-08-21,Mobile App,1180.68
ORD-001461,C00956,Zoe Baker | United States | Basic,Book,269.1,6,2025-12-17,Marketplace,1614.6
ORD-001462,C00663,Mia Johnson | UAE | Premium,Sports,315.93,1,2025-01-28,Mobile App,315.93
ORD-001463,C02978,Maya Davis | United States | Plus,Sports,570.61,1,2025-02-26,Marketplace,570.61
ORD-001464,C02529,Lucas Green | Canada | Basic,Beauty,637.12,4,2025-08-08,Retail Store,2548.48
ORD-001465,C02940,Zoe Brown | Australia | Basic,HOME & KITCHEN,314.37,5,2026-04-13,Mobile App,1571.85
ORD-001466,C00426,Liam Khan | Singapore | Basic,Office Supplies,565.87,5,2026-03-14,Mobile App,2829.35
ORD-001467,C01119,Emma Young | United Kingdom | Basic,Office Supples,604.44,2,2025-07-20,Marketplace,1208.88
ORD-001468,C02155,Sara Brown | United Kingdom | Plus,TOYS,164.01,6,2025-06-07,Retail Store,984.06
ORD-001469,C02699,Layla Khan | United Kingdom | Basic,Toys,66.92,6,2025-03-22,Mobile App,401.52
ORD-001470,C01121,Ava Hassan | UAE | Premium,Sports & Fitness,596.94,4,2026-02-04,Retail Store,2387.76
ORD-001471,C00137,Ella Smith | Canada | Premium,Toys,366.8,3,2025-04-14,Retail Store,1100.4
ORD-001472,C00938,Ella Davis | United Kingdom | Basic,Clothing,83.6,2,2025-05-05,Retail Store,167.2
ORD-001473,C00559,Amelia Johnson | Australia | Premium,Clothing,528.87,6,2026-07-25,Mobile App,3173.22
ORD-001474,C01520,Layla Miller | UAE | Plus,Books,141.54,4,2026-07-02,Retail Store,566.16
ORD-001475,C00064,Liam King | Australia | Basic,HOME & KITCHEN,635.34,6,2025-12-02,Marketplace,3812.04
ORD-001476,C01991,Mia Ahmed | Singapore | Basic,ELECTRONICS,392.55,2,2025-09-01,Marketplace,785.1
ORD-001477,C02710,Lina Johnson | Singapore | Basic,Beauty,472.86,1,2026-02-09,Retail Store,472.86
ORD-001478,C02389,James Garcia | Singapore | Basic,Beauty,395.79,2,2025-02-26,Marketplace,791.58
ORD-001479,C00098,Lina Wilson | France | Plus,Beauty,12.05,1,2025-03-24,Website,12.05
ORD-001480,C02733,Maya Miller | Canada | Premium,Electronics,280.01,3,2026-03-02,Website,840.03
ORD-001481,C02398,Daniel Smith | United Kingdom | Premium,Office Supplies,513.65,3,2026-06-11,Website,1540.95
ORD-001482,C00571,Ella Adams | Australia | Plus,Home & Ktchen,37.62,1,2026-07-24,Mobile App,37.62
ORD-001483,C02684,Sara Green | Australia | Premium,Sports,435.41,3,2026-01-20,Website,1306.23
ORD-001484,C02787,Olivia Young | Canada | Premium,Toys,440.45,2,2025-08-12,Website,880.9
ORD-001485,C00252,Jack Moore | Germany | Basic,Book,87.73,5,2026-04-23,Mobile App,438.65
ORD-001486,C02573,Jack Khan | Singapore | Premium,TOYS,630.36,3,2026-03-06,Website,1891.08
ORD-001487,C02482,Layla Wilson | Singapore | Basic,Beauty,503.57,1,2026-06-28,Mobile App,503.57
ORD-001488,C00573,Ryan Taylor | Singapore | Premium,Electronics,345.63,1,2026-02-12,Marketplace,345.63
ORD-001489,C00498,Ethan Hassan | United States | Premium,Office Supplies,412.08,6,2025-08-17,Website,2472.48
ORD-001490,C00638,Sophia Taylor | UAE | Plus,Sports,451.0,1,2026-03-23,Mobile App,451.0
ORD-001491,C01735,Layla Carter | France | Premium,Sports,399.1,6,2025-03-09,Retail Store,2394.6
ORD-001492,C01895,Isla King | United States | Plus,Toys,102.17,2,2025-03-11,Mobile App,204.34
ORD-001493,C02698,Omar Moore | United States | Basic,beauty ,514.04,2,2026-07-01,Mobile App,1028.08
ORD-001494,C02602,James Khan | United Kingdom | Basic,TOYS,119.81,1,2025-09-04,Retail Store,119.81
ORD-001495,C02389,James Garcia | Singapore | Basic,Book,372.23,5,2025-06-19,Mobile App,1861.15
ORD-001496,C01283,Ava Clark | France | Plus,beauty ,496.83,4,2025-09-22,Marketplace,1987.32
ORD-001497,C02801,Lucas Patel | Canada | Basic,Books & Media,522.42,2,,Retail Store,1044.84
ORD-001498,C02078,James Lee | Germany | Premium,Home & Ktchen,55.29,1,2025-08-16,Mobile App,55.29
ORD-001499,C00190,Sam Nelson | United States | Basic,Toys,462.09,5,2025-01-26,Marketplace,2310.45
ORD-001500,C02302,Yusuf Mitchell | Canada | Premium,Office Supplies,211.34,3,2025-12-23,Website,634.02
ORD-001501,C02623,Chloe Patel | United Kingdom | Premium,Toy,508.65,2,2026-06-28,Retail Store,1017.3
ORD-001502,C02498,Ethan Wilson | United Kingdom | Basic,Electronics,378.3,3,2025-06-05,Website,1134.9
ORD-001503,C02922,Daniel Nelson | Australia | Plus,Boks,308.17,2,2025-04-30,Retail Store,616.34
ORD-001504,C00732,Adam Lee | France | Basic,Toys,146.51,1,2025-07-14,Marketplace,146.51
ORD-001505,C02084,Adam Wilson | Australia | Basic,Books,120.07,1,2025-11-24,Marketplace,120.07
ORD-001506,C02695,Isla Brown | UAE | Basic,Office Supplies,471.05,2,2025-07-20,Marketplace,942.1
ORD-001507,C02003,Isla Martin | Canada | Plus,Clothing & Apparel,370.08,1,2025-05-30,Marketplace,370.08
ORD-001508,C02949,Lina Hall | Canada | Basic,Office Supplies,54.72,1,2026-05-06,Mobile App,54.72
ORD-001509,C01604,Amelia Thomas | United States | Premium,Office Supplies,346.55,6,2025-06-01,Marketplace,2079.3
ORD-001510,C01610,Henry Khan | Australia | Basic,OFFICE SUPPLIES,73.94,1,2026-01-09,Marketplace,73.94
ORD-001511,C02992,James Green | United States | Basic,Beauty,519.24,1,2026-07-11,Website,519.24
ORD-001512,C01481,Mia Clark | United Kingdom | Basic,Toys ,484.95,1,2026-06-05,Mobile App,484.95
ORD-001513,C02368,Chloe Walker | Germany | Basic,Beautyy,366.41,6,2026-06-08,Retail Store,2198.46
ORD-001514,C00915,Yusuf Khan | United Kingdom | Basic,Beauty Products,578.02,1,2026-06-19,Mobile App,578.02
ORD-001515,C00341,Emma Clark | Canada | Basic,Beautyy,467.7,2,2025-12-28,Marketplace,935.4
ORD-001516,C02232,Alex Smith | United States | Plus,Clothing,310.72,1,2025-01-07,Website,310.72
ORD-001517,C02528,Sophia Martin | UAE | Plus,OFFICE SUPPLIES,196.99,5,2026-07-12,Retail Store,984.95
ORD-001518,C01038,Henry Taylor | France | Plus,Home & Kitchen,110.41,6,2026-03-17,Mobile App,662.46
ORD-001519,C02578,Henry Taylor | United Kingdom | Basic,Toys,408.87,2,2025-12-02,Marketplace,817.74
ORD-001520,C01360,Nora Moore | France | Basic,Home and Kitchen,19.27,1,2026-01-08,Website,19.27
ORD-001521,C00133,Olivia Clark | United Kingdom | Premium,Home and Kitchen,353.01,6,2025-09-20,Mobile App,2118.06
ORD-001522,C00528,Ella Baker | United Kingdom | Basic,TOYS,450.88,2,2025-01-14,Mobile App,901.76
ORD-001523,C01714,Ryan Mitchell | Germany | Plus,Electronics ,90.38,2,2025-11-26,Website,180.76
ORD-001524,C00629,James Brown | Australia | Basic,Sports,437.76,2,2025-05-26,Marketplace,875.52
ORD-001525,C00809,Ethan Hall | UAE | Basic,Office Supplies,376.5,2,2026-03-22,Mobile App,753.0
ORD-001526,C02295,Ella Nelson | France | Basic,ELECTRONICS,567.25,1,2026-02-10,Mobile App,567.25
ORD-001527,C00508,Ethan Johnson | United Kingdom | Basic,TOYS,400.85,4,2026-04-28,Marketplace,1603.4
ORD-001528,C00038,Emma Smith | France | Premium,Sports,170.85,1,2025-10-13,Marketplace,170.85
ORD-001529,C00264,Mia Mitchell | United Kingdom | Basic,Electronics,258.69,4,2026-04-21,Website,1034.76
ORD-001530,C00126,Olivia Baker | Germany | Basic,Books,220.35,6,2025-01-29,Website,1322.1
ORD-001531,C01349,Lina Walker | United States | Plus,Home & Kitchen,99.19,0,2026-02-27,Mobile App,297.57
ORD-001532,C02113,James Martin | UAE | Premium,electronic,69.11,3,2026-01-03,Website,207.33
ORD-001533,C01302,Layla Johnson | Singapore | Basic,Electroncs,402.81,4,2026-03-02,Website,1611.24
ORD-001534,C02994,Liam Wilson | France | Basic,Sports,462.61,2,2026-01-17,Mobile App,925.22
ORD-001535,C02860,Ella Patel | United Kingdom | Basic,Sport,431.97,2,2026-07-20,Website,863.94
ORD-001536,C01329,Sophia Wilson | United Kingdom | Plus,Sprots,293.45,6,2025-11-08,Mobile App,1760.7
ORD-001537,C01433,Adam Smith | Singapore | Basic,Books & Media,554.16,6,2025-11-10,Retail Store,3324.96
ORD-001538,C01658,Liam Hassan | United States | Plus,beauty ,566.71,6,2025-07-23,Marketplace,3400.26
ORD-001539,C00192,Olivia Wilson | United States | Plus,Home & Kitchen,506.27,3,2025-11-29,Marketplace,1518.81
ORD-001540,C02075,Noah Patel | Germany | Basic,TOYS,293.62,4,2026-07-11,Mobile App,1174.48
ORD-001541,C01647,Alex Patel | France | Basic,Electronics,185.06,4,2025-01-20,Mobile App,740.24
ORD-001542,C00082,Omar Wright | Germany | Basic,Boks,523.0,3,2026-07-01,Website,1569.0
ORD-001543,C02895,Lucas Khan | Germany | Premium,Office Supplies,284.91,5,2025-11-13,Mobile App,1424.55
ORD-001544,C00730,Adam Walker | Singapore | Plus,Sports,218.55,6,2025-10-30,Marketplace,1311.3
ORD-001545,C02443,Chloe Walker | UAE | Basic,Beauty,517.29,6,2026-02-21,Retail Store,3103.74
ORD-001546,C01316,Maya Hall | United States | Basic,Office Supplies,638.79,5,2025-04-01,Website,3193.95
ORD-001547,C02788,Amelia Taylor | Singapore | Basic,Sports & Fitness,519.88,5,2025-08-17,Website,2599.4
ORD-001548,C02903,Ella Smith | United Kingdom | Basic,Books & Media,272.0,4,2025-05-27,Retail Store,1088.0
ORD-001549,C01025,Noah Lee | United Kingdom | Plus,Clothing & Apparel,74.37,6,2026-02-03,Website,446.22
ORD-001550,C02251,Adam Lee | Canada | Plus,Clothng,306.1,5,2025-02-09,Website,1530.5
ORD-001551,C01428,Chloe Clark | UAE | Basic,Beauty,136.91,2,2026-06-19,Retail Store,273.82
ORD-001552,C00249,Adam Thomas | Canada | Plus,Electronics ,182.45,2,2026-03-20,Website,364.9
ORD-001553,C00533,Lucas Johnson | Singapore | Premium,Sports,187.89,4,2025-04-19,Website,751.56
ORD-001554,C01010,Amelia Taylor | Canada | Premium,Office Supplies,88.87,5,2025-04-18,Marketplace,444.35
ORD-001555,C02851,Omar Garcia | UAE | Premium,Toys ,143.22,2,2026-05-13,Marketplace,286.44
ORD-001556,C00597,Nora Davis | Australia | Basic,Clothing & Apparel,560.55,5,2026-06-09,Retail Store,2802.75
ORD-001557,C02100,Ella Garcia | Singapore | Plus,Home & Kitchen,506.04,3,2026-04-24,Retail Store,1518.12
ORD-001558,C02854,Sophia Davis | UAE | Premium,Sports,13.0,5,2025-01-05,Retail Store,65.0
ORD-001559,C00972,Alex Lee | United Kingdom | Plus,Office Supplies,381.69,5,2025-11-01,Marketplace,1908.45
ORD-001560,C01281,Omar Garcia | France | Basic,Office Supply,431.2,6,,Marketplace,2587.2
ORD-001561,C00452,Olivia Lewis | United Kingdom | Basic,Electronics,589.37,5,2025-06-24,Retail Store,2946.85
ORD-001562,C00555,Ava Wright | Singapore | Basic,Toy,190.49,3,2025-08-26,Marketplace,571.47
ORD-001563,C01852,Lina Wright | France | Premium,Clothng,450.42,1,2025-02-01,Marketplace,450.42
ORD-001564,C01022,Chloe Mitchell | Germany | Plus,Clothing,141.97,5,2026-06-13,Marketplace,709.85
ORD-001565,C02567,Yusuf Khan | Canada | Basic,Electronics,459.85,5,2026-03-16,Marketplace,2299.25
ORD-001566,C02074,Ava Green | United Kingdom | Basic,Clothing,599.84,2,2026-05-24,Marketplace,1199.68
ORD-001567,C01707,Adam Anderson | France | Basic,Home & Kitchen,206.31,5,2025-08-12,Marketplace,1031.55
ORD-001568,C02774,Liam Adams | Canada | Basic,Electronics,142.76,6,2026-03-30,Website,856.56
ORD-001569,C02813,Henry Lewis | France | Premium,Office Supplies,67.84,4,2025-07-17,Marketplace,271.36
ORD-001570,C02694,James Young | France | Plus,Electroncs,323.56,1,2026-07-02,Mobile App,323.56
ORD-001571,C01589,Adam King | United States | Basic,Beauty,467.21,2,2026-05-29,Marketplace,934.42
ORD-001572,C01158,Sara Anderson | Canada | Premium,Electronics,270.15,2,2025-12-15,Mobile App,540.3
ORD-001573,C02271,Lucas Lee | UAE | Basic,Clothes,475.27,1,2025-08-18,Website,475.27
ORD-001574,C00567,Omar Green | France | Plus,Toys,302.15,2,2025-11-18,Marketplace,604.3
ORD-001575,C00487,James Davis | United States | Plus,Book,176.14,2,2025-02-24,Mobile App,352.28
ORD-001576,C00573,Ryan Taylor | Singapore | Premium,Beauty,320.59,4,2025-10-27,Retail Store,1282.36
ORD-001577,C02509,Henry Brown | Singapore | Basic,CLOTHING,163.64,5,2026-01-01,Marketplace,818.2
ORD-001578,C01508,Layla Martin | United States | Premium,Clothes,594.26,1,2025-06-02,Website,594.26
ORD-001579,C00168,Isla Johnson | Germany | Basic,Toys,54.82,3,2026-03-05,Marketplace,164.46
ORD-001580,C01088,Jack Wright | Germany | Premium,Clothing,520.98,4,2025-04-24,Mobile App,2083.92
ORD-001581,C00442,Omar Young | UAE | Premium,Sprots,67.41,5,2025-06-01,Retail Store,337.05
ORD-001582,C02773,Alex King | Australia | Basic,ELECTRONICS,26.56,3,2026-02-19,Website,79.68
ORD-001583,C00631,Sara Hassan | United States | Basic,BEAUTY,424.55,5,2025-01-28,Marketplace,2122.75
ORD-001584,C01582,Jack Ahmed | UAE | Basic,Books,454.02,5,2025-09-12,Website,2270.1
ORD-001585,C01052,Daniel Baker | UAE | Basic,Clothing,380.56,3,2025-02-22,Mobile App,1141.68
ORD-001586,C01671,Layla Brown | UAE | Basic,Sports & Fitness,11.75,4,2026-05-26,Retail Store,47.0
ORD-001587,C02208,Layla Hall | Germany | Plus,Boks,156.62,2,2025-05-21,Retail Store,313.24
ORD-001588,C01680,Emma Wilson | Australia | Basic,Sports,47.15,5,2026-02-25,Website,235.75
ORD-001589,C00120,Omar Taylor | Australia | Premium,Beautyy,264.7,2,2026-01-22,Mobile App,529.4
ORD-001590,C01738,Nora Hall | United Kingdom | Basic,Electronics,125.57,6,2025-03-05,Retail Store,753.42
ORD-001591,C01535,Lucas King | Singapore | Basic,Clothes,74.44,4,2025-02-08,Retail Store,297.76
ORD-001592,C02636,James Khan | Germany | Premium,Office Supplies,50.63,6,2025-12-15,Website,303.78
ORD-001593,C00708,Sam King | Canada | Basic,Electronics,552.56,5,2025-09-16,Marketplace,2762.8
ORD-001594,C02506,Leo Khan | France | Basic,Electronics,313.09,5,2025-06-17,Website,1565.45
ORD-001595,C01567,Layla Taylor | France | Premium,Beauty Products,424.52,5,2025-09-01,Mobile App,2122.6
ORD-001596,C02410,Chloe Johnson | United States | Basic,Home Kitchen,378.86,2,2026-01-22,Mobile App,757.72
ORD-001597,C00461,Sara Garcia | Australia | Basic,ELECTRONICS,23.49,2,2025-03-29,Mobile App,46.98
ORD-001598,C00710,Sophia Wilson | UAE | Plus,Toys,584.28,1,2025-05-09,Mobile App,584.28
ORD-001599,C02093,Liam Green | UAE | Plus,Sport,488.47,4,2025-07-06,Retail Store,1953.88
ORD-001600,C00222,Olivia Walker | United Kingdom | Plus,Clothing,215.77,5,2026-07-09,Retail Store,1078.85
ORD-001601,C00683,Leo Ahmed | United States | Plus,Beauty,104.34,2,2026-06-15,Website,208.68
ORD-001602,C00325,Olivia Johnson | France | Plus,Beauty,363.06,5,2025-10-26,Marketplace,1815.3
ORD-001603,C01704,Isla Nelson | Australia | Plus,Toys,215.7,5,2025-10-05,Retail Store,1078.5
ORD-001604,C01673,Olivia Thomas | Singapore | Premium,ELECTRONICS,533.37,4,2025-01-20,Retail Store,2133.48
ORD-001605,C01087,Alex Johnson | Canada | Premium,Office Supplies,172.67,6,2025-12-17,Mobile App,1036.02
ORD-001606,C01482,Alex Smith | United Kingdom | Premium,Office Supplies,306.76,5,2025-09-14,Retail Store,1533.8
ORD-001607,C02027,Lucas Patel | Singapore | Premium,Books,528.22,1,2025-10-07,Retail Store,528.22
ORD-001608,C01303,Emma Hall | France | Basic,Office Supplies,646.15,1,2025-03-30,Mobile App,646.15
ORD-001609,C02519,Daniel Garcia | Germany | Basic,Office  Supplies,358.15,2,2025-06-08,Retail Store,716.3
ORD-001610,C02140,Daniel King | Singapore | Plus,Electronic Goods,336.88,2,2025-05-31,Retail Store,673.76
ORD-001611,C02815,Lina Wilson | Singapore | Basic,Home Kitchen,172.72,4,2026-03-25,Website,690.88
ORD-001612,C00006,Emma Taylor | Germany | Plus,Clothing,55.39,4,2026-06-13,Retail Store,221.56
ORD-001613,C00137,Ella Smith | Canada | Premium,Clothing,263.1,6,2026-06-12,Website,1578.6
ORD-001614,C00825,Olivia Adams | France | Basic,Home and Kitchen,265.41,6,2025-11-09,Retail Store,1592.46
ORD-001615,C02365,Alex Hassan | United States | Plus,Clothes,307.04,2,2026-06-21,Mobile App,614.08
ORD-001616,C00505,Leo Smith | Germany | Premium,Beauty Products,93.3,3,2026-01-05,Mobile App,279.9
ORD-001617,C01529,Isla Carter | Germany | Basic,Books,516.23,4,2025-03-28,Website,2064.92
ORD-001618,C02527,Layla Baker | Germany | Plus,Books,290.19,5,2025-05-02,Retail Store,1450.95
ORD-001619,C00005,Ava Lewis | UAE | Premium,Toys,243.31,1,2025-02-10,Retail Store,243.31
ORD-001620,C01915,Chloe Ahmed | United Kingdom | Basic,Home Kitchen,310.31,1,2025-10-20,Website,310.31
ORD-001621,C01168,Olivia Brown | Germany | Basic,Sports,379.5,5,2026-03-30,Retail Store,1897.5
ORD-001622,C01856,Sophia Carter | UAE | Plus,Beautyy,272.39,3,2025-02-24,Marketplace,817.17
ORD-001623,C00276,Emma Wilson | Germany | Basic,Home & Kitchen,601.91,5,2025-02-22,Retail Store,3009.55
ORD-001624,C00209,Henry Thomas | Germany | Basic,Home & Kitchen,240.16,6,2025-06-30,Website,1440.96
ORD-001625,C01525,Yusuf Moore | France | Premium,Electronics,193.22,6,2026-04-30,Mobile App,1159.32
ORD-001626,C02811,Lina Miller | United Kingdom | Plus,Sports & Fitness,120.34,5,2025-03-25,Website,601.7
ORD-001627,C02764,Yusuf Nelson | United States | Premium,Beautyy,241.67,4,2026-04-30,Marketplace,966.68
ORD-001628,C02656,Lina Green | United Kingdom | Basic,Office Supply,433.87,6,2025-12-08,Mobile App,2603.22
ORD-001629,C02455,Daniel Clark | France | Plus,Toys,642.14,6,2025-11-13,Marketplace,3852.84
ORD-001630,C00685,Lina Clark | UAE | Basic,Clothing,443.24,6,2025-09-22,Mobile App,2659.44
ORD-001631,C00231,Chloe Young | United States | Basic,Books,80.11,3,2025-08-05,Retail Store,240.33
ORD-001632,C01195,Noah Patel | Singapore | Plus,Electronics ,554.13,6,2025-04-06,Mobile App,3324.78
ORD-001633,C00977,Nora Baker | United Kingdom | Plus,Office  Supplies,500.52,5,2026-03-31,Retail Store,2502.6
ORD-001634,C01620,Sophia King | UAE | Basic,Office Supplies,485.23,1,2026-01-21,Website,485.23
ORD-001635,C02172,Omar Green | Singapore | Premium,Clothing,526.85,1,2026-04-14,Marketplace,526.85
ORD-001636,C02453,Maya King | Germany | Basic,Electronic Goods,199.14,5,2026-02-05,Website,995.7
ORD-001637,C01127,Daniel Lewis | France | Plus,Books,338.71,1,2025-08-05,Marketplace,338.71
ORD-001638,C02062,Yusuf Green | Singapore | Basic,Toys,36.5,6,2025-12-31,Retail Store,219.0
ORD-001639,C01047,Alex Green | Australia | Plus,Books,404.05,5,2026-03-24,Mobile App,2020.25
ORD-001640,C00749,Daniel Brown | Germany | Basic,Books,211.39,2,2026-03-28,Website,462.78
ORD-001641,C00399,Nora Carter | France | Basic,Home & Kitchen,592.85,1,2026-06-15,Marketplace,592.85
ORD-001642,C02839,Ethan Young | Singapore | Plus,HOME & KITCHEN,271.16,3,2026-03-11,Marketplace,813.48
ORD-001643,C02444,Daniel Miller | United Kingdom | Basic,SPORTS,163.48,1,2026-02-26,Website,163.48
ORD-001644,C02049,Leo Garcia | UAE | Plus,Sports,299.17,6,2025-07-23,Marketplace,1795.02
ORD-001645,C02840,Lina Mitchell | Australia | Basic,ELECTRONICS,575.95,1,2025-06-01,Retail Store,575.95
ORD-001646,C01085,Ryan Thomas | Canada | Basic,Beauty,433.28,4,2025-05-18,Website,1733.12
ORD-001647,C01372,Ryan Carter | United Kingdom | Basic,Clothing,536.04,2,2026-06-14,Retail Store,1072.08
ORD-001648,C02245,Lina Garcia | United Kingdom | Plus,Home Kitchen,629.69,2,2025-10-16,Retail Store,1259.38
ORD-001649,C02798,Ava Hassan | UAE | Premium,Book,187.43,5,2025-11-09,Retail Store,937.15
ORD-001650,C00021,Jack Anderson | Canada | Plus,Books,608.54,2,2025-04-17,Retail Store,1217.08
ORD-001651,C02954,Henry Johnson | Germany | Basic,Book,59.29,2,2026-03-17,Website,118.58
ORD-001652,C01877,Omar Johnson | Singapore | Basic,Beauty,37.97,5,2025-10-05,Marketplace,189.85
ORD-001653,C00591,Amelia Davis | United Kingdom | Premium,Beauty,405.64,4,2026-05-31,Retail Store,1622.56
ORD-001654,C02416,Lina Lewis | France | Basic,Office  Supplies,195.88,3,2025-12-04,Marketplace,587.64
ORD-001655,C01852,Lina Wright | France | Premium,Boks,185.88,2,2025-04-29,Mobile App,371.76
ORD-001656,C02958,Zoe Ahmed | Canada | Premium,Sports,451.63,1,2026-03-22,Mobile App,451.63
ORD-001657,C02849,Jack Hassan | Germany | Premium,Office Supplies,642.21,1,2025-08-02,Marketplace,642.21
ORD-001658,C01544,Ava Garcia | Canada | Basic,Sports,78.74,1,2025-10-13,Marketplace,78.74
ORD-001659,C01207,Amelia Wright | Australia | Basic,Office Supplies,469.31,4,2025-12-24,Retail Store,1877.24
ORD-001660,C00487,James Davis | United States | Plus,HOME & KITCHEN,363.69,4,2026-02-16,Mobile App,1454.76
ORD-001661,C02889,Lina Lee | UAE | Plus,Beautyy,565.07,2,2025-03-05,Retail Store,1130.14
ORD-001662,C00116,Leo Carter | United States | Premium,Toys,340.61,3,2025-11-20,Mobile App,1021.83
ORD-001663,C00419,Isla Moore | UAE | Premium,Toys,91.37,6,2025-11-03,Mobile App,548.22
ORD-001664,C01017,James Carter | Germany | Basic,Electronics,624.44,4,2025-06-30,Retail Store,2497.76
ORD-001665,C00277,Nora Clark | UAE | Basic,Toy,190.14,2,2026-04-13,Marketplace,380.28
ORD-001666,C01714,Ryan Mitchell | Germany | Plus,SPORTS,91.06,1,2025-03-20,Mobile App,91.06
ORD-001667,C02227,Nora Moore | Canada | Basic,Electronics,365.76,2,2026-05-15,Website,731.52
ORD-001668,C01619,Adam Taylor | United States | Plus,Toys,574.19,6,2025-12-22,Marketplace,3445.14
ORD-001669,C02104,Isla Taylor | United Kingdom | Premium,Toys,285.71,3,2025-10-31,Website,857.13
ORD-001670,C02142,Adam Anderson | Germany | Premium,Electronics,444.83,5,2025-06-30,Marketplace,2224.15
ORD-001671,C00572,James Baker | Australia | Basic,HOME & KITCHEN,343.73,6,2026-07-08,Retail Store,2062.38
ORD-001672,C01773,Liam Anderson | Canada | Premium,Electronics ,543.46,3,2025-10-07,Retail Store,1630.38
ORD-001673,C02414,Liam Mitchell | United States | Basic,Books,579.69,5,2026-06-30,Marketplace,2898.45
ORD-001674,C01840,Nora Brown | Australia | Premium,Electronics,163.33,1,2025-08-14,Mobile App,163.33
ORD-001675,C02527,Layla Baker | Germany | Plus,Office Supplies,492.35,6,2025-06-21,Mobile App,2954.1
ORD-001676,C00653,Lucas Garcia | Singapore | Basic,Electronics,614.43,4,2026-06-20,Retail Store,2457.72
ORD-001677,C01201,Isla Brown | United Kingdom | Plus,Beauty Products,316.24,6,2026-02-03,Mobile App,1897.44
ORD-001678,C01751,Henry Khan | Singapore | Basic,Clothing,347.5,2,2026-01-23,Website,695.0
ORD-001679,C02959,Omar Young | Singapore | Basic,Sports,646.11,5,2026-05-10,Retail Store,3230.55
ORD-001680,C02299,Sam Brown | Canada | Plus,SPORTS,630.69,4,2025-01-08,Retail Store,2522.76
ORD-001681,C00746,Sam Patel | Australia | Basic,SPORTS,417.24,3,2025-12-22,Marketplace,1251.72
ORD-001682,C01968,Ella Adams | United States | Basic,Sports,118.96,4,2025-05-13,Retail Store,475.84
ORD-001683,C02047,Adam Hall | Singapore | Plus,Electronics,144.33,3,2026-06-28,Marketplace,432.99
ORD-001684,C02891,Noah Smith | France | Premium,Office Supplies,506.05,2,2025-08-14,Mobile App,1012.1
ORD-001685,C00698,Sam Lewis | Australia | Basic,CLOTHING,600.39,4,2025-01-24,Marketplace,2401.56
ORD-001686,C02905,Ethan Carter | United States | Plus,Beauty Products,497.92,1,2025-06-06,Marketplace,497.92
ORD-001687,C01402,Olivia Taylor | Canada | Premium,Clothing,342.38,4,2025-08-17,Retail Store,1369.52
ORD-001688,C01877,Omar Johnson | Singapore | Basic,Electronics,274.5,1,2026-07-05,Website,274.5
ORD-001689,C01474,Sophia Davis | Singapore | Basic,Toy,264.33,3,2026-04-17,Mobile App,792.99
ORD-001690,C02162,Nora Martin | United States | Basic,TOYS,251.72,3,2025-01-11,Marketplace,830.16
ORD-001691,C01141,Liam Davis | United States | Premium,Books & Media,328.4,4,2025-08-22,Mobile App,1313.6
ORD-001692,C00768,Ethan Miller | UAE | Basic,Beautyy,627.41,1,2025-06-16,Marketplace,627.41
ORD-001693,C02230,Chloe Johnson | United Kingdom | Plus,Clothing,597.33,4,2026-03-25,Website,2389.32
ORD-001694,C00044,Ava Thomas | Canada | Plus,TOYS,442.72,2,2025-09-26,Marketplace,885.44
ORD-001695,C02387,Sophia Wilson | Germany | Plus,Boks,183.92,4,2026-05-15,Retail Store,735.68
ORD-001696,C00099,Yusuf Miller | Singapore | Basic,Clothing,90.24,1,2025-02-18,Mobile App,90.24
ORD-001697,C01004,Sophia Walker | Singapore | Basic,Electroncs,470.96,2,2026-06-01,Retail Store,941.92
ORD-001698,C00374,Ethan Wright | Singapore | Basic,Toys,166.68,2,2026-03-11,Website,333.36
ORD-001699,C01313,Jack Martin | United States | Plus,Home & Kitchen,18.36,6,2025-04-30,Marketplace,110.16
ORD-001700,C00895,Lucas Baker | United Kingdom | Plus,Sports,217.0,2,2026-04-15,Website,434.0
ORD-001701,C00530,Sophia Green | Australia | Plus,Office Supplies,500.26,5,2025-03-14,Marketplace,2501.3
ORD-001702,C01561,Amelia Young | Australia | Basic,Clothes,406.49,6,2026-04-19,Marketplace,2438.94
ORD-001703,C01448,Lucas Taylor | UAE | Basic,Office Supplies,400.46,3,2026-01-15,Marketplace,1201.38
ORD-001704,C00105,Lucas King | Australia | Plus,Clothing,161.69,6,2026-02-01,Mobile App,970.14
ORD-001705,C02307,Lucas Patel | Canada | Plus,Home & Kitchen,337.71,3,2025-10-21,Website,1013.13
ORD-001706,C02291,James Hall | Australia | Plus,Sport,450.62,2,2025-05-15,Marketplace,901.24
ORD-001707,C00588,Isla Johnson | Australia | Basic,Electronics ,504.56,6,2026-05-28,Mobile App,3027.36
ORD-001708,C00305,Omar Khan | Singapore | Plus,Toy,568.83,1,2025-07-09,Website,568.83
ORD-001709,C01227,Isla Thomas | Australia | Basic,Clothing,197.58,6,2025-06-02,Website,1185.48
ORD-001710,C00838,Zoe Hassan | United Kingdom | Plus,Electronic Goods,94.56,6,2026-01-30,Marketplace,567.36
ORD-001711,C01898,Sara Walker | Singapore | Basic,Sports,505.19,6,2025-05-25,Marketplace,3031.14
ORD-001712,C00233,Alex Wilson | UAE | Basic,SPORTS,446.46,3,2025-09-05,Mobile App,1339.38
ORD-001713,C02964,Ethan Taylor | Australia | Basic,Home Kitchen,644.87,6,2025-10-20,Website,3869.22
ORD-001714,C02877,Ethan Lee | UAE | Premium,Beauty,157.56,4,2025-01-23,Marketplace,630.24
ORD-001715,C00370,Daniel Clark | Germany | Basic,Beauty Products,536.11,1,2025-02-09,Marketplace,536.11
ORD-001716,C02943,Olivia Carter | France | Basic,Beauty,211.16,5,2025-03-04,Website,1055.8
ORD-001717,C01157,James Clark | Singapore | Premium,Office Supply,64.39,3,2025-08-31,Mobile App,193.17
ORD-001718,C01331,Lucas Wright | UAE | Basic,Books,363.24,1,2025-03-31,Website,363.24
ORD-001719,C00836,Sara Wright | United Kingdom | Basic,Books & Media,635.48,6,2025-09-26,Marketplace,3812.88
ORD-001720,C01938,Noah Lee | Australia | Plus,Home & Kitchen,500.39,5,2026-03-19,Mobile App,2501.95
ORD-001721,C01892,Jack Ahmed | Singapore | Plus,Toys,126.77,1,2025-09-02,Marketplace,126.77
ORD-001722,C00527,Chloe Young | United States | Plus,Home Kitchen,24.15,2,2025-06-19,Website,48.3
ORD-001723,C02851,Omar Garcia | UAE | Premium,Sports,32.84,2,2025-10-24,Marketplace,65.68
ORD-001724,C02296,Ryan Baker | Singapore | Plus,Electronics,618.38,5,2025-02-21,Website,3091.9
ORD-001725,C02370,Liam Lewis | Canada | Premium,Toy,527.65,3,2025-06-11,Mobile App,1657.95
ORD-001726,C00480,Isla Lewis | Singapore | Basic,Home and Kitchen,30.69,5,2025-06-07,Website,153.45
ORD-001727,C02748,Zoe Miller | France | Basic,Sports,627.01,4,2025-07-31,Website,2508.04
ORD-001728,C01812,Zoe Hassan | Canada | Plus,Beauty,573.54,4,2026-02-13,Retail Store,2294.16
ORD-001729,C00221,Ethan Lee | Germany | Basic,Boks,572.9,6,2025-03-12,Retail Store,3437.4
ORD-001730,C00349,Sam Clark | UAE | Basic,ELECTRONICS,451.33,2,2025-04-05,Website,902.66
ORD-001731,C02074,Ava Green | United Kingdom | Basic,Office Supplies,529.94,3,2025-01-31,Website,1589.82
ORD-001732,C00980,Olivia Taylor | UAE | Basic,Sports & Fitness,498.01,1,2025-09-12,Marketplace,498.01
ORD-001733,C01080,Nora Wright | Canada | Basic,Clothing,56.72,4,2026-06-16,Retail Store,226.88
ORD-001734,C01601,Daniel Moore | United Kingdom | Premium,Clothing,326.14,6,2025-12-22,Mobile App,1956.84
ORD-001735,C01467,Leo Moore | Australia | Plus,Office Supplies,537.89,1,2025-08-02,Website,537.89
ORD-001736,C01616,Lucas Smith | Singapore | Basic,ELECTRONICS,327.12,6,2026-05-31,Website,1962.72
ORD-001737,C00381,Leo Hall | Australia | Basic,Electronics,492.62,6,2025-02-01,Mobile App,2955.72
ORD-001738,C02349,Mia Lee | France | Basic,TOYS,46.32,2,2026-02-13,Retail Store,92.64
ORD-001739,C00094,Zoe Patel | France | Premium,Electronics,188.0,5,2026-02-11,Retail Store,940.0
ORD-001740,C02812,Lucas Khan | United Kingdom | Plus,SPORTS,641.53,2,2025-09-11,Mobile App,1283.06
ORD-001741,C02827,Maya Wilson | Australia | Basic,Office Supplies,76.95,4,2025-11-22,Website,307.8
ORD-001742,C00109,Yusuf Walker | United Kingdom | Basic,OFFICE SUPPLIES,183.77,1,2025-02-19,Retail Store,183.77
ORD-001743,C00811,Ethan Smith | Canada | Plus,Sports,145.95,3,2025-02-01,Retail Store,437.85
ORD-001744,C01383,Lina Hassan | United States | Premium,Office Supplies,355.55,6,2026-06-23,Mobile App,2133.3
ORD-001745,C02553,Layla Mitchell | Australia | Plus,Beauty,392.86,3,2025-01-06,Retail Store,1178.58
ORD-001746,C00764,Layla Johnson | United Kingdom | Basic,Beauty,594.32,3,2025-05-25,Marketplace,1782.96
ORD-001747,C02255,Daniel Lewis | United Kingdom | Basic,Clothing & Apparel,210.76,3,2025-04-26,Mobile App,632.28
ORD-001748,C02541,Yusuf Hassan | United Kingdom | Basic,Home & Ktchen,509.76,4,2025-08-08,Marketplace,2039.04
ORD-001749,C02128,Noah Lee | Australia | Plus,Beauty Products,282.72,2,2026-07-10,Mobile App,565.44
ORD-001750,C02244,James Thomas | France | Basic,Office Supplies,547.96,5,2025-07-17,Mobile App,2739.8
ORD-001751,C00986,Mia Young | Canada | Premium,Electronics,158.74,6,2025-09-19,Retail Store,952.44
ORD-001752,C01492,Alex Thomas | United Kingdom | Premium,Books,339.84,3,2026-05-07,Marketplace,1019.52
ORD-001753,C00403,Yusuf Martin | Canada | Plus,Toys,91.2,1,2026-02-14,Mobile App,91.2
ORD-001754,C00433,Liam Hall | Germany | Basic,Office Supplies,376.99,2,2026-05-08,Retail Store,753.98
ORD-001755,C00153,Sam Baker | United Kingdom | Basic,Home & Kitchen,201.48,5,2026-06-10,Website,1007.4
ORD-001756,C00455,Lucas Johnson | Singapore | Basic,Books,245.14,1,2025-07-02,Website,245.14
ORD-001757,C02895,Lucas Khan | Germany | Premium,Books & Media,251.16,6,2025-03-12,Website,1506.96
ORD-001758,C01697,Yusuf Moore | France | Plus,Toys,255.96,3,2025-02-01,Mobile App,767.88
ORD-001759,C01537,Sara Wright | Australia | Basic,Home & Kitchen,114.4,5,2025-01-23,Marketplace,572.0
ORD-001760,C01400,Sam Mitchell | UAE | Plus,Clothing & Apparel,251.06,3,2025-12-26,Marketplace,753.18
ORD-001761,C00719,Yusuf Khan | France | Premium,Toys,251.51,2,2025-09-19,Mobile App,503.02
ORD-001762,C02048,Amelia Taylor | Australia | Premium,Office Supplies,525.97,3,2025-07-23,Marketplace,1577.91
ORD-001763,C02772,Omar Patel | United States | Premium,Book,187.92,3,2025-12-13,Marketplace,563.76
ORD-001764,C02764,Yusuf Nelson | United States | Premium,Toys & Games,13.2,1,2025-01-08,Website,13.2
ORD-001765,C00380,Ava Davis | France | Basic,Toy,105.28,2,2025-06-03,Mobile App,210.56
ORD-001766,C02141,Ryan Green | UAE | Premium,Toys & Games,590.31,4,2025-05-09,Website,2361.24
ORD-001767,C02670,James Lee | UAE | Premium,Office Supples,258.45,2,2026-06-28,Mobile App,516.9
ORD-001768,C02192,Mia Miller | Canada | Basic,Clothes,612.93,1,2025-11-29,Retail Store,612.93
ORD-001769,C00088,Sophia Green | Germany | Plus,Sports,395.93,6,2025-03-29,Retail Store,2375.58
ORD-001770,C02798,Ava Hassan | UAE | Premium,Clothing,52.24,1,2026-02-26,Marketplace,52.24
ORD-001771,C00079,Sara Clark | Canada | Plus,Sports,411.22,5,2025-10-06,Mobile App,2056.1
ORD-001772,C01941,Yusuf Baker | Canada | Plus,Office Supplies,277.33,6,2026-05-14,Marketplace,1663.98
ORD-001773,C02919,Liam Garcia | United Kingdom | Basic,CLOTHING,203.39,1,2025-07-05,Marketplace,203.39
ORD-001774,C01045,Daniel Patel | United States | Basic,Book,282.33,4,2025-12-04,Marketplace,1129.32
ORD-001775,C00567,Omar Green | France | Plus,HOME & KITCHEN,313.32,6,2025-12-29,Retail Store,1879.92
ORD-001776,C00535,Lucas Young | Singapore | Basic,Office Supplies,12.48,5,2025-01-13,Website,62.4
ORD-001777,C01700,Lucas Clark | United Kingdom | Basic,Home and Kitchen,139.02,4,2025-11-10,Retail Store,556.08
ORD-001778,C02376,Mia Taylor | Singapore | Basic,Book,383.41,3,2025-08-28,Marketplace,1150.23
ORD-001779,C02762,Lina Walker | Canada | Plus,Home & Ktchen,144.26,6,2025-08-22,Mobile App,865.56
ORD-001780,C01731,Daniel Walker | United States | Basic,Boks,396.88,5,2025-04-04,Website,1984.4
ORD-001781,C00218,Ava Brown | UAE | Basic,Home & Kitchen,364.85,4,2025-04-16,Mobile App,1459.4
ORD-001782,C02798,Ava Hassan | UAE | Premium,Book,295.64,3,2025-03-18,Mobile App,886.92
ORD-001783,C00168,Isla Johnson | Germany | Basic,BOOKS,201.37,5,2025-10-16,Website,1006.85
ORD-001784,C02863,Amelia Baker | Canada | Premium,Books,579.98,6,2025-09-09,Marketplace,3479.88
ORD-001785,C02924,Sam Johnson | United Kingdom | Basic,Clothing & Apparel,137.28,5,2025-08-07,Retail Store,686.4
ORD-001786,C00693,Liam Lewis | United Kingdom | Plus,Office Supples,430.54,4,2026-07-23,Website,1722.16
ORD-001787,C02702,Daniel Carter | Singapore | Basic,Sports,273.85,2,2025-11-30,Retail Store,547.7
ORD-001788,C01122,Ava Miller | United States | Plus,Office  Supplies,69.09,4,2025-03-26,Marketplace,276.36
ORD-001789,C02121,Jack Smith | France | Basic,BEAUTY,640.1,6,2026-06-22,Retail Store,3840.6
ORD-001790,C00154,Lina Walker | United States | Basic,Books,608.89,6,2026-05-15,Website,3653.34
ORD-001791,C00476,Henry Khan | United Kingdom | Premium,Toys,606.97,3,2025-09-21,Marketplace,1820.91
ORD-001792,C01564,Ava Martin | France | Plus,HOME & KITCHEN,557.65,5,2025-09-04,Website,2788.25
ORD-001793,C02362,Adam Taylor | Canada | Basic,Office Supplies,118.31,3,2025-11-06,Retail Store,354.93
ORD-001794,C00872,Mia Adams | United Kingdom | Plus,Clothng,162.46,2,2026-05-10,Marketplace,324.92
ORD-001795,C02292,Maya Clark | Australia | Basic,Office Supplies,308.68,1,2025-05-04,Mobile App,308.68
ORD-001796,C01396,Isla Ahmed | United Kingdom | Basic,Sports,108.26,1,2026-07-23,Website,108.26
ORD-001797,C02256,Nora King | Germany | Plus,Beauty Products,317.87,4,2025-03-03,Retail Store,1271.48
ORD-001798,C02728,Isla Clark | Australia | Plus,Toys,102.85,1,2026-03-17,Marketplace,102.85
ORD-001799,C02945,Emma Lee | Canada | Plus,Sports,540.1,2,2026-01-05,Retail Store,1080.2
ORD-001800,C00259,Sophia Taylor | UAE | Basic,Toys,347.77,6,2025-04-22,Website,2086.62
ORD-001801,C00057,Alex Miller | UAE | Basic,Sport,311.01,6,2025-01-22,Retail Store,1866.06
ORD-001802,C00192,Olivia Wilson | United States | Plus,Sports,346.57,1,2026-06-09,Retail Store,346.57
ORD-001803,C02923,Layla Thomas | Singapore | Plus,Toys & Games,151.93,5,2025-02-07,Retail Store,759.65
ORD-001804,C02894,Yusuf Ahmed | Canada | Basic,electronic,158.22,5,2026-06-01,Marketplace,791.1
ORD-001805,C02433,Lina Wright | Canada | Basic,Beautyy,287.11,6,2025-11-08,Retail Store,1722.66
ORD-001806,C01677,Sara Miller | Australia | Premium,Beautyy,45.58,3,2026-05-02,Marketplace,136.74
ORD-001807,C02758,Daniel Hassan | France | Basic,BOOKS,210.96,4,2025-05-17,Retail Store,843.84
ORD-001808,C01929,Sam Adams | Singapore | Basic,Toys,65.2,3,2026-06-07,Mobile App,195.6
ORD-001809,C02057,Emma Khan | France | Plus,Home & Kitchen,181.9,5,2026-05-04,Marketplace,909.5
ORD-001810,C00015,Mia Lewis | UAE | Plus,Electronics,498.83,3,2025-06-02,Website,1496.49
ORD-001811,C00762,Ryan Anderson | United Kingdom | Plus,Toys ,400.36,4,2025-08-20,Website,1601.44
ORD-001812,C00888,Amelia Brown | United States | Plus,BEAUTY,433.67,4,2025-09-19,Marketplace,1734.68
ORD-001813,C00704,Liam Ahmed | Singapore | Plus,Clothng,162.68,2,2025-02-03,Retail Store,325.36
ORD-001814,C01057,Sam Walker | United Kingdom | Basic,Electronic Goods,222.74,2,2026-03-20,Marketplace,445.48
ORD-001815,C00601,Liam King | Germany | Basic,Beauty,485.93,4,2026-01-12,Website,1943.72
ORD-001816,C00513,Olivia Khan | France | Basic,Clothing & Apparel,317.31,2,2025-01-26,Website,634.62
ORD-001817,C02950,Maya Anderson | United States | Premium,CLOTHING,264.14,2,2026-02-22,Mobile App,528.28
ORD-001818,C00796,Chloe Patel | United States | Basic,Beauty,146.99,2,2025-09-22,Mobile App,293.98
ORD-001819,C00613,Ella Clark | Germany | Plus,Clothes,504.36,2,2026-06-17,Mobile App,1008.72
ORD-001820,C01907,Olivia Mitchell | France | Basic,BEAUTY,327.01,2,2025-06-30,Mobile App,654.02
ORD-001821,C01381,Daniel Khan | Australia | Basic,Sports,527.87,2,2026-04-28,Website,1055.74
ORD-001822,C00029,Amelia Brown | United States | Basic,Books,168.76,2,2025-02-04,Mobile App,337.52
ORD-001823,C01826,Layla Thomas | United States | Basic,Electronics,157.34,2,2025-07-21,Website,314.68
ORD-001824,C02590,Omar Smith | Germany | Plus,Sports,263.62,3,2025-03-26,Mobile App,790.86
ORD-001825,C01475,Mia Green | Australia | Basic,OFFICE SUPPLIES,599.83,6,2025-10-03,Retail Store,3598.98
ORD-001826,C00898,Jack Miller | Canada | Plus,Office Supplies,522.11,5,2026-01-16,Website,2610.55
ORD-001827,C01956,Ella Ahmed | Australia | Plus,Toys,354.68,4,2026-01-31,Marketplace,1418.72
ORD-001828,C01514,Adam Mitchell | Germany | Basic,Clothing,542.06,6,2025-05-28,Website,3252.36
ORD-001829,C01506,Jack Adams | Canada | Basic,Office Supply,516.07,5,2026-04-20,Mobile App,2580.35
ORD-001830,C01783,Ella Nelson | France | Basic,Books,465.79,2,2026-04-07,Mobile App,931.58
ORD-001831,C02653,Isla Hassan | Germany | Basic,Toys,403.76,3,2025-09-27,Mobile App,1211.28
ORD-001832,C02156,Sam Thomas | United Kingdom | Plus,Sport,31.93,5,2026-04-13,Retail Store,159.65
ORD-001833,C02773,Alex King | Australia | Basic,Sport,453.0,1,2025-01-24,Mobile App,453.0
ORD-001834,C00676,Sam Nelson | France | Plus,Home & Kitchen,494.23,3,2026-03-07,Marketplace,1482.69
ORD-001835,C01487,Henry Anderson | United Kingdom | Basic,Home and Kitchen,26.68,6,2025-12-06,Website,160.08
ORD-001836,C01623,Chloe Mitchell | France | Basic,Toys,424.71,6,2026-02-19,Website,2548.26
ORD-001837,C01652,Layla Thomas | Germany | Basic,Office Supplies,325.03,3,2026-04-28,Website,975.09
ORD-001838,C01220,Henry Taylor | Germany | Premium,Toys,382.45,5,2025-04-02,Website,1912.25
ORD-001839,C00947,Maya Davis | Canada | Basic,Clothing,557.81,2,2026-01-26,Mobile App,1115.62
ORD-001840,C00626,James Smith | United Kingdom | Plus,Home & Kitchen,495.4,5,2025-09-05,Retail Store,2477.0
ORD-001841,C01209,Sophia Miller | UAE | Plus,Sports,153.89,4,2025-09-21,Marketplace,615.56
ORD-001842,C02444,Daniel Miller | United Kingdom | Basic,Books,369.15,5,2025-11-25,Marketplace,1845.75
ORD-001843,C01699,Chloe Mitchell | Germany | Basic,Clothing,427.0,6,2025-07-23,Website,2562.0
ORD-001844,C01925,Sam King | Canada | Basic,Electronics,27.62,2,2025-06-03,Website,55.24
ORD-001845,C00065,Ryan Miller | Australia | Basic,Beauty Products,611.46,4,2026-01-25,Retail Store,2445.84
ORD-001846,C00908,Amelia Walker | Singapore | Plus,Beauty,429.5,4,2026-04-18,Mobile App,1718.0
ORD-001847,C02949,Lina Hall | Canada | Basic,Beauty,138.89,6,2026-06-02,Retail Store,833.34
ORD-001848,C01098,Zoe Taylor | United States | Plus,Sports,281.26,1,2026-02-05,Website,281.26
ORD-001849,C00394,Layla Baker | Germany | Basic,Home & Kitchen,201.77,1,2026-06-16,Retail Store,201.77
ORD-001850,C01624,Daniel Lee | UAE | Basic,Electronic Goods,634.68,2,2025-06-07,Retail Store,1269.36
ORD-001851,C01268,Maya Johnson | Australia | Premium,Boks,504.51,4,2025-07-22,Retail Store,2018.04
ORD-001852,C02106,Daniel Taylor | United Kingdom | Basic,Clothes,611.09,6,2025-04-04,Retail Store,3666.54
ORD-001853,C01765,Ryan Ahmed | Germany | Premium,Electronic Goods,438.55,5,2025-07-22,Retail Store,2192.75
ORD-001854,C00397,Ava Nelson | France | Basic,Toys,429.58,6,2026-01-10,Website,2577.48
ORD-001855,C00060,Adam Walker | Australia | Basic,Books,530.89,4,2025-10-06,Retail Store,2123.56
ORD-001856,C01784,Ava Wright | Australia | Premium,Books,516.86,4,2025-08-28,Retail Store,2067.44
ORD-001857,C02250,Adam Patel | France | Plus,Electronic Goods,216.69,6,2026-05-29,Website,1300.14
ORD-001858,C02701,Lucas Johnson | United Kingdom | Plus,Clothing,597.57,3,2025-03-31,Mobile App,1792.71
ORD-001859,C01813,James Nelson | Australia | Plus,Books & Media,65.69,4,2026-06-26,Mobile App,262.76
ORD-001860,C01823,Sara Patel | Germany | Basic,Books,235.43,3,2026-02-17,Marketplace,706.29
ORD-001861,C02536,Adam Johnson | France | Basic,Sports,108.85,4,2025-11-28,Website,435.4
ORD-001862,C00614,Nora Martin | United Kingdom | Premium,Sports,421.86,5,2026-02-04,Marketplace,2109.3
ORD-001863,C01611,Amelia Patel | Australia | Plus,Beauty,199.07,2,2025-08-26,Marketplace,398.14
ORD-001864,C01029,Layla Carter | United Kingdom | Plus,Toys,647.91,2,2025-07-11,Website,1295.82
ORD-001865,C02810,Sophia Davis | Germany | Basic,Clothing,331.58,2,2025-03-07,Website,663.16
ORD-001866,C02135,Sophia Hassan | UAE | Basic,Electronics,277.1,3,2025-10-25,Retail Store,831.3
ORD-001867,C01750,Jack Martin | United Kingdom | Premium,ELECTRONICS,523.03,5,2025-08-06,Retail Store,2615.15
ORD-001868,C01649,Alex Carter | UAE | Plus,Books,283.98,4,2025-05-06,Website,1135.92
ORD-001869,C01746,Olivia Wilson | France | Basic,Home & Kitchen,529.52,1,2025-02-15,Mobile App,529.52
ORD-001870,C02978,Maya Davis | United States | Plus,Toy,361.68,3,2026-02-23,Website,1085.04
ORD-001871,C02616,James Anderson | United Kingdom | Basic,Electronics,86.29,3,2026-06-18,Mobile App,258.87
ORD-001872,C00881,Nora Lee | Australia | Basic,Sports,274.77,5,2026-02-15,Website,1373.85
ORD-001873,C00412,James Davis | United States | Plus,Sports,488.87,3,2025-01-27,Mobile App,1466.61
ORD-001874,C02401,Olivia Wilson | United Kingdom | Premium,Clothing & Apparel,131.52,4,2026-06-16,Website,526.08
ORD-001875,C00434,Maya Patel | UAE | Plus,Electronics,528.34,3,2026-04-22,Website,1585.02
ORD-001876,C02220,Nora King | UAE | Basic,HOME & KITCHEN,42.71,5,2025-04-03,Marketplace,213.55
ORD-001877,C02489,Yusuf Patel | Singapore | Basic,Home & Kitchen,409.37,4,2026-01-18,Website,1637.48
ORD-001878,C01460,Sophia Wright | Canada | Premium,Clothing,439.16,1,2025-08-16,Retail Store,439.16
ORD-001879,C02181,Omar Baker | United States | Plus,Office Supplies,518.26,4,2026-05-20,Website,2073.04
ORD-001880,C01979,Sam Hall | Australia | Basic,Electronics,207.44,6,2025-06-01,Mobile App,1244.64
ORD-001881,C02897,Noah Wright | Singapore | Plus,Beauty Products,590.36,5,2026-01-10,Website,2951.8
ORD-001882,C02009,Jack Lewis | Germany | Premium,Home & Kitchen,106.25,1,2025-08-14,Mobile App,106.25
ORD-001883,C00576,Adam Miller | Germany | Plus,Home Kitchen,377.89,3,2025-06-17,Mobile App,1133.67
ORD-001884,C00173,Alex Anderson | United States | Premium,Books,613.81,1,2025-08-07,Retail Store,613.81
ORD-001885,C02770,Yusuf Wilson | UAE | Premium,HOME & KITCHEN,326.2,4,2026-06-19,Marketplace,1304.8
ORD-001886,C01579,Yusuf Mitchell | United States | Plus,Beauty Products,355.03,3,2026-02-02,Retail Store,1065.09
ORD-001887,C00436,Sam Lee | United Kingdom | Basic,Home and Kitchen,589.04,2,2025-05-15,Website,1178.08
ORD-001888,C02662,Sophia Hall | Canada | Basic,Sprots,387.8,4,2026-01-15,Website,1551.2
ORD-001889,C01759,Amelia Baker | United States | Basic,Clothing,115.45,1,2025-05-01,Retail Store,115.45
ORD-001890,C00197,Layla Patel | Canada | Basic,Home & Kitchen,436.19,1,2025-05-15,Mobile App,436.19
ORD-001891,C02784,Ethan Moore | UAE | Basic,Sports,216.02,2,2026-06-05,Retail Store,432.04
ORD-001892,C02379,Ethan King | Australia | Basic,Beauty,149.6,2,2025-10-19,Marketplace,299.2
ORD-001893,C02458,Liam Johnson | Canada | Premium,Toys,331.9,6,2025-04-18,Website,1991.4
ORD-001894,C02387,Sophia Wilson | Germany | Plus,Toy,497.61,5,2026-07-15,Website,2488.05
ORD-001895,C01181,Ella Garcia | Germany | Basic,Clothing,64.72,2,2025-05-25,Website,129.44
ORD-001896,C00890,Yusuf Martin | Singapore | Plus,Toys,267.68,1,2025-10-08,Website,267.68
ORD-001897,C02823,Ella Khan | Singapore | Basic,Electronics,519.09,6,2026-02-21,Website,3114.54
ORD-001898,C02217,Ella Ahmed | Australia | Basic,Home and Kitchen,590.27,4,2025-09-20,Website,2361.08
ORD-001899,C02261,Omar Taylor | UAE | Basic,Sports,216.75,5,2025-10-15,Marketplace,1083.75
ORD-001900,C00123,Jack Hall | Canada | Basic,Toys,528.92,6,2025-12-07,Website,3173.52
ORD-001901,C01696,Amelia Thomas | United States | Plus,Beautyy,176.01,4,2026-02-12,Retail Store,704.04
ORD-001902,C02434,Jack Lewis | UAE | Basic,Sport,358.55,6,2025-12-23,Website,2151.3
ORD-001903,C01996,Jack Moore | UAE | Basic,Books,57.73,3,2025-05-27,Website,173.19
ORD-001904,C01190,Ryan Anderson | Canada | Basic,Clothing,292.17,6,2026-03-18,Mobile App,1753.02
ORD-001905,C01296,Leo Khan | Singapore | Plus,Sport,350.37,6,2026-04-11,Retail Store,2102.22
ORD-001906,C01600,Olivia Nelson | Germany | Plus,Home & Ktchen,132.95,3,2025-04-09,Retail Store,398.85
ORD-001907,C01171,Amelia Davis | Canada | Plus,Office Supplies,265.05,6,2026-04-26,Marketplace,1590.3
ORD-001908,C02754,Lucas Mitchell | United States | Basic,TOYS,381.72,3,2025-01-15,Mobile App,1145.16
ORD-001909,C02812,Lucas Khan | United Kingdom | Plus,Toys,622.57,4,2025-03-28,Website,2490.28
ORD-001910,C01599,Ella Miller | France | Basic,Toys,354.54,6,2026-03-22,Website,2127.24
ORD-001911,C00777,Emma Carter | Australia | Plus,Books,181.02,2,2026-02-14,Retail Store,362.04
ORD-001912,C01979,Sam Hall | Australia | Basic,Electronics,250.67,3,2026-05-25,Retail Store,752.01
ORD-001913,C02801,Lucas Patel | Canada | Basic,Books,583.72,1,2026-05-25,Mobile App,583.72
ORD-001914,C00845,Liam Patel | Germany | Basic,Home Kitchen,214.57,2,2025-10-08,Mobile App,429.14
ORD-001915,C00832,Noah Wilson | United States | Basic,Clothing,258.25,6,2025-02-04,Website,1549.5
ORD-001916,C02135,Sophia Hassan | UAE | Basic,Clothing & Apparel,545.71,5,2025-11-13,Retail Store,2728.55
ORD-001917,C00257,Lucas Taylor | United States | Basic,Office Supplies,621.6,3,2025-02-27,Marketplace,1864.8
ORD-001918,C00616,Sam Lewis | United States | Basic,electronic,583.88,6,2025-12-05,Mobile App,3503.28
ORD-001919,C00360,Emma Green | Australia | Basic,Sports & Fitness,182.39,5,2026-02-28,Website,911.95
ORD-001920,C01350,Sara Ahmed | France | Plus,Sports,163.11,2,2025-05-10,Website,326.22
ORD-001921,C00028,Lucas Clark | United Kingdom | Basic,Home & Ktchen,181.53,0,2025-09-22,Mobile App,907.65
ORD-001922,C02972,Ethan Lee | Germany | Plus,Home Kitchen,591.39,3,2025-03-18,Marketplace,1774.17
ORD-001923,C00127,Ava Wright | Singapore | Plus,Office Supplies,453.82,3,2025-07-21,Retail Store,1361.46
ORD-001924,C01974,Sara Ahmed | France | Basic,Beautyy,36.5,3,2025-06-02,Website,109.5
ORD-001925,C00471,Olivia Martin | Canada | Basic,Toys ,154.05,2,2025-08-11,Retail Store,308.1
ORD-001926,C02551,Daniel Wilson | France | Basic,Home & Kitchen,17.45,6,2025-02-13,Retail Store,104.7
ORD-001927,C00617,Mia Thomas | Germany | Plus,Books,228.39,4,2026-04-20,Retail Store,913.56
ORD-001928,C00890,Yusuf Martin | Singapore | Plus,Clothing,297.69,4,2025-10-17,Marketplace,1190.76
ORD-001929,C00523,Sara Taylor | United Kingdom | Plus,Toys,200.58,6,2026-06-20,Mobile App,1203.48
ORD-001930,C00801,Ava Baker | France | Basic,OFFICE SUPPLIES,209.61,2,2025-10-30,Mobile App,419.22
ORD-001931,C00526,Noah King | Germany | Basic,Clothing,50.94,1,2026-04-23,Mobile App,50.94
ORD-001932,C02268,Daniel King | Australia | Basic,Electronics,169.26,2,2026-01-10,Mobile App,338.52
ORD-001933,C02270,Isla Baker | United Kingdom | Plus,Beauty,109.55,4,2025-09-26,Retail Store,438.2
ORD-001934,C01625,Jack Smith | United Kingdom | Plus,Office Supplies,462.77,4,2026-06-30,Mobile App,1851.08
ORD-001935,C02214,Ava Lee | Germany | Basic,Office Supplies,454.87,6,2026-05-28,Retail Store,2729.22
ORD-001936,C00324,Jack Smith | France | Plus,Beauty,208.86,4,2025-03-15,Mobile App,835.44
ORD-001937,C02936,Lucas Wilson | United Kingdom | Plus,Toys,129.31,5,2026-01-16,Mobile App,646.55
ORD-001938,C01623,Chloe Mitchell | France | Basic,Beauty,29.64,6,2025-10-30,Website,177.84
ORD-001939,C01053,Yusuf Patel | Germany | Basic,Books,533.73,6,2025-01-16,Retail Store,3202.38
ORD-001940,C00335,Zoe Mitchell | Germany | Basic,Boks,98.95,3,2026-01-27,Marketplace,296.85
ORD-001941,C01444,Omar Mitchell | United States | Basic,Office Supplies,144.7,2,2026-05-06,Website,289.4
ORD-001942,C00502,Adam Lewis | United Kingdom | Basic,Clothing,577.5,2,2026-04-07,Mobile App,1155.0
ORD-001943,C02549,Ethan Davis | Australia | Plus,TOYS,25.81,4,2025-01-26,Website,103.24
ORD-001944,C00844,Alex Brown | Canada | Plus,Books,392.84,3,2026-05-24,Marketplace,1178.52
ORD-001945,C02915,Lina Mitchell | UAE | Premium,CLOTHING,273.08,6,2025-03-12,Website,1638.48
ORD-001946,C01951,Sam Martin | UAE | Premium,Toys,647.41,6,2025-05-14,Website,3884.46
ORD-001947,C01501,Leo Green | UAE | Premium,Beauty,147.15,3,2026-03-24,Mobile App,441.45
ORD-001948,C02110,Adam Green | Australia | Basic,Beauty,382.32,3,2025-02-16,Mobile App,1146.96
ORD-001949,C00879,Sophia Davis | UAE | Premium,Home & Kitchen,154.7,2,2025-11-26,Marketplace,309.4
ORD-001950,C02281,Maya Moore | UAE | Plus,Electronics ,16.35,4,2026-04-07,Mobile App,65.4
ORD-001951,C02809,Isla Thomas | Germany | Basic,HOME & KITCHEN,612.61,6,2026-06-22,Mobile App,3675.66
ORD-001952,C01624,Daniel Lee | UAE | Basic,Office Supplies,472.06,4,2026-05-24,Marketplace,1888.24
ORD-001953,C00027,Lina Walker | France | Basic,Office Supplies,254.86,4,2025-12-28,Retail Store,1019.44
ORD-001954,C00052,Maya Lewis | UAE | Basic,Electroncs,250.12,4,2025-05-23,Mobile App,1000.48
ORD-001955,C02252,Henry Baker | United States | Basic,Beauty,513.43,2,2026-07-06,Mobile App,1026.86
ORD-001956,C00496,Alex Khan | Singapore | Basic,SPORTS,274.35,5,2026-07-05,Mobile App,1371.75
ORD-001957,C01970,Jack Brown | United Kingdom | Plus,Books & Media,281.63,2,2025-08-09,Mobile App,563.26
ORD-001958,C00810,Omar Walker | Singapore | Basic,ELECTRONICS,508.17,6,2026-03-18,Mobile App,3049.02
ORD-001959,C02713,Leo Lee | France | Basic,ELECTRONICS,431.64,4,2026-02-11,Website,1726.56
ORD-001960,C01119,Emma Young | United Kingdom | Basic,Clothng,124.24,1,2025-09-16,Marketplace,124.24
ORD-001961,C00843,Alex Khan | Australia | Plus,Clothing,185.55,6,2025-04-04,Website,1113.3
ORD-001962,C02134,Ryan Moore | United States | Premium,Boks,233.33,4,2025-06-07,Marketplace,933.32
ORD-001963,C00743,Sophia Green | United Kingdom | Basic,Home & Kitchen,488.96,4,2026-04-24,Website,1955.84
ORD-001964,C01941,Yusuf Baker | Canada | Plus,Electronics,473.85,6,2025-08-19,Retail Store,2843.1
ORD-001965,C01034,Daniel Garcia | Germany | Plus,Home & Kitchen,474.35,4,2025-12-25,Marketplace,1897.4
ORD-001966,C02263,Sam Patel | Singapore | Plus,Clothing,114.75,3,2025-09-10,Retail Store,344.25
ORD-001967,C02351,Isla Hassan | Singapore | Basic,Sprots,497.77,2,2026-02-24,Mobile App,995.54
ORD-001968,C02824,Sophia Young | France | Basic,Toys,121.39,4,2026-02-14,Retail Store,485.56
ORD-001969,C01752,Sara Taylor | Australia | Basic,Office Supplies,372.41,3,2026-01-05,Retail Store,1117.23
ORD-001970,C00295,Ava Patel | Singapore | Basic,SPORTS,64.87,3,2025-09-21,Website,194.61
ORD-001971,C02396,Leo Garcia | United Kingdom | Premium,Clothing,22.59,5,2026-07-15,Marketplace,112.95
ORD-001972,C00734,Sara Miller | Canada | Plus,Toys & Games,130.85,2,2025-01-14,Retail Store,261.7
ORD-001973,C01664,Mia Khan | United States | Basic,Home & Kitchen,28.8,1,2025-03-18,Website,28.8
ORD-001974,C00918,Lina Anderson | Germany | Basic,Home & Kitchen,628.81,5,2025-11-12,Marketplace,3144.05
ORD-001975,C00752,Isla Anderson | United States | Plus,Sports,328.36,3,2025-06-10,Website,985.08
ORD-001976,C01072,Lucas Miller | Canada | Basic,Electronics,344.54,6,2026-02-08,Website,2067.24
ORD-001977,C01575,Daniel Miller | United States | Basic,BOOKS,396.6,6,2025-11-16,Website,2379.6
ORD-001978,C01404,Daniel Ahmed | Germany | Plus,Office Supplies,599.97,6,2026-01-26,Retail Store,3599.82
ORD-001979,C02512,Yusuf Davis | United States | Basic,Toys,256.21,2,2025-07-05,Website,512.42
ORD-001980,C02393,Lucas Davis | Singapore | Basic,Toys,496.88,2,2026-04-15,Mobile App,993.76
ORD-001981,C01771,Daniel Adams | UAE | Premium,Books,44.21,2,2026-06-06,Retail Store,88.42
ORD-001982,C02325,James Taylor | Singapore | Plus,Office  Supplies,592.93,3,2026-04-26,Website,1778.79
ORD-001983,C02723,Ava Miller | UAE | Basic,Clothing,292.73,6,2025-07-20,Mobile App,1756.38
ORD-001984,C02003,Isla Martin | Canada | Plus,Office Supplies,445.23,1,2025-11-12,Website,445.23
ORD-001985,C01911,Sophia Carter | Singapore | Basic,Office Supplies,476.63,2,2026-02-28,Website,953.26
ORD-001986,C02402,Ethan Taylor | Singapore | Basic,Toys,334.14,4,2026-07-03,Retail Store,1336.56
ORD-001987,C00258,Liam Lewis | Canada | Basic,Electronics ,227.89,5,2026-05-01,Mobile App,1139.45
ORD-001988,C01421,Layla Ahmed | Australia | Plus,Toys ,561.33,4,2025-10-28,Mobile App,2245.32
ORD-001989,C02855,Layla Martin | Germany | Basic,Sprots,183.42,4,2026-05-24,Website,733.68
ORD-001990,C00690,James Brown | Canada | Premium,Toys,261.68,4,2026-05-20,Retail Store,1046.72
ORD-001991,C01437,Omar Anderson | UAE | Plus,TOYS,479.96,3,2026-06-15,Retail Store,1439.88
ORD-001992,C02687,Ethan Taylor | United Kingdom | Basic,Toys,533.88,3,2025-09-29,Retail Store,1601.64
ORD-001993,C00321,Chloe Adams | Australia | Basic,Clothing,527.38,6,2025-09-02,Marketplace,3164.28
ORD-001994,C01816,Sophia Brown | UAE | Basic,BOOKS,30.68,6,2025-05-13,Marketplace,184.08
ORD-001995,C00097,Sam Wright | Singapore | Basic,Clothing,116.5,4,2025-01-06,Marketplace,466.0
ORD-001996,C02783,Emma Khan | Germany | Basic,Toys,419.78,2,2025-09-22,Marketplace,839.56
ORD-001997,C00111,Lina Wilson | Singapore | Premium,Sports,187.18,3,2025-02-03,Retail Store,561.54
ORD-001998,C02151,Omar Ahmed | Germany | Premium,Electronics,146.22,5,2026-07-01,Marketplace,731.1
ORD-001999,C01651,James Martin | France | Basic,Sports,85.16,5,2026-02-21,Retail Store,425.8
ORD-002000,C01241,Nora King | Singapore | Premium,Electroncs,528.84,3,2025-01-30,Retail Store,1586.52
ORD-002001,C00907,Lucas King | France | Basic,Office Supplies,63.63,3,2025-01-02,Retail Store,165.89
ORD-002002,C00895,Lucas Baker | United Kingdom | Plus,BEAUTY,172.99,6,2025-01-31,Marketplace,1037.94
ORD-002003,C00424,Ella Lee | Singapore | Basic,Electronic Goods,269.39,2,2026-06-13,Mobile App,538.78
ORD-002004,C02184,Nora Young | France | Basic,Office Supply,139.84,4,2025-10-26,Retail Store,559.36
ORD-002005,C01914,Sam Adams | Singapore | Basic,Book,451.89,3,2026-02-08,Retail Store,1355.67
ORD-002006,C00153,Sam Baker | United Kingdom | Basic,Sports,587.95,2,2025-07-21,Retail Store,1175.9
ORD-002007,C01084,Chloe Miller | United Kingdom | Premium,Home & Kitchen,510.29,2,2025-10-18,Website,1020.58
ORD-002008,C00219,Mia Mitchell | United Kingdom | Plus,Home & Kitchen,321.83,6,2025-02-15,Retail Store,1930.98
ORD-002009,C02185,Ryan Moore | Germany | Plus,Home and Kitchen,218.17,5,2026-02-06,Marketplace,1090.85
ORD-002010,C02121,Jack Smith | France | Basic,Books,313.19,4,2026-04-26,Mobile App,1252.76
ORD-002011,C02124,Nora Young | Germany | Plus,Sprots,281.92,1,2025-09-27,Marketplace,281.92
ORD-002012,C00881,Nora Lee | Australia | Basic,Clothing,246.0,6,2026-04-30,Mobile App,1476.0
ORD-002013,C01399,Daniel Brown | United Kingdom | Premium,Electronics ,437.13,3,2025-07-07,Retail Store,1311.39
ORD-002014,C00130,Yusuf Garcia | Singapore | Plus,Beauty Products,474.08,1,2026-06-25,Retail Store,474.08
ORD-002015,C01369,Liam Wright | United States | Premium,Toys & Games,316.47,1,2026-07-09,Website,316.47
ORD-002016,C00656,Ella Hassan | Canada | Basic,Beauty,263.94,6,2025-04-08,Mobile App,1583.64
ORD-002017,C02335,Ava Baker | Australia | Basic,Home & Kitchen,304.16,4,2026-01-08,Marketplace,1216.64
ORD-002018,C02754,Lucas Mitchell | United States | Basic,Home and Kitchen,591.68,2,2025-09-12,Retail Store,1183.36
ORD-002019,C01685,Sam Wilson | United Kingdom | Basic,Office Supplies,331.98,6,2025-01-12,Retail Store,1991.88
ORD-002020,C02371,Nora Mitchell | Canada | Plus,Home Kitchen,523.2,6,2026-02-19,Marketplace,3139.2
ORD-002021,C00488,Adam Thomas | UAE | Basic,Electronic Goods,33.73,3,2025-02-06,Retail Store,101.19
ORD-002022,C02162,Nora Martin | United States | Basic,Sports & Fitness,422.23,6,2026-03-28,Marketplace,2533.38
ORD-002023,C02099,Omar Ahmed | United States | Premium,SPORTS,170.89,2,2025-12-26,Retail Store,341.78
ORD-002024,C00873,James Khan | United Kingdom | Plus,Toys ,431.51,3,2025-01-08,Marketplace,1294.53
ORD-002025,C01075,Alex Smith | United States | Basic,Beauty,44.61,5,2025-01-11,Mobile App,223.05
ORD-002026,C00483,Lucas Khan | United States | Plus,Office Supplies,164.82,5,2026-02-04,Marketplace,824.1
ORD-002027,C01007,Daniel Johnson | Canada | Basic,Home & Kitchen,341.12,6,2026-05-30,Marketplace,2046.72
ORD-002028,C01070,Maya Lee | France | Premium,BOOKS,368.56,5,2025-11-20,Mobile App,1842.8
ORD-002029,C00099,Yusuf Miller | Singapore | Basic,Sprots,29.14,6,2026-01-16,Retail Store,174.84
ORD-002030,C00021,Jack Anderson | Canada | Plus,Clothing,409.06,5,2025-02-25,Website,2045.3
ORD-002031,C01482,Alex Smith | United Kingdom | Premium,Beauty,31.76,6,2025-05-14,Retail Store,190.56
ORD-002032,C01561,Amelia Young | Australia | Basic,Sports,535.97,5,2025-06-19,Mobile App,2679.85
ORD-002033,C01468,Lucas Johnson | Australia | Basic,Toys,636.17,1,2025-01-31,Retail Store,636.17
ORD-002034,C02447,Lucas Nelson | UAE | Basic,Home & Ktchen,524.77,3,2025-03-03,Mobile App,1574.31
ORD-002035,C02797,Noah Johnson | France | Basic,Office Supplies,24.05,2,2025-05-30,Marketplace,48.1
ORD-002036,C00881,Nora Lee | Australia | Basic,Home & Kitchen,10.31,3,2025-10-27,Mobile App,30.93
ORD-002037,C00822,Sara Carter | UAE | Basic,Home and Kitchen,97.47,5,2025-02-09,Retail Store,487.35
ORD-002038,C02119,Daniel Thomas | UAE | Plus,BEAUTY,200.86,1,2025-05-08,Website,200.86
ORD-002039,C02321,Isla Moore | UAE | Basic,Sprots,591.88,1,2025-12-21,Marketplace,591.88
ORD-002040,C02174,Omar Smith | UAE | Basic,Books & Media,595.53,2,2026-01-03,Retail Store,1191.06
ORD-002041,C01989,Lina Brown | France | Basic,OFFICE SUPPLIES,528.79,5,2025-06-03,Marketplace,2643.95
ORD-002042,C02936,Lucas Wilson | United Kingdom | Plus,Clothes,159.58,3,2025-04-18,Marketplace,478.74
ORD-002043,C00347,Leo Lewis | Germany | Basic,Beauty,128.16,6,2026-06-12,Mobile App,768.96
ORD-002044,C01789,Liam Hassan | France | Premium,BOOKS,235.61,5,2025-04-11,Marketplace,1178.05
ORD-002045,C00757,Ella King | Australia | Plus,Clothing,447.97,4,2026-06-25,Website,1791.88
ORD-002046,C01379,Daniel Patel | Singapore | Plus,Clothing,41.96,2,2026-06-10,Website,83.92
ORD-002047,C02356,Ava Adams | Canada | Premium,Toys & Games,218.46,5,2025-11-07,Marketplace,1092.3
ORD-002048,C02056,Ella Green | France | Basic,Office Supplies,520.99,6,2025-01-16,Marketplace,3125.94
ORD-002049,C02100,Ella Garcia | Singapore | Plus,Books,575.97,1,2025-11-30,Website,575.97
ORD-002050,C02091,Emma Lee | Germany | Premium,Beautyy,269.14,3,2025-10-25,Website,807.42
ORD-002051,C00973,Chloe Johnson | United Kingdom | Basic,Clothing,390.21,4,2026-01-05,Marketplace,1560.84
ORD-002052,C01444,Omar Mitchell | United States | Basic,Sports,334.09,3,2025-03-21,Website,1002.27
ORD-002053,C02080,Amelia Mitchell | United States | Plus,Beautyy,289.33,4,2025-12-04,Marketplace,1157.32
ORD-002054,C01832,Maya Mitchell | United States | Premium,Office Supply,181.94,4,2025-07-04,Marketplace,727.76
ORD-002055,C01163,Liam Moore | Australia | Premium,Home & Kitchen,294.94,5,2025-10-23,Mobile App,1474.7
ORD-002056,C01977,Ryan Young | UAE | Plus,Office Supply,324.55,1,2025-10-19,Marketplace,324.55
ORD-002057,C01492,Alex Thomas | United Kingdom | Premium,Books,373.2,3,2026-03-03,Retail Store,1119.6
ORD-002058,C01087,Alex Johnson | Canada | Premium,Home & Kitchen,134.38,2,2025-12-16,Retail Store,268.76
ORD-002059,C02700,Ella Anderson | United States | Plus,Office Supplies,241.38,3,2025-08-15,Marketplace,724.14
ORD-002060,C00123,Jack Hall | Canada | Basic,Beauty Products,294.54,4,2025-01-22,Retail Store,1178.16
ORD-002061,C01234,Omar Miller | United States | Premium,Home Kitchen,322.85,2,2026-05-10,Retail Store,645.7
ORD-002062,C01477,Daniel Hassan | UAE | Basic,SPORTS,532.45,3,2025-04-26,Mobile App,1597.35
ORD-002063,C01132,James Brown | United States | Plus,Home & Kitchen,533.79,6,2025-02-27,Marketplace,3202.74
ORD-002064,C01159,Lina Johnson | Singapore | Premium,Clothing,515.27,2,2025-12-28,Marketplace,1030.54
ORD-002065,C02550,Emma Carter | United States | Plus,CLOTHING,600.93,3,2025-07-11,Website,1802.79
ORD-002066,C01737,Ryan Clark | Germany | Plus,Sports,318.25,6,2026-03-01,Retail Store,1909.5
ORD-002067,C02085,Noah Thomas | Singapore | Premium,electronic,236.31,0,2025-01-08,Marketplace,1181.55
ORD-002068,C02378,Jack Carter | Canada | Premium,Home & Kitchen,495.24,4,2025-02-22,Marketplace,1980.96
ORD-002069,C00823,Nora Carter | Australia | Basic,Home & Kitchen,592.64,3,2026-04-28,Marketplace,1777.92
ORD-002070,C00650,Adam Adams | United States | Premium,Home and Kitchen,300.99,5,2025-08-26,Mobile App,1504.95
ORD-002071,C01602,Noah Davis | United States | Basic,TOYS,445.46,5,2025-09-06,Website,2227.3
ORD-002072,C02738,Nora Anderson | Germany | Plus,Toys,621.51,5,2026-06-15,Marketplace,3107.55
ORD-002073,C02647,Layla Lee | UAE | Plus,Electronics ,244.3,1,2026-07-20,Mobile App,244.3
ORD-002074,C02447,Lucas Nelson | UAE | Basic,Home & Kitchen,547.98,3,2025-06-27,Website,1643.94
ORD-002075,C00663,Mia Johnson | UAE | Premium,Toys,400.12,1,2025-07-14,Mobile App,400.12
ORD-002076,C02899,Isla Johnson | Australia | Plus,Sprots,163.62,4,2025-02-13,Mobile App,654.48
ORD-002077,C00010,Ethan Young | Germany | Plus,Sports,295.05,6,2025-06-23,Website,1770.3
ORD-002078,C02293,Adam Clark | France | Plus,Sports,619.54,3,2026-04-06,Website,1858.62
ORD-002079,C01689,Olivia Nelson | Australia | Basic,Office Supplies,487.92,2,2025-10-07,Mobile App,975.84
ORD-002080,C00033,Henry Khan | United Kingdom | Basic,Sports,67.06,6,2025-10-29,Mobile App,402.36
ORD-002081,C01658,Liam Hassan | United States | Plus,Toys,103.17,3,2026-02-27,Marketplace,309.51
ORD-002082,C01126,Adam Patel | United Kingdom | Plus,Electronics,366.53,6,2025-06-20,Retail Store,2199.18
ORD-002083,C02455,Daniel Clark | France | Plus,Toys,389.07,4,2025-12-02,Website,1556.28
ORD-002084,C02798,Ava Hassan | UAE | Premium,Office Supplies,182.66,3,2025-06-22,Marketplace,547.98
ORD-002085,C01590,Adam Clark | United Kingdom | Plus,Office Supply,606.48,3,2025-09-21,Retail Store,1819.44
ORD-002086,C02498,Ethan Wilson | United Kingdom | Basic,Sprots,403.67,5,2025-12-09,Mobile App,2018.35
ORD-002087,C00377,Leo Lewis | Singapore | Basic,Clothing,266.67,4,2025-05-28,Mobile App,1066.68
ORD-002088,C02520,Sara Nelson | United States | Premium,Books,410.09,2,2025-01-12,Retail Store,820.18
ORD-002089,C01099,Liam Clark | Australia | Premium,Toys,647.43,6,2026-06-16,Website,3884.58
ORD-002090,C00499,Noah Martin | Germany | Plus,BEAUTY,509.62,5,2025-05-30,Mobile App,2548.1
ORD-002091,C02724,Alex Carter | Canada | Premium,Beauty,322.74,5,2025-07-10,Website,1613.7
ORD-002092,C00928,Adam Nelson | Germany | Premium,Office Supplies,461.75,4,2025-10-04,Website,1847.0
ORD-002093,C01585,Emma Taylor | Canada | Plus,Home & Kitchen,323.57,4,2025-11-05,Marketplace,1294.28
ORD-002094,C02031,Lucas Moore | Singapore | Basic,Sports,513.29,3,2025-12-02,Retail Store,1539.87
ORD-002095,C02812,Lucas Khan | United Kingdom | Plus,Clothes,433.22,4,2026-01-16,Retail Store,1732.88
ORD-002096,C02058,Omar Young | Germany | Basic,Toys,42.27,1,2025-12-28,Marketplace,42.27
ORD-002097,C00275,Sophia Hall | UAE | Premium,beauty ,488.48,6,2026-03-11,Marketplace,2930.88
ORD-002098,C02618,Ethan Carter | UAE | Premium,Boks,145.53,3,2026-03-01,Mobile App,436.59
ORD-002099,C00679,Jack Clark | Singapore | Basic,Office Supplies,76.49,4,2026-03-21,Marketplace,305.96
ORD-002100,C00791,Sophia Patel | Germany | Plus,Books & Media,34.68,2,2025-10-26,Mobile App,69.36
ORD-002101,C00360,Emma Green | Australia | Basic,Toys,467.12,4,2026-01-13,Mobile App,1868.48
ORD-002102,C00208,Ethan Garcia | Singapore | Plus,Sports,376.58,6,2026-06-25,Marketplace,2259.48
ORD-002103,C02748,Zoe Miller | France | Basic,Electronic Goods,247.84,4,2025-04-14,Mobile App,991.36
ORD-002104,C00917,Henry Thomas | United Kingdom | Premium,CLOTHING,212.78,5,2026-07-11,Website,1063.9
ORD-002105,C02564,Yusuf King | France | Premium,Boks,542.67,2,2026-05-28,Retail Store,1085.34
ORD-002106,C01734,Emma Garcia | United Kingdom | Premium,Toys & Games,127.11,2,2026-05-17,Website,254.22
ORD-002107,C01144,Daniel Baker | United States | Plus,Beauty,69.04,5,2026-02-16,Website,345.2
ORD-002108,C02071,Emma Carter | France | Basic,Home Kitchen,35.27,4,2026-01-08,Mobile App,141.08
ORD-002109,C00520,Sophia Davis | UAE | Basic,Home & Kitchen,302.49,3,2025-10-30,Retail Store,907.47
ORD-002110,C01483,Daniel Garcia | Singapore | Basic,Electronics,311.45,2,2025-07-04,Marketplace,622.9
ORD-000016,C02525,Chloe Johnson | United Kingdom | Plus,Toys,522.64,1,2025-08-09,Marketplace,522.64
ORD-002112,C02064,Henry Young | United Kingdom | Plus,Sports,410.68,1,2026-05-06,Marketplace,410.68
ORD-002113,C00506,Chloe King | UAE | Basic,Sports,14.46,1,2025-06-06,Mobile App,14.46
ORD-002114,C00446,Alex Wilson | Germany | Plus,Toys,192.22,4,2025-07-25,Retail Store,768.88
ORD-002115,C00452,Olivia Lewis | United Kingdom | Basic,Boks,628.43,2,2025-06-08,Website,1256.86
ORD-002116,C01161,Sam Lee | Germany | Plus,Sports,292.43,2,2025-09-12,Website,584.86
ORD-002117,C00736,Yusuf Green | Canada | Basic,Toys,263.31,3,2025-02-14,Mobile App,789.93
ORD-002118,C00908,Amelia Walker | Singapore | Plus,Sports,629.45,4,2025-12-14,Website,2517.8
ORD-002119,C01715,Ava Hassan | France | Plus,Beauty,220.65,3,2025-06-03,Retail Store,661.95
ORD-002120,C01872,Henry Green | United States | Plus,BEAUTY,162.96,6,2026-04-30,Website,977.76
ORD-002121,C00590,Daniel Hassan | United States | Basic,Office Supples,12.46,1,2025-12-31,Retail Store,12.46
ORD-002122,C02253,Sam Miller | France | Basic,Office Supplies,9.26,5,2026-04-19,Website,46.3
ORD-002123,C00291,Zoe Clark | United States | Basic,Beauty,66.17,5,2026-01-28,Retail Store,330.85
ORD-002124,C02819,Mia Taylor | Singapore | Basic,SPORTS,242.0,2,2025-07-12,Mobile App,484.0
ORD-002125,C02852,Daniel Davis | United States | Premium,Sports,182.67,3,2025-10-16,Marketplace,548.01
ORD-002126,C00336,Lucas Wright | Canada | Basic,Toys,583.43,1,2025-10-31,Mobile App,583.43
ORD-002127,C00596,Liam Lewis | Australia | Basic,Home Kitchen,28.1,2,2025-10-05,Mobile App,56.2
ORD-002128,C01622,Chloe Johnson | Canada | Basic,Books,511.3,5,2025-12-05,Website,2556.5
ORD-002129,C02350,Omar Nelson | Canada | Basic,Electronics,203.2,1,2025-03-08,Marketplace,203.2
ORD-002130,C02909,Chloe Anderson | United Kingdom | Basic,Books,508.04,1,2025-04-11,Website,508.04
ORD-002131,C02486,Lina Lee | Singapore | Basic,Sports,505.24,4,2025-09-11,Mobile App,2020.96
ORD-002132,C01707,Adam Anderson | France | Basic,Sports & Fitness,210.34,1,2026-01-13,Marketplace,210.34
ORD-002133,C00793,Ava Ahmed | United Kingdom | Basic,Office Supply,9.36,1,2026-07-08,Marketplace,9.36
ORD-002134,C00490,Sophia Davis | Singapore | Basic,Toys & Games,157.39,3,2026-04-05,Website,472.17
ORD-002135,C02621,Layla Lewis | France | Basic,Beauty,14.39,4,2025-10-04,Retail Store,57.56
ORD-002136,C00252,Jack Moore | Germany | Basic,Home & Ktchen,459.67,3,2025-06-23,Mobile App,1379.01
ORD-002137,C00870,Alex Moore | Germany | Basic,Office Supplies,547.56,6,2026-07-07,Marketplace,3285.36
ORD-002138,C01560,Adam Miller | Singapore | Premium,Home & Kitchen,293.06,5,2025-02-07,Marketplace,1465.3
ORD-002139,C02476,Sam Carter | United Kingdom | Premium,Home & Kitchen,159.61,6,2025-09-02,Website,957.66
ORD-002140,C02874,Alex Clark | France | Basic,HOME & KITCHEN,230.55,6,2026-01-07,Website,1383.3
ORD-002141,C01551,Lina Nelson | UAE | Basic,Sports,54.81,6,2025-08-05,Retail Store,328.86
ORD-002142,C01178,Nora Walker | United States | Basic,Office Supplies,465.85,5,2025-09-21,Marketplace,2329.25
ORD-002143,C00177,Zoe Taylor | Singapore | Premium,Toys,522.42,6,2025-10-31,Marketplace,3134.52
ORD-000045,C00612,James Johnson | United States | Basic,Clothing,307.6,3,2026-05-25,Retail Store,922.8
ORD-002145,C01511,Lucas King | UAE | Premium,electronic,123.1,4,2025-01-13,Retail Store,492.4
ORD-002146,C02204,Daniel King | United States | Plus,Clothing,612.6,6,2025-07-06,Retail Store,3675.6
ORD-002147,C00454,Henry Hassan | United Kingdom | Plus,Beauty,635.99,2,2026-01-28,Website,1271.98
ORD-002148,C00497,Lucas Patel | UAE | Basic,Toys,482.63,1,2025-01-28,Mobile App,482.63
ORD-002149,C01786,Leo Smith | Australia | Basic,electronic,386.3,1,2025-01-04,Website,386.3
ORD-002150,C02678,Zoe Wright | Singapore | Basic,Office Supplies,646.57,2,2026-05-27,Retail Store,1293.14
ORD-002151,C02732,Sam Martin | United Kingdom | Basic,Beauty,604.43,3,2026-06-21,Retail Store,1813.29
ORD-002152,C01905,Sara Green | UAE | Premium,OFFICE SUPPLIES,61.87,1,2026-04-21,Mobile App,61.87
ORD-002153,C02858,Amelia Baker | United Kingdom | Plus,Toys,75.08,1,2025-12-10,Retail Store,75.08
ORD-002154,C02653,Isla Hassan | Germany | Basic,Toys,626.96,1,2026-04-06,Mobile App,626.96
ORD-002155,C02604,Chloe Nelson | France | Basic,Clothng,258.3,3,2025-04-25,Mobile App,774.9
ORD-002156,C00612,James Johnson | United States | Basic,Electronics,631.33,1,2026-01-13,Retail Store,631.33
ORD-002157,C00984,Daniel Carter | Singapore | Basic,Office Supples,348.44,6,2025-06-28,Marketplace,2090.64
ORD-002158,C00184,Henry Lewis | Germany | Plus,Electronics,280.19,1,2025-09-30,Retail Store,280.19
ORD-002159,C02618,Ethan Carter | UAE | Premium,Office Supplies,85.02,5,2025-05-14,Website,425.1
ORD-002160,C02008,Emma Green | Australia | Plus,Office Supplies,613.94,4,2025-10-16,Retail Store,2455.76
ORD-002161,C01848,Mia Green | Germany | Plus,Sports,604.07,5,2025-12-08,Marketplace,3020.35
ORD-002162,C00886,James Lee | UAE | Basic,Sports,379.31,5,2026-04-26,Website,1896.55
ORD-002163,C00727,Zoe Mitchell | Singapore | Plus,Clothing,548.71,1,2025-07-24,Website,548.71
ORD-002164,C02856,Maya Thomas | UAE | Plus,TOYS,418.96,4,2025-05-07,Mobile App,1675.84
ORD-002165,C01563,Amelia Smith | UAE | Premium,Office Supplies,372.82,1,2025-07-13,Mobile App,372.82
ORD-002166,C01514,Adam Mitchell | Germany | Basic,Sport,410.42,2,2025-09-09,Retail Store,820.84
ORD-002167,C02281,Maya Moore | UAE | Plus,Sports,260.2,6,2025-05-16,Retail Store,1561.2
ORD-002168,C01532,Nora Young | Germany | Basic,Sports,121.82,3,2025-06-25,Website,365.46
ORD-002169,C00557,Sophia Garcia | UAE | Plus,Books & Media,170.43,4,2026-06-01,Website,681.72
ORD-002170,C00466,Liam Adams | UAE | Plus,Beauty,387.15,4,2025-07-21,Marketplace,1548.6
ORD-002171,C01509,James Ahmed | Canada | Plus,Home & Kitchen,633.01,5,2025-05-11,Mobile App,3165.05
ORD-002172,C02372,Daniel Mitchell | Australia | Basic,Sports,303.11,6,2026-03-18,Marketplace,1818.66
ORD-002173,C00034,Lucas Lee | Australia | Basic,Sports,448.04,3,2026-03-26,Marketplace,1344.12
ORD-002174,C02639,Chloe Johnson | United States | Plus,Electronics,452.57,4,2026-05-22,Retail Store,1810.28
ORD-002175,C02305,Alex Baker | United Kingdom | Basic,Home & Kitchen,55.15,2,2025-05-09,Marketplace,110.3
ORD-002176,C00868,Liam Green | Canada | Basic,Book,232.21,2,2026-05-30,Website,464.42
ORD-002177,C00282,Mia Anderson | Canada | Plus,Clothing,558.15,1,2025-05-25,Retail Store,558.15
ORD-002178,C00647,Jack Brown | United States | Plus,electronic,29.76,5,2025-07-12,Retail Store,148.8
ORD-002179,C02423,Chloe King | United States | Premium,Clothing,644.74,3,2025-07-10,Marketplace,1934.22
ORD-002180,C00808,Maya Thomas | UAE | Basic,Sports,351.78,4,2026-04-17,Website,1407.12
ORD-002181,C02134,Ryan Moore | United States | Premium,Clothing,375.41,4,2025-10-06,Mobile App,1501.64
ORD-002182,C02373,Lina Baker | Singapore | Premium,Books,46.33,1,2025-03-11,Website,46.33
ORD-002183,C01229,Sam Hall | France | Basic,BEAUTY,388.51,6,2025-09-24,Mobile App,2331.06
ORD-002184,C01429,Noah Wright | Singapore | Basic,BOOKS,81.22,2,2025-01-02,Website,162.44
ORD-002185,C02149,Jack Carter | United States | Basic,Home & Kitchen,402.61,6,2025-04-27,Mobile App,2415.66
ORD-002186,C00638,Sophia Taylor | UAE | Plus,Sports,-142.51,3,2025-11-11,Website,427.53
ORD-002187,C00413,Jack Davis | Australia | Premium,Home & Kitchen,31.65,4,2025-07-13,Marketplace,126.6
ORD-002188,C01877,Omar Johnson | Singapore | Basic,Clothing,66.94,6,2026-02-26,Marketplace,401.64
ORD-002189,C02815,Lina Wilson | Singapore | Basic,Beauty,542.17,3,2025-12-09,Marketplace,1626.51
ORD-002190,C01163,Liam Moore | Australia | Premium,Toys ,593.48,1,2025-05-07,Mobile App,593.48
ORD-002191,C01400,Sam Mitchell | UAE | Plus,Books & Media,463.16,5,2025-06-23,Mobile App,2315.8
ORD-002192,C02719,Noah Lewis | France | Basic,Sports,322.45,1,2025-03-27,Retail Store,322.45
ORD-002193,C01009,Liam Khan | Canada | Basic,Books,253.59,4,2025-03-05,Marketplace,1014.36
ORD-002194,C01062,Ella Moore | Australia | Basic,Office Supply,432.83,6,2026-03-04,Website,2596.98
ORD-002195,C01024,Olivia Wright | United Kingdom | Basic,Home & Kitchen,646.92,5,2026-01-02,Website,3234.6
ORD-002196,C01603,Lucas Martin | United Kingdom | Plus,Sports,174.39,1,2025-03-29,Mobile App,174.39
ORD-002197,C00002,Henry Hassan | United Kingdom | Basic,Beauty,76.05,6,2025-12-13,Retail Store,456.3
ORD-002198,C00276,Emma Wilson | Germany | Basic,Toys,224.3,5,2025-09-17,Website,1121.5
ORD-002199,C02166,Layla Smith | Canada | Plus,Clothing,147.78,2,2025-07-21,Retail Store,295.56
ORD-002200,C01606,Isla Ahmed | UAE | Plus,Clothing & Apparel,97.76,1,2025-12-15,Website,97.76
ORD-002201,C01347,Layla Nelson | France | Plus,Toy,362.11,3,2026-03-26,Website,1086.33
ORD-002202,C02732,Sam Martin | United Kingdom | Basic,Clothing & Apparel,117.0,5,2025-03-02,Marketplace,585.0
ORD-002203,C00728,Ryan Young | Singapore | Plus,Books,62.53,2,2025-04-29,Website,125.06
ORD-002204,C02665,Yusuf Ahmed | United Kingdom | Premium,Books,592.49,5,2025-10-04,Website,2962.45
ORD-002205,C01189,Leo Baker | United States | Basic,Home & Kitchen,146.54,1,2026-06-10,Marketplace,146.54
ORD-002206,C02841,Chloe Ahmed | Germany | Premium,Toys ,129.29,5,2025-05-04,Marketplace,646.45
ORD-002207,C00690,James Brown | Canada | Premium,Toys,589.45,1,2025-06-16,Website,589.45
ORD-002208,C00443,Zoe Brown | United States | Basic,Office Supplies,105.25,1,2026-06-03,Marketplace,105.25
ORD-002209,C02875,Ava Hall | United States | Plus,Books,337.42,5,2026-06-18,Retail Store,1687.1
ORD-002210,C01652,Layla Thomas | Germany | Basic,Clothes,55.11,5,2026-07-10,Mobile App,275.55
ORD-002211,C01898,Sara Walker | Singapore | Basic,beauty ,87.57,5,2026-01-30,Retail Store,437.85
ORD-002212,C02737,Ryan King | Canada | Plus,Clothng,594.19,1,2025-11-16,Marketplace,594.19
ORD-002213,C02843,Sam Smith | Germany | Premium,HOME & KITCHEN,130.47,3,2025-06-03,Website,391.41
ORD-002214,C02293,Adam Clark | France | Plus,ELECTRONICS,130.02,1,2026-06-14,Marketplace,130.02
ORD-002215,C00563,Chloe Baker | Germany | Basic,Sports,540.02,4,2026-07-01,Mobile App,2160.08
ORD-002216,C00966,Nora Baker | Australia | Plus,Books,607.65,3,2025-01-13,Mobile App,1822.95
ORD-002217,C00605,Layla Nelson | Germany | Plus,Books,313.72,4,2025-03-25,Mobile App,1254.88
ORD-002218,C00648,Ryan Johnson | Canada | Plus,Electronics ,166.13,3,2025-09-17,Mobile App,498.39
ORD-002219,C00991,Liam Thomas | United States | Premium,Toys,530.2,1,2026-05-01,Retail Store,530.2
ORD-002220,C00122,Lina King | Canada | Basic,Books & Media,597.77,5,2025-07-22,Retail Store,2988.85
ORD-002221,C02621,Layla Lewis | France | Basic,Toys & Games,201.78,4,2026-07-07,Retail Store,807.12
ORD-002222,C01994,Amelia Baker | Australia | Basic,Beauty,425.31,4,2025-07-02,Marketplace,1701.24
ORD-002223,C02819,Mia Taylor | Singapore | Basic,Electronics,456.58,2,2026-01-15,Website,913.16
ORD-002224,C00077,James Mitchell | Germany | Plus,Office  Supplies,189.75,2,2026-04-19,Mobile App,379.5
ORD-002225,C01412,Omar Brown | Germany | Basic,Books,193.4,3,2025-03-08,Retail Store,580.2
ORD-002226,C02730,Olivia Ahmed | Canada | Premium,Sports,648.77,4,2026-03-21,Mobile App,2595.08
ORD-002227,C02380,Emma Martin | Singapore | Plus,Clothes,364.44,2,2025-04-16,Mobile App,728.88
ORD-002228,C02095,Ryan Walker | United States | Plus,Sprots,130.67,6,2025-06-20,Retail Store,784.02
ORD-002229,C02250,Adam Patel | France | Plus,Toys,575.88,4,2025-02-10,Marketplace,2303.52
ORD-002230,C00740,Olivia Davis | UAE | Basic,Sports,504.33,4,2025-08-25,Website,2017.32
ORD-002231,C02135,Sophia Hassan | UAE | Basic,Clothing,534.75,1,2026-03-13,Mobile App,534.75
ORD-002232,C02763,Daniel Garcia | Singapore | Plus,Home and Kitchen,167.77,3,2026-04-24,Website,503.31
ORD-002233,C01418,Lina Wilson | UAE | Basic,Electronic Goods,9.62,6,2026-05-06,Marketplace,57.72
ORD-002234,C00026,Isla Adams | France | Premium,Books,378.78,6,2026-02-14,Mobile App,2272.68
ORD-002235,C01420,Ethan Green | Germany | Plus,Office Supplies,460.04,4,2026-03-01,Mobile App,1840.16
ORD-002236,C00290,Omar Carter | Canada | Plus,Sports,529.12,1,2026-01-03,Website,529.12
ORD-002237,C02503,Jack Martin | Canada | Basic,Books,238.15,6,2025-06-25,Mobile App,1428.9
ORD-002238,C01519,Lina Patel | United Kingdom | Basic,Clothing,532.51,2,2025-07-13,Website,1065.02
ORD-002239,C01342,Lina Johnson | France | Plus,Home & Kitchen,381.33,1,2025-08-02,Marketplace,381.33
ORD-002240,C00450,Layla Adams | Canada | Basic,Home & Kitchen,327.39,4,2025-12-17,Website,1309.56
ORD-002241,C02755,Mia Garcia | Singapore | Basic,Sprots,154.88,4,2025-12-31,Website,619.52
ORD-002242,C01373,Maya Khan | France | Basic,Electronics,160.0,4,2025-05-26,Mobile App,640.0
ORD-002243,C00972,Alex Lee | United Kingdom | Plus,Books,320.31,6,2026-05-30,Retail Store,1921.86
ORD-002244,C00162,James Taylor | Singapore | Plus,SPORTS,118.32,6,2026-07-13,Website,709.92
ORD-002245,C00574,Jack Hassan | United Kingdom | Plus,Home & Kitchen,531.78,5,2025-08-24,Marketplace,2658.9
ORD-002246,C01259,Emma Khan | United Kingdom | Premium,Office Supples,213.2,6,2025-05-23,Website,1279.2
ORD-002247,C00290,Omar Carter | Canada | Plus,Beauty,616.58,3,2026-03-10,Mobile App,1849.74
ORD-002248,C02040,Liam Walker | France | Plus,Sports,397.06,3,2025-07-30,Mobile App,1191.18
ORD-002249,C00431,Zoe Clark | Singapore | Basic,Electronics ,266.27,5,2025-09-04,Website,1331.35
ORD-002250,C01770,Noah Wright | Canada | Plus,Clothing & Apparel,578.44,5,2025-01-27,Website,2892.2
ORD-002251,C00963,Lucas Hall | France | Premium,Home & Kitchen,163.92,1,2026-03-04,Marketplace,163.92
ORD-002252,C02242,James Johnson | United Kingdom | Basic,Clothing & Apparel,31.55,6,2025-02-15,Mobile App,189.3
ORD-002253,C00278,Lucas Moore | UAE | Premium,Beauty,169.94,6,2026-07-12,Website,1019.64
ORD-002254,C01834,Henry King | France | Basic,Electronics,632.34,3,2025-03-06,Retail Store,1897.02
ORD-002255,C02599,Leo Miller | United States | Basic,Office Supplies,516.71,6,2025-07-16,Mobile App,3100.26
ORD-002256,C00264,Mia Mitchell | United Kingdom | Basic,Books,314.77,5,2025-01-12,Mobile App,1573.85
ORD-002257,C02723,Ava Miller | UAE | Basic,beauty ,128.1,3,2025-11-15,Retail Store,384.3
ORD-002258,C01048,James Hall | United States | Premium,Sports & Fitness,203.74,3,2025-04-17,Website,611.22
ORD-002259,C01685,Sam Wilson | United Kingdom | Basic,Clothing,524.58,1,2025-10-29,Retail Store,524.58
ORD-002260,C00008,Zoe Lee | United Kingdom | Plus,Home & Kitchen,78.51,3,2025-05-05,Mobile App,235.53
ORD-002261,C01378,Emma Smith | Singapore | Basic,Clothing,299.98,6,2025-11-07,Mobile App,1799.88
ORD-002262,C00194,Yusuf Brown | United States | Basic,Office Supples,447.38,2,2025-05-11,Mobile App,894.76
ORD-002263,C02445,Sophia Ahmed | Canada | Premium,Clothing,305.78,6,2025-03-29,Retail Store,1834.68
ORD-002264,C01548,Daniel Moore | Germany | Plus,Home Kitchen,580.11,5,2026-07-22,Retail Store,2900.55
ORD-002265,C02930,Mia Johnson | Australia | Basic,Office Supplies,480.09,4,2026-01-15,Website,1920.36
ORD-002266,C00892,Lina Adams | Canada | Premium,Office Supplies,90.25,1,2025-08-07,Website,90.25
ORD-002267,C02184,Nora Young | France | Basic,Sport,416.04,6,2025-06-14,Website,2496.24
ORD-002268,C01138,Amelia Smith | France | Basic,Office Supplies,239.6,3,2025-09-16,Marketplace,718.8
ORD-002269,C01400,Sam Mitchell | UAE | Plus,Toys ,422.04,1,2026-04-13,Mobile App,422.04
ORD-002270,C01150,Jack Lee | Singapore | Basic,Home & Kitchen,27.17,6,2026-02-17,Marketplace,163.02
ORD-002271,C02982,Liam Wright | United States | Basic,Electronics,518.52,6,2025-12-23,Retail Store,3111.12
ORD-002272,C01307,Ethan Brown | United States | Basic,Clothes,75.63,5,2026-07-07,Marketplace,378.15
ORD-002273,C00977,Nora Baker | United Kingdom | Plus,Toys & Games,239.89,1,2025-10-13,Marketplace,239.89
ORD-002274,C02462,Chloe Hall | United Kingdom | Plus,Sports & Fitness,124.88,5,2025-03-25,Marketplace,624.4
ORD-002275,C01031,Jack Taylor | Australia | Basic,Electronics ,339.39,2,2026-03-07,Retail Store,678.78
ORD-002276,C00035,Lucas Moore | United Kingdom | Plus,beauty ,308.36,6,2025-03-18,Marketplace,1850.16
ORD-002277,C00808,Maya Thomas | UAE | Basic,Office Supplies,126.95,3,2025-12-21,Marketplace,380.85
ORD-002278,C02796,Layla Hall | Canada | Plus,Clothing & Apparel,440.4,2,2025-10-01,Marketplace,880.8
ORD-002279,C00148,Adam Young | France | Basic,Office Supples,462.52,5,2026-02-28,Retail Store,2312.6
ORD-002280,C01917,Maya Khan | Singapore | Plus,Beautyy,94.51,6,2025-04-19,Website,567.06
ORD-002281,C00159,Mia Miller | Germany | Premium,Office Supples,435.46,6,2025-10-11,Website,2612.76
ORD-002282,C02534,Ella Moore | United States | Basic,Books,641.75,1,2025-06-27,Marketplace,641.75
ORD-002283,C01649,Alex Carter | UAE | Plus,Home and Kitchen,437.12,3,2026-07-05,Website,1311.36
ORD-002284,C01145,Ella Davis | France | Basic,HOME & KITCHEN,619.52,1,2025-11-15,Retail Store,619.52
ORD-002285,C01675,Adam Carter | France | Basic,Office Supplies,172.69,4,2025-10-07,Mobile App,690.76
ORD-002286,C01776,Leo Lewis | Australia | Basic,Beauty Products,536.74,3,2026-05-25,Website,1610.22
ORD-002287,C02850,Adam Patel | Canada | Basic,Books,309.49,4,2025-04-28,Website,1237.96
ORD-002288,C00482,Isla King | UAE | Basic,Office Supplies,155.87,1,2025-06-10,Marketplace,155.87
ORD-002289,C01898,Sara Walker | Singapore | Basic,Electroncs,196.24,6,2025-01-30,Retail Store,1177.44
ORD-002290,C01001,Sam Nelson | United Kingdom | Plus,Beauty,431.17,4,2026-06-27,Retail Store,1724.68
ORD-002291,C02693,Liam Wilson | Canada | Basic,Books,45.95,6,2025-08-07,Website,275.7
ORD-002292,C01069,Lucas Wilson | Canada | Basic,Sports,523.3,1,2026-03-29,Mobile App,523.3
ORD-002293,C01070,Maya Lee | France | Premium,TOYS,189.73,2,2025-01-23,Marketplace,379.46
ORD-002294,C02161,Yusuf Ahmed | UAE | Basic,Home & Kitchen,130.63,6,2025-04-06,Retail Store,783.78
ORD-002295,C01182,Olivia Brown | United States | Premium,Sports,530.54,1,2026-01-01,Retail Store,530.54
ORD-002296,C01523,Sara Ahmed | UAE | Plus,Home & Kitchen,114.19,1,2026-01-12,Website,114.19
ORD-002297,C01945,Isla Patel | Canada | Basic,Electronics,163.01,3,2026-04-17,Marketplace,489.03
ORD-002298,C00811,Ethan Smith | Canada | Plus,Beauty,525.4,4,2026-04-26,Marketplace,2101.6
ORD-002299,C00117,Isla Patel | United Kingdom | Basic,Clothing,210.02,2,2025-06-08,Mobile App,420.04
ORD-002300,C00506,Chloe King | UAE | Basic,Home & Ktchen,77.67,3,2025-03-10,Website,233.01
ORD-002301,C02425,Liam Anderson | Singapore | Basic,Electroncs,251.12,1,2026-05-16,Website,251.12
ORD-002302,C01016,Sam Hall | Canada | Plus,Toy,41.4,2,2025-02-03,Marketplace,82.8
ORD-002303,C00527,Chloe Young | United States | Plus,Beauty,206.22,6,2025-06-17,Retail Store,1237.32
ORD-002304,C01793,Emma Smith | Singapore | Premium,Sports & Fitness,531.97,3,2025-09-29,Mobile App,1595.91
ORD-002305,C01295,Layla Hall | Singapore | Basic,Toys,77.32,4,2025-11-17,Marketplace,309.28
ORD-002306,C01107,Emma Patel | Germany | Premium,Beauty,62.29,6,2025-10-09,Marketplace,373.74
ORD-002307,C01289,Lucas Walker | United Kingdom | Basic,Sports,351.44,3,2025-06-07,Retail Store,1054.32
ORD-002308,C02171,James Hassan | Australia | Plus,Beauty Products,244.42,5,2026-07-01,Website,1222.1
ORD-002309,C01105,James Johnson | United States | Premium,Boks,520.9,2,2025-05-17,Mobile App,1041.8
ORD-002310,C01423,Olivia Martin | United States | Plus,Clothing,335.93,3,2025-07-31,Marketplace,1007.79
ORD-002311,C02642,Noah Adams | Australia | Plus,Beauty,223.42,1,2026-05-23,Marketplace,223.42
ORD-002312,C00187,Sam Thomas | United States | Plus,Office Supples,64.06,5,2026-04-07,Mobile App,320.3
ORD-002313,C01478,Ella King | Australia | Basic,Books & Media,593.5,3,2026-01-02,Mobile App,1780.5
ORD-002314,C01149,Liam Baker | Germany | Plus,Office Supplies,170.12,4,2025-10-08,Retail Store,680.48
ORD-002315,C01084,Chloe Miller | United Kingdom | Premium,Sports,188.89,4,2025-02-24,Website,755.56
ORD-002316,C01781,Alex King | United Kingdom | Premium,Electronics,568.91,5,2025-05-19,Retail Store,2844.55
ORD-002317,C01220,Henry Taylor | Germany | Premium,Toys,439.0,6,2026-01-08,Marketplace,2634.0
ORD-002318,C00852,Lina Moore | Germany | Basic,Office Supplies,511.96,2,2025-12-27,Marketplace,1023.92
ORD-002319,C02676,Sara Thomas | Germany | Basic,Toys,97.27,1,2025-01-23,Marketplace,97.27
ORD-002320,C00100,Ava Moore | Australia | Basic,Office Supplies,170.23,3,2025-12-29,Mobile App,510.69
ORD-002321,C02471,Lucas Ahmed | UAE | Plus,Toys,46.34,4,2025-08-16,Mobile App,185.36
ORD-002322,C02590,Omar Smith | Germany | Plus,Books,369.66,4,2026-02-11,Mobile App,1478.64
ORD-002323,C01477,Daniel Hassan | UAE | Basic,Home Kitchen,136.83,3,2026-02-08,Website,410.49
ORD-002324,C00892,Lina Adams | Canada | Premium,Beauty,537.71,6,2025-11-01,Mobile App,3226.26
ORD-002325,C02761,Liam Mitchell | United Kingdom | Basic,Boks,303.0,2,2026-01-02,Mobile App,606.0
ORD-002326,C02809,Isla Thomas | Germany | Basic,Sports,387.56,4,2025-09-28,Retail Store,1550.24
ORD-002327,C02974,Noah Taylor | Singapore | Plus,Books,395.89,3,2025-12-29,Marketplace,1187.67
ORD-002328,C01870,Nora Miller | United Kingdom | Plus,Home & Kitchen,131.53,6,2025-04-22,Retail Store,789.18
ORD-002329,C02907,Jack Miller | United States | Plus,Book,522.16,6,2026-03-26,Website,3132.96
ORD-002330,C02168,Amelia Hassan | United Kingdom | Plus,Sports,606.17,2,2025-10-14,Website,1212.34
ORD-002331,C00662,Mia Carter | UAE | Plus,Sports,260.73,2,2025-05-13,Retail Store,521.46
ORD-002332,C01588,Nora Martin | United States | Plus,Home & Kitchen,463.99,3,2025-10-11,Website,1391.97
ORD-002333,C01140,Lina Patel | France | Basic,Toys,71.3,3,2025-06-17,Retail Store,213.9
ORD-002334,C00948,Liam Adams | United Kingdom | Premium,HOME & KITCHEN,232.51,1,2025-05-20,Mobile App,232.51
ORD-002335,C02179,Sam Martin | Singapore | Basic,Beauty,195.08,6,2025-12-13,Marketplace,1170.48
ORD-002336,C00696,James Thomas | UAE | Basic,Beauty,322.56,4,2025-10-07,Mobile App,1290.24
ORD-002337,C00845,Liam Patel | Germany | Basic,Sports,146.94,3,2025-08-23,Retail Store,440.82
ORD-002338,C00793,Ava Ahmed | United Kingdom | Basic,Beauty Products,626.48,5,2026-03-05,Mobile App,3132.4
ORD-002339,C00327,Sara Khan | France | Premium,Clothing,96.14,1,2025-01-02,Retail Store,96.14
ORD-002340,C01807,Sophia Thomas | Germany | Basic,Beauty,581.92,2,2025-09-15,Retail Store,1163.84
ORD-002341,C02332,Adam Miller | France | Plus,Toys ,146.65,3,2026-05-24,Website,439.95
ORD-002342,C01480,Yusuf Taylor | France | Basic,Clothing,630.46,1,2025-12-31,Mobile App,630.46
ORD-002343,C00018,Yusuf Brown | France | Plus,Sports,150.12,4,2026-01-06,Website,600.48
ORD-002344,C01951,Sam Martin | UAE | Premium,SPORTS,296.17,4,2025-08-22,Website,1184.68
ORD-002345,C00534,Adam Davis | Singapore | Plus,Office  Supplies,612.31,3,2025-11-15,Marketplace,1836.93
ORD-002346,C00212,Yusuf Mitchell | France | Plus,Beautyy,437.87,4,2026-01-18,Website,1751.48
ORD-002347,C02153,Alex Patel | Germany | Basic,Beauty,19.41,6,2025-03-02,Retail Store,116.46
ORD-002348,C00618,Daniel Miller | Germany | Plus,Beauty,411.15,6,2025-03-29,Mobile App,2466.9
ORD-002349,C00497,Lucas Patel | UAE | Basic,Books,390.56,2,2025-11-28,Retail Store,781.12
ORD-002350,C00155,Ryan Mitchell | Singapore | Plus,Beauty,529.76,1,2026-06-13,Retail Store,529.76
ORD-002351,C01437,Omar Anderson | UAE | Plus,Home & Kitchen,514.79,4,2025-01-31,Mobile App,2059.16
ORD-002352,C00686,Ethan Brown | Canada | Basic,Sports,345.31,5,2025-02-28,Retail Store,1726.55
ORD-002353,C00013,Ella Johnson | Germany | Basic,Boks,223.52,4,2025-06-23,Marketplace,894.08
ORD-002354,C00499,Noah Martin | Germany | Plus,Sprots,292.58,1,2026-07-14,Retail Store,292.58
ORD-002355,C02022,Noah Garcia | France | Basic,Clothing,216.02,4,2026-07-09,Marketplace,864.08
ORD-002356,C00021,Jack Anderson | Canada | Plus,Clothing,202.6,1,2025-02-14,Marketplace,202.6
ORD-002357,C02534,Ella Moore | United States | Basic,Office Supplies,258.61,2,2025-10-26,Retail Store,517.22
ORD-002358,C00525,Noah Martin | Canada | Basic,Office Supplies,621.37,4,2025-04-17,Website,2485.48
ORD-002359,C01180,Henry Wilson | France | Basic,Beauty,425.96,2,2025-10-04,Marketplace,851.92
ORD-002360,C00189,Sam Nelson | Germany | Plus,Boks,75.63,2,2026-01-31,Marketplace,151.26
ORD-002361,C02714,Zoe Wright | UAE | Plus,Sprots,566.36,5,2025-10-21,Website,2831.8
ORD-002362,C01744,Ethan Taylor | France | Plus,Toys,291.24,1,2026-03-06,Marketplace,291.24
ORD-002363,C02183,Jack Young | UAE | Plus,Clothing,55.93,5,2025-03-30,Website,279.65
ORD-002364,C01620,Sophia King | UAE | Basic,Toys,636.08,2,2025-10-24,Website,1247.16
ORD-002365,C02065,Lina Mitchell | Singapore | Plus,Office Supply,379.55,6,2026-07-05,Marketplace,2277.3
ORD-002366,C00888,Amelia Brown | United States | Plus,Office Supplies,628.81,1,2025-10-13,Mobile App,628.81
ORD-002367,C00449,Liam Smith | UAE | Basic,Toys & Games,441.69,3,2026-06-19,Mobile App,1325.07
ORD-002368,C01060,Lina Patel | Australia | Basic,Sprots,358.68,4,2025-10-04,Retail Store,1434.72
ORD-002369,C00012,Isla Thomas | Australia | Premium,Books,386.05,6,2026-02-03,Marketplace,2316.3
ORD-002370,C00280,Olivia King | Singapore | Basic,Office Supplies,122.14,5,2026-03-19,Mobile App,610.7
ORD-002371,C00206,Sophia Anderson | Germany | Plus,Sport,109.68,6,2025-08-02,Marketplace,658.08
ORD-002372,C02033,Adam Brown | United States | Plus,Home & Kitchen,579.98,4,2025-07-09,Website,2319.92
ORD-002373,C00633,Emma Davis | United States | Basic,Sports,508.93,5,2026-04-14,Marketplace,2544.65
ORD-002374,C02405,Isla Hassan | United States | Premium,Home & Kitchen,460.87,2,2025-07-05,Marketplace,921.74
ORD-002375,C01591,Liam Smith | Germany | Plus,Toys,354.23,5,2025-01-01,Marketplace,1771.15
ORD-002376,C02012,James Wilson | United Kingdom | Premium,Sports,37.17,5,2025-07-30,Website,185.85
ORD-002377,C00829,Alex Smith | Singapore | Basic,Books,535.52,2,2026-02-20,Marketplace,1071.04
ORD-002378,C02680,Liam Lee | UAE | Premium,Sports,215.14,5,2026-07-03,Marketplace,1075.7
ORD-002379,C02526,Maya Garcia | Canada | Plus,OFFICE SUPPLIES,532.02,4,2025-01-29,Retail Store,2128.08
ORD-002380,C00179,Henry Taylor | Singapore | Basic,Toys,182.49,4,2026-01-22,Website,729.96
ORD-002381,C01139,Lina King | Singapore | Plus,Sports,27.67,4,2025-02-22,Marketplace,110.68
ORD-002382,C02422,Ryan Moore | United Kingdom | Premium,Home Kitchen,321.17,6,2025-11-13,Marketplace,1927.02
ORD-002383,C00807,Sam Wilson | Canada | Basic,Toys,431.75,1,2026-01-26,Mobile App,506.75
ORD-002384,C02064,Henry Young | United Kingdom | Plus,Office Supplies,589.96,1,2026-05-05,Retail Store,589.96
ORD-002385,C01234,Omar Miller | United States | Premium,Electronic Goods,632.16,3,2026-05-29,Retail Store,1896.48
ORD-002386,C01758,Sara Martin | United States | Premium,Home & Kitchen,496.0,3,2026-05-27,Marketplace,1488.0
ORD-002387,C00275,Sophia Hall | UAE | Premium,Books,239.79,5,2025-08-28,Website,1198.95
ORD-002388,C01027,Alex Taylor | Australia | Basic,Home Kitchen,330.75,5,2026-04-27,Mobile App,1653.75
ORD-002389,C01714,Ryan Mitchell | Germany | Plus,Sports & Fitness,374.98,6,2025-03-26,Mobile App,2249.88
ORD-002390,C00559,Amelia Johnson | Australia | Premium,Sports & Fitness,566.17,5,2026-06-21,Mobile App,2830.85
ORD-002391,C00503,Ethan Anderson | France | Premium,Clothing,16.69,1,2025-05-06,Mobile App,16.69
ORD-002392,C00568,Sophia Ahmed | United States | Basic,Electronics,616.64,3,2025-09-22,Marketplace,1849.92
ORD-002393,C01720,Adam Lewis | Canada | Basic,Office  Supplies,53.16,4,2025-09-30,Website,212.64
ORD-002394,C01904,Ryan Moore | UAE | Basic,Toys,210.31,3,2026-07-16,Mobile App,630.93
ORD-002395,C02363,Zoe Lee | France | Premium,Home & Ktchen,448.01,4,2025-11-14,Marketplace,1792.04
ORD-002396,C01803,Sam Taylor | United States | Basic,Toys,615.38,6,2026-02-14,Marketplace,3692.28
ORD-002397,C01941,Yusuf Baker | Canada | Plus,Toys,316.32,3,2026-02-08,Website,948.96
ORD-002398,C02303,Zoe Hall | Australia | Plus,Clothing,438.76,5,2025-12-17,Mobile App,2193.8
ORD-002399,C02401,Olivia Wilson | United Kingdom | Premium,Toys,602.82,3,2025-03-14,Retail Store,1808.46
ORD-002400,C01490,Henry Wright | UAE | Plus,Electronics,352.71,5,2026-05-22,Mobile App,1763.55
ORD-002401,C02431,Yusuf Patel | France | Premium,Office  Supplies,239.18,4,2025-10-10,Mobile App,956.72
ORD-002402,C00683,Leo Ahmed | United States | Plus,Electronics,457.14,6,2026-01-06,Website,2742.84
ORD-002403,C01697,Yusuf Moore | France | Plus,Beauty,307.81,5,2025-08-26,Retail Store,1539.05
ORD-002404,C02809,Isla Thomas | Germany | Basic,Books,521.76,4,2025-05-24,Marketplace,2087.04
ORD-002405,C01700,Lucas Clark | United Kingdom | Basic,Toys,165.4,1,2025-03-31,Marketplace,165.4
ORD-002406,C01013,Nora Anderson | UAE | Basic,Electronics,454.87,5,2025-09-02,Mobile App,2274.35
ORD-002407,C00082,Omar Wright | Germany | Basic,Home & Kitchen,522.12,1,2026-06-05,Marketplace,522.12
ORD-002408,C02739,Adam Green | United States | Basic,Electronics,329.89,3,2025-11-28,Marketplace,989.67
ORD-002409,C02143,Yusuf Walker | France | Basic,Office Supplies,455.02,2,2025-12-31,Mobile App,910.04
ORD-002410,C02333,Sam Baker | UAE | Basic,Toys,185.14,1,2026-02-26,Retail Store,185.14
ORD-002411,C01037,Chloe Davis | Singapore | Basic,Clothing,143.15,5,2025-03-16,Retail Store,715.75
ORD-002412,C02343,Isla Johnson | United States | Plus,Sport,465.36,4,2025-04-02,Mobile App,1861.44
ORD-002413,C01345,Amelia Taylor | United Kingdom | Basic,Clothng,594.66,4,2026-03-19,Mobile App,2378.64
ORD-002414,C02692,Mia Garcia | Singapore | Plus,SPORTS,464.99,5,2025-12-30,Retail Store,2324.95
ORD-002415,C02721,Henry Green | United Kingdom | Basic,Books,350.52,6,2025-05-25,Marketplace,2103.12
ORD-002416,C02796,Layla Hall | Canada | Plus,Toys ,86.31,6,2025-04-24,Retail Store,517.86
ORD-002417,C00529,Sara Davis | Germany | Plus,BOOKS,204.44,5,2026-04-27,Retail Store,1022.2
ORD-002418,C02883,Ava Davis | Canada | Plus,Beauty,522.6,4,2026-07-04,Marketplace,2090.4
ORD-002419,C00563,Chloe Baker | Germany | Basic,Toys,544.96,3,2026-05-12,Retail Store,1634.88
ORD-002420,C00784,Mia Hall | United Kingdom | Plus,Toys,546.21,6,2025-02-19,Website,3277.26
ORD-002421,C00017,Daniel Brown | United States | Basic,Beautyy,529.97,4,2025-03-01,Marketplace,2119.88
ORD-002422,C02951,Jack Mitchell | France | Plus,BEAUTY,354.47,2,2026-04-11,Mobile App,708.94
ORD-002423,C00414,Adam Moore | United Kingdom | Premium,Beauty,416.74,3,2025-02-12,Marketplace,1250.22
ORD-002424,C01442,Ava Garcia | France | Basic,Toys,531.46,3,2025-10-05,Retail Store,1594.38
ORD-002425,C02821,Amelia Martin | Australia | Premium,Beauty,258.52,1,2026-03-12,Retail Store,258.52
ORD-002426,C00890,Yusuf Martin | Singapore | Plus,Sports,234.18,6,2026-06-19,Mobile App,1405.08
ORD-002427,C01180,Henry Wilson | France | Basic,Sports & Fitness,89.89,4,2025-09-04,Website,359.56
ORD-002428,C01133,Henry Hassan | Canada | Basic,Electronics,325.23,6,2025-11-17,Marketplace,1951.38
ORD-002429,C00269,Sam Brown | Canada | Plus,BOOKS,98.18,1,2025-10-17,Marketplace,98.18
ORD-002430,C00777,Emma Carter | Australia | Plus,Clothing,244.63,3,2025-08-06,Mobile App,733.89
ORD-002431,C00755,James Young | Singapore | Plus,ELECTRONICS,611.62,6,2026-04-22,Website,3669.72
ORD-002432,C00573,Ryan Taylor | Singapore | Premium,Books,603.66,3,2025-07-27,Website,1810.98
ORD-002433,C00099,Yusuf Miller | Singapore | Basic,Electronics,437.51,1,2025-06-28,Mobile App,437.51
ORD-002434,C02776,Isla Martin | United States | Premium,Clothes,610.62,2,2025-05-13,Retail Store,1221.24
ORD-002435,C01945,Isla Patel | Canada | Basic,Sports,227.97,3,2026-03-28,Retail Store,683.91
ORD-002436,C00266,Nora Green | Germany | Premium,Office Supplies,313.21,3,2025-08-19,Marketplace,939.63
ORD-002437,C01313,Jack Martin | United States | Plus,Books,192.6,1,2025-04-10,Mobile App,192.6
ORD-002438,C01596,Zoe King | Australia | Basic,Toys,580.17,3,2025-09-10,Mobile App,1740.51
ORD-002439,C02364,Ava Martin | Germany | Premium,Beautyy,304.77,2,2025-02-22,Mobile App,609.54
ORD-002440,C00283,Noah Carter | Australia | Plus,Clothing,70.61,6,2025-09-18,Mobile App,423.66
ORD-002441,C02608,Ava Adams | Australia | Premium,Sports,108.76,4,2026-07-07,Marketplace,435.04
ORD-002442,C02066,Sophia Patel | Singapore | Plus,BEAUTY,311.5,4,2025-08-09,Website,1246.0
ORD-002443,C00540,Lucas Lewis | Canada | Basic,Electronics,449.96,1,2025-04-23,Mobile App,449.96
ORD-002444,C01809,Leo Ahmed | Australia | Plus,Clothing,455.21,5,2026-01-07,Marketplace,2276.05
ORD-002445,C01893,Daniel Thomas | United States | Basic,HOME & KITCHEN,61.65,2,2025-04-02,Retail Store,123.3
ORD-002446,C02759,Ryan Lewis | Germany | Basic,beauty ,542.85,1,2026-02-05,Marketplace,542.85
ORD-002447,C02450,Sam Mitchell | UAE | Basic,Home & Kitchen,184.9,6,2025-09-15,Mobile App,1109.4
ORD-002448,C01614,Sam Mitchell | Australia | Basic,BOOKS,179.08,4,2025-09-15,Mobile App,716.32
ORD-002449,C00657,Layla Lewis | France | Plus,Toys,102.18,3,2025-01-08,Website,306.54
ORD-002450,C01899,Yusuf Moore | United Kingdom | Basic,Beauty,263.2,4,2026-05-28,Mobile App,1052.8
ORD-002451,C01308,Lina Johnson | Australia | Plus,Beauty,551.81,1,2026-06-04,Retail Store,551.81
ORD-002452,C02234,Ella Baker | UAE | Plus,Clothes,43.72,1,2025-08-12,Mobile App,43.72
ORD-002453,C02214,Ava Lee | Germany | Basic,Clothing,35.51,1,2025-02-14,Website,35.51
ORD-002454,C02727,Mia Lee | Singapore | Premium,Toys,227.3,2,2026-03-11,Retail Store,454.6
ORD-002455,C01827,Emma Johnson | Canada | Plus,Clothing,361.86,3,2025-05-04,Retail Store,1085.58
ORD-002456,C00679,Jack Clark | Singapore | Basic,Boks,25.37,6,2025-10-24,Marketplace,152.22
ORD-002457,C01726,Ava Johnson | Australia | Premium,Sports,191.92,6,2026-01-23,Marketplace,1151.52
ORD-002458,C02657,Sophia Green | Australia | Premium,TOYS,190.64,5,2025-03-08,Marketplace,953.2
ORD-002459,C01216,Isla Clark | Germany | Basic,Toys & Games,85.3,3,2025-11-17,Retail Store,255.9
ORD-002460,C00836,Sara Wright | United Kingdom | Basic,Clothng,532.82,1,2026-06-12,Marketplace,532.82
ORD-002461,C00444,Layla Walker | France | Plus,Office Supplies,255.89,6,2026-01-05,Retail Store,1535.34
ORD-002462,C01341,Sara Wright | Canada | Plus,Toys,599.59,6,2025-08-23,Mobile App,3597.54
ORD-002463,C01834,Henry King | France | Basic,Clothing,549.13,5,2025-10-06,Marketplace,2745.65
ORD-002464,C02611,Emma Hassan | Germany | Plus,Beauty,110.14,5,2025-05-11,Marketplace,550.7
ORD-002465,C00380,Ava Davis | France | Basic,Books,597.19,4,2026-01-13,Mobile App,2388.76
ORD-002466,C01857,Olivia Walker | UAE | Basic,Beauty,272.99,4,2025-10-07,Website,1091.96
ORD-002467,C01167,Chloe Green | Germany | Basic,beauty ,145.0,3,2025-07-09,Retail Store,435.0
ORD-002468,C00190,Sam Nelson | United States | Basic,Home & Kitchen,107.25,4,2025-05-27,Website,429.0
ORD-002469,C00067,Emma Ahmed | Canada | Basic,Sports,207.57,2,2025-07-14,Mobile App,415.14
ORD-002470,C00681,Ella Wilson | Singapore | Basic,Clothing,643.09,6,2025-11-09,Retail Store,3858.54
ORD-002471,C00546,Leo Lewis | France | Basic,Books,442.39,4,2025-12-03,Mobile App,1769.56
ORD-002472,C02472,Chloe Thomas | Germany | Basic,Electronics ,353.48,4,2025-08-06,Marketplace,1413.92
ORD-002473,C02044,Sam Baker | United Kingdom | Basic,Toys,22.95,5,2026-03-25,Mobile App,114.75
ORD-002474,C01273,Amelia Martin | Singapore | Basic,Books,249.91,4,2025-11-13,Mobile App,999.64
ORD-002475,C01768,Leo Wilson | Australia | Premium,Electroncs,414.71,5,2025-08-04,Retail Store,2073.55
ORD-002476,C02071,Emma Carter | France | Basic,BEAUTY,236.22,6,2025-01-17,Marketplace,1417.32
ORD-002477,C01374,Liam Brown | Germany | Plus,Beauty,281.96,6,2026-05-04,Mobile App,1691.76
ORD-002478,C01545,Daniel Nelson | UAE | Basic,Toys,142.88,2,2025-05-27,Marketplace,285.76
ORD-002479,C01835,Mia Hassan | Canada | Basic,Beauty,614.97,6,2026-02-27,Mobile App,3689.82
ORD-002480,C01940,Liam Green | United Kingdom | Basic,Electroncs,307.88,3,2025-07-17,Mobile App,923.64
ORD-002481,C01038,Henry Taylor | France | Plus,BOOKS,274.9,4,2025-04-18,Website,1099.6
ORD-002482,C01448,Lucas Taylor | UAE | Basic,HOME & KITCHEN,392.68,3,2026-01-31,Website,1178.04
ORD-002483,C02240,Yusuf Hall | UAE | Basic,Electronics ,261.84,5,2026-05-30,Retail Store,1309.2
ORD-002484,C02130,Emma Carter | UAE | Premium,Office  Supplies,628.78,5,2025-10-06,Marketplace,3143.9
ORD-002485,C02475,Sophia King | Canada | Plus,BOOKS,444.52,2,2026-01-04,Website,889.04
ORD-002486,C02131,Maya King | Australia | Basic,Toy,275.48,3,2025-03-30,Mobile App,826.44
ORD-002487,C02733,Maya Miller | Canada | Premium,Books,633.95,5,2025-08-22,Mobile App,3169.75
ORD-002488,C00416,Ella Lee | United States | Plus,Sports,261.31,1,2025-07-15,Marketplace,261.31
ORD-002489,C01921,Ava Miller | Singapore | Plus,Toys,422.17,2,2025-07-28,Retail Store,844.34
ORD-002490,C02023,Emma Miller | UAE | Basic,Sport,361.54,5,2025-01-03,Website,1807.7
ORD-002491,C02759,Ryan Lewis | Germany | Basic,Beauty,56.83,1,2025-08-09,Website,56.83
ORD-002492,C02053,Lucas Nelson | UAE | Premium,Clothing,410.47,1,2025-09-04,Website,410.47
ORD-002493,C01491,Adam Anderson | United Kingdom | Premium,Beauty,163.22,2,2026-02-09,Mobile App,326.44
ORD-002494,C02781,Omar Wilson | Australia | Basic,Home & Kitchen,388.92,1,2025-07-01,Website,388.92
ORD-002495,C00688,Ryan Carter | Germany | Premium,Office Supplies,86.01,2,2026-03-13,Retail Store,172.02
ORD-002496,C00768,Ethan Miller | UAE | Basic,ELECTRONICS,407.41,2,2025-01-19,Mobile App,814.82
ORD-002497,C00401,Ava Lee | Singapore | Basic,Office Supplies,263.76,3,2025-01-15,Website,791.28
ORD-002498,C02864,James Ahmed | Germany | Basic,Electroncs,381.33,6,2025-03-23,Retail Store,2287.98
ORD-002499,C01541,Sam Smith | France | Basic,CLOTHING,534.88,2,2025-06-28,Marketplace,1069.76
ORD-002500,C01266,Layla King | Germany | Plus,Sports,511.32,2,2026-06-07,Retail Store,1022.64
ORD-002501,C00466,Liam Adams | UAE | Plus,Clothng,190.41,3,2026-05-20,Marketplace,571.23
ORD-002502,C01784,Ava Wright | Australia | Premium,Home & Kitchen,45.14,6,2026-07-20,Retail Store,270.84
ORD-002503,C00045,Emma Wilson | Canada | Basic,Beauty,629.03,5,2025-02-03,Marketplace,3145.15
ORD-002504,C00219,Mia Mitchell | United Kingdom | Plus,electronic,644.39,6,2026-06-17,Website,3866.34
ORD-002505,C02234,Ella Baker | UAE | Plus,Sports,372.38,6,2025-04-27,Mobile App,2234.28
ORD-002506,C00840,Ryan Wilson | Singapore | Basic,Beauty,445.21,6,2025-01-26,Marketplace,2671.26
ORD-002507,C02459,Maya Carter | Singapore | Basic,Sports,56.38,6,2025-08-28,Mobile App,338.28
ORD-002508,C02799,Sophia Wilson | Singapore | Plus,Clothing,254.46,4,2026-01-05,Mobile App,1017.84
ORD-002509,C02686,Henry Martin | Singapore | Plus,ELECTRONICS,149.01,1,2025-04-12,Retail Store,149.01
ORD-002510,C01915,Chloe Ahmed | United Kingdom | Basic,Clothing & Apparel,347.47,2,2025-08-09,Mobile App,694.94
ORD-002511,C01583,Adam Ahmed | Canada | Plus,Office Supply,488.93,1,2025-03-27,Retail Store,488.93
ORD-002512,C01827,Emma Johnson | Canada | Plus,Home & Kitchen,641.79,4,2026-04-25,Retail Store,2567.16
ORD-002513,C00556,Daniel Hall | UAE | Plus,Electronics,221.51,1,2026-06-04,Retail Store,221.51
ORD-002514,C01051,Daniel Garcia | United Kingdom | Plus,Beauty,508.47,2,2025-06-24,Mobile App,1016.94
ORD-002515,C00168,Isla Johnson | Germany | Basic,Books,525.95,6,2025-12-13,Mobile App,3155.7
ORD-002516,C02625,Sophia King | Canada | Basic,Electronics,15.16,6,2025-07-22,Website,90.96
ORD-002517,C02492,Chloe Clark | France | Plus,Books & Media,434.6,1,2025-01-29,Retail Store,434.6
ORD-002518,C01321,Nora King | Australia | Basic,Clothing,329.91,3,2025-06-17,Marketplace,989.73
ORD-002519,C01692,Ryan Garcia | United States | Basic,Office Supplies,509.72,2,2026-06-01,Marketplace,1019.44
ORD-002520,C01787,Maya King | UAE | Premium,Office Supply,478.99,1,2025-08-21,Website,478.99
ORD-002521,C02665,Yusuf Ahmed | United Kingdom | Premium,Office Supplies,196.47,6,2025-02-11,Marketplace,1178.82
ORD-002522,C02089,Sara Patel | United States | Basic,Sports,583.05,6,2025-03-28,Retail Store,3498.3
ORD-002523,C00670,Ella Smith | France | Basic,Office Supplies,389.75,6,2026-03-30,Mobile App,2338.5
ORD-002524,C02970,Daniel Adams | Germany | Basic,Beauty,24.08,5,2026-07-15,Mobile App,120.4
ORD-002525,C00535,Lucas Young | Singapore | Basic,Electronics,490.28,1,2025-03-06,Mobile App,490.28
ORD-002526,C01048,James Hall | United States | Premium,Electronics,553.52,2,2026-07-01,Website,1107.04
ORD-002527,C00299,Leo Taylor | France | Plus,Electronics,202.08,2,2026-02-15,Marketplace,404.16
ORD-002528,C00264,Mia Mitchell | United Kingdom | Basic,Home and Kitchen,465.77,6,2025-10-07,Retail Store,2794.62
ORD-002529,C00319,Omar Ahmed | Singapore | Plus,Home & Kitchen,259.92,6,2026-07-08,Marketplace,1559.52
ORD-002530,C01802,Sara Smith | UAE | Plus,Toys ,268.06,5,2025-07-19,Website,1340.3
ORD-002531,C00670,Ella Smith | France | Basic,BOOKS,481.84,4,2025-01-26,Marketplace,1927.36
ORD-002532,C02600,Alex Johnson | Australia | Premium,Books,611.47,1,2026-07-10,Website,611.47
ORD-002533,C02366,Ryan Miller | UAE | Basic,Electronics ,647.94,1,2025-10-08,Marketplace,647.94
ORD-002534,C02862,Noah Johnson | Singapore | Plus,Toys,265.86,6,2026-03-26,Retail Store,1595.16
ORD-002535,C00292,Mia Davis | Australia | Plus,Clothing,263.93,5,2025-01-30,Website,1319.65
ORD-002536,C01983,Zoe Davis | United Kingdom | Premium,electronic,296.53,1,2025-11-10,Marketplace,296.53
ORD-002537,C00308,Ella King | Singapore | Premium,OFFICE SUPPLIES,494.76,4,2025-02-11,Mobile App,1979.04
ORD-002538,C00625,Ava Adams | United Kingdom | Basic,Sports,459.8,3,2025-12-25,Mobile App,1379.4
ORD-002539,C01251,Yusuf Ahmed | Germany | Plus,Office Supplies,290.47,2,2025-05-20,Marketplace,580.94
ORD-002540,C00777,Emma Carter | Australia | Plus,Beauty,416.2,3,2025-07-06,Marketplace,1248.6
ORD-002541,C02147,Lina Walker | Canada | Premium,Office Supples,462.87,3,2026-05-26,Mobile App,1388.61
ORD-002542,C01879,James Lewis | UAE | Basic,Beautyy,145.61,2,2025-12-14,Retail Store,291.22
ORD-002543,C02804,Ella Johnson | Canada | Plus,Electronics,26.78,3,2025-09-06,Retail Store,80.34
ORD-002544,C02728,Isla Clark | Australia | Plus,Toys,521.44,5,2025-11-12,Retail Store,2607.2
ORD-002545,C01173,Sara Lee | Canada | Basic,Books,299.78,6,2026-07-25,Mobile App,1798.68
ORD-002546,C01308,Lina Johnson | Australia | Plus,Toys & Games,91.58,3,2025-09-03,Website,274.74
ORD-002547,C02266,Chloe Ahmed | Germany | Basic,Toy,114.17,4,2025-06-09,Retail Store,456.68
ORD-002548,C01020,Sam Nelson | United Kingdom | Basic,Clothng,541.06,2,2025-11-16,Website,1082.12
ORD-002549,C01600,Olivia Nelson | Germany | Plus,Beauty,271.57,1,2025-07-19,Mobile App,271.57
ORD-002550,C01107,Emma Patel | Germany | Premium,Electronics,571.31,6,2025-04-05,Marketplace,3427.86
ORD-002551,C01632,Daniel Hassan | Germany | Plus,Sports,640.33,6,2025-07-01,Retail Store,3841.98
ORD-002552,C00868,Liam Green | Canada | Basic,Toys,365.12,5,2025-07-06,Mobile App,1825.6
ORD-002553,C00799,Emma Adams | United Kingdom | Basic,Clothing,184.79,3,2026-01-08,Marketplace,554.37
ORD-002554,C02936,Lucas Wilson | United Kingdom | Plus,Home Kitchen,613.57,6,2025-07-28,Marketplace,3681.42
ORD-002555,C01190,Ryan Anderson | Canada | Basic,Beauty,307.67,1,2025-09-29,Marketplace,307.67
ORD-002556,C01201,Isla Brown | United Kingdom | Plus,Clothing,114.61,3,2025-03-24,Marketplace,343.83
ORD-002557,C00736,Yusuf Green | Canada | Basic,Books,77.96,5,2026-01-11,Website,389.8
ORD-002558,C00662,Mia Carter | UAE | Plus,Home & Kitchen,182.97,4,2026-05-18,Mobile App,731.88
ORD-002559,C01031,Jack Taylor | Australia | Basic,Toys,390.58,5,2026-05-29,Retail Store,1952.9
ORD-002560,C00711,Mia Anderson | Germany | Basic,Books,215.16,2,2026-06-25,Retail Store,430.32
ORD-002561,C01535,Lucas King | Singapore | Basic,Home & Kitchen,46.79,1,2025-11-20,Website,46.79
ORD-002562,C01070,Maya Lee | France | Premium,Clothng,55.88,6,2026-06-26,Mobile App,335.28
ORD-002563,C01139,Lina King | Singapore | Plus,OFFICE SUPPLIES,596.93,2,2025-08-29,Website,1193.86
ORD-002564,C01392,Lucas Johnson | United Kingdom | Basic,OFFICE SUPPLIES,117.7,5,2025-11-29,Mobile App,588.5
ORD-002565,C00313,Yusuf Moore | France | Plus,Electroncs,97.65,1,2026-02-19,Marketplace,97.65
ORD-002566,C00978,Chloe Walker | Singapore | Plus,Office Supplies,538.14,6,2026-01-29,Mobile App,3228.84
ORD-002567,C01264,Maya Miller | Canada | Premium,Sports & Fitness,53.12,6,2025-10-03,Retail Store,318.72
ORD-002568,C00055,Chloe Young | Australia | Plus,Toys,386.79,6,2025-04-27,Website,2320.74
ORD-002569,C01547,Ava Patel | Germany | Basic,Toys,594.19,4,2025-04-15,Mobile App,2376.76
ORD-002570,C00262,Alex Young | Australia | Premium,Office Supplies,411.52,6,2026-01-31,Marketplace,2469.12
ORD-002571,C00037,Omar Baker | Singapore | Premium,Toys,288.77,3,2025-12-25,Website,866.31
ORD-002572,C00420,Ella Clark | France | Basic,Home & Ktchen,8.93,3,2025-07-15,Website,26.79
ORD-002573,C01702,Nora Martin | Canada | Basic,Electronics,496.79,3,2025-07-11,Retail Store,1490.37
ORD-002574,C00677,Sara Lee | France | Basic,Toys & Games,625.54,5,2025-05-17,Website,3127.7
ORD-002575,C00708,Sam King | Canada | Basic,electronic,177.3,1,2026-07-16,Marketplace,177.3
ORD-002576,C00578,Yusuf Lewis | United Kingdom | Plus,Clothing,404.87,4,2026-01-25,Retail Store,1619.48
ORD-002577,C02070,Ella Martin | United States | Plus,Books,423.41,1,2025-10-20,Website,423.41
ORD-002578,C01140,Lina Patel | France | Basic,Books,16.39,4,2026-05-03,Mobile App,65.56
ORD-002579,C02001,Sophia Wilson | Australia | Plus,Beauty,596.9,5,2025-03-11,Marketplace,2984.5
ORD-002580,C02371,Nora Mitchell | Canada | Plus,Clothing,602.84,6,2025-11-26,Marketplace,3617.04
ORD-002581,C01872,Henry Green | United States | Plus,Clothes,288.15,6,2026-05-17,Mobile App,1728.9
ORD-002582,C02430,Zoe Miller | Australia | Plus,Sports,328.05,3,2026-04-26,Mobile App,984.15
ORD-002583,C01598,Chloe Nelson | United States | Plus,Office Supplies,207.88,4,2025-04-13,Website,831.52
ORD-002584,C01512,Ella Ahmed | Singapore | Basic,Sport,439.68,6,2025-04-16,Marketplace,2638.08
ORD-002585,C00019,James Moore | United States | Plus,BOOKS,373.6,2,2025-08-31,Marketplace,747.2
ORD-002586,C01777,Henry Hall | France | Plus,ELECTRONICS,235.95,5,2026-07-19,Retail Store,1179.75
ORD-002587,C02536,Adam Johnson | France | Basic,Toys,556.58,1,2026-03-06,Mobile App,556.58
ORD-002588,C01464,Sam Adams | United Kingdom | Basic,Book,18.48,4,2026-05-13,Marketplace,73.92
ORD-002589,C00336,Lucas Wright | Canada | Basic,Beauty,329.01,1,2025-05-13,Retail Store,329.01
ORD-002590,C00677,Sara Lee | France | Basic,Beauty,191.07,6,2025-04-17,Website,1121.42
ORD-002591,C00536,Adam Young | UAE | Plus,Books,46.62,3,2025-12-24,Mobile App,139.86
ORD-002592,C01318,Sara Mitchell | Singapore | Plus,Toys,108.68,3,2025-10-11,Mobile App,326.04
ORD-002593,C01928,Ava Adams | Germany | Premium,Office Supples,220.07,5,2026-04-03,Retail Store,1100.35
ORD-002594,C02793,Ava Clark | France | Plus,Clothing & Apparel,302.25,3,2025-08-17,Retail Store,906.75
ORD-002595,C01033,Lucas Wright | United Kingdom | Basic,Clothing & Apparel,106.9,6,2025-03-19,Mobile App,641.4
ORD-002596,C00699,Mia Garcia | United Kingdom | Premium,Clothng,361.4,6,2025-10-25,Retail Store,2168.4
ORD-002597,C01876,Ava Thomas | Canada | Plus,Electronics,524.99,4,2025-06-23,Mobile App,2099.96
ORD-002598,C01968,Ella Adams | United States | Basic,Beautyy,448.03,5,2026-03-15,Marketplace,2240.15
ORD-002599,C00664,Yusuf Carter | United States | Premium,Sports & Fitness,326.41,4,2025-02-24,Mobile App,1305.64
ORD-002600,C00247,Sam Khan | Germany | Basic,Sport,180.46,3,2026-03-25,Website,541.38
ORD-002601,C00242,Sara Carter | Germany | Basic,Books & Media,373.95,3,2025-03-26,Mobile App,1121.85
ORD-002602,C01159,Lina Johnson | Singapore | Premium,Beauty,213.02,6,2025-11-24,Mobile App,1278.12
ORD-002603,C02846,Liam Nelson | UAE | Basic,Clothing,441.65,2,2026-05-09,Retail Store,883.3
ORD-002604,C02890,Lina Hassan | Germany | Premium,Sports,190.18,5,2025-03-14,Marketplace,950.9
ORD-002605,C00536,Adam Young | UAE | Plus,Toys & Games,181.69,1,2026-06-08,Marketplace,181.69
ORD-002606,C00577,Amelia Moore | UAE | Plus,Electronics,138.89,2,2026-02-22,Website,277.78
ORD-002607,C00283,Noah Carter | Australia | Plus,Office Supplies,295.87,2,2026-06-18,Mobile App,591.74
ORD-002608,C02666,Nora Smith | UAE | Basic,Toys ,581.32,5,2025-07-13,Mobile App,2906.6
ORD-002609,C02833,Leo Smith | Singapore | Basic,Electronics,620.73,6,2025-03-09,Retail Store,3724.38
ORD-002610,C00349,Sam Clark | UAE | Basic,Toys,137.5,2,2025-08-25,Website,275.0
ORD-002611,C02067,Lucas Carter | France | Plus,Clothing,347.47,1,2025-11-05,Mobile App,347.47
ORD-002612,C01719,Lucas Garcia | Canada | Plus,Toys,442.46,2,2025-07-23,Website,884.92
ORD-002613,C00912,Ava Nelson | United States | Premium,Office  Supplies,38.52,5,2025-06-12,Website,192.6
ORD-002614,C00129,Sam Adams | United States | Basic,Sprots,473.23,4,2026-02-28,Retail Store,1892.92
ORD-002615,C01875,Alex Martin | France | Premium,Office Supplies,227.28,4,2026-04-13,Retail Store,909.12
ORD-002616,C01275,Adam Johnson | Australia | Basic,Clothing,404.23,3,2025-03-01,Mobile App,1212.69
ORD-002617,C01025,Noah Lee | United Kingdom | Plus,Home and Kitchen,168.2,6,2026-01-02,Website,1009.2
ORD-002618,C00442,Omar Young | UAE | Premium,Electronics,138.77,5,2025-11-19,Marketplace,693.85
ORD-002619,C00842,Jack Moore | Australia | Basic,SPORTS,404.74,5,2025-05-19,Mobile App,2023.7
ORD-002620,C02831,Omar Wright | France | Basic,Sports,139.71,1,2025-03-13,Marketplace,139.71
ORD-002621,C02683,Liam Mitchell | United States | Basic,Clothing,305.95,1,2025-05-27,Retail Store,305.95
ORD-002622,C01026,Daniel Taylor | Canada | Basic,Electronics,16.63,4,2026-03-27,Marketplace,66.52
ORD-002623,C02939,Ella Hassan | Canada | Plus,Home & Kitchen,487.03,1,2025-11-01,Marketplace,487.03
ORD-002624,C02077,Zoe Young | United Kingdom | Basic,Office Supplies,606.66,1,2026-03-07,Marketplace,606.66
ORD-002625,C02304,James Mitchell | United States | Basic,Sports & Fitness,432.13,3,2026-04-10,Retail Store,1296.39
ORD-002626,C01021,Ryan Smith | Singapore | Basic,Electronics,41.99,3,2025-12-02,Retail Store,125.97
ORD-002627,C00692,Sara Hall | Singapore | Premium,Clothing,108.81,1,2026-01-05,Mobile App,108.81
ORD-002628,C01860,Sam Garcia | Germany | Basic,Office Supples,247.95,2,2025-07-05,Marketplace,495.9
ORD-002629,C02174,Omar Smith | UAE | Basic,Home & Kitchen,386.23,6,2025-11-04,Marketplace,2317.38
ORD-002630,C00339,Sara Nelson | Singapore | Premium,Toy,409.02,3,2025-03-10,Marketplace,1227.06
ORD-002631,C01285,Zoe Khan | France | Basic,Toy,649.0,3,2026-03-19,Marketplace,1947.0
ORD-002632,C01317,Maya Mitchell | Germany | Basic,Beauty,11.29,5,2025-09-22,Website,56.45
ORD-002633,C01518,Emma Adams | Australia | Plus,Beauty,636.05,2,2026-06-23,Retail Store,1272.1
ORD-002634,C02030,Sara Walker | Australia | Basic,Clothing,579.7,4,2025-03-12,Retail Store,2318.8
ORD-002635,C02000,Mia Hall | Germany | Basic,Clothing & Apparel,581.44,1,2025-11-05,Retail Store,581.44
ORD-002636,C01850,Daniel Hall | Germany | Basic,Electronic Goods,443.8,5,2025-08-22,Retail Store,2219.0
ORD-002637,C02008,Emma Green | Australia | Plus,Beauty Products,588.13,3,2025-05-12,Website,1764.39
ORD-002638,C00235,Isla Lee | UAE | Premium,Book,318.19,4,2025-02-03,Retail Store,1272.76
ORD-002639,C00989,Isla Young | UAE | Plus,Book,35.06,4,2025-09-12,Website,140.24
ORD-002640,C01695,Daniel Adams | Australia | Basic,Home & Kitchen,15.58,3,2026-05-15,Mobile App,46.74
ORD-002641,C02807,Noah Moore | United Kingdom | Plus,Home & Kitchen,232.41,3,2025-11-28,Mobile App,697.23
ORD-002642,C01999,Nora Wilson | United States | Basic,Clothing,468.53,2,2025-07-26,Mobile App,937.06
ORD-002643,C02301,Amelia Taylor | Germany | Basic,Toys,224.95,5,2025-04-03,Marketplace,1124.75
ORD-002644,C02786,Yusuf Brown | France | Basic,Electronics,342.29,4,2026-06-05,Website,1369.16
ORD-002645,C01424,Alex Moore | United States | Plus,Clothing & Apparel,452.48,1,2026-01-09,Retail Store,452.48
ORD-002646,C02775,Amelia Johnson | United States | Plus,Toys,273.87,4,2025-11-05,Website,1095.48
ORD-002647,C02317,Isla Young | Canada | Basic,Sports,161.05,6,2025-09-14,Retail Store,966.3
ORD-002648,C02619,Ava Adams | Germany | Basic,Electronics,208.98,3,2026-02-28,Website,626.94
ORD-002649,C00294,Layla Garcia | Singapore | Plus,Sports,274.35,3,2025-07-12,Mobile App,823.05
ORD-002650,C00540,Lucas Lewis | Canada | Basic,Boks,335.66,1,2026-01-18,Retail Store,335.66
ORD-002651,C02487,Noah Miller | United States | Premium,Toys,59.88,2,2025-05-29,Retail Store,119.76
ORD-002652,C02325,James Taylor | Singapore | Plus,OFFICE SUPPLIES,366.04,3,2026-02-02,Retail Store,1098.12
ORD-002653,C02267,James Ahmed | France | Basic,Books,491.73,5,2026-06-04,Retail Store,2458.65
ORD-002654,C00812,Adam Brown | Singapore | Plus,Home & Kitchen,45.06,2,2025-06-15,Retail Store,90.12
ORD-002655,C02569,Nora Khan | France | Basic,Electronics,257.23,2,2025-07-07,Mobile App,514.46
ORD-002656,C01424,Alex Moore | United States | Plus,Home & Kitchen,158.53,2,2025-05-04,Mobile App,317.06
ORD-002657,C01978,Liam Smith | United States | Plus,Books,499.75,6,2025-04-24,Retail Store,2998.5
ORD-002658,C01600,Olivia Nelson | Germany | Plus,Sprots,65.63,5,2026-05-30,Retail Store,328.15
ORD-002659,C00999,Noah Thomas | Germany | Basic,Office  Supplies,18.41,6,2026-06-21,Marketplace,110.46
ORD-002660,C02734,Alex Brown | Australia | Plus,Clothing,10.35,4,2025-06-03,Mobile App,41.4
ORD-002661,C00790,Yusuf Davis | Singapore | Basic,Electronics,275.54,3,2025-07-31,Marketplace,826.62
ORD-002662,C02009,Jack Lewis | Germany | Premium,Office Supplies,477.43,5,2025-06-20,Marketplace,2387.15
ORD-002663,C00266,Nora Green | Germany | Premium,Electronic Goods,545.98,1,2025-02-06,Mobile App,545.98
ORD-002664,C00653,Lucas Garcia | Singapore | Basic,Office Supplies,490.92,2,2025-11-12,Mobile App,981.84
ORD-002665,C02906,Lucas Miller | Australia | Basic,Office Supplies,641.62,6,2025-07-31,Marketplace,3849.72
ORD-002666,C00522,Alex Ahmed | France | Basic,Sports & Fitness,59.45,4,2026-07-25,Mobile App,237.8
ORD-000012,C00053,Amelia Taylor | United Kingdom | Plus,SPORTS,9.62,5,2026-03-16,Marketplace,48.1
ORD-002668,C02071,Emma Carter | France | Basic,Toys ,50.62,6,2025-12-09,Mobile App,303.72
ORD-002669,C02661,Ava Khan | Germany | Plus,Home Kitchen,428.89,1,2025-06-17,Website,428.89
ORD-002670,C01912,Alex Martin | Singapore | Plus,Office Supples,527.63,1,2025-08-03,Retail Store,527.63
ORD-002671,C01737,Ryan Clark | Germany | Plus,Toys,425.72,4,2025-11-08,Retail Store,1702.88
ORD-002672,C00718,Olivia Martin | Germany | Basic,Home and Kitchen,273.59,2,2025-12-01,Marketplace,547.18
ORD-002673,C01378,Emma Smith | Singapore | Basic,Electronics,323.18,6,2025-02-20,Mobile App,1939.08
ORD-002674,C02736,Amelia Hassan | Canada | Plus,Boks,542.45,1,2026-05-18,Marketplace,542.45
ORD-002675,C00896,Sara Smith | Singapore | Plus,Clothes,435.59,2,2025-04-21,Mobile App,871.18
ORD-002676,C00637,Sophia Wright | UAE | Basic,Books & Media,550.68,2,2026-04-04,Marketplace,1101.36
ORD-002677,C01699,Chloe Mitchell | Germany | Basic,OFFICE SUPPLIES,413.15,5,2025-02-18,Mobile App,2065.75
ORD-002678,C00224,Jack Green | United States | Basic,Clothing,364.38,4,2026-04-13,Website,1457.52
ORD-002679,C00516,Alex Nelson | France | Plus,Toys,553.12,3,2025-10-27,Website,1659.36
ORD-002680,C02051,Emma Wilson | France | Premium,Clothing,392.61,6,2026-06-02,Mobile App,2355.66
ORD-002681,C02080,Amelia Mitchell | United States | Plus,beauty ,54.94,6,2025-05-04,Marketplace,329.64
ORD-002682,C02405,Isla Hassan | United States | Premium,Office Supplies,179.85,4,2025-04-02,Mobile App,719.4
ORD-002683,C01639,Lina Hall | United Kingdom | Plus,Home & Kitchen,290.5,3,2025-12-21,Mobile App,871.5
ORD-002684,C02082,Sophia Mitchell | UAE | Premium,beauty ,615.74,6,2026-02-01,Website,3694.44
ORD-002685,C02325,James Taylor | Singapore | Plus,Clothes,604.36,6,2025-01-25,Mobile App,3626.16
ORD-002686,C02305,Alex Baker | United Kingdom | Basic,Books,380.41,3,2025-10-31,Mobile App,1141.23
ORD-002687,C02749,Lina Khan | Canada | Basic,Books & Media,301.78,3,2026-02-24,Retail Store,905.34
ORD-002688,C00315,Lucas Green | Canada | Basic,Sprots,549.92,5,2025-12-18,Marketplace,2749.6
ORD-002689,C00068,Henry Hassan | UAE | Plus,Electroncs,554.15,5,2026-01-12,Marketplace,2770.75
ORD-002690,C02951,Jack Mitchell | France | Plus,Toys & Games,127.97,5,2025-08-02,Marketplace,639.85
ORD-002691,C02422,Ryan Moore | United Kingdom | Premium,Sports,600.97,1,2025-10-19,Website,600.97
ORD-002692,C00632,Alex Patel | Canada | Basic,Office Supplies,75.65,4,2025-12-02,Mobile App,302.6
ORD-002693,C01679,Nora Garcia | Germany | Premium,Electroncs,351.18,4,2026-03-25,Mobile App,1404.72
ORD-002694,C00003,Layla Mitchell | United States | Plus,Beauty,602.72,2,2025-08-08,Website,1205.44
ORD-002695,C00274,Leo Green | United Kingdom | Basic,Beauty,404.44,5,2026-02-10,Retail Store,2022.2
ORD-002696,C01756,Lucas Anderson | UAE | Premium,Sports,135.58,1,2026-03-31,Mobile App,135.58
ORD-002697,C01210,James Wright | Singapore | Basic,Books,239.83,4,2026-05-10,Website,959.32
ORD-002698,C01885,Ryan Khan | Canada | Basic,Home & Kitchen,9.11,6,2026-02-20,Marketplace,54.66
ORD-002699,C02009,Jack Lewis | Germany | Premium,BOOKS,385.9,2,2026-05-16,Retail Store,771.8
ORD-002700,C00140,Lucas Moore | France | Basic,Clothing,136.79,4,2025-09-07,Website,547.16
ORD-002701,C01608,Zoe Baker | Singapore | Basic,Books & Media,386.8,1,2025-12-16,Marketplace,386.8
ORD-002702,C01744,Ethan Taylor | France | Plus,Office Supples,469.25,2,2025-02-21,Marketplace,938.5
ORD-002703,C02120,Leo Khan | UAE | Premium,Toys,553.52,1,2025-12-05,Mobile App,553.52
ORD-002704,C00388,Yusuf Khan | United Kingdom | Plus,beauty ,278.91,2,2026-03-06,Mobile App,557.82
ORD-002705,C01296,Leo Khan | Singapore | Plus,Boks,582.27,5,2025-02-03,Marketplace,2911.35
ORD-002706,C02113,James Martin | UAE | Premium,Electronics,508.38,1,2026-01-31,Website,508.38
ORD-002707,C01293,Yusuf Carter | Canada | Plus,Office Supples,33.77,1,2025-03-14,Website,33.77
ORD-002708,C00144,Yusuf Ahmed | France | Premium,Office Supplies,610.28,5,2025-09-21,Retail Store,3051.4
ORD-002709,C01807,Sophia Thomas | Germany | Basic,Sport,326.27,6,2025-09-07,Retail Store,1957.62
ORD-002710,C02345,Alex Adams | United Kingdom | Plus,SPORTS,630.35,6,2026-07-22,Marketplace,3782.1
ORD-002711,C00429,Henry Anderson | UAE | Basic,Sports,211.79,5,2026-01-23,Retail Store,1058.95
ORD-002712,C00278,Lucas Moore | UAE | Premium,Sports,623.69,2,2025-12-25,Marketplace,1247.38
ORD-002713,C00516,Alex Nelson | France | Plus,Book,120.03,6,2025-03-11,Website,720.18
ORD-002714,C00355,Amelia Lee | Singapore | Basic,Electronics,393.75,3,2025-01-15,Marketplace,1181.25
ORD-002715,C00681,Ella Wilson | Singapore | Basic,Books,208.93,2,2026-04-05,Website,417.86
ORD-002716,C02985,Adam Ahmed | UAE | Plus,Sports & Fitness,166.13,2,2026-07-10,Retail Store,332.26
ORD-002717,C02783,Emma Khan | Germany | Basic,Toys ,555.29,4,2025-02-07,Retail Store,2221.16
ORD-002718,C00678,Isla Walker | Germany | Plus,CLOTHING,582.05,1,2025-11-14,Website,582.05
ORD-002719,C02653,Isla Hassan | Germany | Basic,Sports,360.95,4,2026-07-01,Retail Store,1443.8
ORD-002720,C01175,Ava Garcia | UAE | Basic,Book,132.42,6,2026-06-25,Website,794.52
ORD-002721,C02092,Jack Adams | UAE | Basic,Sports,451.2,2,2025-07-29,Retail Store,902.4
ORD-002722,C02891,Noah Smith | France | Premium,Electronics,163.21,4,2025-06-20,Website,652.84
ORD-002723,C01933,Ava Adams | United Kingdom | Plus,Home & Kitchen,366.81,3,2026-07-19,Marketplace,1100.43
ORD-002724,C00481,Maya Walker | Singapore | Premium,Sports,57.41,1,2026-04-27,Retail Store,57.41
ORD-002725,C00232,Emma Brown | Germany | Basic,Clothing,268.35,4,2026-04-09,Retail Store,1073.4
ORD-002726,C00293,Amelia Green | Germany | Basic,beauty ,366.45,6,2025-05-19,Website,2198.7
ORD-002727,C00933,Amelia Johnson | Germany | Basic,Electronics ,630.8,5,2026-03-31,Marketplace,3154.0
ORD-002728,C01794,Nora Clark | United States | Plus,Books,408.58,5,2025-07-10,Mobile App,2042.9
ORD-002729,C02784,Ethan Moore | UAE | Basic,Electronics,250.41,1,2026-05-16,Retail Store,250.41
ORD-002730,C00454,Henry Hassan | United Kingdom | Plus,Beauty,310.86,5,2025-06-29,Retail Store,1554.3
ORD-002731,C01326,Ava Clark | Australia | Premium,Clothing & Apparel,48.71,4,2026-02-19,Marketplace,194.84
ORD-002732,C02361,Omar King | France | Basic,Toys,455.97,3,2025-04-08,Marketplace,1367.91
ORD-002733,C01296,Leo Khan | Singapore | Plus,Sports,235.87,2,2025-11-04,Marketplace,471.74
ORD-002734,C02777,Alex Anderson | France | Basic,beauty ,97.13,3,2026-03-06,Website,291.39
ORD-002735,C02897,Noah Wright | Singapore | Plus,Home & Ktchen,616.77,3,2025-04-16,Website,1850.31
ORD-002736,C01289,Lucas Walker | United Kingdom | Basic,Toys,513.37,2,2026-07-11,Marketplace,1026.74
ORD-002737,C00306,Ava Walker | United States | Plus,Clothing,480.4,3,2026-05-22,Website,1441.2
ORD-002738,C02659,Jack Wright | UAE | Plus,Clothing,489.96,4,2026-06-29,Website,1959.84
ORD-002739,C02493,Isla Adams | UAE | Basic,Sports,645.17,2,2025-08-17,Marketplace,1290.34
ORD-002740,C01778,Ryan Johnson | Canada | Plus,Clothes,495.42,2,2025-11-24,Retail Store,990.84
ORD-002741,C00212,Yusuf Mitchell | France | Plus,Sprots,487.16,3,2025-12-19,Retail Store,1461.48
ORD-002742,C00831,Ella Davis | Australia | Basic,SPORTS,378.92,5,2025-09-08,Marketplace,1894.6
ORD-002743,C02555,Ella Smith | Germany | Premium,Clothing,297.96,3,2025-12-14,Website,893.88
ORD-002744,C01298,Nora King | UAE | Plus,Clothing & Apparel,610.53,5,2025-05-17,Retail Store,3052.65
ORD-002745,C00788,Henry Thomas | United Kingdom | Plus,ELECTRONICS,524.13,2,2025-10-03,Mobile App,1048.26
ORD-002746,C01901,James Wright | Germany | Basic,Home & Kitchen,345.03,6,2026-02-04,Mobile App,2070.18
ORD-002747,C02930,Mia Johnson | Australia | Basic,Toys,623.39,4,2025-09-14,Retail Store,2493.56
ORD-002748,C01712,Sam King | France | Basic,beauty ,413.94,2,2025-01-26,Mobile App,827.88
ORD-002749,C02804,Ella Johnson | Canada | Plus,Clothes,309.21,3,2026-03-31,Mobile App,927.63
ORD-002750,C01693,Chloe Mitchell | United States | Premium,Home & Kitchen,597.32,2,2025-06-08,Mobile App,1194.64
ORD-002751,C02966,Noah Patel | Canada | Basic,Books,626.24,6,2025-08-17,Mobile App,3757.44
ORD-002752,C02091,Emma Lee | Germany | Premium,ELECTRONICS,126.64,4,2025-09-04,Marketplace,506.56
ORD-002753,C03000,Mia Ahmed | UAE | Plus,HOME & KITCHEN,183.91,3,2026-01-12,Marketplace,551.73
ORD-002754,C00264,Mia Mitchell | United Kingdom | Basic,Beauty,577.92,5,2025-09-02,Website,2889.6
ORD-002755,C01071,Henry Mitchell | Australia | Basic,Electronics,230.55,2,2025-08-19,Website,461.1
ORD-002756,C00832,Noah Wilson | United States | Basic,Beauty,312.59,4,2025-12-01,Marketplace,1250.36
ORD-002757,C02509,Henry Brown | Singapore | Basic,Electronics,379.87,4,2026-07-14,Retail Store,1519.48
ORD-002758,C01476,Daniel Martin | Singapore | Plus,Office Supplies,382.86,5,2026-03-24,Mobile App,1914.3
ORD-002759,C00379,Yusuf Mitchell | Australia | Basic,Sports,517.49,6,2025-03-03,Retail Store,3104.94
ORD-002760,C00708,Sam King | Canada | Basic,Toys ,255.46,3,2025-08-04,Marketplace,766.38
ORD-002761,C01796,Liam Nelson | UAE | Premium,Toys,344.07,6,2026-07-06,Mobile App,2064.42
ORD-002762,C00864,James Green | United States | Basic,electronic,357.26,3,2025-07-01,Marketplace,1071.78
ORD-002763,C01619,Adam Taylor | United States | Plus,Office  Supplies,144.65,6,2025-08-03,Website,867.9
ORD-002764,C01625,Jack Smith | United Kingdom | Plus,Sports,196.08,5,2025-02-12,Website,980.4
ORD-002765,C01922,Mia Adams | Canada | Basic,Beauty Products,337.84,2,2025-01-15,Mobile App,675.68
ORD-002766,C00850,Olivia Wilson | Canada | Basic,Toys,338.75,1,2025-10-18,Retail Store,338.75
ORD-002767,C01153,Leo Ahmed | United Kingdom | Basic,Home and Kitchen,526.01,4,2025-09-03,Marketplace,2104.04
ORD-002768,C02671,Daniel Mitchell | Singapore | Basic,SPORTS,29.71,6,2025-04-08,Website,178.26
ORD-002769,C02922,Daniel Nelson | Australia | Plus,Home & Kitchen,501.33,2,2026-03-18,Mobile App,1002.66
ORD-002770,C00589,Nora Miller | Singapore | Premium,Books,204.12,3,2025-10-25,Website,612.36
ORD-002771,C02185,Ryan Moore | Germany | Plus,Clothing,105.33,4,2025-12-27,Website,421.32
ORD-002772,C00427,Nora Smith | France | Premium,Electronics,281.84,5,2025-02-07,Retail Store,1409.2
ORD-002773,C02995,Lucas Anderson | UAE | Basic,Toys & Games,431.44,6,2025-03-03,Mobile App,2588.64
ORD-002774,C01596,Zoe King | Australia | Basic,Electronics,18.8,5,2025-04-17,Retail Store,94.0
ORD-002775,C01073,Maya Anderson | United States | Basic,Clothing,408.59,6,2026-01-24,Mobile App,2451.54
ORD-002776,C01280,Layla Carter | Singapore | Basic,Books,275.05,1,2026-05-19,Marketplace,275.05
ORD-002777,C01309,Maya Patel | United Kingdom | Plus,OFFICE SUPPLIES,552.58,2,2025-06-01,Website,1105.16
ORD-002778,C01764,Henry Garcia | United Kingdom | Premium,Clothing,592.93,2,2025-10-08,Mobile App,1185.86
ORD-002779,C00867,Olivia Thomas | Singapore | Basic,Sports,170.85,6,2025-01-15,Retail Store,1025.1
ORD-002780,C00313,Yusuf Moore | France | Plus,Home and Kitchen,448.91,1,2025-06-25,Marketplace,448.91
ORD-002781,C00099,Yusuf Miller | Singapore | Basic,Beauty,23.91,6,2025-12-21,Website,143.46
ORD-002782,C01744,Ethan Taylor | France | Plus,Toys,355.02,3,2025-08-28,Mobile App,1065.06
ORD-002783,C02692,Mia Garcia | Singapore | Plus,Sports & Fitness,498.34,4,2025-09-18,Retail Store,1993.36
ORD-002784,C02355,Henry Lewis | Australia | Plus,Clothing,528.17,6,2025-06-24,Mobile App,3169.02
ORD-002785,C01199,Nora Brown | Germany | Plus,Beauty,333.66,2,2026-07-17,Website,667.32
ORD-002786,C01461,Ryan Wright | United Kingdom | Basic,Beauty,559.75,5,2025-12-29,Mobile App,2798.75
ORD-002787,C00454,Henry Hassan | United Kingdom | Plus,OFFICE SUPPLIES,9.8,5,2025-06-11,Retail Store,49.0
ORD-002788,C02488,Alex Thomas | Canada | Basic,Toys,554.29,1,2025-02-28,Retail Store,554.29
ORD-002789,C00934,Liam Lee | Singapore | Plus,Beauty,48.21,5,2025-10-30,Mobile App,241.05
ORD-002790,C00222,Olivia Walker | United Kingdom | Plus,SPORTS,489.63,6,2026-01-10,Website,2937.78
ORD-002791,C00690,James Brown | Canada | Premium,Office Supplies,530.55,4,2025-09-03,Mobile App,2122.2
ORD-002792,C02072,Ethan Taylor | Canada | Basic,Books,547.06,6,2026-05-09,Retail Store,3282.36
ORD-002793,C01454,Omar Martin | Canada | Basic,Books,387.78,5,2025-06-08,Marketplace,1938.9
ORD-002794,C02149,Jack Carter | United States | Basic,Electronics,343.36,1,2025-09-18,Website,343.36
ORD-002795,C01178,Nora Walker | United States | Basic,Toy,387.08,2,2025-02-17,Marketplace,774.16
ORD-002796,C00084,Sara King | France | Basic,Clothng,609.75,3,2026-06-08,Retail Store,1829.25
ORD-002797,C02707,James Clark | United Kingdom | Basic,Home & Kitchen,544.8,1,2025-05-01,Mobile App,544.8
ORD-002798,C00866,Yusuf Young | Canada | Plus,Office Supplies,45.63,1,2025-02-23,Retail Store,45.63
ORD-002799,C01037,Chloe Davis | Singapore | Basic,Books,451.39,5,2025-04-20,Website,2256.95
ORD-002800,C01932,Ella Hassan | Australia | Basic,Home & Kitchen,556.27,3,2025-01-11,Website,1668.81
ORD-002801,C00821,Chloe Wilson | Singapore | Basic,Books,444.14,5,2026-06-01,Marketplace,2220.7
ORD-002802,C02171,James Hassan | Australia | Plus,Toys,492.15,4,2026-05-06,Marketplace,1968.6
ORD-002803,C01140,Lina Patel | France | Basic,Toys,291.8,1,2025-08-13,Retail Store,291.8
ORD-002804,C01551,Lina Nelson | UAE | Basic,Electronic Goods,176.68,4,2025-06-01,Website,706.72
ORD-002805,C02287,Yusuf Adams | Australia | Premium,Home & Kitchen,287.86,2,2025-08-04,Mobile App,575.72
ORD-002806,C01457,Mia Khan | United Kingdom | Plus,Beauty Products,614.1,6,2025-10-16,Website,3684.6
ORD-002807,C01254,Alex Hassan | France | Basic,Sports,82.65,3,2025-01-19,Mobile App,247.95
ORD-002808,C01622,Chloe Johnson | Canada | Basic,Clothing,247.45,4,2026-03-17,Retail Store,989.8
ORD-002809,C02297,Noah Wright | Singapore | Basic,Boks,146.94,1,2025-04-12,Retail Store,146.94
ORD-002810,C00805,Omar Clark | UAE | Premium,Toys,303.01,1,2025-06-03,Marketplace,303.01
ORD-002811,C02653,Isla Hassan | Germany | Basic,Home & Kitchen,320.71,2,2025-10-02,Mobile App,641.42
ORD-002812,C02498,Ethan Wilson | United Kingdom | Basic,Sports & Fitness,14.84,2,2026-01-02,Mobile App,29.68
ORD-002813,C02456,Lucas Wright | United States | Basic,Clothing,574.49,6,2026-02-11,Website,3446.94
ORD-002814,C02138,Ethan Nelson | Singapore | Plus,Clothing,525.22,5,2026-04-25,Mobile App,2626.1
ORD-002815,C01189,Leo Baker | United States | Basic,Electronics,405.47,3,2026-05-16,Marketplace,1216.41
ORD-002816,C01865,Lucas Anderson | UAE | Basic,Clothing,137.1,4,2026-04-06,Retail Store,548.4
ORD-002817,C00152,Maya Wright | Canada | Premium,Books & Media,33.1,5,2026-03-04,Retail Store,165.5
ORD-002818,C02188,Ava Adams | United Kingdom | Plus,Home & Kitchen,536.2,3,2026-02-03,Marketplace,1608.6
ORD-002819,C02356,Ava Adams | Canada | Premium,Office  Supplies,399.17,2,2025-04-07,Website,798.34
ORD-002820,C02717,Ryan Lewis | France | Basic,Sports & Fitness,21.14,3,2026-04-27,Mobile App,63.42
ORD-002821,C01645,Mia Brown | Canada | Premium,HOME & KITCHEN,563.42,5,2025-01-21,Marketplace,2817.1
ORD-002822,C00449,Liam Smith | UAE | Basic,Office  Supplies,283.33,3,2025-10-12,Mobile App,849.99
ORD-002823,C00130,Yusuf Garcia | Singapore | Plus,OFFICE SUPPLIES,524.79,2,2026-05-30,Retail Store,1049.58
ORD-002824,C02711,Liam Clark | United States | Plus,Office Supples,469.4,6,2025-04-14,Retail Store,2816.4
ORD-002825,C01312,Henry Patel | United Kingdom | Premium,Office Supplies,166.36,4,2025-03-13,Website,665.44
ORD-002826,C00132,Maya Mitchell | Australia | Basic,Books,289.98,3,2026-07-24,Retail Store,869.94
ORD-002827,C01841,Jack Garcia | UAE | Basic,HOME & KITCHEN,218.04,4,2026-05-04,Mobile App,872.16
ORD-002828,C02250,Adam Patel | France | Plus,Home & Kitchen,547.85,2,2025-05-01,Mobile App,1095.7
ORD-002829,C02010,Alex Moore | Singapore | Plus,Clothng,173.43,2,2025-03-07,Retail Store,346.86
ORD-002830,C00106,Layla Young | France | Basic,Books,230.88,6,2025-12-09,Marketplace,1385.28
ORD-002831,C00792,Jack Johnson | Australia | Premium,Office Supples,461.21,1,2025-10-12,Mobile App,461.21
ORD-002832,C01867,Noah Lee | Canada | Basic,Toys,213.66,5,2026-02-18,Retail Store,1068.3
ORD-002833,C00090,Lucas Khan | United Kingdom | Plus,OFFICE SUPPLIES,490.26,4,2025-09-19,Marketplace,1961.04
ORD-002834,C02243,Jack Clark | Germany | Basic,Home & Kitchen,8.96,3,2025-03-02,Marketplace,26.88
ORD-002835,C00149,Ethan Martin | United Kingdom | Plus,Office Supplies,103.23,1,2025-05-06,Website,103.23
ORD-002836,C02977,Omar Lee | Australia | Basic,Toys,293.11,1,2026-05-13,Mobile App,293.11
ORD-002837,C02394,Alex Miller | Canada | Basic,Toys,120.88,2,2026-05-31,Marketplace,241.76
ORD-002838,C01252,Liam Green | United States | Basic,Beauty,484.65,2,2025-09-22,Retail Store,969.3
ORD-002839,C02359,Adam Wright | France | Plus,BEAUTY,81.33,3,2026-05-07,Mobile App,243.99
ORD-002840,C01684,Daniel Lee | Australia | Plus,Toy,644.72,3,2026-04-02,Marketplace,1934.16
ORD-002841,C02084,Adam Wilson | Australia | Basic,OFFICE SUPPLIES,636.11,6,2025-09-07,Retail Store,3816.66
ORD-002842,C00275,Sophia Hall | UAE | Premium,ELECTRONICS,127.98,3,2025-05-27,Marketplace,383.94
ORD-002843,C02653,Isla Hassan | Germany | Basic,Electronic Goods,525.73,6,2026-04-16,Website,3154.38
ORD-002844,C02287,Yusuf Adams | Australia | Premium,Clothing,8.8,4,2025-04-20,Retail Store,35.2
ORD-002845,C01186,Liam Ahmed | Australia | Basic,Sport,46.86,3,2025-06-11,Marketplace,140.58
ORD-002846,C01545,Daniel Nelson | UAE | Basic,Electronics,136.63,1,2025-04-12,Retail Store,136.63
ORD-002847,C02794,Noah Green | Germany | Basic,TOYS,233.74,4,2026-05-07,Website,934.96
ORD-002848,C01794,Nora Clark | United States | Plus,HOME & KITCHEN,377.36,4,2026-04-25,Website,1509.44
ORD-002849,C01799,Noah Hall | France | Basic,Toys,13.46,3,2025-10-30,Mobile App,40.38
ORD-002850,C02853,Lucas Thomas | Germany | Basic,Office Supplies,397.81,6,2025-01-25,Marketplace,2386.86
ORD-002851,C00863,Mia Ahmed | Canada | Basic,Home & Kitchen,269.13,6,2026-02-12,Mobile App,1614.78
ORD-002852,C00688,Ryan Carter | Germany | Premium,Office Supplies,230.92,6,2025-09-10,Website,1385.52
ORD-002853,C01624,Daniel Lee | UAE | Basic,Sports,335.35,3,2026-03-08,Marketplace,1006.05
ORD-002854,C01977,Ryan Young | UAE | Plus,Beauty,538.31,1,2026-01-29,Retail Store,538.31
ORD-002855,C02099,Omar Ahmed | United States | Premium,beauty ,445.72,1,2026-03-23,Website,445.72
ORD-002856,C01601,Daniel Moore | United Kingdom | Premium,Home & Kitchen,232.97,6,2025-07-09,Retail Store,1397.82
ORD-002857,C00265,Layla Wright | France | Basic,Sports,408.31,6,2026-04-28,Mobile App,2449.86
ORD-002858,C00384,Lina Lee | Singapore | Premium,Beauty,43.11,6,2026-03-19,Retail Store,258.66
ORD-002859,C01799,Noah Hall | France | Basic,Toys,191.57,3,2025-01-05,Marketplace,574.71
ORD-002860,C00960,Chloe Walker | UAE | Premium,Beauty,631.78,6,2025-04-27,Retail Store,3790.68
ORD-002861,C02316,Daniel Wright | Singapore | Basic,Books,458.07,2,2026-05-28,Retail Store,916.14
ORD-002862,C00301,Jack Baker | Australia | Premium,Office Supplies,242.46,1,2025-03-11,Mobile App,242.46
ORD-002863,C02128,Noah Lee | Australia | Plus,Electronics ,151.65,4,2025-04-29,Mobile App,606.6
ORD-002864,C01549,Layla Hassan | United States | Premium,OFFICE SUPPLIES,367.36,6,2025-10-31,Marketplace,2204.16
ORD-002865,C01361,Isla Ahmed | Australia | Basic,Clothing,210.08,1,2025-01-31,Retail Store,210.08
ORD-002866,C00046,Amelia Green | United Kingdom | Plus,Clothes,12.9,4,2025-06-10,Marketplace,51.6
ORD-002867,C00148,Adam Young | France | Basic,Toys,193.37,3,2025-05-10,Mobile App,580.11
ORD-002868,C01408,Nora Brown | Canada | Premium,Toy,368.15,3,2025-06-04,Retail Store,1079.45
ORD-002869,C01010,Amelia Taylor | Canada | Premium,Clothing,253.5,1,2025-07-11,Marketplace,253.5
ORD-002870,C02726,Ella Wright | France | Basic,Clothing,317.55,1,2026-04-03,Marketplace,317.55
ORD-002871,C00310,Leo Green | Singapore | Premium,Sports,168.42,5,2025-12-09,Mobile App,842.1
ORD-002872,C00275,Sophia Hall | UAE | Premium,Beauty,179.12,2,2025-09-15,Marketplace,358.24
ORD-002873,C02171,James Hassan | Australia | Plus,Electroncs,645.88,5,2026-03-10,Mobile App,3229.4
ORD-002874,C00459,Sara Moore | Canada | Basic,Sprots,497.92,4,2026-02-11,Marketplace,1991.68
ORD-002875,C02799,Sophia Wilson | Singapore | Plus,Toys,610.49,2,2026-03-18,Marketplace,1220.98
ORD-002876,C01017,James Carter | Germany | Basic,BEAUTY,551.6,2,2025-09-25,Retail Store,1103.2
ORD-002877,C00161,Sam Patel | France | Basic,HOME & KITCHEN,76.38,1,2026-06-25,Website,76.38
ORD-002878,C00688,Ryan Carter | Germany | Premium,Office Supplies,351.39,5,2025-02-14,Marketplace,1756.95
ORD-002879,C01009,Liam Khan | Canada | Basic,Office Supples,363.32,3,2025-05-03,Mobile App,1089.96
ORD-002880,C01646,Ryan Brown | Canada | Basic,Home & Kitchen,167.96,5,2025-01-15,Website,839.8
ORD-002881,C01326,Ava Clark | Australia | Premium,Electronics,591.58,6,2026-06-05,Website,3549.48
ORD-002882,C02239,Sam Patel | UAE | Basic,Home & Kitchen,146.69,2,2025-01-26,Marketplace,293.38
ORD-002883,C00137,Ella Smith | Canada | Premium,Home and Kitchen,225.37,1,2025-08-15,Marketplace,225.37
ORD-002884,C02628,Noah Smith | Canada | Plus,TOYS,386.77,5,2025-07-08,Website,1933.85
ORD-002885,C00967,Sophia Wilson | Germany | Basic,Home & Kitchen,274.04,6,2025-11-07,Retail Store,1644.24
ORD-002886,C00091,Ella Smith | UAE | Basic,beauty ,110.79,1,2025-10-25,Retail Store,110.79
ORD-002887,C01836,Lina Adams | France | Plus,Toys & Games,332.43,2,2025-06-02,Marketplace,664.86
ORD-002888,C02319,Olivia Ahmed | UAE | Plus,Sports,40.64,2,2025-10-01,Marketplace,81.28
ORD-002889,C02396,Leo Garcia | United Kingdom | Premium,Clothing,257.3,2,2025-06-02,Website,514.6
ORD-002890,C01003,Jack Anderson | France | Premium,Sports,486.22,3,2026-01-14,Retail Store,1458.66
ORD-002891,C02814,Chloe Anderson | United States | Premium,Clothing,495.17,1,2026-02-05,Marketplace,495.17
ORD-002892,C02012,James Wilson | United Kingdom | Premium,Home & Kitchen,637.13,3,2025-12-20,Website,1911.39
ORD-002893,C01242,Maya Patel | United States | Plus,Sprots,441.45,5,2026-02-10,Marketplace,2207.25
ORD-002894,C02660,Olivia Khan | Canada | Plus,Home & Kitchen,32.86,3,2026-01-30,Mobile App,98.58
ORD-002895,C02966,Noah Patel | Canada | Basic,Clothing,501.49,2,2025-08-20,Website,1002.98
ORD-002896,C01933,Ava Adams | United Kingdom | Plus,beauty ,636.5,6,2026-07-20,Retail Store,3819.0
ORD-002897,C01580,Sophia Mitchell | United States | Plus,Books,272.99,2,2025-08-11,Marketplace,545.98
ORD-002898,C01488,Leo Young | United Kingdom | Basic,Office Supplies,262.48,5,2026-06-01,Website,1312.4
ORD-002899,C02818,Maya Clark | Singapore | Plus,CLOTHING,377.97,2,2025-11-16,Website,755.94
ORD-002900,C02123,Omar Anderson | France | Plus,Sports,531.51,6,2025-10-13,Mobile App,3189.06
ORD-002901,C02767,James Wright | Australia | Plus,Office Supplies,370.25,3,2026-06-07,Website,1110.75
ORD-002902,C02415,Leo Johnson | United Kingdom | Premium,Beauty,253.62,5,2026-01-26,Mobile App,1268.1
ORD-002903,C00729,Omar Lewis | UAE | Basic,Clothes,274.0,5,2025-05-26,Retail Store,1370.0
ORD-002904,C01785,Sara Adams | United Kingdom | Plus,Beauty,353.73,4,2025-03-26,Mobile App,1414.92
ORD-002905,C01926,Mia Carter | United States | Basic,Clothing,86.38,3,2025-07-30,Marketplace,259.14
ORD-002906,C01390,Emma Wright | UAE | Basic,OFFICE SUPPLIES,508.06,6,2025-02-03,Mobile App,3048.36
ORD-002907,C00550,Sara Thomas | UAE | Premium,Electronics,326.91,4,2025-01-28,Retail Store,1307.64
ORD-002908,C00533,Lucas Johnson | Singapore | Premium,Books,93.29,1,2026-01-31,Marketplace,93.29
ORD-002909,C01096,Maya Mitchell | Australia | Premium,Office Supplies,436.01,3,2025-10-12,Website,1308.03
ORD-002910,C02632,Layla Nelson | Germany | Basic,Book,54.55,5,2025-08-11,Mobile App,272.75
ORD-002911,C00977,Nora Baker | United Kingdom | Plus,Home & Ktchen,545.9,4,2026-03-14,Retail Store,2183.6
ORD-002912,C02348,Yusuf King | Canada | Basic,ELECTRONICS,418.53,4,2025-09-21,Retail Store,1674.12
ORD-002913,C01975,Amelia Smith | Australia | Basic,Beauty Products,602.92,6,2025-03-23,Website,3617.52
ORD-002914,C01210,James Wright | Singapore | Basic,electronic,168.33,5,2026-04-25,Mobile App,841.65
ORD-002915,C01615,Henry Walker | United Kingdom | Basic,Electronic Goods,358.47,6,2026-04-26,Retail Store,2150.82
ORD-002916,C02544,Isla Carter | UAE | Plus,Clothes,564.21,2,2025-10-17,Mobile App,1128.42
ORD-002917,C00546,Leo Lewis | France | Basic,Clothing,612.21,2,2025-05-13,Mobile App,1224.42
ORD-000066,C01081,Ava Nelson | France | Plus,Beauty,313.9,4,2025-07-05,Retail Store,1255.6
ORD-002919,C01869,Isla Wright | UAE | Basic,Books,225.36,6,2025-06-18,Website,1352.16
ORD-002920,C02697,Noah Martin | United States | Plus,Clothing,608.68,1,2025-10-16,Marketplace,608.68
ORD-002921,C01770,Noah Wright | Canada | Plus,Electronics,129.32,4,2025-08-24,Retail Store,517.28
ORD-002922,C02915,Lina Mitchell | UAE | Premium,Office Supplies,568.52,5,2025-06-30,Website,2842.6
ORD-002923,C02733,Maya Miller | Canada | Premium,Books,409.61,6,2025-09-10,Marketplace,2457.66
ORD-002924,C02718,Zoe Brown | Australia | Plus,Books,43.47,4,2026-01-28,Mobile App,173.88
ORD-002925,C02796,Layla Hall | Canada | Plus,Beauty,91.54,2,2025-02-25,Mobile App,183.08
ORD-002926,C01300,Lina Hassan | Australia | Basic,Books,465.4,4,2026-05-01,Marketplace,1861.6
ORD-002927,C01686,Zoe Brown | UAE | Basic,Office Supply,434.45,5,2025-03-11,Retail Store,2172.25
ORD-002928,C00882,Ryan Thomas | France | Premium,Toys & Games,568.47,1,2025-11-30,Marketplace,568.47
ORD-002929,C02611,Emma Hassan | Germany | Plus,Clothng,94.28,5,2025-03-08,Website,471.4
ORD-002930,C02918,Layla Carter | Singapore | Plus,Clothing & Apparel,155.05,2,2025-12-07,Website,310.1
ORD-002931,C00358,Alex Thomas | UAE | Premium,Books,320.66,4,2026-03-09,Mobile App,1282.64
ORD-002932,C01643,Daniel Walker | United States | Basic,Sports,251.05,5,2025-12-28,Marketplace,1255.25
ORD-002933,C02305,Alex Baker | United Kingdom | Basic,Office Supply,62.69,5,2026-05-06,Mobile App,313.45
ORD-002934,C00554,Layla Walker | France | Premium,Electronics,421.79,6,2025-01-24,Website,2530.74
ORD-002935,C00400,Sara Ahmed | United Kingdom | Plus,Books,436.56,4,2025-03-01,Retail Store,1746.24
ORD-002936,C00747,Ethan Miller | Canada | Basic,Clothing,215.26,4,2025-12-15,Website,861.04
ORD-002937,C01038,Henry Taylor | France | Plus,electronic,293.61,4,2025-01-15,Website,1174.44
ORD-002938,C00007,James Taylor | France | Plus,Book,338.29,3,2026-05-11,Mobile App,1014.87
ORD-002939,C01118,Henry Taylor | Germany | Basic,Beautyy,558.64,4,2025-10-28,Retail Store,2234.56
ORD-002940,C01735,Layla Carter | France | Premium,Clothing & Apparel,405.31,2,2026-06-13,Mobile App,810.62
ORD-002941,C00184,Henry Lewis | Germany | Plus,Clothing,384.21,1,2025-06-09,Marketplace,384.21
ORD-002942,C00262,Alex Young | Australia | Premium,Beautyy,139.64,3,2025-08-29,Marketplace,418.92
ORD-002943,C00951,Noah Khan | Germany | Basic,Toys,295.02,6,2026-05-11,Retail Store,1770.12
ORD-002944,C01820,Chloe Mitchell | Australia | Premium,Sports,513.16,6,2025-05-14,Retail Store,3078.96
ORD-002945,C01372,Ryan Carter | United Kingdom | Basic,Office Supplies,435.16,2,2025-01-10,Marketplace,870.32
ORD-002946,C02904,Mia Anderson | France | Basic,Office Supplies,8.15,3,2026-05-04,Website,24.45
ORD-002947,C02579,Lucas Davis | Germany | Basic,BEAUTY,621.45,1,2026-02-27,Website,621.45
ORD-002948,C02705,Amelia Taylor | United States | Plus,Electronics,647.72,3,2026-02-07,Retail Store,1943.16
ORD-002949,C02475,Sophia King | Canada | Plus,OFFICE SUPPLIES,312.41,3,2025-04-03,Retail Store,937.23
ORD-002950,C00491,Lucas Mitchell | Australia | Plus,Beauty,244.1,2,2026-03-10,Mobile App,488.2
ORD-002951,C00207,Lucas Taylor | UAE | Basic,Sports,256.06,2,2026-01-16,Mobile App,512.12
ORD-002952,C01485,Leo Taylor | France | Basic,Clothing,480.33,6,2026-01-24,Retail Store,2881.98
ORD-002953,C00848,Chloe Hall | Singapore | Premium,Clothing & Apparel,630.46,4,2025-04-06,Website,2521.84
ORD-002954,C02709,Nora Taylor | UAE | Basic,Office Supplies,151.42,6,2025-11-01,Retail Store,908.52
ORD-002955,C01582,Jack Ahmed | UAE | Basic,Boks,488.84,4,2025-03-15,Mobile App,1955.36
ORD-002956,C02785,Omar Anderson | Singapore | Basic,Toys,455.75,5,2025-07-29,Retail Store,2278.75
ORD-002957,C02746,Chloe Nelson | Australia | Basic,Sports,261.2,5,2026-03-28,Marketplace,1306.0
ORD-002958,C01616,Lucas Smith | Singapore | Basic,Books,564.86,5,2025-02-09,Marketplace,2824.3
ORD-002959,C00261,Chloe Walker | UAE | Plus,Clothing,147.38,4,2025-01-17,Website,589.52
ORD-002960,C02671,Daniel Mitchell | Singapore | Basic,Toys,464.32,2,2025-05-01,Website,928.64
ORD-002961,C01470,James Taylor | United States | Plus,Home & Kitchen,293.63,1,2026-04-19,Website,293.63
ORD-002962,C01231,Nora Hall | United States | Basic,Home & Kitchen,427.72,6,2025-07-20,Retail Store,2566.32
ORD-002963,C02588,Alex Hassan | Singapore | Plus,Sports,605.67,3,2026-05-10,Mobile App,1817.01
ORD-002964,C02440,Nora Patel | Australia | Basic,Clothing,259.72,5,2026-04-17,Retail Store,1298.6
ORD-002965,C02855,Layla Martin | Germany | Basic,Electronics,339.56,3,2025-02-07,Retail Store,1018.68
ORD-002966,C00366,Zoe Wilson | France | Basic,Beautyy,254.34,5,2025-04-09,Marketplace,1271.7
ORD-002967,C01198,Liam Patel | UAE | Basic,beauty ,13.58,4,2025-05-11,Mobile App,54.32
ORD-002968,C00889,Mia Brown | UAE | Plus,Home & Kitchen,258.78,2,2025-07-19,Retail Store,517.56
ORD-002969,C01073,Maya Anderson | United States | Basic,Toys,167.94,1,2026-07-13,Marketplace,167.94
ORD-002970,C00311,Alex Taylor | Germany | Plus,Clothing,452.87,1,2025-03-11,Marketplace,452.87
ORD-002971,C00708,Sam King | Canada | Basic,Clothing,234.43,5,2026-02-28,Website,1172.15
ORD-002972,C01938,Noah Lee | Australia | Plus,Toy,223.38,3,2025-06-10,Mobile App,670.14
ORD-002973,C00902,Adam Miller | UAE | Plus,Clothing,451.34,2,2025-11-27,Retail Store,902.68
ORD-002974,C02737,Ryan King | Canada | Plus,ELECTRONICS,132.76,4,2025-06-04,Mobile App,531.04
ORD-002975,C02241,Ella Ahmed | France | Premium,Beautyy,519.82,2,2026-01-01,Mobile App,1039.64
ORD-002976,C02225,Leo Wilson | Canada | Premium,Office Supplies,74.24,4,2025-07-18,Marketplace,296.96
ORD-002977,C02452,Jack Walker | France | Plus,Toys,271.27,2,2025-11-14,Retail Store,542.54
ORD-002978,C01090,Jack Hall | Singapore | Plus,Toys,213.72,3,2026-04-11,Mobile App,641.16
ORD-002979,C02130,Emma Carter | UAE | Premium,Sports,600.72,1,2025-05-06,Marketplace,600.72
ORD-002980,C02974,Noah Taylor | Singapore | Plus,Electronics,608.0,1,2026-05-07,Marketplace,608.0
ORD-002981,C01652,Layla Thomas | Germany | Basic,BOOKS,489.48,3,2025-12-13,Website,1468.44
ORD-002982,C02665,Yusuf Ahmed | United Kingdom | Premium,Electronics,77.45,1,2026-07-24,Retail Store,77.45
ORD-002983,C01993,Mia Hassan | UAE | Premium,OFFICE SUPPLIES,170.46,3,2026-03-22,Website,511.38
ORD-002984,C02410,Chloe Johnson | United States | Basic,Sports,359.62,6,2026-03-14,Retail Store,2157.72
ORD-002985,C00795,Daniel Mitchell | UAE | Plus,Toys & Games,257.22,3,2025-12-05,Mobile App,771.66
ORD-002986,C00899,Noah Patel | Canada | Basic,Sports,291.93,4,2026-02-23,Mobile App,1167.72
ORD-002987,C00814,Noah Wright | United States | Premium,Office Supplies,107.87,2,2026-03-17,Mobile App,215.74
ORD-002988,C02057,Emma Khan | France | Plus,Home and Kitchen,229.12,1,2025-07-05,Mobile App,229.12
ORD-002989,C01987,Amelia Smith | France | Basic,Books,327.94,6,2025-10-23,Marketplace,1967.64
ORD-002990,C00206,Sophia Anderson | Germany | Plus,Clothng,393.18,1,2025-01-09,Marketplace,393.18
ORD-002991,C02595,Olivia King | Germany | Plus,Electronics,490.37,2,2025-01-28,Retail Store,980.74
ORD-002992,C02628,Noah Smith | Canada | Plus,Toys,180.77,1,2026-05-14,Retail Store,180.77
ORD-002993,C00968,Daniel Patel | Canada | Plus,Toys,349.72,5,2025-11-21,Website,1748.6
ORD-002994,C02485,Olivia Hall | UAE | Plus,Home & Kitchen,318.91,3,2025-08-26,Retail Store,956.73
ORD-002995,C01786,Leo Smith | Australia | Basic,Clothing,422.26,4,2026-06-24,Marketplace,1689.04
ORD-002996,C02147,Lina Walker | Canada | Premium,OFFICE SUPPLIES,487.77,5,2025-12-21,Marketplace,2438.85
ORD-002997,C01855,Emma Carter | United States | Plus,Home & Kitchen,400.76,6,2025-09-17,Marketplace,2404.56
ORD-002998,C01082,Adam Baker | Germany | Basic,Toys,163.73,4,2025-11-24,Mobile App,654.92
ORD-002999,C01389,Jack Khan | United States | Plus,Office Supplies,318.07,4,2025-08-31,Retail Store,1272.28
ORD-003000,C02623,Chloe Patel | United Kingdom | Premium,Beauty,333.63,2,2026-06-12,Retail Store,667.26
ORD-003001,C01821,Ella Wright | Singapore | Plus,Clothing,512.15,1,2025-03-25,Retail Store,512.15
ORD-003002,C01361,Isla Ahmed | Australia | Basic,Clothing,353.08,6,2025-08-15,Mobile App,2118.48
ORD-003003,C02993,Sara Adams | UAE | Basic,BEAUTY,418.22,1,2025-01-30,Website,418.22
ORD-003004,C01326,Ava Clark | Australia | Premium,Electronics,482.59,3,2026-03-25,Mobile App,1447.77
ORD-003005,C01556,Maya Walker | United Kingdom | Plus,Clothing,28.33,3,2025-03-10,Mobile App,84.99
ORD-003006,C01136,Yusuf Miller | Canada | Premium,Boks,270.12,3,2026-04-26,Website,810.36
ORD-003007,C00552,Zoe Walker | Singapore | Basic,Sport,610.0,2,2025-02-26,Retail Store,1220.0
ORD-003008,C01378,Emma Smith | Singapore | Basic,Sports,570.83,2,2026-01-13,Retail Store,1141.66
ORD-003009,C01286,Emma Lee | Singapore | Basic,electronic,331.17,2,2025-05-03,Retail Store,662.34
ORD-003010,C00001,Maya Taylor | United States | Basic,Office Supplies,216.45,6,2026-04-27,Mobile App,1298.7
ORD-003011,C02874,Alex Clark | France | Basic,Office  Supplies,554.87,4,2026-03-12,Mobile App,2219.48
ORD-003012,C00195,Isla Green | France | Plus,Office Supplies,419.49,5,2026-06-12,Mobile App,2097.45
ORD-003013,C01792,James Lewis | Singapore | Premium,Toys,328.44,5,2026-05-26,Marketplace,1642.2
ORD-003014,C01373,Maya Khan | France | Basic,Electronic Goods,448.33,1,2025-10-27,Marketplace,448.33
ORD-003015,C01491,Adam Anderson | United Kingdom | Premium,Electronics,393.39,2,2025-06-10,Website,786.78
ORD-003016,C02811,Lina Miller | United Kingdom | Plus,Home & Kitchen,400.81,4,2025-07-06,Mobile App,1603.24
ORD-003017,C01658,Liam Hassan | United States | Plus,Clothing,109.23,5,2025-10-24,Retail Store,546.15
ORD-003018,C00974,Adam Martin | United Kingdom | Basic,Electronics,438.43,3,2025-12-26,Retail Store,1315.29
ORD-003019,C02048,Amelia Taylor | Australia | Premium,Home & Kitchen,212.77,4,2026-07-19,Retail Store,851.08
ORD-003020,C00675,Omar Young | United Kingdom | Basic,Books & Media,363.2,3,2026-07-21,Retail Store,1089.6
ORD-003021,C02747,James Clark | Germany | Basic,Electronics ,329.27,6,2025-01-08,Retail Store,1975.62
ORD-003022,C01349,Lina Walker | United States | Plus,Clothing & Apparel,361.27,6,2025-01-03,Marketplace,2167.62
ORD-003023,C00802,Maya Walker | Australia | Plus,Toys,314.11,6,2026-03-24,Mobile App,1884.66
ORD-003024,C02537,Omar Garcia | UAE | Basic,Clothing,483.44,4,2025-01-25,Marketplace,1933.76
ORD-003025,C00337,Maya Patel | France | Basic,SPORTS,396.86,4,2026-04-05,Mobile App,1587.44
ORD-003026,C00266,Nora Green | Germany | Premium,Beauty,256.87,3,2025-09-06,Retail Store,770.61
ORD-003027,C00116,Leo Carter | United States | Premium,Beauty,609.44,5,2025-08-18,Retail Store,3047.2
ORD-003028,C02332,Adam Miller | France | Plus,Beauty,375.98,6,2025-11-14,Website,2255.88
ORD-003029,C00913,Layla Taylor | Singapore | Basic,Office Supplies,9.12,2,2026-03-13,Mobile App,18.24
ORD-003030,C02320,Olivia Adams | Canada | Basic,ELECTRONICS,246.5,5,2025-08-09,Website,1232.5
ORD-003031,C01672,Ava Green | UAE | Plus,Book,138.69,5,2026-03-12,Website,693.45
ORD-003032,C01735,Layla Carter | France | Premium,Office Supplies,261.07,5,2025-12-11,Retail Store,1305.35
ORD-003033,C00189,Sam Nelson | Germany | Plus,Toys,647.23,3,2025-12-25,Marketplace,1941.69
ORD-003034,C01839,Ethan Hall | United States | Plus,Sports & Fitness,194.22,3,2025-01-04,Marketplace,582.66
ORD-003035,C02617,Ethan Nelson | Germany | Basic,Office Supplies,91.56,6,2025-01-13,Marketplace,549.36
ORD-003036,C00161,Sam Patel | France | Basic,Beauty,350.08,6,2026-05-30,Website,2100.48
ORD-003037,C00106,Layla Young | France | Basic,CLOTHING,295.05,5,2025-08-05,Marketplace,1475.25
ORD-003038,C01985,Jack Mitchell | Germany | Basic,Books & Media,411.81,4,2025-02-17,Website,1647.24
ORD-003039,C00627,Ella Taylor | Australia | Plus,Boks,516.98,1,2025-03-29,Marketplace,516.98
ORD-003040,C00243,Ella Garcia | Singapore | Plus,Office Supples,380.06,3,2025-04-30,Retail Store,1140.18
ORD-003041,C01553,Layla Davis | United Kingdom | Plus,Electronics,282.57,1,2025-04-28,Website,282.57
ORD-003042,C01407,Olivia Nelson | Canada | Basic,Clothes,64.9,4,2025-10-19,Website,259.6
ORD-003043,C02887,Ryan Anderson | Germany | Basic,Books,236.42,6,2025-02-13,Website,1418.52
ORD-003044,C01278,Emma Davis | United States | Plus,Clothing,617.21,1,2026-07-22,Mobile App,617.21
ORD-003045,C00533,Lucas Johnson | Singapore | Premium,Office Supplies,407.76,5,2025-02-08,Retail Store,2038.8
ORD-003046,C01271,Adam Clark | United States | Plus,Book,288.33,3,2025-12-23,Website,864.99
ORD-003047,C02777,Alex Anderson | France | Basic,Sports & Fitness,143.17,4,2025-08-11,Retail Store,572.68
ORD-003048,C01200,Ava Wright | UAE | Basic,Office Supplies,203.08,2,2025-11-30,Website,406.16
ORD-003049,C01985,Jack Mitchell | Germany | Basic,Electronics,158.95,2,2025-03-08,Marketplace,317.9
ORD-003050,C02634,Layla Wright | Singapore | Basic,Beauty,416.16,6,2026-02-21,Retail Store,2496.96
ORD-003051,C02877,Ethan Lee | UAE | Premium,Sport,502.49,1,2025-02-05,Marketplace,502.49
ORD-003052,C01463,Noah Carter | United States | Plus,Sports,360.09,6,2025-10-07,Retail Store,2160.54
ORD-003053,C02031,Lucas Moore | Singapore | Basic,BEAUTY,201.27,1,2026-01-21,Website,201.27
ORD-003054,C01793,Emma Smith | Singapore | Premium,electronic,614.8,5,2025-08-04,Website,3074.0
ORD-000084,C02040,Liam Walker | France | Plus,Electronics ,629.83,5,2026-02-12,Retail Store,3149.15
ORD-003056,C02185,Ryan Moore | Germany | Plus,Home & Kitchen,155.16,1,2026-07-13,Marketplace,155.16
ORD-003057,C01556,Maya Walker | United Kingdom | Plus,Home and Kitchen,69.14,5,2025-02-25,Website,345.7
ORD-003058,C01561,Amelia Young | Australia | Basic,Books,254.9,4,2025-06-07,Marketplace,1019.6
ORD-003059,C01799,Noah Hall | France | Basic,Sports,148.23,3,2025-04-21,Mobile App,444.69
ORD-003060,C01808,Amelia Hall | France | Basic,Toys,261.07,4,2025-06-15,Marketplace,1044.28
ORD-003061,C02041,Adam Davis | Germany | Premium,Books,31.35,3,2025-03-03,Retail Store,94.05
ORD-003062,C00491,Lucas Mitchell | Australia | Plus,Office  Supplies,149.15,6,2025-12-11,Retail Store,894.9
ORD-003063,C00386,Lina Wright | France | Basic,Toys,118.32,3,2025-03-26,Marketplace,354.96
ORD-003064,C01035,Daniel Taylor | France | Basic,Office Supplies,221.43,4,2025-09-29,Marketplace,885.72
ORD-003065,C00430,Omar Khan | United Kingdom | Basic,Clothing,189.92,3,2025-12-20,Mobile App,569.76
ORD-003066,C02456,Lucas Wright | United States | Basic,Toys & Games,475.5,3,2026-01-13,Marketplace,1426.5
ORD-003067,C00354,Sara Smith | France | Premium,Home & Ktchen,532.94,6,2025-02-15,Marketplace,3197.64
ORD-003068,C02437,Zoe Smith | Australia | Premium,OFFICE SUPPLIES,20.94,2,2025-07-13,Mobile App,41.88
ORD-003069,C01820,Chloe Mitchell | Australia | Premium,Sports,480.34,3,2025-11-16,Mobile App,1441.02
ORD-003070,C01947,Henry Walker | United Kingdom | Basic,Toys,188.25,4,2025-05-04,Marketplace,753.0
ORD-003071,C01789,Liam Hassan | France | Premium,BOOKS,9.69,3,2025-06-24,Retail Store,29.07
ORD-003072,C02842,James Davis | UAE | Basic,Home & Kitchen,188.95,2,2025-11-30,Marketplace,377.9
ORD-003073,C01399,Daniel Brown | United Kingdom | Premium,Toys,99.62,2,2026-03-17,Mobile App,199.24
ORD-003074,C00362,Noah Khan | United States | Basic,Sports,562.03,1,2026-01-04,Marketplace,562.03
ORD-003075,C00297,Isla Nelson | Canada | Premium,electronic,183.01,3,2025-05-16,Marketplace,549.03
ORD-003076,C00580,Maya Anderson | UAE | Basic,Office Supplies,265.76,3,2026-07-09,Website,797.28
ORD-003077,C02092,Jack Adams | UAE | Basic,Book,600.31,5,2025-01-14,Retail Store,3001.55
ORD-003078,C00641,Liam Walker | United Kingdom | Basic,Office Supplies,128.38,4,2025-11-11,Website,513.52
ORD-003079,C02836,Emma Nelson | France | Basic,Beautyy,321.5,2,2025-04-18,Mobile App,643.0
ORD-003080,C00621,Daniel Nelson | United States | Plus,Toys,166.49,4,2025-06-08,Retail Store,665.96
ORD-003081,C00514,Nora Johnson | Canada | Basic,Office Supplies,283.48,6,2025-10-26,Retail Store,1700.88
ORD-003082,C02517,Maya Patel | Australia | Basic,Clothng,560.0,5,2025-10-27,Retail Store,2800.0
ORD-003083,C02202,Daniel Brown | United Kingdom | Basic,Office Supply,491.02,4,2025-06-04,Marketplace,1964.08
ORD-003084,C01100,Leo Hassan | Singapore | Basic,Sports & Fitness,275.47,2,2025-12-21,Retail Store,550.94
ORD-003085,C00644,Isla Davis | Germany | Plus,Toys,463.24,3,2025-01-05,Marketplace,1389.72
ORD-003086,C00942,Ethan Ahmed | Germany | Basic,Toy,422.66,4,2025-08-03,Mobile App,1690.64
ORD-003087,C00131,Mia Thomas | Canada | Premium,Sports,587.0,1,2025-07-31,Website,587.0
ORD-003088,C01982,Emma Johnson | Singapore | Basic,Office Supplies,163.84,3,2025-02-12,Mobile App,491.52
ORD-003089,C02272,Adam Johnson | United States | Plus,Sports,427.81,1,2025-04-09,Website,427.81
ORD-003090,C00432,Sam Wright | UAE | Basic,Toys,532.94,5,2025-06-11,Mobile App,2664.7
ORD-003091,C01735,Layla Carter | France | Premium,Beauty,567.31,1,2025-08-16,Marketplace,567.31
ORD-003092,C00795,Daniel Mitchell | UAE | Plus,Home & Kitchen,505.37,3,2025-09-04,Retail Store,1516.11
ORD-003093,C02229,Noah Baker | France | Basic,Home & Kitchen,174.61,2,2025-03-30,Marketplace,349.22
ORD-003094,C02375,Mia Ahmed | UAE | Basic,Home & Kitchen,505.37,4,2025-01-13,Retail Store,2021.48
ORD-003095,C00752,Isla Anderson | United States | Plus,Sports & Fitness,45.8,3,2026-02-11,Website,137.4
ORD-003096,C00579,Emma Green | Canada | Plus,Toys ,119.67,6,2025-05-27,Marketplace,718.02
ORD-003097,C02026,Amelia Khan | United Kingdom | Plus,Beauty,74.81,3,2026-07-18,Mobile App,224.43
ORD-003098,C01746,Olivia Wilson | France | Basic,HOME & KITCHEN,224.25,2,2026-03-02,Mobile App,448.5
ORD-003099,C00267,Sara Wilson | France | Premium,Electronics,57.22,1,2026-05-07,Retail Store,57.22
ORD-003100,C02669,Mia Miller | Germany | Plus,Electronics,402.72,6,2026-06-21,Website,2416.32
ORD-003101,C00153,Sam Baker | United Kingdom | Basic,Office Supply,564.71,2,2026-03-09,Retail Store,1129.42
ORD-003102,C01714,Ryan Mitchell | Germany | Plus,Clothing,145.27,5,2026-07-20,Website,726.35
ORD-003103,C01603,Lucas Martin | United Kingdom | Plus,Beauty,291.82,1,2025-08-20,Retail Store,291.82
ORD-003104,C00803,Chloe Davis | United States | Basic,Electronics,60.67,4,2025-10-15,Mobile App,242.68
ORD-003105,C02370,Liam Lewis | Canada | Premium,Electronics,394.78,1,2025-06-08,Website,394.78
ORD-003106,C00214,Nora Taylor | Germany | Plus,CLOTHING,434.74,6,2025-07-01,Retail Store,2608.44
ORD-003107,C00163,Emma Davis | Germany | Plus,Office Supplies,640.33,2,2025-10-19,Retail Store,1280.66
ORD-003108,C01170,Leo Wright | France | Plus,CLOTHING,408.23,4,2026-07-02,Mobile App,1632.92
ORD-003109,C00259,Sophia Taylor | UAE | Basic,Sports,349.92,2,2025-12-05,Mobile App,699.84
ORD-003110,C00626,James Smith | United Kingdom | Plus,Sports,298.88,5,2025-06-28,Marketplace,1494.4
ORD-003111,C01049,Emma Green | Germany | Basic,Electronics,438.47,5,2025-09-12,Marketplace,2192.35
ORD-003112,C02005,Zoe Hassan | United States | Plus,Clothing,62.32,6,2026-07-04,Retail Store,373.92
ORD-003113,C01276,Jack Davis | Canada | Plus,Clothing,358.36,4,2025-02-28,Retail Store,1433.44
ORD-003114,C02578,Henry Taylor | United Kingdom | Basic,Beauty Products,491.64,3,2025-08-10,Retail Store,1474.92
ORD-003115,C01684,Daniel Lee | Australia | Plus,Sports,238.46,3,2026-01-10,Website,715.38
ORD-003116,C01148,Zoe Hall | United Kingdom | Premium,Clothing,324.15,5,2025-02-09,Website,1620.75
ORD-003117,C02048,Amelia Taylor | Australia | Premium,Office  Supplies,380.83,5,2025-07-12,Website,1904.15
ORD-003118,C01818,Ava Walker | United Kingdom | Plus,Beauty,517.39,1,2026-01-07,Website,517.39
ORD-003119,C01159,Lina Johnson | Singapore | Premium,Sports,525.47,1,2026-01-19,Retail Store,525.47
ORD-003120,C02379,Ethan King | Australia | Basic,Toys,38.83,1,2025-11-16,Retail Store,38.83
ORD-003121,C00127,Ava Wright | Singapore | Plus,Home & Ktchen,135.93,6,2025-08-02,Marketplace,815.58
ORD-003122,C00761,Noah Young | Australia | Basic,ELECTRONICS,114.4,4,2025-06-28,Retail Store,457.6
ORD-003123,C00224,Jack Green | United States | Basic,Sports,485.03,4,2025-05-14,Retail Store,1940.12
ORD-003124,C01633,Amelia Davis | Germany | Plus,Sports,68.21,4,2025-02-23,Mobile App,272.84
ORD-003125,C00780,Ryan Moore | United Kingdom | Plus,Home & Kitchen,62.57,4,2026-04-05,Website,250.28
ORD-003126,C02467,Lucas Mitchell | UAE | Basic,Books,168.16,6,2025-12-09,Website,1008.96
ORD-003127,C02473,Henry Carter | Australia | Basic,Clothing,391.73,1,2025-01-12,Website,391.73
ORD-003128,C01363,Amelia Khan | Germany | Premium,Toys & Games,417.21,2,2025-06-11,Retail Store,834.42
ORD-003129,C00926,James Clark | United States | Premium,Clothing,310.66,1,2026-03-19,Mobile App,310.66
ORD-003130,C01481,Mia Clark | United Kingdom | Basic,Beauty,426.51,2,2025-01-29,Mobile App,853.02
ORD-003131,C02886,Olivia Hall | United Kingdom | Basic,BEAUTY,510.82,5,2026-01-21,Retail Store,2554.1
ORD-003132,C00401,Ava Lee | Singapore | Basic,Electronics,484.55,3,2025-01-23,Mobile App,1453.65
ORD-003133,C01208,Lucas Garcia | UAE | Plus,beauty ,575.23,3,2026-03-27,Retail Store,1725.69
ORD-003134,C01178,Nora Walker | United States | Basic,Home and Kitchen,35.67,5,2026-04-28,Website,178.35
ORD-003135,C02042,Alex Johnson | Germany | Plus,Clothing,465.83,2,2026-05-21,Marketplace,931.66
ORD-003136,C00669,Chloe Miller | United Kingdom | Basic,Toys ,346.05,3,2026-06-20,Website,1038.15
ORD-003137,C01643,Daniel Walker | United States | Basic,Sports,211.33,1,2025-04-27,Website,211.33
ORD-003138,C00274,Leo Green | United Kingdom | Basic,Books,82.04,3,2025-10-27,Marketplace,246.12
ORD-003139,C01493,Ava Wilson | France | Plus,Boks,146.82,4,2025-07-28,Retail Store,587.28
ORD-003140,C00305,Omar Khan | Singapore | Plus,OFFICE SUPPLIES,176.93,6,2025-01-01,Retail Store,1061.58
ORD-003141,C01648,Ryan Walker | Canada | Plus,Clothing,428.12,3,2026-07-10,Marketplace,1284.36
ORD-003142,C01949,Sara Adams | Singapore | Plus,Electronics,581.11,1,2025-04-03,Retail Store,581.11
ORD-003143,C01652,Layla Thomas | Germany | Basic,Home & Kitchen,74.49,4,2025-02-07,Website,297.96
ORD-003144,C00425,Zoe Wilson | Singapore | Premium,Beauty,149.91,5,2025-04-03,Website,749.55
ORD-003145,C01864,Yusuf King | United Kingdom | Basic,Beauty,627.39,2,2026-04-27,Retail Store,1254.78
ORD-003146,C01465,Sara King | France | Basic,Toys,48.4,1,2025-03-07,Marketplace,48.4
ORD-003147,C01191,Amelia Taylor | Germany | Premium,Beauty Products,44.28,6,2026-03-25,Mobile App,265.68
ORD-003148,C01192,Leo Carter | Singapore | Plus,Home & Kitchen,139.71,3,2025-06-26,Marketplace,419.13
ORD-003149,C02707,James Clark | United Kingdom | Basic,Home & Ktchen,571.96,3,2026-04-30,Marketplace,1715.88
ORD-003150,C01195,Noah Patel | Singapore | Plus,Toys ,184.03,2,2026-06-25,Mobile App,368.06
ORD-003151,C00520,Sophia Davis | UAE | Basic,Sprots,421.41,1,2025-10-28,Mobile App,421.41
ORD-003152,C00301,Jack Baker | Australia | Premium,Home & Kitchen,175.65,5,2025-02-26,Mobile App,878.25
ORD-003153,C02124,Nora Young | Germany | Plus,Clothing,224.63,6,2025-06-02,Mobile App,1347.78
ORD-003154,C01144,Daniel Baker | United States | Plus,Toys,49.02,2,2026-05-23,Marketplace,98.04
ORD-003155,C01740,Nora Miller | France | Plus,Books,70.82,2,2026-03-20,Marketplace,141.64
ORD-003156,C02378,Jack Carter | Canada | Premium,Clothing,508.09,1,2025-10-22,Website,508.09
ORD-003157,C00394,Layla Baker | Germany | Basic,Sports,74.47,6,2025-08-18,Marketplace,446.82
ORD-003158,C02625,Sophia King | Canada | Basic,Toys & Games,414.03,2,2025-01-13,Retail Store,828.06
ORD-003159,C02226,Liam Thomas | United States | Basic,electronic,282.64,5,2025-11-25,Retail Store,1413.2
ORD-003160,C01540,Noah Thomas | Germany | Premium,Electronics,153.62,5,2025-01-15,Marketplace,768.1
ORD-003161,C00437,Adam Wright | Germany | Basic,Clothes,417.88,3,2026-05-16,Marketplace,1253.64
ORD-003162,C02042,Alex Johnson | Germany | Plus,Sports,150.71,6,2026-04-26,Mobile App,904.26
ORD-003163,C01770,Noah Wright | Canada | Plus,Office Supplies,281.57,6,2026-01-04,Mobile App,1689.42
ORD-003164,C01487,Henry Anderson | United Kingdom | Basic,Sports,318.27,6,2025-11-24,Website,1909.62
ORD-003165,C01041,Liam Clark | France | Basic,Electronic Goods,311.9,2,2025-03-26,Website,623.8
ORD-003166,C02124,Nora Young | Germany | Plus,Clothes,375.2,5,2026-04-04,Marketplace,1876.0
ORD-003167,C02639,Chloe Johnson | United States | Plus,Electronic Goods,116.18,3,2025-01-22,Marketplace,348.54
ORD-003168,C02967,Ella Taylor | Canada | Premium,Clothing,317.89,3,2025-06-06,Website,953.67
ORD-003169,C02174,Omar Smith | UAE | Basic,Books,258.44,2,2026-06-02,Website,516.88
ORD-003170,C01625,Jack Smith | United Kingdom | Plus,Sports & Fitness,-396.6,5,2025-06-26,Marketplace,1983.0
ORD-003171,C00316,Isla Khan | Germany | Basic,Toys ,65.57,1,2025-12-21,Marketplace,65.57
ORD-003172,C00145,Emma Hall | Singapore | Plus,Toys,336.97,4,2025-01-27,Website,1347.88
ORD-003173,C01613,Liam Thomas | UAE | Premium,Sports,103.93,1,2025-05-01,Retail Store,103.93
ORD-003174,C02387,Sophia Wilson | Germany | Plus,Clothing,102.92,5,2025-06-14,Mobile App,514.6
ORD-003175,C00989,Isla Young | UAE | Plus,Home & Kitchen,319.78,4,2025-05-21,Marketplace,1279.12
ORD-003176,C00010,Ethan Young | Germany | Plus,Sports,613.3,3,2026-03-16,Website,1839.9
ORD-003177,C01740,Nora Miller | France | Plus,Beautyy,82.11,6,2025-09-25,Website,492.66
ORD-003178,C00777,Emma Carter | Australia | Plus,Books & Media,426.87,4,2026-05-22,Mobile App,1707.48
ORD-003179,C00590,Daniel Hassan | United States | Basic,Sports,156.9,4,2026-05-17,Marketplace,627.6
ORD-003180,C00737,James Smith | UAE | Basic,Home and Kitchen,471.66,3,2025-01-13,Marketplace,1414.98
ORD-003181,C00759,Ella Wilson | UAE | Basic,Electronics,583.43,2,2025-09-25,Website,1166.86
ORD-003182,C01514,Adam Mitchell | Germany | Basic,Office Supplies,403.56,6,2025-05-27,Marketplace,2421.36
ORD-003183,C00207,Lucas Taylor | UAE | Basic,Clothng,433.53,2,2025-12-04,Mobile App,867.06
ORD-003184,C02626,Ella Hall | Australia | Basic,ELECTRONICS,241.46,5,2026-07-15,Retail Store,1207.3
ORD-003185,C02025,Liam Hassan | UAE | Basic,Sports,511.03,6,2026-05-16,Mobile App,3066.18
ORD-003186,C01886,Jack Khan | United Kingdom | Premium,Clothing,341.97,2,2025-04-12,Retail Store,683.94
ORD-003187,C02790,Nora Thomas | United States | Basic,Home & Kitchen,62.16,2,2025-11-25,Website,124.32
ORD-003188,C00418,Chloe Patel | United Kingdom | Premium,Home & Kitchen,40.09,2,2025-01-31,Retail Store,80.18
ORD-003189,C01345,Amelia Taylor | United Kingdom | Basic,Sports,36.0,6,2025-09-24,Retail Store,216.0
ORD-003190,C02363,Zoe Lee | France | Premium,Boks,464.62,3,2025-04-17,Mobile App,1393.86
ORD-003191,C00865,Liam King | United States | Basic,BEAUTY,124.02,2,2025-06-24,Website,248.04
ORD-003192,C02285,Emma Garcia | UAE | Basic,Office Supples,491.05,5,2026-05-01,Website,2455.25
ORD-003193,C02948,Sophia Miller | France | Premium,Books,167.19,1,2025-01-13,Marketplace,167.19
ORD-003194,C02302,Yusuf Mitchell | Canada | Premium,Office  Supplies,315.72,2,2025-06-23,Website,631.44
ORD-003195,C00923,Sara Green | United States | Basic,Home & Kitchen,363.38,6,2025-05-24,Retail Store,2180.28
ORD-003196,C02661,Ava Khan | Germany | Plus,Electronics,647.12,5,2025-08-03,Retail Store,3235.6
ORD-003197,C00277,Nora Clark | UAE | Basic,Clothing,55.37,2,2026-04-05,Marketplace,110.74
ORD-003198,C01106,Yusuf Patel | United States | Basic,Sports,292.94,2,2025-10-12,Retail Store,585.88
ORD-003199,C00948,Liam Adams | United Kingdom | Premium,Home & Kitchen,293.66,2,2025-09-14,Marketplace,587.32
ORD-003200,C01621,Omar Taylor | United States | Premium,Beauty,208.71,3,2025-02-01,Retail Store,626.13
ORD-003201,C02000,Mia Hall | Germany | Basic,Electronics,597.46,2,2025-11-26,Mobile App,1194.92
ORD-003202,C00838,Zoe Hassan | United Kingdom | Plus,Books,436.13,1,2026-06-08,Website,436.13
ORD-003203,C02736,Amelia Hassan | Canada | Plus,Beauty,156.78,6,2025-11-26,Website,940.68
ORD-003204,C00559,Amelia Johnson | Australia | Premium,Books,634.12,5,2025-06-19,Marketplace,3170.6
ORD-003205,C02112,Amelia Moore | Singapore | Premium,Office Supples,305.94,2,2026-01-16,Retail Store,611.88
ORD-003206,C01208,Lucas Garcia | UAE | Plus,Home & Kitchen,146.51,2,2025-02-04,Retail Store,293.02
ORD-003207,C00067,Emma Ahmed | Canada | Basic,Toys,580.42,6,2025-03-04,Retail Store,3482.52
ORD-003208,C00874,Lucas Mitchell | Australia | Premium,Sports,514.28,5,2025-03-12,Retail Store,2571.4
ORD-003209,C02855,Layla Martin | Germany | Basic,HOME & KITCHEN,221.06,5,2025-08-14,Website,1105.3
ORD-003210,C02437,Zoe Smith | Australia | Premium,Sports,80.8,6,2025-07-14,Marketplace,484.8
ORD-003211,C02807,Noah Moore | United Kingdom | Plus,Electronics,407.63,4,2026-04-23,Website,1630.52
ORD-003212,C00881,Nora Lee | Australia | Basic,Office Supplies,143.2,6,2026-03-01,Website,859.2
ORD-003213,C02206,Lucas Clark | United States | Basic,BEAUTY,191.77,1,2026-01-15,Mobile App,191.77
ORD-003214,C00185,Ella Brown | United Kingdom | Basic,Office Supplies,258.82,1,2025-10-04,Retail Store,258.82
ORD-003215,C02838,Alex Mitchell | United Kingdom | Basic,Books,366.58,4,2026-05-05,Mobile App,1466.32
ORD-003216,C00604,Sophia Lee | Canada | Premium,CLOTHING,46.45,3,2026-03-11,Marketplace,139.35
ORD-003217,C00551,Adam Clark | Canada | Plus,Electronics,254.6,2,2026-03-28,Website,509.2
ORD-003218,C00530,Sophia Green | Australia | Plus,Electronic Goods,589.94,2,2025-02-05,Marketplace,1179.88
ORD-003219,C01953,Adam Wilson | Canada | Plus,ELECTRONICS,454.25,3,2025-11-25,Website,1362.75
ORD-003220,C02201,Maya Walker | Germany | Premium,Home & Kitchen,354.2,4,2025-09-27,Marketplace,1416.8
ORD-003221,C01319,Ethan Lewis | United Kingdom | Premium,Toys,294.5,6,2026-07-06,Website,1767.0
ORD-003222,C02987,Adam Wilson | Germany | Premium,Office Supplies,29.1,2,2025-11-19,Marketplace,58.2
ORD-003223,C00228,Ella Lee | UAE | Basic,Clothng,600.68,3,2025-11-30,Retail Store,1802.04
ORD-003224,C01984,Jack Adams | United Kingdom | Plus,Books,38.66,2,2026-02-08,Retail Store,77.32
ORD-003225,C01295,Layla Hall | Singapore | Basic,Sports,53.47,1,2025-09-21,Website,53.47
ORD-003226,C01242,Maya Patel | United States | Plus,Electronics,353.71,6,2026-02-01,Retail Store,2122.26
ORD-003227,C00079,Sara Clark | Canada | Plus,Home & Ktchen,620.08,3,2026-01-03,Marketplace,1860.24
ORD-003228,C02127,Daniel Taylor | Singapore | Premium,Books,16.21,1,2025-10-28,Website,16.21
ORD-003229,C00093,Sara Davis | UAE | Basic,Books & Media,553.15,3,2025-09-15,Retail Store,1659.45
ORD-003230,C01578,Maya Mitchell | United States | Premium,Sports,527.75,5,2025-12-26,Mobile App,2638.75
ORD-003231,C01480,Yusuf Taylor | France | Basic,Toys,380.77,5,2025-05-26,Marketplace,1903.85
ORD-003232,C01624,Daniel Lee | UAE | Basic,Toys,278.67,4,2025-03-27,Mobile App,1114.68
ORD-003233,C02173,Nora Moore | Singapore | Basic,Electroncs,220.43,5,2025-03-23,Website,1102.15
ORD-003234,C02078,James Lee | Germany | Premium,Home & Kitchen,516.76,1,2026-01-29,Marketplace,516.76
ORD-003235,C00725,Amelia Johnson | Germany | Premium,Clothing,82.99,6,2025-12-04,Website,497.94
ORD-003236,C01263,Ryan Johnson | Australia | Plus,Sports,289.68,1,,Retail Store,289.68
ORD-003237,C01052,Daniel Baker | UAE | Basic,Home and Kitchen,183.88,6,2026-05-11,Retail Store,1103.28
ORD-003238,C00773,Yusuf Smith | UAE | Basic,Home and Kitchen,625.85,6,2025-08-23,Mobile App,3755.1
ORD-003239,C02870,Sophia Anderson | Germany | Basic,Sports,265.79,4,2025-03-01,Mobile App,1063.16
ORD-003240,C01484,Noah Nelson | Canada | Basic,Boks,273.04,1,2025-09-18,Marketplace,273.04
ORD-003241,C01139,Lina King | Singapore | Plus,Toys,242.32,3,2026-06-02,Mobile App,726.96
ORD-003242,C01030,Sophia Ahmed | Australia | Basic,Books,355.89,6,2025-07-09,Website,2135.34
ORD-003243,C00361,Maya Moore | United States | Basic,SPORTS,89.09,6,2025-10-13,Retail Store,534.54
ORD-003244,C02918,Layla Carter | Singapore | Plus,Beauty Products,488.2,4,2025-11-29,Website,1952.8
ORD-003245,C02940,Zoe Brown | Australia | Basic,Boks,631.63,3,2025-11-10,Website,1894.89
ORD-003246,C00021,Jack Anderson | Canada | Plus,Books,171.38,5,2026-02-19,Mobile App,856.9
ORD-003247,C02376,Mia Taylor | Singapore | Basic,Beautyy,367.52,3,2026-05-31,Retail Store,1102.56
ORD-003248,C02295,Ella Nelson | France | Basic,Electroncs,490.62,4,2026-05-05,Retail Store,1962.48
ORD-003249,C02729,Jack Ahmed | Canada | Premium,Office Supplies,556.0,3,2026-04-27,Mobile App,1668.0
ORD-003250,C01855,Emma Carter | United States | Plus,Electronics,557.78,3,2025-12-26,Website,1673.34
ORD-003251,C02306,Nora Mitchell | UAE | Premium,Home & Ktchen,86.28,4,2025-05-10,Retail Store,345.12
ORD-003252,C01256,Nora Lee | Germany | Premium,Office Supplies,285.4,4,2026-02-14,Website,1141.6
ORD-003253,C02835,Sara Lee | France | Plus,Home & Kitchen,129.4,5,2026-01-09,Mobile App,647.0
ORD-003254,C01559,Lucas Garcia | Singapore | Basic,Books,430.15,5,2025-08-04,Website,2150.75
ORD-003255,C01837,Leo Lewis | Germany | Basic,TOYS,550.71,4,2025-01-16,Marketplace,2202.84
ORD-003256,C01723,Isla Anderson | Germany | Basic,Office Supplies,24.31,1,2026-01-19,Retail Store,24.31
ORD-003257,C00871,Adam Baker | Singapore | Basic,Toys,202.18,6,2025-10-12,Retail Store,1213.08
ORD-003258,C01956,Ella Ahmed | Australia | Plus,Office  Supplies,182.06,1,2025-12-30,Retail Store,182.06
ORD-003259,C01918,Sara Davis | United Kingdom | Basic,Electronics,647.44,3,2025-01-19,Website,1942.32
ORD-003260,C01475,Mia Green | Australia | Basic,Clothng,404.37,3,2025-02-06,Marketplace,1213.11
ORD-003261,C01878,Adam Johnson | Germany | Basic,Clothing,645.73,4,2025-08-10,Retail Store,2582.92
ORD-003262,C01059,Ava King | France | Plus,Boks,180.39,5,2025-12-11,Marketplace,901.95
ORD-003263,C02907,Jack Miller | United States | Plus,Office Supplies,270.93,6,2025-09-05,Marketplace,1625.58
ORD-003264,C02826,Zoe Adams | United States | Basic,Boks,462.76,1,2025-12-08,Website,462.76
ORD-003265,C02316,Daniel Wright | Singapore | Basic,Clothng,448.14,1,2025-06-14,Retail Store,448.14
ORD-003266,C01926,Mia Carter | United States | Basic,Beauty,454.37,6,2025-05-27,Retail Store,2726.22
ORD-003267,C01594,Ava Davis | Germany | Basic,Clothes,327.45,5,2026-07-23,Marketplace,1637.25
ORD-003268,C00646,Ella Lewis | UAE | Basic,TOYS,158.33,1,2026-03-10,Website,158.33
ORD-003269,C02606,Jack Khan | Singapore | Plus,Beauty Products,445.26,4,2025-11-10,Marketplace,1781.04
ORD-003270,C02216,Jack Thomas | Australia | Plus,Beautyy,625.85,5,2025-10-20,Mobile App,3129.25
ORD-003271,C02835,Sara Lee | France | Plus,Clothing,395.03,4,2026-02-12,Website,1580.12
ORD-003272,C01771,Daniel Adams | UAE | Premium,Clothing,566.91,4,2026-04-24,Marketplace,2267.64
ORD-003273,C00572,James Baker | Australia | Basic,Books,645.98,4,2025-03-08,Website,2583.92
ORD-003274,C01596,Zoe King | Australia | Basic,Sprots,381.4,4,2025-01-23,Retail Store,1525.6
ORD-003275,C00712,Noah King | United Kingdom | Basic,Clothes,30.68,3,2026-02-02,Website,92.04
ORD-003276,C01429,Noah Wright | Singapore | Basic,Toy,47.32,5,2026-06-06,Mobile App,236.6
ORD-003277,C00853,Adam Green | Canada | Plus,Electronics,21.08,1,2025-03-06,Mobile App,21.08
ORD-003278,C00884,Amelia Ahmed | Germany | Premium,BOOKS,19.31,5,2025-08-02,Retail Store,96.55
ORD-003279,C01228,Yusuf Lewis | Singapore | Premium,Sports,376.44,4,2025-06-29,Marketplace,1505.76
ORD-003280,C02554,Maya Clark | UAE | Premium,Books,65.51,1,2026-01-24,Marketplace,65.51
ORD-003281,C02502,Lucas Wilson | United Kingdom | Plus,Home & Kitchen,119.64,6,2025-11-04,Retail Store,717.84
ORD-003282,C01077,Lucas Taylor | United Kingdom | Basic,Electronics,355.99,1,2026-07-21,Retail Store,355.99
ORD-003283,C02456,Lucas Wright | United States | Basic,Home & Kitchen,386.65,3,2025-04-09,Website,1159.95
ORD-003284,C02677,Maya Moore | Australia | Plus,Beauty,538.46,2,2025-03-02,Marketplace,1076.92
ORD-003285,C02469,Daniel King | United States | Basic,Toys ,285.52,6,2025-09-17,Mobile App,1713.12
ORD-003286,C00889,Mia Brown | UAE | Plus,BOOKS,441.61,5,2026-05-09,Marketplace,2208.05
ORD-003287,C02769,Ava Carter | Canada | Plus,BOOKS,329.33,5,2026-01-30,Mobile App,1646.65
ORD-003288,C01942,Jack Anderson | Singapore | Plus,Office Supplies,360.81,6,2025-11-29,Website,2164.86
ORD-003289,C00998,Henry Patel | United Kingdom | Basic,Electronic Goods,122.71,6,2026-04-05,Retail Store,736.26
ORD-003290,C00560,Sophia Smith | United States | Basic,HOME & KITCHEN,138.79,5,2025-03-18,Retail Store,693.95
ORD-003291,C00649,Lucas Anderson | Canada | Basic,Clothing,233.98,3,2025-06-11,Retail Store,701.94
ORD-003292,C01817,Olivia Anderson | United States | Plus,Beauty,414.64,6,2026-06-08,Mobile App,2487.84
ORD-003293,C02831,Omar Wright | France | Basic,Office Supplies,469.26,5,2026-05-15,Mobile App,2346.3
ORD-003294,C02090,James Martin | Germany | Plus,BOOKS,522.36,1,2026-06-24,Retail Store,522.36
ORD-003295,C01813,James Nelson | Australia | Plus,Beauty,172.69,4,2026-07-06,Retail Store,690.76
ORD-003296,C02526,Maya Garcia | Canada | Plus,Home & Kitchen,292.2,1,2025-06-19,Retail Store,292.2
ORD-003297,C02542,Yusuf Davis | United States | Premium,Toys,188.49,6,2025-11-21,Retail Store,1130.94
ORD-003298,C00903,Alex Adams | United States | Premium,Home and Kitchen,97.92,1,2025-10-20,Website,97.92
ORD-003299,C01081,Ava Nelson | France | Plus,Home Kitchen,303.17,1,2025-04-15,Website,303.17
ORD-003300,C00552,Zoe Walker | Singapore | Basic,Books,167.16,6,2025-02-27,Mobile App,1002.96
ORD-003301,C01730,Amelia Hall | Germany | Premium,Clothing,194.54,1,2026-02-10,Mobile App,194.54
ORD-003302,C01465,Sara King | France | Basic,Clothing,142.11,5,2025-08-03,Website,710.55
ORD-003303,C02711,Liam Clark | United States | Plus,Home & Kitchen,469.63,1,2026-06-08,Marketplace,469.63
ORD-003304,C01513,Ethan Johnson | Germany | Basic,Toys,620.7,2,2025-04-04,Mobile App,1241.4
ORD-003305,C01955,Noah Wright | Germany | Premium,Electroncs,455.55,6,2025-03-09,Retail Store,2733.3
ORD-003306,C01128,Omar Khan | France | Basic,Sports,238.45,4,2025-01-29,Retail Store,953.8
ORD-003307,C00956,Zoe Baker | United States | Basic,Electronics,460.88,1,2026-04-01,Mobile App,460.88
ORD-003308,C01857,Olivia Walker | UAE | Basic,Sports,316.59,5,2025-02-15,Website,1582.95
ORD-003309,C00024,Lucas Johnson | Australia | Basic,Home and Kitchen,370.95,3,2026-02-28,Mobile App,1112.85
ORD-003310,C00315,Lucas Green | Canada | Basic,beauty ,617.42,2,2025-09-25,Website,1234.84
ORD-003311,C00001,Maya Taylor | United States | Basic,Toys,252.46,5,2025-10-04,Retail Store,1262.3
ORD-003312,C01651,James Martin | France | Basic,Electronics,208.66,6,2025-03-29,Marketplace,1251.96
ORD-003313,C01023,Lucas Wilson | UAE | Basic,Clothing,543.69,1,2026-04-28,Website,543.69
ORD-003314,C00263,Alex Baker | United States | Plus,Electronics ,622.28,1,2025-12-14,Website,622.28
ORD-003315,C00340,Alex Green | United States | Premium,Clothing & Apparel,462.22,1,2025-12-02,Retail Store,462.22
ORD-003316,C00239,Lucas Carter | France | Plus,Beauty,508.95,5,2025-10-08,Retail Store,2544.75
ORD-003317,C01986,Alex Adams | Germany | Basic,Toys,172.41,3,2026-05-30,Marketplace,517.23
ORD-003318,C01541,Sam Smith | France | Basic,Beauty,12.79,3,2025-10-07,Mobile App,38.37
ORD-003319,C00736,Yusuf Green | Canada | Basic,Books,493.95,3,2026-02-01,Marketplace,1481.85
ORD-003320,C02716,Amelia Hall | Australia | Plus,Toys & Games,495.85,6,2025-12-12,Marketplace,2975.1
ORD-003321,C00434,Maya Patel | UAE | Plus,Beauty,77.77,4,2025-04-29,Marketplace,311.08
ORD-003322,C02301,Amelia Taylor | Germany | Basic,Home & Kitchen,627.2,3,2025-01-22,Website,1881.6
ORD-003323,C02325,James Taylor | Singapore | Plus,Office Supply,235.02,3,2026-05-17,Website,705.06
ORD-003324,C02281,Maya Moore | UAE | Plus,Beauty,359.85,6,2025-11-30,Website,2159.1
ORD-003325,C01076,Chloe Wright | Germany | Basic,Books & Media,587.23,1,2025-10-13,Mobile App,587.23
ORD-003326,C02557,Emma Carter | Germany | Basic,Books & Media,267.33,6,2025-01-20,Website,1603.98
ORD-003327,C02868,Olivia Lee | United Kingdom | Basic,CLOTHING,218.5,1,2025-05-07,Mobile App,218.5
ORD-003328,C01796,Liam Nelson | UAE | Premium,Toys ,271.38,2,2025-09-16,Retail Store,542.76
ORD-003329,C00177,Zoe Taylor | Singapore | Premium,Books,271.56,1,2026-06-02,Website,271.56
ORD-003330,C01208,Lucas Garcia | UAE | Plus,BEAUTY,293.6,1,2026-01-27,Website,293.6
ORD-003331,C01799,Noah Hall | France | Basic,Electronics,57.49,5,2025-09-29,Mobile App,287.45
ORD-003332,C01745,Jack Taylor | UAE | Premium,Clothing,439.06,2,2025-08-20,Retail Store,878.12
ORD-003333,C01604,Amelia Thomas | United States | Premium,Toys & Games,37.94,6,2025-09-15,Website,227.64
ORD-003334,C01881,Lucas Martin | United Kingdom | Basic,Home & Kitchen,519.27,1,2026-03-19,Website,519.27
ORD-003335,C00330,Leo Green | France | Premium,Office Supplies,463.91,1,2026-07-04,Website,463.91
ORD-003336,C00023,Ryan Smith | Germany | Basic,Office  Supplies,168.4,5,2026-06-04,Marketplace,842.0
ORD-003337,C01507,Leo Taylor | UAE | Premium,Clothing,347.69,1,2026-03-15,Retail Store,347.69
ORD-003338,C01976,Zoe Patel | Germany | Plus,Electronics,91.81,4,2025-04-05,Mobile App,367.24
ORD-003339,C00725,Amelia Johnson | Germany | Premium,Sports,173.87,1,2025-01-11,Mobile App,173.87
ORD-003340,C00454,Henry Hassan | United Kingdom | Plus,Clothing,486.37,2,2026-05-12,Mobile App,972.74
ORD-003341,C00804,Henry Wilson | United Kingdom | Plus,Toys ,593.2,4,2025-10-15,Website,2372.8
ORD-003342,C02146,Isla Adams | United States | Basic,Home & Kitchen,229.35,1,2025-10-02,Marketplace,229.35
ORD-003343,C02819,Mia Taylor | Singapore | Basic,Office Supply,387.15,4,2026-07-01,Website,1548.6
ORD-003344,C00372,Emma Ahmed | UAE | Basic,Beautyy,227.39,2,2026-02-19,Mobile App,454.78
ORD-003345,C00250,James Walker | Germany | Basic,Sports,16.85,6,2026-07-07,Website,101.1
ORD-003346,C00610,Liam Mitchell | Australia | Basic,Clothing,32.23,6,2025-03-13,Retail Store,193.38
ORD-003347,C02659,Jack Wright | UAE | Plus,Beauty Products,427.55,6,2025-09-04,Retail Store,2565.3
ORD-003348,C00256,Nora Garcia | United Kingdom | Plus,Sprots,405.24,3,2025-04-19,Marketplace,1215.72
ORD-003349,C00505,Leo Smith | Germany | Premium,Toys,491.48,4,2026-03-23,Retail Store,1965.92
ORD-003350,C00622,Noah Patel | Germany | Premium,TOYS,355.53,3,2026-02-11,Mobile App,1066.59
ORD-003351,C01581,Sam Young | United Kingdom | Basic,Electronics,163.93,3,2026-01-20,Retail Store,491.79
ORD-003352,C00771,Zoe Nelson | Australia | Plus,BEAUTY,102.7,5,2025-12-01,Marketplace,513.5
ORD-003353,C01473,Isla Smith | United Kingdom | Premium,Electronic Goods,256.28,1,2025-10-02,Website,256.28
ORD-003354,C02509,Henry Brown | Singapore | Basic,Office Supplies,533.95,4,2026-05-25,Website,2135.8
ORD-003355,C02195,Leo Lewis | Australia | Basic,Sport,580.63,3,2025-02-27,Website,1741.89
ORD-003356,C02621,Layla Lewis | France | Basic,Electronics,354.39,3,2026-06-12,Marketplace,1063.17
ORD-003357,C00987,Lina Nelson | Canada | Premium,Sprots,185.25,1,2025-03-05,Mobile App,185.25
ORD-003358,C02874,Alex Clark | France | Basic,CLOTHING,273.55,6,2026-07-01,Retail Store,1641.3
ORD-003359,C00157,Maya Taylor | United States | Plus,Toys,164.9,6,2026-01-17,Website,989.4
ORD-003360,C01166,Omar Miller | Australia | Plus,Books,635.56,5,2025-11-19,Mobile App,3177.8
ORD-003361,C00237,Maya Miller | Singapore | Basic,Books,321.41,2,2026-06-27,Website,642.82
ORD-003362,C00655,Noah Khan | Germany | Plus,Office Supplies,80.48,3,2025-07-12,Website,241.44
ORD-003363,C02809,Isla Thomas | Germany | Basic,Electronics,518.34,6,2025-05-02,Marketplace,3110.04
ORD-003364,C02011,Sara Adams | Canada | Plus,Clothing,587.62,2,2026-06-05,Website,1175.24
ORD-000060,C02220,Nora King | UAE | Basic,Books,23.15,3,2025-06-13,Mobile App,69.45
ORD-003366,C02054,Ella Ahmed | Australia | Premium,Clothing & Apparel,112.74,4,2025-11-19,Mobile App,450.96
ORD-003367,C00753,Lina Baker | Australia | Plus,Electronics,625.62,2,2026-01-05,Website,1251.24
ORD-003368,C01310,Noah Garcia | France | Premium,CLOTHING,128.63,1,2025-06-10,Marketplace,128.63
ORD-003369,C01918,Sara Davis | United Kingdom | Basic,Home & Kitchen,362.71,4,2026-05-01,Marketplace,1450.84
ORD-003370,C00056,Chloe Moore | France | Premium,Clothing,486.92,5,2025-05-04,Marketplace,2434.6
ORD-003371,C00360,Emma Green | Australia | Basic,Electronics,535.45,1,2025-04-15,Mobile App,535.45
ORD-003372,C00091,Ella Smith | UAE | Basic,Electronics,601.83,6,2025-10-09,Marketplace,3610.98
ORD-003373,C00278,Lucas Moore | UAE | Premium,Clothing,594.87,5,2025-08-06,Mobile App,2974.35
ORD-003374,C00631,Sara Hassan | United States | Basic,Office Supplies,100.92,5,2026-01-27,Marketplace,504.6
ORD-003375,C01836,Lina Adams | France | Plus,Sports,137.97,5,2025-06-04,Marketplace,689.85
ORD-003376,C00730,Adam Walker | Singapore | Plus,Sports,636.35,4,2026-01-11,Retail Store,2545.4
ORD-003377,C00814,Noah Wright | United States | Premium,TOYS,59.51,4,2025-11-05,Website,238.04
ORD-003378,C00834,Alex Nelson | UAE | Plus,Office Supplies,403.06,3,2025-05-21,Marketplace,1209.18
ORD-003379,C02193,Sophia Davis | Australia | Basic,Home & Kitchen,257.67,4,2025-10-22,Mobile App,1030.68
ORD-003380,C01765,Ryan Ahmed | Germany | Premium,Books,232.34,4,2025-07-19,Website,929.36
ORD-003381,C02695,Isla Brown | UAE | Basic,Boks,452.74,3,2025-10-14,Marketplace,1358.22
ORD-003382,C01724,Isla Moore | Singapore | Basic,Home & Kitchen,382.5,5,2025-04-22,Marketplace,1952.5
ORD-003383,C01563,Amelia Smith | UAE | Premium,Sports & Fitness,350.67,1,2026-07-18,Retail Store,350.67
ORD-003384,C01683,Adam Garcia | France | Basic,Sports,495.58,6,2025-05-12,Mobile App,2973.48
ORD-003385,C00033,Henry Khan | United Kingdom | Basic,Books,162.13,2,2025-08-16,Mobile App,324.26
ORD-003386,C00425,Zoe Wilson | Singapore | Premium,Toys,215.92,2,2025-06-07,Retail Store,431.84
ORD-003387,C00067,Emma Ahmed | Canada | Basic,Books,165.01,3,2026-07-14,Retail Store,495.03
ORD-003388,C01555,Adam Martin | UAE | Basic,Toys,33.27,4,2026-05-27,Mobile App,133.08
ORD-003389,C01593,Sophia Taylor | Canada | Plus,Electronic Goods,209.55,4,2026-06-03,Retail Store,838.2
ORD-003390,C01748,Zoe Mitchell | United Kingdom | Basic,Sports,236.82,1,2026-05-13,Mobile App,236.82
ORD-003391,C02171,James Hassan | Australia | Plus,ELECTRONICS,634.65,5,2025-05-31,Mobile App,3173.25
ORD-003392,C00778,Daniel Davis | United Kingdom | Basic,electronic,67.49,1,2026-07-10,Mobile App,67.49
ORD-003393,C01207,Amelia Wright | Australia | Basic,Office Supplies,449.17,6,2026-01-06,Website,2695.02
ORD-003394,C02145,Amelia Mitchell | France | Basic,Toys,369.51,1,2026-02-28,Mobile App,369.51
ORD-003395,C01654,Alex Clark | Germany | Plus,Office Supplies,119.21,6,2025-03-11,Retail Store,715.26
ORD-003396,C02231,Alex Lewis | United States | Premium,Toys,505.46,4,2026-02-13,Website,2021.84
ORD-003397,C00654,Henry Lee | Germany | Basic,Office Supplies,474.54,3,2025-06-17,Marketplace,1423.62
ORD-003398,C00704,Liam Ahmed | Singapore | Plus,Books,604.32,5,2026-03-09,Website,3021.6
ORD-003399,C02776,Isla Martin | United States | Premium,Office Supplies,413.11,2,2025-04-14,Retail Store,826.22
ORD-003400,C02477,Sam Taylor | Singapore | Premium,Office Supplies,34.03,1,2025-03-05,Mobile App,34.03
ORD-003401,C01083,Ella Hassan | United States | Basic,electronic,576.13,3,2025-09-22,Marketplace,1728.39
ORD-003402,C02174,Omar Smith | UAE | Basic,Office Supplies,614.1,1,2025-10-06,Mobile App,614.1
ORD-003403,C00789,Sophia Hall | Germany | Plus,Books,353.93,3,2026-04-14,Mobile App,1061.79
ORD-003404,C01585,Emma Taylor | Canada | Plus,Electronics,52.63,2,2026-06-01,Website,105.26
ORD-003405,C01730,Amelia Hall | Germany | Premium,Toys & Games,198.74,4,2025-11-24,Retail Store,794.96
ORD-003406,C02603,Layla Green | United States | Basic,Books,348.8,1,2026-07-24,Website,348.8
ORD-003407,C02879,Jack Smith | United Kingdom | Basic,Sports,600.11,2,2025-12-09,Mobile App,1200.22
ORD-003408,C01798,Noah Garcia | Singapore | Basic,Home & Kitchen,570.88,6,2026-06-23,Retail Store,3425.28
ORD-003409,C00095,Liam Ahmed | Canada | Plus,Boks,221.86,1,2025-11-24,Retail Store,221.86
ORD-003410,C02214,Ava Lee | Germany | Basic,Home & Kitchen,289.95,6,2025-03-21,Marketplace,1739.7
ORD-003411,C00685,Lina Clark | UAE | Basic,Home & Ktchen,224.81,6,2025-05-21,Marketplace,1348.86
ORD-003412,C01969,Layla Moore | Germany | Basic,Boks,165.72,3,2025-04-24,Retail Store,497.16
ORD-003413,C02231,Alex Lewis | United States | Premium,Beauty,526.13,6,2025-12-27,Retail Store,3156.78
ORD-003414,C01674,Zoe Ahmed | Canada | Plus,Toys,205.97,5,2025-01-15,Retail Store,1029.85
ORD-003415,C02134,Ryan Moore | United States | Premium,Books & Media,170.1,4,2025-01-14,Website,680.4
ORD-003416,C01361,Isla Ahmed | Australia | Basic,Office Supplies,631.06,4,2025-05-23,Website,2524.24
ORD-003417,C02458,Liam Johnson | Canada | Premium,Office Supplies,548.81,3,2025-12-18,Mobile App,1646.43
ORD-003418,C01295,Layla Hall | Singapore | Basic,Clothes,103.68,3,2025-12-09,Retail Store,311.04
ORD-003419,C01647,Alex Patel | France | Basic,Office Supplies,375.37,2,2025-02-26,Retail Store,750.74
ORD-003420,C00664,Yusuf Carter | United States | Premium,beauty ,310.88,4,2025-10-05,Website,1243.52
ORD-003421,C01776,Leo Lewis | Australia | Basic,Electronics,74.46,3,2026-06-14,Mobile App,223.38
ORD-003422,C01796,Liam Nelson | UAE | Premium,Sports,352.87,6,2025-08-12,Mobile App,2117.22
ORD-003423,C02524,Chloe Mitchell | Australia | Basic,BEAUTY,435.67,5,2026-06-22,Retail Store,2178.35
ORD-003424,C00565,Ethan Taylor | Germany | Basic,Beauty,279.41,3,2026-05-29,Retail Store,838.23
ORD-003425,C00765,Liam Taylor | Australia | Basic,TOYS,46.3,1,2026-01-05,Retail Store,46.3
ORD-003426,C01528,Daniel Taylor | Singapore | Basic,Office Supplies,40.79,5,2025-11-16,Mobile App,203.95
ORD-003427,C02010,Alex Moore | Singapore | Plus,Home Kitchen,110.9,5,2025-05-30,Retail Store,554.5
ORD-003428,C00950,Henry Moore | Singapore | Basic,Clothing,27.71,4,2025-03-21,Mobile App,110.84
ORD-003429,C01753,Chloe Adams | France | Basic,TOYS,416.58,4,2025-02-07,Retail Store,1666.32
ORD-003430,C00310,Leo Green | Singapore | Premium,Book,371.52,1,2025-03-27,Website,371.52
ORD-003431,C00193,Nora Hall | UAE | Basic,Home & Kitchen,543.69,3,2025-11-27,Marketplace,1631.07
ORD-003432,C01392,Lucas Johnson | United Kingdom | Basic,Boks,32.39,2,2025-04-09,Retail Store,64.78
ORD-003433,C02126,Chloe Green | France | Plus,BOOKS,428.03,2,,Marketplace,856.06
ORD-003434,C02666,Nora Smith | UAE | Basic,BEAUTY,593.03,1,2025-11-19,Mobile App,593.03
ORD-003435,C02925,Amelia Johnson | UAE | Basic,Beauty,360.83,6,2026-06-03,Retail Store,2164.98
ORD-003436,C02812,Lucas Khan | United Kingdom | Plus,Sports,108.92,2,2026-02-26,Retail Store,217.84
ORD-003437,C01530,Isla Baker | Canada | Plus,Toys,36.96,1,2026-04-04,Website,36.96
ORD-003438,C02570,Isla Smith | Singapore | Basic,Toys & Games,562.96,1,2026-05-22,Website,562.96
ORD-003439,C00875,Sophia Davis | France | Plus,Books,237.26,2,2025-01-23,Retail Store,474.52
ORD-003440,C01105,James Johnson | United States | Premium,Beauty,646.11,4,2025-09-21,Mobile App,2584.44
ORD-003441,C01271,Adam Clark | United States | Plus,Books & Media,224.94,4,2026-03-18,Marketplace,899.76
ORD-003442,C00250,James Walker | Germany | Basic,Clothng,328.16,3,2026-05-18,Marketplace,984.48
ORD-003443,C00326,Ryan Anderson | United Kingdom | Basic,HOME & KITCHEN,108.35,1,2026-01-18,Marketplace,108.35
ORD-003444,C00788,Henry Thomas | United Kingdom | Plus,Office Supplies,418.26,5,2026-05-21,Marketplace,2091.3
ORD-003445,C02310,Chloe Patel | Singapore | Plus,Beauty,52.32,6,2025-12-19,Marketplace,313.92
ORD-003446,C00671,Omar Clark | Singapore | Basic,Beauty Products,525.24,1,2025-04-12,Retail Store,525.24
ORD-003447,C01122,Ava Miller | United States | Plus,Sports,165.62,6,2025-05-18,Retail Store,993.72
ORD-003448,C01876,Ava Thomas | Canada | Plus,Books,153.52,3,2025-05-29,Marketplace,460.56
ORD-003449,C01414,Emma Taylor | United Kingdom | Plus,Office Supplies,452.9,4,2025-10-17,Website,1811.6
ORD-003450,C01209,Sophia Miller | UAE | Plus,Office  Supplies,175.72,2,2026-02-07,Marketplace,351.44
ORD-003451,C02541,Yusuf Hassan | United Kingdom | Basic,Office Supplies,525.01,6,2025-08-05,Marketplace,3150.06
ORD-003452,C00421,Emma Green | United Kingdom | Basic,Electronics,584.39,6,2025-03-18,Website,3506.34
ORD-003453,C00132,Maya Mitchell | Australia | Basic,Office Supplies,639.91,3,2026-06-05,Mobile App,1919.73
ORD-003454,C02372,Daniel Mitchell | Australia | Basic,Sports,174.34,6,2025-05-05,Mobile App,1046.04
ORD-003455,C02060,Lina Baker | Germany | Plus,Beauty,231.51,5,2026-04-27,Website,1157.55
ORD-003456,C00738,Jack Smith | Australia | Basic,Books,8.63,1,2026-01-08,Retail Store,8.63
ORD-003457,C02310,Chloe Patel | Singapore | Plus,Home & Kitchen,485.12,5,2025-08-23,Marketplace,2425.6
ORD-003458,C02780,Sara Hall | Australia | Plus,CLOTHING,625.11,3,2025-05-31,Mobile App,1875.33
ORD-003459,C01175,Ava Garcia | UAE | Basic,Sprots,43.4,3,2026-04-24,Website,130.2
ORD-003460,C02106,Daniel Taylor | United Kingdom | Basic,Electronics,146.57,6,2025-09-03,Marketplace,879.42
ORD-003461,C02500,Isla Khan | Canada | Plus,Books,354.37,4,2025-10-03,Marketplace,1417.48
ORD-003462,C02537,Omar Garcia | UAE | Basic,Electronic Goods,647.95,2,2025-05-07,Mobile App,1295.9
ORD-003463,C02143,Yusuf Walker | France | Basic,Beauty,517.74,1,2025-07-06,Retail Store,517.74
ORD-003464,C01264,Maya Miller | Canada | Premium,Beauty,335.73,6,2025-11-24,Marketplace,2014.38
ORD-003465,C01076,Chloe Wright | Germany | Basic,Office  Supplies,382.48,5,2026-04-21,Retail Store,1912.4
ORD-003466,C00213,Nora Thomas | Australia | Plus,Office Supplies,292.74,1,2026-01-15,Website,292.74
ORD-003467,C02616,James Anderson | United Kingdom | Basic,Toys ,437.16,4,2025-07-09,Retail Store,1748.64
ORD-003468,C01658,Liam Hassan | United States | Plus,beauty ,429.48,6,2025-07-27,Mobile App,2576.88
ORD-003469,C01751,Henry Khan | Singapore | Basic,Clothing,622.87,1,2026-05-23,Website,622.87
ORD-003470,C01046,Leo Mitchell | United Kingdom | Plus,Office Supplies,406.82,5,2025-09-05,Retail Store,2034.1
ORD-003471,C02476,Sam Carter | United Kingdom | Premium,Office Supplies,-112.28,3,2025-07-15,Retail Store,336.84
ORD-003472,C00800,Ethan Lee | Singapore | Basic,Toys,528.41,1,2025-11-04,Marketplace,528.41
ORD-003473,C01136,Yusuf Miller | Canada | Premium,Books,525.68,6,2026-07-13,Mobile App,3154.08
ORD-003474,C02077,Zoe Young | United Kingdom | Basic,Clothing,579.51,6,2025-06-07,Mobile App,3477.06
ORD-003475,C01638,Emma Carter | France | Basic,Beauty Products,72.14,1,2025-12-27,Website,72.14
ORD-003476,C01294,Sophia Smith | UAE | Basic,Clothing,294.27,3,2026-07-11,Retail Store,882.81
ORD-003477,C00405,Yusuf Wilson | France | Basic,Clothes,151.34,6,2025-07-29,Website,908.04
ORD-003478,C02653,Isla Hassan | Germany | Basic,Office Supplies,53.27,2,2025-08-07,Marketplace,106.54
ORD-003479,C02028,Mia Brown | Germany | Premium,CLOTHING,403.45,1,2026-03-10,Website,403.45
ORD-003480,C01904,Ryan Moore | UAE | Basic,Toys,99.05,1,2025-01-21,Website,99.05
ORD-003481,C00178,Leo Green | United States | Premium,Beauty,205.19,4,2026-01-01,Retail Store,820.76
ORD-003482,C00232,Emma Brown | Germany | Basic,Electronics,87.96,6,2025-11-30,Mobile App,527.76
ORD-003483,C02101,Noah Ahmed | Singapore | Plus,ELECTRONICS,131.68,4,2025-01-03,Marketplace,526.72
ORD-003484,C00884,Amelia Ahmed | Germany | Premium,OFFICE SUPPLIES,641.18,4,2025-08-02,Mobile App,2564.72
ORD-003485,C02991,Olivia Adams | Germany | Basic,Office Supply,115.29,6,2026-05-25,Marketplace,691.74
ORD-003486,C02767,James Wright | Australia | Plus,Toys & Games,261.43,2,2026-06-12,Retail Store,522.86
ORD-003487,C01300,Lina Hassan | Australia | Basic,Sports,574.04,6,2025-06-17,Marketplace,3444.24
ORD-003488,C00846,Ella Martin | Australia | Premium,Office Supplies,24.39,6,2025-11-29,Retail Store,146.34
ORD-003489,C02469,Daniel King | United States | Basic,Sports & Fitness,560.77,3,2025-11-03,Marketplace,1682.31
ORD-003490,C02680,Liam Lee | UAE | Premium,BOOKS,388.96,1,2026-01-20,Marketplace,388.96
ORD-003491,C01293,Yusuf Carter | Canada | Plus,Toys,437.42,3,2026-07-21,Marketplace,1312.26
ORD-003492,C00026,Isla Adams | France | Premium,Beauty Products,612.26,4,2025-03-18,Marketplace,2449.04
ORD-003493,C01846,Sophia Hall | Canada | Plus,Sport,346.7,4,2025-01-06,Retail Store,1386.8
ORD-003494,C00241,Adam Lewis | United States | Plus,Clothes,107.77,5,2025-04-01,Website,538.85
ORD-003495,C00126,Olivia Baker | Germany | Basic,Sports,286.71,5,2025-05-14,Website,1433.55
ORD-003496,C01954,Nora Walker | France | Plus,Clothing,186.0,3,2026-01-18,Retail Store,558.0
ORD-003497,C01760,Omar Hassan | Singapore | Premium,Home and Kitchen,475.37,4,2026-01-21,Website,1901.48
ORD-003498,C00378,Leo Baker | United Kingdom | Basic,Clothing,158.22,3,2025-01-02,Website,474.66
ORD-003499,C00005,Ava Lewis | UAE | Premium,Beauty,227.34,3,2026-01-23,Marketplace,682.02
ORD-003500,C01891,Liam Clark | Australia | Plus,Clothing,551.05,6,2026-02-09,Marketplace,3306.3
ORD-003501,C01876,Ava Thomas | Canada | Plus,Sports & Fitness,420.55,5,2026-05-07,Marketplace,2102.75
ORD-003502,C00343,Sam Brown | Australia | Basic,Electronics,341.38,4,2025-01-22,Mobile App,1365.52
ORD-003503,C00989,Isla Young | UAE | Plus,Sports,580.1,3,2026-03-13,Mobile App,1740.3
ORD-003504,C00481,Maya Walker | Singapore | Premium,Book,22.55,6,2026-03-05,Website,135.3
ORD-003505,C01537,Sara Wright | Australia | Basic,Clothing,148.68,4,2025-01-13,Marketplace,594.72
ORD-003506,C00835,Olivia Garcia | Canada | Basic,Books,7.54,5,2026-05-18,Website,37.7
ORD-003507,C02601,Layla Walker | UAE | Premium,Toys,47.6,2,2026-01-22,Website,95.2
ORD-003508,C01441,Henry Lewis | United Kingdom | Basic,Electronics,284.95,1,2025-05-05,Retail Store,284.95
ORD-003509,C02474,Isla Hall | Canada | Premium,Electronics,44.56,4,2025-03-02,Marketplace,178.24
ORD-003510,C00486,Adam Garcia | Australia | Basic,Home & Kitchen,418.56,5,2026-04-26,Retail Store,2092.8
ORD-003511,C02494,Mia Miller | Canada | Premium,Toy,389.42,1,2025-10-19,Retail Store,389.42
ORD-003512,C01816,Sophia Brown | UAE | Basic,electronic,256.3,5,2025-02-19,Retail Store,1281.5
ORD-003513,C01111,Yusuf Davis | Canada | Basic,TOYS,103.6,2,2026-06-08,Mobile App,207.2
ORD-003514,C00076,Nora Johnson | Australia | Basic,Office Supplies,465.06,3,2026-04-09,Mobile App,1395.18
ORD-003515,C01049,Emma Green | Germany | Basic,Sports,266.6,5,2026-06-28,Retail Store,1333.0
ORD-003516,C02204,Daniel King | United States | Plus,Toys ,641.33,4,2026-05-30,Mobile App,2565.32
ORD-003517,C02851,Omar Garcia | UAE | Premium,Sports,373.65,1,2026-03-27,Website,373.65
ORD-003518,C01329,Sophia Wilson | United Kingdom | Plus,Books,386.84,3,2025-12-30,Website,1160.52
ORD-003519,C00474,Jack Nelson | Australia | Basic,SPORTS,254.63,2,2025-06-05,Website,509.26
ORD-003520,C00269,Sam Brown | Canada | Plus,Clothing,342.81,6,2025-03-09,Marketplace,2056.86
ORD-003521,C00073,Yusuf Moore | United Kingdom | Basic,beauty ,616.24,2,2026-02-20,Marketplace,1232.48
ORD-003522,C02495,Adam Walker | UAE | Basic,Home and Kitchen,58.73,4,2025-11-30,Website,234.92
ORD-003523,C02327,Ella Smith | United States | Basic,Book,434.06,2,2025-08-10,Website,868.12
ORD-003524,C01531,Zoe Baker | United States | Premium,Toy,639.33,4,2025-03-29,Mobile App,2557.32
ORD-003525,C00484,Alex Baker | Germany | Basic,Home & Kitchen,474.68,5,2025-09-05,Retail Store,2373.4
ORD-003526,C02377,Lina Hall | Australia | Basic,Electronics,389.24,4,2025-11-08,Retail Store,1556.96
ORD-003527,C01251,Yusuf Ahmed | Germany | Plus,Books,502.22,1,2026-07-14,Website,502.22
ORD-003528,C01346,Layla Thomas | Australia | Basic,Home and Kitchen,403.43,2,2025-06-09,Retail Store,806.86
ORD-003529,C02293,Adam Clark | France | Plus,HOME & KITCHEN,409.69,6,2025-03-16,Mobile App,2458.14
ORD-003530,C01778,Ryan Johnson | Canada | Plus,Electronics,549.7,5,2026-03-13,Website,2748.5
ORD-003531,C02624,Noah Lee | Germany | Basic,TOYS,54.16,5,2025-10-26,Marketplace,270.8
ORD-003532,C00331,Mia Lewis | Australia | Basic,TOYS,567.17,4,2026-02-03,Website,2268.68
ORD-003533,C00422,Nora Baker | Germany | Premium,Office Supples,105.23,6,2025-10-12,Mobile App,631.38
ORD-003534,C00009,Sam Clark | United Kingdom | Basic,TOYS,39.72,4,2025-01-31,Marketplace,158.88
ORD-003535,C02126,Chloe Green | France | Plus,Clothing,649.31,3,2025-01-12,Marketplace,1947.93
ORD-003536,C02553,Layla Mitchell | Australia | Plus,Office Supplies,386.2,6,2025-11-27,Retail Store,2317.2
ORD-003537,C00724,Lucas Clark | Canada | Plus,Boks,155.58,1,2025-07-22,Website,155.58
ORD-003538,C01498,Olivia Carter | France | Plus,Home Kitchen,563.16,5,2025-04-05,Retail Store,2815.8
ORD-003539,C01424,Alex Moore | United States | Plus,Toys,448.42,2,2025-11-08,Retail Store,896.84
ORD-003540,C01718,Mia Thomas | United States | Plus,Book,399.44,1,2025-12-21,Mobile App,399.44
ORD-003541,C00742,Sara Ahmed | Australia | Plus,Clothing,31.85,5,2025-01-11,Mobile App,159.25
ORD-003542,C01653,Nora Smith | United States | Basic,Sports,544.03,5,2025-05-29,Retail Store,2720.15
ORD-003543,C01992,Adam Mitchell | France | Basic,Office Supplies,378.39,3,2025-06-19,Retail Store,1135.17
ORD-003544,C02074,Ava Green | United Kingdom | Basic,Beauty,485.22,6,2026-01-15,Marketplace,2911.32
ORD-003545,C00814,Noah Wright | United States | Premium,Books,66.23,2,2026-06-20,Website,132.46
ORD-003546,C00481,Maya Walker | Singapore | Premium,Home & Kitchen,314.16,3,2025-10-11,Website,942.48
ORD-003547,C02754,Lucas Mitchell | United States | Basic,CLOTHING,142.89,1,2026-07-13,Marketplace,142.89
ORD-003548,C01510,Isla Brown | France | Plus,Sports,309.83,2,2025-01-15,Mobile App,619.66
ORD-003549,C02498,Ethan Wilson | United Kingdom | Basic,Office Supplies,212.85,4,2025-06-20,Marketplace,851.4
ORD-003550,C00613,Ella Clark | Germany | Plus,Sports,168.84,2,2025-05-29,Website,337.68
ORD-003551,C00838,Zoe Hassan | United Kingdom | Plus,Clothing & Apparel,516.1,4,2026-03-19,Marketplace,2064.4
ORD-003552,C01791,Maya Carter | Singapore | Basic,Beauty,134.25,4,2025-08-17,Marketplace,537.0
ORD-003553,C00078,Omar Davis | Singapore | Plus,Electronics,557.92,3,2025-11-30,Marketplace,1673.76
ORD-003554,C02951,Jack Mitchell | France | Plus,Electronics ,509.89,3,2025-06-24,Marketplace,1529.67
ORD-003555,C00171,Noah Miller | Germany | Premium,OFFICE SUPPLIES,109.81,5,2026-01-24,Mobile App,549.05
ORD-003556,C01497,Emma Wright | Singapore | Plus,Clothing,122.96,6,2025-07-13,Retail Store,737.76
ORD-003557,C00096,Adam Nelson | France | Basic,TOYS,412.3,2,2026-01-05,Retail Store,824.6
ORD-003558,C02966,Noah Patel | Canada | Basic,Sports,46.36,5,2025-12-27,Mobile App,231.8
ORD-003559,C02771,Lucas Ahmed | France | Basic,Beauty,609.57,2,2025-03-26,Retail Store,1219.14
ORD-003560,C01885,Ryan Khan | Canada | Basic,CLOTHING,61.7,1,2025-07-22,Mobile App,61.7
ORD-003561,C02605,Amelia Thomas | Singapore | Basic,Office Supples,544.34,2,2025-04-08,Marketplace,1088.68
ORD-003562,C01818,Ava Walker | United Kingdom | Plus,Office  Supplies,554.39,4,2026-07-12,Retail Store,2217.56
ORD-003563,C00867,Olivia Thomas | Singapore | Basic,Office Supplies,642.03,4,2026-07-05,Retail Store,2568.12
ORD-003564,C00033,Henry Khan | United Kingdom | Basic,ELECTRONICS,631.43,6,2025-12-07,Mobile App,3788.58
ORD-003565,C02073,Daniel Brown | UAE | Basic,Beauty,361.36,5,2025-03-19,Mobile App,1806.8
ORD-003566,C02886,Olivia Hall | United Kingdom | Basic,Beautyy,640.01,2,2026-02-04,Marketplace,1280.02
ORD-003567,C01856,Sophia Carter | UAE | Plus,CLOTHING,320.22,6,2026-02-03,Marketplace,1921.32
ORD-003568,C01181,Ella Garcia | Germany | Basic,Clothing,218.04,6,2026-01-28,Mobile App,1308.24
ORD-003569,C00693,Liam Lewis | United Kingdom | Plus,Beauty,139.54,6,2025-10-15,Retail Store,837.24
ORD-003570,C01051,Daniel Garcia | United Kingdom | Plus,Books & Media,385.35,2,2026-01-31,Website,770.7
ORD-003571,C00859,Ava Green | United States | Plus,Electronics,442.97,5,2026-01-21,Website,2214.85
ORD-003572,C02986,Yusuf Khan | UAE | Plus,Toys,137.55,6,2025-09-27,Marketplace,825.3
ORD-003573,C00305,Omar Khan | Singapore | Plus,Electronics ,552.93,6,2025-07-24,Mobile App,3317.58
ORD-003574,C02525,Chloe Johnson | United Kingdom | Plus,Beauty,633.52,2,,Retail Store,1267.04
ORD-003575,C00061,Isla Moore | United Kingdom | Basic,Book,333.15,4,2026-05-23,Website,1332.6
ORD-003576,C00235,Isla Lee | UAE | Premium,Sports,414.83,2,2026-01-04,Retail Store,829.66
ORD-003577,C02452,Jack Walker | France | Plus,Clothes,492.97,6,2025-06-30,Marketplace,2957.82
ORD-003578,C02567,Yusuf Khan | Canada | Basic,Electroncs,401.67,4,2025-03-17,Mobile App,1606.68
ORD-003579,C00878,Henry Davis | France | Basic,Clothing,358.5,5,2025-01-02,Retail Store,1792.5
ORD-003580,C00128,Noah Green | United Kingdom | Basic,Home & Kitchen,303.3,1,2025-10-17,Mobile App,303.3
ORD-003581,C00837,Ava Adams | France | Plus,Toys,336.04,4,2026-06-04,Marketplace,1344.16
ORD-003582,C02288,Zoe Lee | Germany | Basic,Books,142.05,3,2026-05-15,Mobile App,426.15
ORD-003583,C00463,Sam Hassan | Canada | Basic,Sports,464.22,6,2026-05-23,Retail Store,2785.32
ORD-003584,C00871,Adam Baker | Singapore | Basic,Sports & Fitness,466.95,1,2025-03-19,Website,466.95
ORD-003585,C01247,Mia Baker | Canada | Basic,Sports,456.24,0,2025-02-17,Retail Store,1368.72
ORD-003586,C02335,Ava Baker | Australia | Basic,Office Supplies,336.85,4,2025-09-25,Mobile App,1347.4
ORD-003587,C00481,Maya Walker | Singapore | Premium,Home & Kitchen,49.72,1,2026-06-23,Retail Store,49.72
ORD-003588,C01144,Daniel Baker | United States | Plus,Office Supplies,465.86,1,2025-08-22,Website,465.86
ORD-003589,C00504,Liam Davis | Singapore | Basic,beauty ,405.28,3,2026-03-28,Marketplace,1215.84
ORD-003590,C01588,Nora Martin | United States | Plus,Electronics,448.28,2,2025-04-20,Mobile App,896.56
ORD-003591,C00296,Ava Nelson | Germany | Plus,Office Supplies,512.86,4,2025-01-18,Marketplace,2051.44
ORD-003592,C00728,Ryan Young | Singapore | Plus,SPORTS,557.49,4,2026-06-23,Website,2229.96
ORD-003593,C00326,Ryan Anderson | United Kingdom | Basic,Clothes,23.03,2,2025-08-12,Website,46.06
ORD-003594,C01072,Lucas Miller | Canada | Basic,Home & Kitchen,563.58,2,2025-06-21,Retail Store,1127.16
ORD-003595,C00367,Ella Moore | France | Basic,Home & Kitchen,152.22,3,2025-02-13,Website,456.66
ORD-003596,C00285,Alex Hall | Germany | Basic,Office Supplies,494.35,2,2025-03-07,Mobile App,988.7
ORD-003597,C01626,Jack Walker | Australia | Basic,Beauty,426.63,5,2025-03-18,Mobile App,2133.15
ORD-003598,C02714,Zoe Wright | UAE | Plus,Office  Supplies,26.71,2,2025-04-04,Marketplace,53.42
ORD-003599,C00021,Jack Anderson | Canada | Plus,Home & Ktchen,256.9,3,2026-02-01,Website,770.7
ORD-003600,C02886,Olivia Hall | United Kingdom | Basic,SPORTS,608.67,1,2026-05-23,Mobile App,608.67
ORD-003601,C02011,Sara Adams | Canada | Plus,Beauty,188.9,6,2025-02-19,Website,1133.4
ORD-003602,C01778,Ryan Johnson | Canada | Plus,Sport,154.43,3,2025-07-31,Marketplace,463.29
ORD-003603,C00112,Daniel Green | Germany | Premium,HOME & KITCHEN,127.96,6,2025-05-16,Marketplace,767.76
ORD-003604,C00280,Olivia King | Singapore | Basic,Electronics,182.33,5,2025-05-03,Retail Store,911.65
ORD-003605,C01001,Sam Nelson | United Kingdom | Plus,ELECTRONICS,435.11,3,2025-12-13,Website,1305.33
ORD-003606,C00848,Chloe Hall | Singapore | Premium,Sport,387.66,1,2026-03-30,Mobile App,387.66
ORD-003607,C00226,Chloe Davis | Australia | Plus,Beauty,314.46,1,2025-04-06,Mobile App,314.46
ORD-003608,C01385,Adam Garcia | France | Basic,Toys,159.45,2,2025-02-21,Mobile App,318.9
ORD-003609,C01573,Liam Green | United Kingdom | Basic,Sport,621.69,5,2026-01-06,Retail Store,3108.45
ORD-003610,C01139,Lina King | Singapore | Plus,Sports,385.32,1,2026-06-01,Website,385.32
ORD-003611,C02878,Ryan Hall | Germany | Basic,Electronics,199.25,5,2026-02-06,Mobile App,996.25
ORD-003612,C02793,Ava Clark | France | Plus,Toys,66.95,1,2025-11-14,Retail Store,66.95
ORD-003613,C02128,Noah Lee | Australia | Plus,Sport,258.93,3,2025-01-06,Website,776.79
ORD-003614,C00923,Sara Green | United States | Basic,Books & Media,564.71,3,2026-01-05,Marketplace,1694.13
ORD-003615,C01592,Alex Hall | Australia | Basic,Book,70.26,1,2025-04-19,Website,70.26
ORD-003616,C00576,Adam Miller | Germany | Plus,Sports,248.63,1,2025-12-23,Website,248.63
ORD-003617,C02458,Liam Johnson | Canada | Premium,Electronics,549.18,1,2025-04-25,Retail Store,549.18
ORD-003618,C01430,Ryan Patel | Australia | Basic,Electronics,84.59,3,2025-06-15,Retail Store,253.77
ORD-003619,C01891,Liam Clark | Australia | Plus,Office Supply,187.76,1,2025-04-07,Retail Store,187.76
ORD-003620,C02653,Isla Hassan | Germany | Basic,Beautyy,417.01,6,2026-06-12,Marketplace,2502.06
ORD-003621,C00804,Henry Wilson | United Kingdom | Plus,Toys,572.75,5,2026-05-27,Mobile App,2863.75
ORD-003622,C00042,Olivia Mitchell | United Kingdom | Basic,BEAUTY,550.62,3,2026-07-24,Retail Store,1651.86
ORD-003623,C00330,Leo Green | France | Premium,ELECTRONICS,510.57,4,2025-12-14,Mobile App,2042.28
ORD-003624,C01165,Adam Ahmed | France | Plus,Office Supplies,64.29,3,2025-10-26,Mobile App,192.87
ORD-003625,C02960,Emma Miller | United Kingdom | Basic,Office Supplies,608.63,5,2025-10-30,Marketplace,3043.15
ORD-003626,C00893,Noah Carter | Singapore | Basic,Home & Ktchen,380.45,3,2025-12-30,Website,1141.35
ORD-003627,C02294,James Hall | UAE | Plus,Electronics,404.06,6,2025-01-19,Retail Store,2424.36
ORD-003628,C02945,Emma Lee | Canada | Plus,Clothing,633.22,2,2026-03-11,Marketplace,1266.44
ORD-003629,C00554,Layla Walker | France | Premium,Office Supply,170.83,5,2026-02-27,Website,854.15
ORD-003630,C00156,Lucas Khan | Australia | Plus,electronic,175.24,2,2025-02-28,Website,350.48
ORD-003631,C01082,Adam Baker | Germany | Basic,Toy,33.97,4,2025-07-22,Retail Store,135.88
ORD-003632,C00025,Sara Nelson | UAE | Plus,Office Supplies,45.57,4,2026-03-15,Website,182.28
ORD-003633,C00686,Ethan Brown | Canada | Basic,Beauty,215.03,3,2025-07-27,Website,645.09
ORD-003634,C00771,Zoe Nelson | Australia | Plus,Books & Media,278.16,4,2025-07-11,Website,1112.64
ORD-003635,C02360,Ethan Mitchell | Singapore | Plus,Clothing,323.47,1,2025-09-30,Website,323.47
ORD-003636,C00395,Ava Brown | Canada | Plus,Toys,402.03,4,2025-12-26,Marketplace,1608.12
ORD-003637,C02272,Adam Johnson | United States | Plus,Beauty,128.24,4,2025-07-29,Mobile App,512.96
ORD-003638,C02503,Jack Martin | Canada | Basic,Toy,24.4,1,2026-07-11,Mobile App,24.4
ORD-003639,C02397,Ethan Nelson | Australia | Plus,Toy,286.39,3,2025-04-22,Mobile App,859.17
ORD-003640,C00250,James Walker | Germany | Basic,Toys,470.65,3,2026-05-07,Retail Store,1411.95
ORD-003641,C01064,Isla Brown | Singapore | Basic,Office Supplies,253.2,3,2025-12-05,Website,759.6
ORD-003642,C02274,Sophia Patel | Singapore | Basic,Boks,485.96,1,2025-03-21,Marketplace,485.96
ORD-003643,C01016,Sam Hall | Canada | Plus,Beauty,573.3,1,2025-06-24,Retail Store,573.3
ORD-003644,C00491,Lucas Mitchell | Australia | Plus,Electronics,411.4,3,2025-04-20,Marketplace,1234.2
ORD-003645,C00977,Nora Baker | United Kingdom | Plus,Beauty,98.06,3,2025-09-10,Mobile App,294.18
ORD-003646,C02755,Mia Garcia | Singapore | Basic,Toys,83.2,5,2025-05-06,Website,416.0
ORD-003647,C01430,Ryan Patel | Australia | Basic,Beauty,527.49,2,2025-02-13,Marketplace,1054.98
ORD-003648,C00798,Sam Taylor | United States | Premium,Electronics ,148.41,4,2025-01-16,Mobile App,593.64
ORD-003649,C00218,Ava Brown | UAE | Basic,Sports,193.51,5,2025-04-18,Retail Store,967.55
ORD-003650,C02611,Emma Hassan | Germany | Plus,Office Supplies,388.16,4,2025-03-08,Website,1552.64
ORD-003651,C00072,Henry Walker | Australia | Basic,Clothing,573.64,4,2026-04-15,Website,2294.56
ORD-003652,C02466,Ella Lee | Australia | Basic,Clothng,631.72,3,2025-11-10,Marketplace,1895.16
ORD-003653,C02895,Lucas Khan | Germany | Premium,Books,387.28,4,2025-04-30,Marketplace,1549.12
ORD-003654,C01013,Nora Anderson | UAE | Basic,Office Supples,140.66,4,2025-11-09,Mobile App,562.64
ORD-003655,C00477,Sophia Anderson | Singapore | Basic,Clothing & Apparel,272.95,3,2026-03-11,Marketplace,818.85
ORD-003656,C02456,Lucas Wright | United States | Basic,Office Supply,249.81,5,2026-02-23,Mobile App,1249.05
ORD-003657,C00673,Leo Mitchell | France | Basic,Office Supplies,616.44,3,2026-05-16,Website,1849.32
ORD-003658,C00781,Maya Garcia | France | Basic,Home & Kitchen,217.25,1,2026-02-20,Marketplace,217.25
ORD-003659,C02799,Sophia Wilson | Singapore | Plus,HOME & KITCHEN,47.91,3,2025-08-28,Marketplace,143.73
ORD-003660,C00784,Mia Hall | United Kingdom | Plus,ELECTRONICS,340.55,4,2025-08-25,Mobile App,1362.2
ORD-003661,C02365,Alex Hassan | United States | Plus,Office Supplies,359.15,6,2026-03-18,Website,2154.9
ORD-003662,C01451,Omar Khan | United States | Basic,Home & Kitchen,516.64,4,2025-06-13,Marketplace,2066.56
ORD-003663,C00763,Jack Anderson | France | Plus,Sports,291.12,2,2025-08-09,Retail Store,582.24
ORD-003664,C01022,Chloe Mitchell | Germany | Plus,Electronics,345.15,1,2025-09-27,Mobile App,345.15
ORD-003665,C01177,Ella Young | Canada | Basic,Home & Kitchen,316.89,6,2025-05-03,Retail Store,1901.34
ORD-003666,C02301,Amelia Taylor | Germany | Basic,Beauty,77.31,1,2025-10-21,Retail Store,77.31
ORD-003667,C01564,Ava Martin | France | Plus,Beauty,171.55,2,2026-07-06,Retail Store,343.1
ORD-003668,C00938,Ella Davis | United Kingdom | Basic,Clothing,537.44,3,2025-11-28,Marketplace,1612.32
ORD-003669,C01711,Ella Brown | United States | Premium,Books,48.76,2,2025-04-11,Retail Store,97.52
ORD-003670,C02097,Mia Mitchell | Australia | Premium,Clothing,266.06,4,2026-04-30,Website,1064.24
ORD-003671,C00057,Alex Miller | UAE | Basic,Books,36.64,2,2025-11-02,Marketplace,73.28
ORD-003672,C01942,Jack Anderson | Singapore | Plus,Home & Kitchen,13.78,4,2026-06-27,Website,55.12
ORD-003673,C02777,Alex Anderson | France | Basic,BOOKS,446.83,5,2025-02-08,Mobile App,2234.15
ORD-003674,C01153,Leo Ahmed | United Kingdom | Basic,Boks,126.09,6,2026-06-24,Mobile App,756.54
ORD-003675,C01771,Daniel Adams | UAE | Premium,Home & Kitchen,452.42,3,2025-02-04,Retail Store,1357.26
ORD-003676,C00892,Lina Adams | Canada | Premium,TOYS,175.78,1,2025-07-19,Website,175.78
ORD-003677,C02115,Mia Anderson | United Kingdom | Basic,Home & Kitchen,497.8,2,2025-07-26,Website,995.6
ORD-003678,C01252,Liam Green | United States | Basic,Clothing,9.61,2,2026-06-22,Mobile App,19.22
ORD-003679,C01136,Yusuf Miller | Canada | Premium,Home and Kitchen,191.4,4,2026-02-27,Marketplace,765.6
ORD-003680,C02379,Ethan King | Australia | Basic,Beauty Products,367.86,2,2026-02-21,Website,735.72
ORD-003681,C00834,Alex Nelson | UAE | Plus,Sprots,424.47,4,2025-06-15,Retail Store,1697.88
ORD-003682,C02850,Adam Patel | Canada | Basic,Home & Kitchen,229.39,3,2025-08-01,Mobile App,688.17
ORD-003683,C01496,Lina Wright | Germany | Plus,Sports,64.28,2,2026-02-12,Retail Store,128.56
ORD-003684,C00260,Olivia Miller | Germany | Plus,Toys,164.5,2,2025-11-15,Website,329.0
ORD-003685,C02974,Noah Taylor | Singapore | Plus,Office Supples,266.85,4,2025-06-08,Retail Store,1067.4
ORD-003686,C01269,Emma Lee | Canada | Premium,Electronics,594.33,4,2025-09-14,Website,2377.32
ORD-003687,C00016,Omar Anderson | France | Basic,Clothes,385.07,2,,Retail Store,770.14
ORD-003688,C02200,James Smith | France | Basic,Home & Kitchen,437.46,5,2026-03-31,Mobile App,2187.3
ORD-003689,C02465,Sophia Martin | UAE | Plus,Clothng,150.97,5,2025-03-01,Mobile App,754.85
ORD-003690,C00753,Lina Baker | Australia | Plus,Office Supply,69.44,5,2026-03-12,Marketplace,347.2
ORD-003691,C01024,Olivia Wright | United Kingdom | Basic,Clothing,386.61,4,2025-06-02,Mobile App,1546.44
ORD-003692,C00715,Zoe Carter | UAE | Basic,Electronics,200.58,6,2026-06-08,Retail Store,1203.48
ORD-003693,C00407,Yusuf Johnson | Germany | Basic,Home & Kitchen,541.71,6,2025-06-13,Mobile App,3250.26
ORD-003694,C00213,Nora Thomas | Australia | Plus,Toys,48.95,1,2025-10-14,Retail Store,48.95
ORD-003695,C02013,James Ahmed | Canada | Premium,Electronics ,459.66,3,2025-03-21,Mobile App,1378.98
ORD-003696,C02300,Ryan Hassan | France | Basic,Electronics,75.09,4,2025-06-12,Website,300.36
ORD-003697,C02302,Yusuf Mitchell | Canada | Premium,Sports & Fitness,190.59,2,2026-04-03,Marketplace,381.18
ORD-003698,C02064,Henry Young | United Kingdom | Plus,Clothing,531.96,2,2026-07-12,Retail Store,1063.92
ORD-003699,C02878,Ryan Hall | Germany | Basic,Home & Kitchen,523.42,2,2025-05-14,Retail Store,1046.84
ORD-003700,C01881,Lucas Martin | United Kingdom | Basic,Toys,633.44,4,2025-07-12,Marketplace,2533.76
ORD-003701,C02624,Noah Lee | Germany | Basic,Home Kitchen,365.59,4,2025-02-20,Retail Store,1462.36
ORD-003702,C01474,Sophia Davis | Singapore | Basic,Office Supplies,272.78,6,2026-07-16,Marketplace,1636.68
ORD-003703,C02640,Zoe Khan | Australia | Premium,Sprots,267.5,4,2025-09-07,Mobile App,1070.0
ORD-003704,C01949,Sara Adams | Singapore | Plus,Clothing,589.73,1,2026-06-04,Marketplace,589.73
ORD-003705,C01449,Omar Smith | Australia | Premium,Sports,316.97,4,2026-05-23,Marketplace,1267.88
ORD-003706,C02306,Nora Mitchell | UAE | Premium,Beautyy,627.22,3,2026-06-02,Mobile App,1881.66
ORD-003707,C01696,Amelia Thomas | United States | Plus,Home & Kitchen,604.27,6,2026-06-10,Mobile App,3625.62
ORD-003708,C01802,Sara Smith | UAE | Plus,Books,588.3,5,2025-07-14,Retail Store,2941.5
ORD-003709,C00154,Lina Walker | United States | Basic,Books,215.92,3,2025-07-06,Marketplace,647.76
ORD-003710,C01598,Chloe Nelson | United States | Plus,Office Supply,84.95,2,2026-05-06,Mobile App,169.9
ORD-003711,C02531,Ella Young | United States | Basic,Clothing & Apparel,364.34,5,2025-03-15,Retail Store,1821.7
ORD-003712,C00445,James Mitchell | UAE | Basic,Electronics ,470.59,4,2025-08-02,Mobile App,1882.36
ORD-003713,C02413,Sara Taylor | UAE | Basic,Books,645.4,5,2025-02-01,Marketplace,3227.0
ORD-003714,C00877,James Taylor | Singapore | Basic,Office Supplies,108.22,6,2026-07-17,Website,649.32
ORD-003715,C02100,Ella Garcia | Singapore | Plus,Toys,17.25,1,2026-02-28,Website,17.25
ORD-003716,C02518,Lucas Johnson | France | Plus,Office  Supplies,564.31,1,2026-05-30,Mobile App,564.31
ORD-003717,C02559,Amelia Nelson | Singapore | Basic,Sport,89.68,2,2025-11-08,Website,179.36
ORD-003718,C00682,Olivia Mitchell | United States | Premium,Office Supples,194.42,5,2026-01-03,Website,972.1
ORD-003719,C00271,Henry Mitchell | Germany | Premium,Toys,241.94,3,2026-05-02,Marketplace,725.82
ORD-003720,C02136,Zoe Anderson | Singapore | Basic,Toys,364.24,2,2025-01-12,Retail Store,728.48
ORD-003721,C02743,James Anderson | UAE | Plus,Electronic Goods,45.61,4,2025-12-12,Marketplace,182.44
ORD-003722,C01962,Ava Garcia | France | Premium,Sports,497.8,6,2025-10-18,Website,2986.8
ORD-003723,C00209,Henry Thomas | Germany | Basic,Toys,487.04,1,2026-01-24,Website,487.04
ORD-003724,C01672,Ava Green | UAE | Plus,Home and Kitchen,639.35,2,2026-03-28,Retail Store,1278.7
ORD-003725,C01663,Ella Clark | Canada | Premium,Electronic Goods,195.93,2,2026-01-19,Retail Store,391.86
ORD-003726,C02461,Ethan Patel | United States | Plus,Office Supply,335.35,1,2025-10-28,Mobile App,335.35
ORD-003727,C00943,Mia Taylor | France | Basic,TOYS,218.33,4,2025-12-07,Marketplace,873.32
ORD-003728,C01077,Lucas Taylor | United Kingdom | Basic,Toys & Games,365.11,4,2025-10-02,Mobile App,1460.44
ORD-003729,C01712,Sam King | France | Basic,Electronics,567.16,2,2026-07-14,Mobile App,1134.32
ORD-003730,C02580,Emma Taylor | Australia | Basic,Book,619.55,5,2026-02-14,Retail Store,3097.75
ORD-003731,C02974,Noah Taylor | Singapore | Plus,Electronics,529.76,6,2025-04-29,Retail Store,3178.56
ORD-003732,C01312,Henry Patel | United Kingdom | Premium,Electronics,418.33,3,2025-07-17,Retail Store,1254.99
ORD-003733,C00914,Noah Smith | United Kingdom | Premium,Books,221.87,3,2025-05-22,Retail Store,665.61
ORD-003734,C00496,Alex Khan | Singapore | Basic,SPORTS,43.82,5,2025-06-18,Mobile App,219.1
ORD-003735,C02683,Liam Mitchell | United States | Basic,SPORTS,422.92,5,2025-10-26,Marketplace,2114.6
ORD-003736,C00883,Emma Moore | UAE | Basic,Home and Kitchen,515.77,1,2025-10-09,Marketplace,515.77
ORD-003737,C01354,Olivia Walker | United Kingdom | Basic,Office Supply,27.13,5,2025-02-11,Retail Store,135.65
ORD-003738,C00760,Noah Carter | France | Plus,Clothing,319.19,5,2025-09-13,Website,1595.95
ORD-003739,C01563,Amelia Smith | UAE | Premium,Sprots,294.53,3,2026-06-24,Mobile App,883.59
ORD-003740,C01811,Adam Khan | United States | Basic,Home and Kitchen,77.63,3,2025-02-23,Marketplace,232.89
ORD-003741,C00406,James Martin | Singapore | Basic,Sports,318.0,4,2026-01-24,Retail Store,1272.0
ORD-003742,C02484,Amelia Johnson | United States | Plus,CLOTHING,452.88,6,2025-07-26,Mobile App,2717.28
ORD-003743,C02948,Sophia Miller | France | Premium,Beauty,253.6,5,2025-08-12,Retail Store,1268.0
ORD-003744,C00326,Ryan Anderson | United Kingdom | Basic,Toys,508.31,3,2025-05-02,Mobile App,1524.93
ORD-003745,C00124,Zoe Smith | Canada | Plus,Books,22.86,6,2025-06-17,Marketplace,137.16
ORD-003746,C01222,Amelia Clark | United States | Plus,Sports,346.95,6,2026-01-22,Retail Store,2081.7
ORD-003747,C01654,Alex Clark | Germany | Plus,Boks,441.25,2,2026-02-01,Retail Store,882.5
ORD-003748,C01105,James Johnson | United States | Premium,TOYS,643.68,5,2026-02-05,Website,3218.4
ORD-003749,C02128,Noah Lee | Australia | Plus,Office Supplies,370.41,2,2025-03-22,Marketplace,740.82
ORD-003750,C00501,Ella Ahmed | Germany | Basic,Sports,486.73,1,2025-10-20,Website,486.73
ORD-003751,C02814,Chloe Anderson | United States | Premium,Books & Media,307.2,3,2025-07-10,Retail Store,921.6
ORD-003752,C00219,Mia Mitchell | United Kingdom | Plus,Office Supplies,182.71,3,2025-06-04,Retail Store,548.13
ORD-003753,C02297,Noah Wright | Singapore | Basic,Toys,222.12,5,2026-04-17,Mobile App,1110.6
ORD-003754,C02252,Henry Baker | United States | Basic,Office Supplies,300.72,1,2025-04-03,Mobile App,300.72
ORD-003755,C02503,Jack Martin | Canada | Basic,HOME & KITCHEN,520.12,4,2025-09-02,Retail Store,2080.48
ORD-003756,C02237,Henry Nelson | France | Premium,beauty ,154.24,1,2026-02-28,Website,154.24
ORD-003757,C02769,Ava Carter | Canada | Plus,electronic,246.56,6,2026-05-22,Retail Store,1479.36
ORD-003758,C01881,Lucas Martin | United Kingdom | Basic,ELECTRONICS,237.66,4,2025-04-19,Mobile App,950.64
ORD-003759,C02359,Adam Wright | France | Plus,SPORTS,410.94,5,2025-11-27,Retail Store,2054.7
ORD-003760,C01851,Nora Nelson | UAE | Basic,Office Supply,504.28,3,2026-02-08,Mobile App,1512.84
ORD-003761,C00377,Leo Lewis | Singapore | Basic,Office Supples,340.81,1,2025-07-05,Retail Store,340.81
ORD-003762,C01665,Ethan Adams | Australia | Basic,Office Supples,271.67,5,2026-02-18,Mobile App,1358.35
ORD-003763,C00928,Adam Nelson | Germany | Premium,Toys,84.2,5,2025-01-11,Mobile App,421.0
ORD-003764,C00584,Sara Hassan | Australia | Plus,Toys,533.88,6,2026-06-13,Retail Store,3203.28
ORD-003765,C01242,Maya Patel | United States | Plus,electronic,262.26,4,2025-10-11,Retail Store,1049.04
ORD-003766,C01854,Sara Thomas | United Kingdom | Basic,Electronic Goods,260.74,2,2025-10-03,Mobile App,521.48
ORD-003767,C01052,Daniel Baker | UAE | Basic,Clothing,77.49,2,2026-04-22,Retail Store,154.98
ORD-003768,C00698,Sam Lewis | Australia | Basic,ELECTRONICS,27.68,6,2025-03-20,Mobile App,166.08
ORD-003769,C02176,Mia Carter | UAE | Basic,SPORTS,112.56,5,2025-01-10,Website,562.8
ORD-003770,C02762,Lina Walker | Canada | Plus,BEAUTY,165.62,3,2026-01-30,Marketplace,496.86
ORD-003771,C00107,Isla Clark | United Kingdom | Basic,Book,344.58,4,2026-03-05,Website,1378.32
ORD-003772,C00158,Jack Wilson | United Kingdom | Basic,Home & Kitchen,128.38,2,2025-11-20,Mobile App,256.76
ORD-003773,C01231,Nora Hall | United States | Basic,Electronics ,603.64,1,2026-04-13,Marketplace,603.64
ORD-003774,C02106,Daniel Taylor | United Kingdom | Basic,Book,304.44,2,2026-06-14,Retail Store,608.88
ORD-003775,C00382,Leo Hassan | Singapore | Basic,Beauty,620.99,6,2025-07-22,Mobile App,3725.94
ORD-003776,C00927,Liam Carter | Germany | Plus,SPORTS,610.58,4,2025-11-15,Mobile App,2442.32
ORD-003777,C00082,Omar Wright | Germany | Basic,Home & Kitchen,519.27,3,2026-04-04,Retail Store,1557.81
ORD-003778,C01550,Maya Carter | United Kingdom | Basic,Home & Kitchen,437.0,6,2025-06-29,Marketplace,2622.0
ORD-003779,C00218,Ava Brown | UAE | Basic,Toys,144.87,1,2026-07-02,Marketplace,144.87
ORD-003780,C00259,Sophia Taylor | UAE | Basic,OFFICE SUPPLIES,123.53,6,2026-02-22,Marketplace,741.18
ORD-003781,C00576,Adam Miller | Germany | Plus,Sports,244.87,4,2026-01-06,Marketplace,979.48
ORD-003782,C01760,Omar Hassan | Singapore | Premium,Home & Kitchen,521.63,6,2025-08-14,Marketplace,3129.78
ORD-003783,C01685,Sam Wilson | United Kingdom | Basic,Office Supply,174.75,4,2025-02-23,Website,699.0
ORD-003784,C02466,Ella Lee | Australia | Basic,Beauty Products,584.58,5,2025-04-28,Marketplace,2922.9
ORD-003785,C02784,Ethan Moore | UAE | Basic,SPORTS,225.73,2,2025-09-26,Mobile App,451.46
ORD-003786,C01405,Henry Davis | United States | Basic,Toys,436.92,5,2026-03-09,Website,2184.6
ORD-003787,C02034,Daniel Clark | France | Basic,Home & Ktchen,510.04,2,2026-06-03,Marketplace,1020.08
ORD-003788,C02915,Lina Mitchell | UAE | Premium,Office Supples,164.82,1,2025-09-21,Website,164.82
ORD-003789,C01898,Sara Walker | Singapore | Basic,Book,566.12,5,2025-11-21,Website,2830.6
ORD-003790,C01534,Amelia Wilson | United Kingdom | Basic,Beautyy,494.65,1,2025-11-19,Marketplace,494.65
ORD-003791,C01711,Ella Brown | United States | Premium,Clothing,265.47,1,2025-01-24,Retail Store,265.47
ORD-003792,C00446,Alex Wilson | Germany | Plus,Home and Kitchen,231.59,6,2026-04-11,Mobile App,1389.54
ORD-003793,C02619,Ava Adams | Germany | Basic,Office Supplies,515.51,2,2025-08-26,Website,1031.02
ORD-003794,C01293,Yusuf Carter | Canada | Plus,Books,628.1,2,2025-09-14,Marketplace,1256.2
ORD-003795,C00524,Chloe Wright | Canada | Plus,Electroncs,439.75,3,2025-03-04,Mobile App,1319.25
ORD-003796,C02996,Ryan Ahmed | Canada | Plus,Sports,607.65,3,2025-02-18,Retail Store,1822.95
ORD-003797,C02295,Ella Nelson | France | Basic,Office Supplies,447.32,3,2025-01-28,Website,1341.96
ORD-003798,C00983,Olivia Smith | Australia | Basic,Book,141.89,6,2025-07-10,Mobile App,851.34
ORD-003799,C01591,Liam Smith | Germany | Plus,Beauty,445.27,3,2026-01-12,Marketplace,1335.81
ORD-003800,C02969,Ryan Patel | United States | Plus,TOYS,201.24,5,2026-05-25,Marketplace,1006.2
ORD-003801,C01576,Sophia Patel | France | Premium,Clothing & Apparel,358.54,4,2025-08-13,Mobile App,1434.16
ORD-003802,C02435,Henry Clark | UAE | Basic,Sports,140.83,3,2025-01-31,Marketplace,422.49
ORD-003803,C00326,Ryan Anderson | United Kingdom | Basic,Clothing & Apparel,290.13,5,2025-07-11,Website,1450.65
ORD-003804,C02781,Omar Wilson | Australia | Basic,Clothing,565.87,6,2026-06-06,Mobile App,3395.22
ORD-003805,C02474,Isla Hall | Canada | Premium,Office Supplies,445.76,1,2025-03-14,Retail Store,445.76
ORD-003806,C01481,Mia Clark | United Kingdom | Basic,Books,452.0,6,2025-01-19,Retail Store,2712.0
ORD-003807,C01198,Liam Patel | UAE | Basic,CLOTHING,437.53,2,2026-01-22,Retail Store,875.06
ORD-003808,C00015,Mia Lewis | UAE | Plus,Sprots,71.37,4,2026-07-02,Retail Store,285.48
ORD-003809,C01461,Ryan Wright | United Kingdom | Basic,OFFICE SUPPLIES,518.07,1,2026-07-20,Website,518.07
ORD-003810,C02722,Zoe Clark | United Kingdom | Plus,Beauty,576.8,3,2025-05-10,Website,1730.4
ORD-003811,C01033,Lucas Wright | United Kingdom | Basic,Toys & Games,592.95,5,2026-04-19,Marketplace,2964.75
ORD-003812,C00853,Adam Green | Canada | Plus,electronic,598.34,3,2025-09-15,Retail Store,1795.02
ORD-003813,C02028,Mia Brown | Germany | Premium,Sport,103.26,1,2025-09-19,Marketplace,103.26
ORD-003814,C00054,James Wilson | France | Basic,Office Supplies,376.4,1,2025-03-24,Website,376.4
ORD-003815,C00495,Zoe Taylor | Germany | Basic,Home & Kitchen,494.07,2,2026-05-16,Mobile App,988.14
ORD-003816,C02501,Layla Lee | France | Plus,Home Kitchen,525.01,5,2025-09-16,Mobile App,2625.05
ORD-003817,C01776,Leo Lewis | Australia | Basic,HOME & KITCHEN,274.21,4,2026-03-07,Marketplace,1096.84
ORD-003818,C01981,Liam Davis | France | Basic,HOME & KITCHEN,453.64,4,2025-08-14,Marketplace,1814.56
ORD-003819,C00750,Alex Taylor | UAE | Basic,Office Supplies,94.35,3,2025-01-26,Mobile App,283.05
ORD-003820,C00436,Sam Lee | United Kingdom | Basic,Sports,55.84,1,2026-01-31,Website,55.84
ORD-003821,C02604,Chloe Nelson | France | Basic,Sports,109.23,3,2025-02-17,Website,327.69
ORD-003822,C02017,Adam Nelson | Australia | Basic,Books,253.7,6,2026-01-22,Marketplace,1522.2
ORD-003823,C00864,James Green | United States | Basic,Electronics,523.33,1,2025-06-01,Mobile App,523.33
ORD-003824,C00395,Ava Brown | Canada | Plus,Toys,91.48,2,2025-11-04,Retail Store,182.96
ORD-003825,C01033,Lucas Wright | United Kingdom | Basic,Books,252.15,1,2026-02-07,Website,252.15
ORD-003826,C01762,Sam Wilson | Canada | Premium,Office  Supplies,323.25,2,2026-04-10,Mobile App,646.5
ORD-003827,C00297,Isla Nelson | Canada | Premium,Books,32.79,1,2026-04-16,Mobile App,32.79
ORD-003828,C02491,Omar Green | United States | Plus,Electronics,310.07,3,2026-06-30,Website,930.21
ORD-003829,C02976,Chloe Green | Singapore | Basic,Home and Kitchen,46.66,4,2025-12-20,Retail Store,186.64
ORD-003830,C01112,Sara Wilson | Singapore | Basic,Office Supply,282.85,6,2025-12-05,Marketplace,1697.1
ORD-003831,C01862,Lina Clark | United Kingdom | Basic,Clothing,577.01,1,2025-08-19,Retail Store,577.01
ORD-003832,C02575,Isla Brown | Australia | Basic,OFFICE SUPPLIES,414.35,3,2025-10-14,Retail Store,1243.05
ORD-003833,C02471,Lucas Ahmed | UAE | Plus,Home & Ktchen,533.28,1,2025-08-11,Retail Store,508.28
ORD-003834,C02168,Amelia Hassan | United Kingdom | Plus,Books,209.56,4,2025-08-11,Website,838.24
ORD-003835,C02204,Daniel King | United States | Plus,Electronics,131.89,2,2025-08-06,Website,263.78
ORD-003836,C01081,Ava Nelson | France | Plus,Beauty,552.76,4,2025-01-03,Website,2211.04
ORD-003837,C00631,Sara Hassan | United States | Basic,Toys ,232.06,4,2025-09-26,Retail Store,928.24
ORD-003838,C01423,Olivia Martin | United States | Plus,SPORTS,286.45,5,2025-10-25,Website,1432.25
ORD-003839,C01739,Adam Brown | Germany | Premium,Sports,59.33,3,2026-04-28,Mobile App,152.99
ORD-003840,C02600,Alex Johnson | Australia | Premium,Sports,333.22,3,2025-04-02,Retail Store,999.66
ORD-003841,C00718,Olivia Martin | Germany | Basic,Toys ,166.97,6,2025-01-30,Website,1001.82
ORD-003842,C01058,Nora Patel | France | Basic,Electronics,338.72,6,2026-03-16,Website,2032.32
ORD-003843,C00440,Daniel King | United Kingdom | Basic,Beauty Products,20.8,5,2025-11-08,Mobile App,104.0
ORD-003844,C00247,Sam Khan | Germany | Basic,Toys ,540.09,6,2026-04-21,Retail Store,3240.54
ORD-003845,C00520,Sophia Davis | UAE | Basic,Home & Kitchen,76.26,4,2026-02-19,Website,305.04
ORD-003846,C00004,Lucas Green | Canada | Plus,HOME & KITCHEN,567.81,6,2026-03-02,Retail Store,3406.86
ORD-003847,C00955,Lucas Hassan | France | Basic,Clothing,105.31,3,2026-03-05,Retail Store,315.93
ORD-003848,C00828,Sophia Smith | Canada | Basic,Office Supplies,297.91,1,2025-01-07,Retail Store,297.91
ORD-003849,C02188,Ava Adams | United Kingdom | Plus,Toys,183.6,4,2025-11-11,Website,734.4
ORD-003850,C01192,Leo Carter | Singapore | Plus,OFFICE SUPPLIES,569.6,3,2025-11-15,Retail Store,1708.8
ORD-003851,C02250,Adam Patel | France | Plus,Clothing,194.99,4,2025-07-10,Marketplace,779.96
ORD-003852,C00707,Ethan Baker | France | Basic,Clothing,353.4,4,2026-05-19,Retail Store,1413.6
ORD-003853,C00906,Noah Martin | Singapore | Basic,Clothing,586.08,6,2025-02-04,Mobile App,3516.48
ORD-003854,C02971,Jack Nelson | Singapore | Premium,beauty ,167.58,6,2026-05-07,Website,1005.48
ORD-003855,C00409,Daniel Martin | United Kingdom | Plus,Book,574.09,1,2025-12-28,Website,574.09
ORD-003856,C02781,Omar Wilson | Australia | Basic,Office Supples,233.11,1,2025-04-10,Retail Store,233.11
ORD-003857,C02984,Daniel Martin | United States | Basic,Sports,-425.45,1,2026-05-15,Retail Store,425.45
ORD-003858,C00619,Ethan Adams | United Kingdom | Basic,Clothing & Apparel,55.88,4,2025-04-04,Marketplace,223.52
ORD-003859,C02616,James Anderson | United Kingdom | Basic,Clothes,559.08,6,2025-08-24,Marketplace,3354.48
ORD-003860,C00376,Jack Anderson | Australia | Plus,Toys,531.98,6,2025-01-18,Retail Store,3191.88
ORD-003861,C00759,Ella Wilson | UAE | Basic,Home & Kitchen,476.0,6,2026-02-12,Website,2856.0
ORD-003862,C02711,Liam Clark | United States | Plus,Sports,351.33,5,2025-12-26,Website,1756.65
ORD-003863,C02617,Ethan Nelson | Germany | Basic,Sports,183.62,2,2025-07-29,Retail Store,367.24
ORD-003864,C01023,Lucas Wilson | UAE | Basic,Clothing,452.36,1,2026-06-19,Retail Store,452.36
ORD-003865,C01815,Ava Carter | Canada | Basic,Sports,196.9,2,2025-09-24,Website,393.8
ORD-003866,C02883,Ava Davis | Canada | Plus,Toys,68.11,2,2026-07-04,Retail Store,136.22
ORD-003867,C01189,Leo Baker | United States | Basic,Sports,191.29,4,2025-11-05,Mobile App,765.16
ORD-003868,C02469,Daniel King | United States | Basic,Sports,159.3,5,2025-11-06,Retail Store,796.5
ORD-003869,C00100,Ava Moore | Australia | Basic,Beauty,74.48,3,2025-06-22,Website,223.44
ORD-003870,C02280,Jack Thomas | UAE | Plus,Books,514.83,5,2026-01-22,Mobile App,2574.15
ORD-003871,C01795,Zoe Taylor | Canada | Basic,Office  Supplies,73.09,2,2025-07-11,Marketplace,146.18
ORD-003872,C02135,Sophia Hassan | UAE | Basic,Home & Kitchen,593.16,5,2026-02-07,Retail Store,2965.8
ORD-003873,C00914,Noah Smith | United Kingdom | Premium,Books,407.7,1,2025-09-16,Marketplace,407.7
ORD-003874,C01916,Leo Miller | France | Basic,Toys,553.48,2,2025-05-13,Marketplace,1106.96
ORD-003875,C01643,Daniel Walker | United States | Basic,Toys,611.5,3,2025-04-28,Retail Store,1834.5
ORD-003876,C02428,Maya Miller | United States | Basic,Beauty,53.86,3,2025-04-17,Mobile App,161.58
ORD-003877,C01522,Chloe Khan | United Kingdom | Premium,Beautyy,218.05,3,2026-04-11,Website,654.15
ORD-003878,C02916,Ella Martin | Australia | Basic,Clothing,235.23,1,2026-03-27,Marketplace,235.23
ORD-003879,C02798,Ava Hassan | UAE | Premium,Clothing & Apparel,318.92,1,2026-03-06,Marketplace,318.92
ORD-003880,C02191,Lucas Clark | United States | Basic,Office Supplies,152.61,1,2025-09-13,Website,152.61
ORD-003881,C00733,Ella King | Australia | Basic,Office Supplies,351.74,4,2025-08-29,Mobile App,1406.96
ORD-003882,C01435,Sophia Brown | UAE | Basic,Books,596.87,6,2025-05-11,Marketplace,3581.22
ORD-003883,C01485,Leo Taylor | France | Basic,Beauty,352.36,5,2026-02-01,Website,1761.8
ORD-003884,C02718,Zoe Brown | Australia | Plus,SPORTS,206.17,2,2026-05-14,Retail Store,412.34
ORD-003885,C02868,Olivia Lee | United Kingdom | Basic,Clothing,526.26,1,2025-04-12,Website,526.26
ORD-003886,C02641,Alex Hall | Germany | Basic,Home & Kitchen,195.69,1,2026-04-19,Mobile App,195.69
ORD-003887,C02328,Sam Wilson | Australia | Plus,Home and Kitchen,332.89,5,2025-08-29,Marketplace,1664.45
ORD-003888,C02130,Emma Carter | UAE | Premium,Books,12.76,6,2025-04-12,Mobile App,76.56
ORD-003889,C01879,James Lewis | UAE | Basic,Office Supplies,636.92,4,2025-04-18,Marketplace,2547.68
ORD-003890,C01578,Maya Mitchell | United States | Premium,Clothing,10.39,5,2025-04-09,Retail Store,51.95
ORD-003891,C01155,Amelia Young | Canada | Plus,Books,16.5,3,2026-06-23,Website,49.5
ORD-003892,C02692,Mia Garcia | Singapore | Plus,Sports,389.85,5,2025-06-13,Mobile App,1949.25
ORD-003893,C02320,Olivia Adams | Canada | Basic,ELECTRONICS,539.57,3,2026-02-03,Marketplace,1618.71
ORD-003894,C02277,Ethan Clark | France | Premium,Books,370.54,6,2026-04-21,Retail Store,2223.24
ORD-003895,C01032,Henry Taylor | UAE | Premium,Clothing,418.67,4,2026-07-23,Retail Store,1674.68
ORD-003896,C00531,Ella Johnson | UAE | Basic,Electronics ,360.96,2,2026-01-30,Marketplace,721.92
ORD-003897,C01720,Adam Lewis | Canada | Basic,beauty ,642.0,1,2026-07-22,Website,642.0
ORD-003898,C01496,Lina Wright | Germany | Plus,Electroncs,561.98,1,2026-07-19,Website,561.98
ORD-003899,C00029,Amelia Brown | United States | Basic,Sports,603.57,3,2026-04-13,Mobile App,1810.71
ORD-003900,C02238,Chloe Wilson | Germany | Plus,TOYS,315.3,6,2025-06-14,Mobile App,1891.8
ORD-003901,C00210,Maya Walker | Canada | Basic,Sports,46.96,1,2026-07-10,Website,46.96
ORD-003902,C01738,Nora Hall | United Kingdom | Basic,beauty ,568.47,2,2026-04-24,Retail Store,1136.94
ORD-003903,C02653,Isla Hassan | Germany | Basic,Toys,180.41,3,2025-12-23,Website,541.23
ORD-003904,C02370,Liam Lewis | Canada | Premium,Electronics,582.39,6,2026-04-11,Mobile App,3494.34
ORD-003905,C02539,Alex Adams | Singapore | Basic,BEAUTY,389.37,6,2025-06-08,Retail Store,2336.22
ORD-003906,C00888,Amelia Brown | United States | Plus,Clothing,204.33,2,2025-06-21,Retail Store,408.66
ORD-003907,C00821,Chloe Wilson | Singapore | Basic,Office Supply,403.13,3,2025-12-26,Website,1209.39
ORD-003908,C00218,Ava Brown | UAE | Basic,Beauty Products,155.08,6,2025-09-03,Marketplace,930.48
ORD-003909,C01488,Leo Young | United Kingdom | Basic,Clothing,580.76,2,2025-08-15,Marketplace,1161.52
ORD-003910,C01639,Lina Hall | United Kingdom | Plus,Sport,70.11,5,2026-03-22,Website,350.55
ORD-003911,C02715,Nora Wright | France | Basic,Electronics,321.2,5,2025-08-01,Website,1606.0
ORD-003912,C02860,Ella Patel | United Kingdom | Basic,Beauty,182.18,1,2025-02-28,Marketplace,182.18
ORD-003913,C00265,Layla Wright | France | Basic,Toys,410.49,3,2025-06-10,Website,1231.47
ORD-003914,C00767,Sara Khan | Germany | Plus,Office Supplies,402.73,5,2025-04-09,Marketplace,2013.65
ORD-003915,C01345,Amelia Taylor | United Kingdom | Basic,Boks,527.66,1,2025-05-04,Retail Store,527.66
ORD-003916,C02566,Ella Davis | United States | Premium,Beauty,510.71,3,2025-11-05,Retail Store,1532.13
ORD-003917,C01108,Ethan Lewis | UAE | Basic,Books,377.78,1,2025-06-28,Retail Store,377.78
ORD-003918,C00754,Isla Moore | UAE | Plus,Toys,547.39,5,2026-05-21,Mobile App,2736.95
ORD-003919,C00088,Sophia Green | Germany | Plus,electronic,21.96,6,2026-04-13,Website,131.76
ORD-003920,C00330,Leo Green | France | Premium,Office Supplies,627.14,2,2025-11-26,Retail Store,1254.28
ORD-003921,C01317,Maya Mitchell | Germany | Basic,Beautyy,90.28,5,2025-12-19,Marketplace,451.4
ORD-003922,C02607,Mia Moore | France | Plus,Toys,449.26,6,2025-10-02,Retail Store,2695.56
ORD-003923,C02457,Liam Patel | Singapore | Basic,Electronics,453.76,3,2025-04-24,Mobile App,1361.28
ORD-003924,C00865,Liam King | United States | Basic,TOYS,459.64,3,2025-10-28,Marketplace,1378.92
ORD-003925,C01981,Liam Davis | France | Basic,Electronics,82.09,3,2025-02-10,Retail Store,246.27
ORD-003926,C02666,Nora Smith | UAE | Basic,Office  Supplies,453.66,3,2026-03-12,Website,1360.98
ORD-003927,C02546,Olivia Anderson | Canada | Plus,CLOTHING,450.24,4,2025-06-13,Marketplace,1800.96
ORD-003928,C02182,Henry Mitchell | France | Plus,Office Supplies,255.72,4,2025-02-25,Mobile App,1022.88
ORD-003929,C01366,Lina Wilson | United States | Basic,Office Supplies,395.07,5,2025-04-07,Website,1975.35
ORD-003930,C00152,Maya Wright | Canada | Premium,Toys,303.18,6,2025-03-24,Website,1819.08
ORD-003931,C01082,Adam Baker | Germany | Basic,Beauty,108.3,2,2025-01-16,Marketplace,216.6
ORD-003932,C02309,Nora Wilson | France | Basic,OFFICE SUPPLIES,167.61,4,2026-03-20,Mobile App,670.44
ORD-003933,C02054,Ella Ahmed | Australia | Premium,Office Supplies,238.75,4,2026-01-01,Marketplace,955.0
ORD-003934,C00569,Isla Mitchell | UAE | Premium,Clothing,215.52,5,2026-01-29,Marketplace,1077.6
ORD-003935,C00101,Zoe Mitchell | France | Basic,Toys & Games,640.85,3,2026-05-28,Retail Store,1922.55
ORD-003936,C02151,Omar Ahmed | Germany | Premium,Beautyy,569.55,3,2026-06-07,Retail Store,1708.65
ORD-003937,C00457,Isla Davis | United Kingdom | Basic,Sports,120.42,1,2025-12-27,Marketplace,120.42
ORD-003938,C01660,Alex Baker | Australia | Basic,Books,160.84,2,2026-04-01,Marketplace,321.68
ORD-003939,C00559,Amelia Johnson | Australia | Premium,Book,191.36,5,2026-04-12,Website,956.8
ORD-003940,C01175,Ava Garcia | UAE | Basic,Home and Kitchen,246.43,3,2025-12-03,Retail Store,739.29
ORD-003941,C00869,Sam Anderson | Canada | Basic,Sports,395.16,4,2025-12-09,Website,1580.64
ORD-003942,C00269,Sam Brown | Canada | Plus,Home & Kitchen,85.0,6,2026-07-02,Retail Store,510.0
ORD-003943,C01491,Adam Anderson | United Kingdom | Premium,Clothing,112.57,3,2026-06-22,Website,337.71
ORD-003944,C02725,Daniel Khan | Australia | Basic,Sports,105.01,6,2025-03-20,Retail Store,630.06
ORD-003945,C01893,Daniel Thomas | United States | Basic,Home & Kitchen,560.53,1,2026-01-22,Retail Store,560.53
ORD-003946,C02856,Maya Thomas | UAE | Plus,Office Supplies,251.02,2,2025-09-28,Website,502.04
ORD-003947,C02430,Zoe Miller | Australia | Plus,Clothing,71.34,4,2025-09-22,Mobile App,285.36
ORD-003948,C02804,Ella Johnson | Canada | Plus,Toys,309.69,3,2025-07-30,Marketplace,929.07
ORD-003949,C01966,Adam Hall | Australia | Basic,Toy,350.09,5,2025-08-06,Retail Store,1750.45
ORD-003950,C00334,Mia Adams | Canada | Plus,Toy,457.64,1,2026-06-24,Retail Store,457.64
ORD-003951,C01882,Omar Anderson | Canada | Premium,Toys,210.78,6,2025-02-27,Marketplace,1264.68
ORD-003952,C00775,Ryan Carter | UAE | Basic,Home Kitchen,415.15,4,2025-06-16,Website,1660.6
ORD-003953,C02844,Ava Adams | Germany | Basic,OFFICE SUPPLIES,30.81,6,2025-01-29,Marketplace,184.86
ORD-003954,C00794,Jack Nelson | Australia | Plus,Home & Kitchen,20.25,4,2025-11-23,Retail Store,81.0
ORD-003955,C01226,Henry Patel | UAE | Plus,Electronics,646.78,6,2026-06-29,Marketplace,3880.68
ORD-003956,C01377,Alex Patel | UAE | Plus,Clothing,279.57,4,2025-11-25,Marketplace,1118.28
ORD-003957,C02316,Daniel Wright | Singapore | Basic,Home and Kitchen,338.93,4,2025-08-21,Website,1355.72
ORD-003958,C02032,Ella Hassan | Canada | Plus,Sports,77.66,2,2026-06-17,Mobile App,155.32
ORD-003959,C01428,Chloe Clark | UAE | Basic,Books,159.09,6,2025-09-25,Marketplace,954.54
ORD-003960,C02388,Omar Garcia | United States | Premium,Beauty,452.78,3,2025-02-27,Mobile App,1358.34
ORD-003961,C01184,Nora Ahmed | Singapore | Premium,Clothing,57.33,4,2025-04-15,Retail Store,229.32
ORD-003962,C00734,Sara Miller | Canada | Plus,Office Supplies,221.42,2,2025-10-17,Mobile App,442.84
ORD-003963,C02107,Sara Ahmed | United Kingdom | Basic,Toys,457.79,4,2025-06-07,Mobile App,1831.16
ORD-003964,C00409,Daniel Martin | United Kingdom | Plus,Office Supplies,90.84,1,2025-03-18,Website,90.84
ORD-003965,C01558,Liam Khan | Singapore | Plus,Electronic Goods,256.71,4,2025-10-31,Marketplace,1026.84
ORD-003966,C00852,Lina Moore | Germany | Basic,Sports,8.82,4,2026-01-20,Mobile App,35.28
ORD-003967,C01007,Daniel Johnson | Canada | Basic,Clothing,463.9,1,2025-07-03,Retail Store,463.9
ORD-003968,C00155,Ryan Mitchell | Singapore | Plus,Beauty,238.79,1,2025-04-01,Marketplace,238.79
ORD-003969,C02778,Isla Martin | United States | Basic,Sprots,312.59,1,2025-07-22,Retail Store,312.59
ORD-003970,C02079,Zoe Martin | Singapore | Plus,Clothing,485.8,6,2025-11-16,Marketplace,2914.8
ORD-003971,C00695,Lucas Walker | United Kingdom | Plus,Toys,535.6,2,2025-09-09,Marketplace,1071.2
ORD-003972,C01177,Ella Young | Canada | Basic,Office Supplies,172.28,2,2025-11-24,Marketplace,344.56
ORD-003973,C00972,Alex Lee | United Kingdom | Plus,Electronic Goods,625.07,1,2025-08-20,Website,625.07
ORD-003974,C00018,Yusuf Brown | France | Plus,Books,593.94,5,2025-05-19,Retail Store,2969.7
ORD-003975,C01491,Adam Anderson | United Kingdom | Premium,Beauty,332.98,1,2025-02-06,Marketplace,332.98
ORD-003976,C01716,Alex Taylor | France | Premium,Sports,617.89,3,2026-02-16,Mobile App,1853.67
ORD-003977,C02086,Ryan Adams | France | Basic,Clothing,345.34,1,2025-06-07,Marketplace,345.34
ORD-003978,C00860,Amelia Carter | Canada | Basic,Office Supplies,380.05,4,2025-02-13,Website,1520.2
ORD-003979,C01415,Liam Adams | Germany | Plus,Clothing,537.96,2,2025-07-27,Website,1075.92
ORD-003980,C01888,Isla Hassan | UAE | Plus,Beauty,8.12,4,2025-10-23,Website,32.48
ORD-003981,C01246,Maya Garcia | Germany | Plus,Books,24.35,3,2026-04-11,Marketplace,73.05
ORD-003982,C00064,Liam King | Australia | Basic,Clothing,230.45,4,2025-11-27,Website,921.8
ORD-003983,C02645,Jack Walker | France | Plus,Toys,564.88,4,2026-05-24,Mobile App,2259.52
ORD-003984,C00671,Omar Clark | Singapore | Basic,Sports,34.57,2,,Website,69.14
ORD-003985,C00251,Nora Mitchell | France | Plus,Toys,376.39,1,2025-02-08,Retail Store,376.39
ORD-003986,C02309,Nora Wilson | France | Basic,OFFICE SUPPLIES,482.3,1,2025-09-10,Retail Store,482.3
ORD-003987,C00992,Ryan Hall | UAE | Premium,Clothing,519.55,6,2025-04-04,Marketplace,3117.3
ORD-003988,C02944,Sara Garcia | Canada | Plus,BEAUTY,359.32,2,2025-04-22,Mobile App,718.64
ORD-003989,C00592,Ava Young | United States | Premium,Sports,443.97,4,2025-05-04,Marketplace,1775.88
ORD-003990,C00009,Sam Clark | United Kingdom | Basic,Beautyy,198.93,3,2025-05-30,Marketplace,596.79
ORD-003991,C02436,Jack Brown | France | Premium,Beauty,21.87,2,2025-08-25,Mobile App,43.74
ORD-003992,C02878,Ryan Hall | Germany | Basic,Electronics,130.01,1,2026-04-04,Mobile App,130.01
ORD-003993,C02231,Alex Lewis | United States | Premium,Beauty,221.4,2,2026-05-16,Website,442.8
ORD-003994,C02926,Maya Thomas | Australia | Plus,Sports,395.68,2,2026-01-25,Website,791.36
ORD-003995,C02606,Jack Khan | Singapore | Plus,Office  Supplies,385.54,2,2026-06-16,Marketplace,771.08
ORD-003996,C01671,Layla Brown | UAE | Basic,Office Supples,43.48,3,2026-07-05,Retail Store,130.44
ORD-003997,C01878,Adam Johnson | Germany | Basic,Clothing,589.03,1,2025-01-04,Mobile App,589.03
ORD-003998,C00002,Henry Hassan | United Kingdom | Basic,Office Supplies,259.43,1,2025-09-01,Retail Store,259.43
ORD-003999,C00225,Yusuf Walker | Singapore | Plus,Beauty,592.11,2,2025-12-09,Retail Store,1184.22
ORD-004000,C01925,Sam King | Canada | Basic,Beauty,486.73,4,2025-07-22,Retail Store,1946.92
ORD-004001,C00767,Sara Khan | Germany | Plus,Beauty,437.02,5,2026-04-27,Retail Store,2185.1
ORD-004002,C01864,Yusuf King | United Kingdom | Basic,Sports,124.63,6,2025-11-04,Mobile App,747.78
ORD-004003,C02059,Ava Moore | Australia | Basic,Beauty,114.27,4,2025-06-13,Mobile App,457.08
ORD-004004,C00763,Jack Anderson | France | Plus,beauty ,133.94,2,2025-03-26,Mobile App,267.88
ORD-004005,C02049,Leo Garcia | UAE | Plus,Clothing,147.22,2,2025-01-29,Retail Store,294.44
ORD-004006,C00593,Lina Patel | Germany | Basic,Office Supply,561.2,5,2025-10-26,Website,2806.0
ORD-004007,C02946,Amelia Walker | France | Basic,HOME & KITCHEN,55.31,3,2025-11-15,Marketplace,165.93
ORD-004008,C00658,Daniel Miller | Singapore | Plus,Beauty,169.18,2,2026-01-14,Retail Store,338.36
ORD-004009,C01814,Isla Martin | Canada | Basic,Electronics,371.99,6,2025-08-21,Marketplace,2231.94
ORD-000044,C00142,Sam Taylor | Singapore | Plus,Books,453.48,2,2025-07-13,Mobile App,906.96
ORD-004011,C02633,James Miller | France | Basic,Office Supplies,600.62,3,2025-12-17,Mobile App,1801.86
ORD-004012,C00849,Leo Carter | Germany | Basic,Office Supplies,242.15,5,2025-03-23,Website,1210.75
ORD-004013,C01395,Daniel Khan | Australia | Plus,Sports & Fitness,418.06,5,2025-10-02,Marketplace,2090.3
ORD-004014,C02300,Ryan Hassan | France | Basic,Office Supplies,45.53,3,2025-07-09,Marketplace,136.59
ORD-004015,C01954,Nora Walker | France | Plus,Beauty,456.06,6,2025-07-15,Website,2736.36
ORD-004016,C00024,Lucas Johnson | Australia | Basic,Office Supplies,569.03,4,2025-03-13,Retail Store,2276.12
ORD-004017,C02470,Liam Brown | UAE | Basic,Books,260.53,3,2026-04-13,Marketplace,781.59
ORD-004018,C01911,Sophia Carter | Singapore | Basic,Clothing,70.45,5,2026-07-15,Mobile App,352.25
ORD-004019,C01503,Emma Hassan | United States | Basic,TOYS,364.73,1,2026-01-26,Mobile App,364.73
ORD-004020,C02723,Ava Miller | UAE | Basic,Beauty,7.93,6,2025-06-26,Marketplace,47.58
ORD-004021,C00534,Adam Davis | Singapore | Plus,CLOTHING,436.68,6,2025-09-28,Website,2620.08
ORD-004022,C00453,Sam Carter | UAE | Basic,ELECTRONICS,235.64,3,2026-02-25,Mobile App,706.92
ORD-004023,C02677,Maya Moore | Australia | Plus,Boks,279.16,2,2026-02-22,Retail Store,558.32
ORD-004024,C01724,Isla Moore | Singapore | Basic,Electronic Goods,539.11,5,2025-02-20,Marketplace,2695.55
ORD-004025,C02329,Nora Martin | United Kingdom | Basic,Toys,167.07,1,2026-03-11,Marketplace,167.07
ORD-004026,C00699,Mia Garcia | United Kingdom | Premium,BOOKS,495.63,3,2025-06-09,Website,1486.89
ORD-004027,C01762,Sam Wilson | Canada | Premium,Clothing,478.13,6,2025-05-24,Retail Store,2868.78
ORD-004028,C02597,Maya Garcia | UAE | Premium,Home & Kitchen,199.2,2,2025-03-02,Mobile App,398.4
ORD-004029,C01960,Lucas Lewis | France | Basic,Home & Kitchen,178.72,6,2025-05-03,Website,1072.32
ORD-004030,C02494,Mia Miller | Canada | Premium,Home & Kitchen,350.27,4,2025-01-31,Marketplace,1401.08
ORD-004031,C00987,Lina Nelson | Canada | Premium,Home Kitchen,112.57,2,2026-01-08,Mobile App,225.14
ORD-004032,C01646,Ryan Brown | Canada | Basic,Books,288.93,3,2026-04-20,Website,866.79
ORD-004033,C01782,Olivia Khan | United States | Basic,Office Supply,252.51,6,2025-10-16,Mobile App,1515.06
ORD-004034,C02074,Ava Green | United Kingdom | Basic,Toy,31.28,2,2025-01-31,Retail Store,62.56
ORD-004035,C02148,Jack Garcia | Singapore | Basic,Home Kitchen,51.95,6,2025-02-07,Website,311.7
ORD-004036,C00554,Layla Walker | France | Premium,Boks,343.98,3,2025-01-10,Marketplace,1031.94
ORD-004037,C01605,Leo Brown | Canada | Plus,Boks,79.76,1,2026-06-06,Retail Store,79.76
ORD-004038,C01260,Adam Miller | Germany | Premium,Electronics,382.83,3,2025-02-25,Website,1148.49
ORD-004039,C01800,Alex Baker | Singapore | Premium,Beautyy,53.37,6,2025-10-28,Mobile App,320.22
ORD-004040,C00127,Ava Wright | Singapore | Plus,Books,17.96,2,2026-03-01,Marketplace,35.92
ORD-004041,C00232,Emma Brown | Germany | Basic,Books,45.41,1,2025-02-11,Marketplace,45.41
ORD-004042,C02806,Isla Mitchell | Australia | Premium,Sports,245.53,3,2025-01-10,Mobile App,736.59
ORD-004043,C00362,Noah Khan | United States | Basic,Clothing & Apparel,300.29,5,2025-11-21,Website,1501.45
ORD-004044,C01586,Omar Anderson | Singapore | Plus,Toys,293.33,4,2026-01-02,Website,1173.32
ORD-004045,C01095,Emma Anderson | France | Basic,Home & Kitchen,229.52,2,2025-03-15,Marketplace,459.04
ORD-004046,C01652,Layla Thomas | Germany | Basic,electronic,178.3,1,2025-05-15,Retail Store,178.3
ORD-004047,C01943,Amelia Lewis | France | Basic,Electroncs,227.72,1,2025-08-24,Retail Store,227.72
ORD-004048,C00471,Olivia Martin | Canada | Basic,HOME & KITCHEN,82.98,1,2026-03-21,Mobile App,82.98
ORD-004049,C02970,Daniel Adams | Germany | Basic,OFFICE SUPPLIES,141.02,3,2026-01-14,Mobile App,423.06
ORD-004050,C01079,Ryan Wright | Australia | Basic,Home & Kitchen,423.3,1,2026-03-08,Marketplace,423.3
ORD-004051,C00043,Lucas Carter | United States | Basic,Boks,127.5,4,2025-11-22,Marketplace,510.0
ORD-004052,C00883,Emma Moore | UAE | Basic,Home & Ktchen,326.68,1,2026-05-27,Website,326.68
ORD-004053,C00766,Zoe Khan | UAE | Plus,Beauty,214.33,2,2025-02-02,Marketplace,428.66
ORD-004054,C01315,Liam Clark | Australia | Basic,Beauty,360.1,1,2026-03-24,Website,360.1
ORD-004055,C02498,Ethan Wilson | United Kingdom | Basic,Toy,211.56,2,2025-08-24,Mobile App,423.12
ORD-004056,C01670,Amelia Martin | Germany | Basic,Electronics,600.37,1,2025-09-01,Website,600.37
ORD-004057,C02420,Ava Anderson | United Kingdom | Plus,HOME & KITCHEN,545.49,6,2025-03-02,Website,3272.94
ORD-004058,C02438,Ava Lee | Singapore | Basic,Home & Kitchen,560.97,6,2026-04-08,Website,3365.82
ORD-004059,C02406,Ethan Adams | Australia | Premium,Beautyy,126.19,6,2026-06-18,Retail Store,757.14
ORD-004060,C01253,Lina Clark | Singapore | Basic,Home & Kitchen,562.34,5,2025-09-21,Mobile App,2811.7
ORD-004061,C01458,Sophia Ahmed | Singapore | Basic,Book,462.19,3,2025-02-15,Mobile App,1386.57
ORD-004062,C01660,Alex Baker | Australia | Basic,Toys,315.39,2,2026-06-30,Retail Store,630.78
ORD-004063,C02562,Sam Adams | Canada | Premium,TOYS,360.04,3,2025-03-27,Website,1080.12
ORD-004064,C01370,Sara Lewis | Australia | Plus,HOME & KITCHEN,370.85,2,2025-05-19,Retail Store,741.7
ORD-004065,C00608,Isla Garcia | UAE | Plus,Books,281.25,6,2026-04-28,Retail Store,1687.5
ORD-004066,C02530,Ryan Johnson | Canada | Plus,Sport,302.26,4,2025-03-10,Website,1209.04
ORD-004067,C02021,Amelia Brown | Canada | Basic,Electronics,169.05,2,2025-02-25,Mobile App,338.1
ORD-004068,C02593,Layla Garcia | UAE | Basic,Clothing,560.85,6,2025-08-13,Mobile App,3365.1
ORD-004069,C00398,Ethan Khan | France | Basic,Clothing,42.68,2,2025-07-04,Mobile App,85.36
ORD-004070,C01771,Daniel Adams | UAE | Premium,Toys,256.39,6,2025-06-17,Website,1538.34
ORD-004071,C00338,Alex Adams | Germany | Basic,OFFICE SUPPLIES,386.34,2,2025-11-30,Website,772.68
ORD-004072,C02783,Emma Khan | Germany | Basic,Beauty,44.73,4,2026-03-05,Retail Store,178.92
ORD-004073,C00453,Sam Carter | UAE | Basic,Home & Ktchen,363.88,1,2025-01-02,Mobile App,363.88
ORD-004074,C02560,Sara Lee | Germany | Premium,Electronic Goods,430.45,2,2026-05-04,Retail Store,860.9
ORD-004075,C01981,Liam Davis | France | Basic,Sports & Fitness,505.13,1,2026-03-04,Mobile App,505.13
ORD-004076,C00847,Ryan Baker | United States | Basic,SPORTS,423.95,5,2025-12-21,Website,2119.75
ORD-004077,C01603,Lucas Martin | United Kingdom | Plus,Toy,648.31,6,2026-03-15,Website,3889.86
ORD-004078,C02933,Layla Brown | France | Premium,Clothing,422.29,5,2025-02-07,Marketplace,2111.45
ORD-004079,C00200,James Ahmed | Australia | Basic,Electronics,274.84,1,2025-07-11,Marketplace,274.84
ORD-004080,C00197,Layla Patel | Canada | Basic,Electronics,580.06,3,2025-10-30,Marketplace,1740.18
ORD-004081,C00319,Omar Ahmed | Singapore | Plus,Books & Media,175.35,2,2026-03-04,Website,350.7
ORD-004082,C01608,Zoe Baker | Singapore | Basic,Electronics,123.19,6,2025-02-13,Retail Store,739.14
ORD-004083,C01635,Adam Baker | United States | Plus,Home & Kitchen,331.8,6,2025-11-14,Mobile App,1990.8
ORD-004084,C01692,Ryan Garcia | United States | Basic,Office Supplies,16.72,5,2025-05-18,Website,83.6
ORD-004085,C01843,Ethan Walker | Canada | Basic,Office Supplies,67.62,6,2025-05-02,Retail Store,405.72
ORD-004086,C01784,Ava Wright | Australia | Premium,Office Supplies,630.11,1,2025-02-11,Marketplace,630.11
ORD-004087,C00772,Adam Green | Singapore | Basic,Office Supplies,481.54,2,2025-04-18,Marketplace,963.08
ORD-004088,C01826,Layla Thomas | United States | Basic,Clothes,559.84,6,2025-07-01,Marketplace,3359.04
ORD-004089,C00215,Lina Green | Singapore | Basic,SPORTS,30.49,4,2025-07-22,Website,121.96
ORD-004090,C00873,James Khan | United Kingdom | Plus,Toys,283.36,5,2026-01-04,Retail Store,1416.8
ORD-004091,C01934,Sam Brown | United States | Plus,CLOTHING,613.06,3,2025-11-20,Mobile App,1839.18
ORD-004092,C01060,Lina Patel | Australia | Basic,Office Supplies,607.65,5,2026-05-24,Website,3038.25
ORD-004093,C02123,Omar Anderson | France | Plus,Home & Kitchen,358.11,4,2025-01-27,Mobile App,1432.44
ORD-004094,C02018,Maya Khan | Australia | Plus,Home & Ktchen,9.47,1,2025-05-27,Website,9.47
ORD-004095,C02060,Lina Baker | Germany | Plus,BEAUTY,590.01,3,2026-02-19,Website,1770.03
ORD-004096,C02447,Lucas Nelson | UAE | Basic,electronic,321.72,3,2026-06-17,Marketplace,965.16
ORD-004097,C00467,Noah Wright | UAE | Basic,Toys,19.37,5,2026-02-10,Marketplace,96.85
ORD-004098,C01280,Layla Carter | Singapore | Basic,BOOKS,187.85,1,2025-10-23,Retail Store,187.85
ORD-004099,C02939,Ella Hassan | Canada | Plus,Home & Kitchen,98.29,6,2025-06-22,Retail Store,589.74
ORD-004100,C02826,Zoe Adams | United States | Basic,Office Supplies,19.49,1,2025-10-03,Website,19.49
ORD-004101,C00694,Alex Hall | France | Plus,Toys,343.67,2,2025-11-06,Retail Store,687.34
ORD-004102,C01457,Mia Khan | United Kingdom | Plus,Clothing,461.93,1,2025-11-21,Retail Store,461.93
ORD-004103,C02216,Jack Thomas | Australia | Plus,Toys ,377.66,5,2025-08-11,Mobile App,1888.3
ORD-004104,C02739,Adam Green | United States | Basic,Office  Supplies,129.7,3,2025-03-06,Website,389.1
ORD-004105,C00722,Olivia Thomas | Singapore | Basic,Sports,290.77,5,2025-03-28,Marketplace,1453.85
ORD-004106,C01244,Isla Young | France | Plus,Books,551.84,6,2026-03-28,Mobile App,3311.04
ORD-004107,C01548,Daniel Moore | Germany | Plus,electronic,336.52,1,2026-03-25,Marketplace,336.52
ORD-004108,C00913,Layla Taylor | Singapore | Basic,Office Supplies,259.58,4,2025-08-10,Website,1038.32
ORD-004109,C02166,Layla Smith | Canada | Plus,Sport,463.98,2,2025-01-17,Website,927.96
ORD-004110,C00650,Adam Adams | United States | Premium,Boks,420.17,2,2026-07-05,Marketplace,840.34
ORD-004111,C00644,Isla Davis | Germany | Plus,Sports,618.2,6,2025-03-22,Marketplace,3709.2
ORD-004112,C00285,Alex Hall | Germany | Basic,Beauty,323.57,4,2025-01-05,Retail Store,1294.28
ORD-004113,C00182,Jack Moore | Australia | Basic,Home & Kitchen,568.85,4,2026-06-02,Retail Store,2275.4
ORD-004114,C02057,Emma Khan | France | Plus,Beauty Products,479.77,2,2026-03-08,Marketplace,959.54
ORD-004115,C02263,Sam Patel | Singapore | Plus,Beauty Products,365.24,2,2025-12-04,Marketplace,730.48
ORD-004116,C02878,Ryan Hall | Germany | Basic,electronic,471.32,3,2025-12-11,Website,1413.96
ORD-004117,C02824,Sophia Young | France | Basic,SPORTS,264.12,5,2026-06-24,Mobile App,1320.6
ORD-004118,C01040,Olivia Young | Australia | Basic,Toys ,394.72,4,2025-01-24,Website,1578.88
ORD-004119,C01055,Emma Taylor | France | Premium,Book,647.71,4,2025-05-21,Retail Store,2590.84
ORD-004120,C01355,Zoe Clark | Singapore | Plus,Sports,463.47,5,2025-08-17,Website,2317.35
ORD-004121,C01412,Omar Brown | Germany | Basic,Sports,307.09,1,2025-04-17,Website,307.09
ORD-004122,C01194,Olivia Miller | France | Basic,Office Supplies,56.14,1,2025-03-05,Mobile App,56.14
ORD-004123,C00978,Chloe Walker | Singapore | Plus,BOOKS,122.73,1,2026-06-25,Mobile App,122.73
ORD-004124,C02470,Liam Brown | UAE | Basic,Books,333.86,1,2025-07-24,Retail Store,333.86
ORD-004125,C02295,Ella Nelson | France | Basic,Home & Kitchen,491.15,4,2025-11-11,Mobile App,1964.6
ORD-004126,C01434,Chloe Hassan | UAE | Basic,Electronics,150.38,3,2025-05-17,Website,451.14
ORD-004127,C00820,Nora Martin | France | Plus,CLOTHING,425.36,1,2025-02-26,Retail Store,425.36
ORD-004128,C02083,Ella King | Singapore | Plus,Toys,222.13,3,2025-02-05,Marketplace,666.39
ORD-004129,C00779,Olivia Garcia | United States | Basic,Clothing,413.75,6,2026-01-28,Website,2482.5
ORD-004130,C02672,Henry Adams | Germany | Basic,Sports,141.77,4,2026-02-03,Website,567.08
ORD-004131,C01103,Olivia Smith | Singapore | Premium,beauty ,187.94,4,2025-12-31,Website,751.76
ORD-004132,C01780,Sara Khan | United Kingdom | Basic,Sports,288.1,3,2025-03-07,Marketplace,864.3
ORD-004133,C02083,Ella King | Singapore | Plus,beauty ,426.78,3,2026-03-03,Marketplace,1280.34
ORD-004134,C02236,Nora Young | Canada | Plus,Clothing,111.56,5,2026-04-06,Marketplace,557.8
ORD-004135,C02030,Sara Walker | Australia | Basic,Office Supplies,51.39,4,2026-02-05,Website,205.56
ORD-004136,C00328,Emma Brown | UAE | Premium,Office Supply,390.09,1,2025-11-10,Website,390.09
ORD-004137,C02973,Alex Green | Canada | Premium,Electronics,385.4,6,2025-12-02,Retail Store,2312.4
ORD-004138,C02772,Omar Patel | United States | Premium,Sprots,219.56,6,2026-03-13,Mobile App,1317.36
ORD-004139,C01828,Sam Ahmed | Singapore | Basic,Sport,311.96,5,2026-05-06,Retail Store,1559.8
ORD-004140,C01346,Layla Thomas | Australia | Basic,Books,198.75,2,2026-04-28,Website,397.5
ORD-004141,C01160,Alex Mitchell | United Kingdom | Plus,Clothing,297.72,2,2025-01-07,Mobile App,595.44
ORD-004142,C02178,Isla Clark | Australia | Plus,Beauty,519.98,3,2026-03-18,Marketplace,1559.94
ORD-004143,C00741,Daniel Martin | Australia | Plus,Sprots,315.05,4,2026-02-02,Mobile App,1260.2
ORD-004144,C01861,James Patel | France | Premium,Clothing & Apparel,440.68,3,2025-09-22,Website,1322.04
ORD-004145,C00960,Chloe Walker | UAE | Premium,Books,493.22,5,2025-09-10,Retail Store,2466.1
ORD-004146,C01480,Yusuf Taylor | France | Basic,Clothing,429.43,4,2025-06-23,Mobile App,1717.72
ORD-004147,C02810,Sophia Davis | Germany | Basic,ELECTRONICS,288.94,3,2025-12-06,Marketplace,866.82
ORD-004148,C01065,Layla Miller | Canada | Plus,OFFICE SUPPLIES,331.53,3,2025-07-25,Website,994.59
ORD-004149,C00279,Sara Martin | Singapore | Basic,Office Supplies,568.92,6,2025-06-18,Retail Store,3413.52
ORD-004150,C00256,Nora Garcia | United Kingdom | Plus,BOOKS,354.56,5,2025-05-31,Retail Store,1772.8
ORD-004151,C00258,Liam Lewis | Canada | Basic,Clothing & Apparel,157.42,5,2025-09-30,Mobile App,787.1
ORD-004152,C00101,Zoe Mitchell | France | Basic,BEAUTY,450.29,5,2026-04-23,Mobile App,2251.45
ORD-004153,C02250,Adam Patel | France | Plus,Clothing,523.51,2,2025-03-04,Mobile App,1047.02
ORD-004154,C02521,Alex Smith | United Kingdom | Plus,BOOKS,498.79,5,2025-11-05,Retail Store,2493.95
ORD-004155,C02112,Amelia Moore | Singapore | Premium,Toy,405.91,6,2025-02-17,Retail Store,2435.46
ORD-004156,C01641,Layla Walker | UAE | Basic,SPORTS,610.23,3,2025-06-28,Retail Store,1830.69
ORD-004157,C00679,Jack Clark | Singapore | Basic,Books,74.06,4,2025-12-26,Retail Store,296.24
ORD-004158,C02253,Sam Miller | France | Basic,Office Supplies,62.16,5,2026-02-21,Website,310.8
ORD-004159,C01654,Alex Clark | Germany | Plus,Beauty,143.47,4,2026-05-01,Website,573.88
ORD-004160,C00961,James Moore | Australia | Basic,Office Supplies,20.38,3,2025-08-09,Website,61.14
ORD-004161,C02332,Adam Miller | France | Plus,Home & Kitchen,564.63,4,2025-05-04,Retail Store,2258.52
ORD-004162,C00695,Lucas Walker | United Kingdom | Plus,Books & Media,262.65,6,2026-07-13,Retail Store,1575.9
ORD-004163,C01965,Sam Young | Singapore | Basic,Toys,56.33,6,2025-05-22,Mobile App,337.98
ORD-004164,C01279,Sam King | Australia | Plus,Office Supplies,412.27,6,2025-05-09,Marketplace,2473.62
ORD-004165,C02024,Ella Young | United Kingdom | Premium,Toy,279.67,5,2025-02-13,Retail Store,1398.35
ORD-004166,C00420,Ella Clark | France | Basic,TOYS,417.33,1,2026-06-16,Marketplace,417.33
ORD-004167,C01886,Jack Khan | United Kingdom | Premium,Beauty,245.61,5,2025-06-26,Mobile App,1228.05
ORD-004168,C01293,Yusuf Carter | Canada | Plus,Beauty,637.85,1,2025-01-27,Mobile App,637.85
ORD-004169,C01198,Liam Patel | UAE | Basic,Home & Kitchen,161.17,4,2025-12-16,Marketplace,644.68
ORD-004170,C00527,Chloe Young | United States | Plus,Books,626.92,1,2025-12-21,Marketplace,626.92
ORD-004171,C02122,Sam Clark | France | Premium,BEAUTY,365.61,1,2025-12-08,Website,365.61
ORD-004172,C01822,James Anderson | France | Basic,Home Kitchen,297.23,1,2025-01-27,Retail Store,297.23
ORD-004173,C01869,Isla Wright | UAE | Basic,Office Supply,396.68,6,2025-04-30,Mobile App,2380.08
ORD-004174,C00399,Nora Carter | France | Basic,Toys ,208.42,3,2026-07-21,Mobile App,625.26
ORD-004175,C00792,Jack Johnson | Australia | Premium,TOYS,231.59,2,2025-01-09,Mobile App,463.18
ORD-004176,C01478,Ella King | Australia | Basic,Sports,487.67,6,2025-06-29,Website,2926.02
ORD-004177,C00136,Sam Brown | Canada | Basic,Home & Kitchen,456.03,3,2026-04-07,Marketplace,1368.09
ORD-004178,C02441,Daniel Baker | Canada | Basic,Home & Kitchen,437.03,5,2026-01-02,Retail Store,2185.15
ORD-004179,C01931,Maya Lee | Germany | Basic,Electronics,524.52,6,2025-01-02,Marketplace,3147.12
ORD-004180,C01756,Lucas Anderson | UAE | Premium,Beauty,127.4,2,2025-03-10,Marketplace,254.8
ORD-004181,C00887,Ella Wright | UAE | Premium,Clothing,524.46,4,2025-07-17,Retail Store,2097.84
ORD-004182,C01929,Sam Adams | Singapore | Basic,Sports,158.66,4,2025-11-04,Marketplace,634.64
ORD-004183,C02947,Emma Wilson | France | Basic,BOOKS,570.56,5,2025-02-01,Retail Store,2852.8
ORD-004184,C00795,Daniel Mitchell | UAE | Plus,Beauty Products,496.67,4,2025-05-23,Website,1986.68
ORD-004185,C01545,Daniel Nelson | UAE | Basic,Electronics,196.73,5,2025-05-24,Website,983.65
ORD-004186,C00367,Ella Moore | France | Basic,Beauty,622.38,3,2025-12-16,Website,1867.14
ORD-004187,C01765,Ryan Ahmed | Germany | Premium,Office Supplies,45.89,2,2025-08-01,Retail Store,91.78
ORD-004188,C00551,Adam Clark | Canada | Plus,Home & Kitchen,145.98,1,2025-06-04,Mobile App,145.98
ORD-004189,C02407,Amelia Hall | France | Basic,Electronics,509.3,1,2026-01-12,Marketplace,509.3
ORD-004190,C01221,Ella Garcia | United States | Basic,Office  Supplies,286.72,1,2025-03-04,Retail Store,286.72
ORD-004191,C02101,Noah Ahmed | Singapore | Plus,Electronics ,206.91,1,2025-02-01,Website,206.91
ORD-004192,C01339,Jack Young | France | Basic,BOOKS,18.39,5,2025-07-25,Website,91.95
ORD-004193,C01124,Amelia Moore | Australia | Basic,Sprots,8.12,4,2026-01-02,Retail Store,32.48
ORD-004194,C01074,Alex Miller | Canada | Plus,Sports,574.42,6,2025-05-03,Marketplace,3446.52
ORD-004195,C01090,Jack Hall | Singapore | Plus,Clothes,428.74,6,2025-05-14,Website,2572.44
ORD-004196,C02800,Henry Mitchell | United Kingdom | Basic,Office Supplies,390.63,1,2025-02-18,Website,390.63
ORD-004197,C00963,Lucas Hall | France | Premium,Toys,420.91,4,2025-11-21,Mobile App,1683.64
ORD-004198,C00075,Chloe Garcia | United Kingdom | Basic,Clothng,355.76,3,2025-07-28,Retail Store,1067.28
ORD-004199,C00103,James Smith | Australia | Basic,ELECTRONICS,277.7,1,2026-06-17,Website,277.7
ORD-004200,C00440,Daniel King | United Kingdom | Basic,Home & Kitchen,146.72,6,2026-03-03,Website,880.32
ORD-004201,C02557,Emma Carter | Germany | Basic,Toys,199.85,5,2025-07-20,Marketplace,999.25
ORD-004202,C02490,Mia Martin | Canada | Basic,Office Supplies,9.42,1,2026-02-28,Website,9.42
ORD-004203,C00478,Liam Johnson | Singapore | Basic,Clothing,524.13,2,2025-01-30,Marketplace,1048.26
ORD-004204,C00903,Alex Adams | United States | Premium,Beauty Products,627.66,3,2025-06-26,Marketplace,1882.98
ORD-004205,C02774,Liam Adams | Canada | Basic,ELECTRONICS,646.36,3,2026-05-23,Website,1939.08
ORD-004206,C01085,Ryan Thomas | Canada | Basic,Toys,219.82,6,2025-12-31,Website,1318.92
ORD-004207,C02799,Sophia Wilson | Singapore | Plus,Toys,112.22,2,2025-10-17,Website,224.44
ORD-004208,C01364,Lucas Mitchell | Singapore | Plus,Office Supples,620.07,6,2025-10-24,Website,3720.42
ORD-004209,C00330,Leo Green | France | Premium,Sports,70.56,5,2025-01-02,Mobile App,352.8
ORD-004210,C02102,Liam Martin | Singapore | Basic,Home and Kitchen,327.22,4,2025-01-28,Marketplace,1308.88
ORD-004211,C00636,James Nelson | United Kingdom | Basic,HOME & KITCHEN,442.12,3,2026-01-23,Website,1326.36
ORD-004212,C01070,Maya Lee | France | Premium,Sport,386.52,2,2025-02-03,Mobile App,773.04
ORD-004213,C01338,Sam Adams | Germany | Basic,Clothing,398.61,2,2026-07-12,Website,797.22
ORD-004214,C00786,Daniel Nelson | Australia | Basic,Office Supplies,310.43,4,2025-03-26,Mobile App,1241.72
ORD-004215,C00212,Yusuf Mitchell | France | Plus,Clothng,270.61,5,2025-11-10,Marketplace,1353.05
ORD-004216,C00841,Lina Walker | Australia | Basic,Electronics,302.25,5,2026-07-19,Website,1511.25
ORD-004217,C00774,Sam Hall | United States | Premium,Boks,388.2,6,2025-05-01,Marketplace,2329.2
ORD-004218,C00059,Emma Moore | United States | Basic,Clothing,363.16,1,2025-09-06,Retail Store,363.16
ORD-004219,C00308,Ella King | Singapore | Premium,OFFICE SUPPLIES,31.4,1,2025-10-10,Marketplace,31.4
ORD-004220,C01247,Mia Baker | Canada | Basic,Home Kitchen,94.34,6,2025-07-16,Marketplace,566.04
ORD-004221,C02074,Ava Green | United Kingdom | Basic,Home & Kitchen,381.86,6,2025-11-30,Mobile App,2291.16
ORD-004222,C01304,Lina Thomas | UAE | Plus,CLOTHING,375.13,6,2025-05-30,Marketplace,2250.78
ORD-004223,C01480,Yusuf Taylor | France | Basic,Toys,72.47,3,2025-06-09,Retail Store,217.41
ORD-004224,C00251,Nora Mitchell | France | Plus,HOME & KITCHEN,400.81,1,2025-05-13,Website,400.81
ORD-004225,C01366,Lina Wilson | United States | Basic,Beauty,326.34,1,2026-03-18,Website,326.34
ORD-004226,C00454,Henry Hassan | United Kingdom | Plus,Home & Ktchen,338.46,3,2025-08-28,Mobile App,1015.38
ORD-004227,C01027,Alex Taylor | Australia | Basic,electronic,227.74,6,2025-05-19,Retail Store,1366.44
ORD-004228,C00313,Yusuf Moore | France | Plus,Beauty,647.58,4,2025-11-02,Website,2590.32
ORD-004229,C02879,Jack Smith | United Kingdom | Basic,Electronics,113.32,1,2025-08-01,Mobile App,113.32
ORD-004230,C02851,Omar Garcia | UAE | Premium,Electronics,379.96,4,2026-01-26,Marketplace,1519.84
ORD-004231,C01511,Lucas King | UAE | Premium,Toy,127.49,2,2026-07-16,Mobile App,254.98
ORD-004232,C01591,Liam Smith | Germany | Plus,Books,204.93,2,2026-02-07,Mobile App,409.86
ORD-004233,C00718,Olivia Martin | Germany | Basic,Electronic Goods,433.13,3,2025-02-27,Marketplace,1299.39
ORD-004234,C00819,Sophia Walker | Singapore | Premium,Electronics,243.44,5,2025-10-04,Mobile App,1217.2
ORD-004235,C02150,Emma Johnson | Canada | Basic,Home & Kitchen,262.73,2,2025-12-06,Retail Store,525.46
ORD-004236,C02015,Sophia Wilson | Australia | Basic,Beauty,329.99,6,2025-07-09,Retail Store,1979.94
ORD-004237,C01175,Ava Garcia | UAE | Basic,HOME & KITCHEN,382.08,3,2025-12-25,Retail Store,1146.24
ORD-004238,C02346,Noah Patel | United Kingdom | Premium,Home & Kitchen,66.02,3,2025-11-16,Marketplace,198.06
ORD-004239,C02942,Sara Anderson | United States | Basic,Clothing,171.97,4,2025-11-22,Mobile App,687.88
ORD-004240,C00565,Ethan Taylor | Germany | Basic,Home & Kitchen,361.96,2,2025-05-25,Marketplace,723.92
ORD-004241,C02149,Jack Carter | United States | Basic,Office  Supplies,117.73,6,2026-07-02,Website,706.38
ORD-004242,C02717,Ryan Lewis | France | Basic,Beauty,404.06,2,2026-04-15,Mobile App,808.12
ORD-004243,C01573,Liam Green | United Kingdom | Basic,Clothing & Apparel,423.75,6,2025-09-27,Mobile App,2542.5
ORD-004244,C00135,Lucas Green | UAE | Basic,Book,338.83,4,2025-04-24,Mobile App,1355.32
ORD-004245,C00438,James Mitchell | Canada | Premium,Books,95.64,4,2026-01-17,Mobile App,382.56
ORD-004246,C00249,Adam Thomas | Canada | Plus,Sports,187.8,2,2025-03-08,Mobile App,375.6
ORD-004247,C00065,Ryan Miller | Australia | Basic,Electronics,49.85,2,2026-03-11,Marketplace,99.7
ORD-004248,C01260,Adam Miller | Germany | Premium,Beauty,306.24,2,2026-05-05,Website,612.48
ORD-004249,C01521,Sam Moore | United States | Basic,Clothes,96.22,5,2025-05-17,Retail Store,481.1
ORD-004250,C01943,Amelia Lewis | France | Basic,Electronics ,282.12,2,2025-11-10,Retail Store,564.24
ORD-004251,C01637,Isla Anderson | Singapore | Basic,Office Supply,628.24,6,2026-04-06,Mobile App,3769.44
ORD-004252,C01440,Omar Hassan | Germany | Basic,Toy,423.82,4,2025-11-10,Website,1695.28
ORD-004253,C00261,Chloe Walker | UAE | Plus,Sports,451.46,4,2025-10-24,Retail Store,1805.84
ORD-004254,C01851,Nora Nelson | UAE | Basic,Beautyy,266.35,6,2025-08-11,Retail Store,1598.1
ORD-004255,C02073,Daniel Brown | UAE | Basic,Electronics ,80.22,4,2025-04-19,Marketplace,320.88
ORD-004256,C02045,Ava Davis | Canada | Premium,Clothing,415.49,3,2025-05-12,Website,1246.47
ORD-004257,C00390,Liam Smith | United Kingdom | Basic,Home & Kitchen,530.85,4,2025-01-09,Marketplace,2123.4
ORD-004258,C00584,Sara Hassan | Australia | Plus,beauty ,606.27,3,2025-08-17,Mobile App,1818.81
ORD-004259,C02659,Jack Wright | UAE | Plus,Beauty,62.57,5,2025-11-08,Mobile App,312.85
ORD-004260,C00870,Alex Moore | Germany | Basic,Home & Kitchen,284.66,1,2026-02-20,Retail Store,284.66
ORD-004261,C01260,Adam Miller | Germany | Premium,Boks,381.57,4,2025-02-10,Retail Store,1526.28
ORD-004262,C00469,Mia Garcia | United Kingdom | Basic,Home & Kitchen,526.06,5,2025-12-05,Website,2630.3
ORD-004263,C00451,Jack Anderson | United Kingdom | Basic,Home & Kitchen,587.43,5,2025-05-12,Mobile App,2937.15
ORD-004264,C02388,Omar Garcia | United States | Premium,Electronics ,82.95,4,2026-01-13,Retail Store,331.8
ORD-004265,C00043,Lucas Carter | United States | Basic,Beauty,142.58,2,2025-07-02,Marketplace,285.16
ORD-004266,C01389,Jack Khan | United States | Plus,Books & Media,380.64,6,2025-07-31,Retail Store,2283.84
ORD-004267,C00284,Nora Garcia | Canada | Basic,Books,326.74,5,2025-01-27,Website,1633.7
ORD-004268,C01463,Noah Carter | United States | Plus,Office Supply,578.66,1,2026-05-25,Marketplace,578.66
ORD-004269,C02590,Omar Smith | Germany | Plus,Books,107.83,1,2026-05-15,Marketplace,107.83
ORD-004270,C02085,Noah Thomas | Singapore | Premium,Books,609.64,3,2026-03-29,Mobile App,1828.92
ORD-004271,C01664,Mia Khan | United States | Basic,Toys,191.64,1,2026-07-06,Retail Store,191.64
ORD-004272,C01879,James Lewis | UAE | Basic,Home & Kitchen,56.34,5,2025-03-11,Mobile App,281.7
ORD-004273,C02007,Daniel Baker | Germany | Plus,Office Supply,536.68,3,2026-04-20,Marketplace,1610.04
ORD-004274,C02409,Jack Clark | Singapore | Basic,Toys,483.5,5,2026-01-19,Mobile App,2417.5
ORD-004275,C01896,Olivia Lee | Germany | Basic,Sport,420.13,2,2025-04-15,Website,840.26
ORD-004276,C01302,Layla Johnson | Singapore | Basic,Toys,85.18,3,2025-08-07,Marketplace,255.54
ORD-004277,C01136,Yusuf Miller | Canada | Premium,Clothing,391.18,4,2025-01-31,Retail Store,1564.72
ORD-004278,C02463,Isla Smith | France | Premium,Electronics,419.94,4,2025-11-13,Marketplace,1679.76
ORD-004279,C01382,Alex Hall | UAE | Basic,Sports,53.27,1,2025-07-20,Website,53.27
ORD-004280,C01074,Alex Miller | Canada | Plus,Home & Kitchen,625.29,2,2025-06-29,Website,1250.58
ORD-004281,C02615,Henry Nelson | Canada | Premium,Beauty,237.11,5,2026-04-04,Mobile App,1185.55
ORD-004282,C01059,Ava King | France | Plus,Electronics,513.87,3,2025-06-16,Marketplace,1541.61
ORD-004283,C00429,Henry Anderson | UAE | Basic,Office Supplies,349.17,6,2026-03-18,Marketplace,2095.02
ORD-004284,C00640,Jack Carter | Singapore | Basic,Toys,495.35,2,2025-10-04,Mobile App,990.7
ORD-004285,C01794,Nora Clark | United States | Plus,Books,94.4,6,2025-06-07,Website,566.4
ORD-004286,C00758,Ava Wright | Germany | Basic,Beauty,9.77,1,2025-10-27,Retail Store,9.77
ORD-004287,C00172,Olivia Davis | Australia | Plus,Office Supplies,107.98,3,2025-03-05,Website,323.94
ORD-004288,C02967,Ella Taylor | Canada | Premium,Books,37.76,4,2026-02-26,Retail Store,151.04
ORD-004289,C00950,Henry Moore | Singapore | Basic,Office Supplies,42.8,1,2025-09-02,Mobile App,42.8
ORD-004290,C00481,Maya Walker | Singapore | Premium,Clothing,132.87,5,2025-07-03,Website,664.35
ORD-004291,C01534,Amelia Wilson | United Kingdom | Basic,Electronics,34.28,3,2026-02-02,Website,102.84
ORD-004292,C02757,Adam Patel | UAE | Plus,Clothng,170.32,5,2025-12-26,Mobile App,851.6
ORD-004293,C00891,Lucas Martin | France | Plus,Toys,53.88,3,2025-01-28,Website,161.64
ORD-004294,C02775,Amelia Johnson | United States | Plus,Beauty,248.63,5,2026-02-18,Website,1243.15
ORD-004295,C01219,Sara King | United Kingdom | Plus,Electronics ,99.88,4,2025-07-10,Website,399.52
ORD-004296,C01486,Omar King | UAE | Plus,Home and Kitchen,209.92,4,2026-01-21,Retail Store,839.68
ORD-004297,C02418,Amelia Walker | Germany | Plus,BEAUTY,25.14,4,2026-06-20,Retail Store,100.56
ORD-004298,C01449,Omar Smith | Australia | Premium,Sports,443.59,3,2025-08-05,Marketplace,1330.77
ORD-004299,C00730,Adam Walker | Singapore | Plus,Beauty,587.09,1,2025-08-11,Website,587.09
ORD-004300,C02806,Isla Mitchell | Australia | Premium,Electronics ,115.68,4,2025-05-27,Retail Store,462.72
ORD-004301,C01040,Olivia Young | Australia | Basic,Clothng,131.17,5,2026-02-14,Retail Store,655.85
ORD-004302,C01201,Isla Brown | United Kingdom | Plus,Beauty,28.69,4,2026-05-13,Retail Store,114.76
ORD-004303,C02831,Omar Wright | France | Basic,Office Supply,296.77,5,2025-08-07,Website,1483.85
ORD-004304,C00484,Alex Baker | Germany | Basic,Home & Kitchen,28.76,2,2025-12-25,Mobile App,57.52
ORD-004305,C02815,Lina Wilson | Singapore | Basic,beauty ,150.47,5,2025-06-18,Mobile App,752.35
ORD-004306,C00862,Amelia Mitchell | United Kingdom | Plus,Office Supplies,180.82,1,2026-06-21,Website,180.82
ORD-004307,C01629,Yusuf Young | Singapore | Basic,Sport,186.54,3,2026-02-13,Marketplace,559.62
ORD-004308,C01679,Nora Garcia | Germany | Premium,Electronics,602.63,1,2025-06-23,Retail Store,602.63
ORD-004309,C00430,Omar Khan | United Kingdom | Basic,Toys & Games,216.24,3,2025-11-15,Mobile App,648.72
ORD-004310,C01914,Sam Adams | Singapore | Basic,Sports,374.24,5,2025-02-27,Mobile App,1871.2
ORD-004311,C00495,Zoe Taylor | Germany | Basic,Book,483.76,1,2025-02-05,Marketplace,483.76
ORD-004312,C01940,Liam Green | United Kingdom | Basic,Toys,627.61,2,2026-03-14,Marketplace,1255.22
ORD-004313,C01080,Nora Wright | Canada | Basic,Books,36.09,6,2025-09-29,Mobile App,216.54
ORD-004314,C02005,Zoe Hassan | United States | Plus,OFFICE SUPPLIES,404.53,2,2026-03-01,Retail Store,809.06
ORD-004315,C00135,Lucas Green | UAE | Basic,Clothing,273.21,3,2025-06-22,Mobile App,819.63
ORD-004316,C01848,Mia Green | Germany | Plus,beauty ,262.57,3,2025-10-02,Marketplace,787.71
ORD-004317,C01628,Ava Smith | UAE | Premium,Electronics,567.97,3,2025-03-29,Website,1703.91
ORD-004318,C01658,Liam Hassan | United States | Plus,Clothing & Apparel,158.69,6,2025-07-10,Retail Store,952.14
ORD-004319,C01988,Adam Walker | United Kingdom | Premium,Home Kitchen,530.64,1,2026-06-05,Marketplace,530.64
ORD-004320,C00468,Lina Davis | Germany | Basic,Beauty,117.6,6,2026-04-11,Mobile App,705.6
ORD-004321,C02383,Omar Brown | Singapore | Basic,Home & Kitchen,614.11,3,2025-05-30,Mobile App,1842.33
ORD-004322,C02486,Lina Lee | Singapore | Basic,beauty ,358.49,2,2025-03-14,Retail Store,716.98
ORD-004323,C01354,Olivia Walker | United Kingdom | Basic,Office  Supplies,63.17,4,2026-02-19,Marketplace,252.68
ORD-004324,C02784,Ethan Moore | UAE | Basic,Office Supplies,173.49,6,2026-01-08,Mobile App,1040.94
ORD-004325,C01786,Leo Smith | Australia | Basic,Toys,367.06,5,2025-08-29,Marketplace,1835.3
ORD-004326,C00196,Sara Adams | United Kingdom | Basic,Sports & Fitness,310.7,2,2025-08-12,Retail Store,621.4
ORD-004327,C02604,Chloe Nelson | France | Basic,Home & Kitchen,377.77,6,2026-02-03,Retail Store,2266.62
ORD-004328,C02140,Daniel King | Singapore | Plus,Toys,22.66,5,2025-01-23,Retail Store,113.3
ORD-004329,C02412,Sam Green | United Kingdom | Premium,Clothing,40.17,2,2025-02-20,Mobile App,80.34
ORD-004330,C00587,Sam Baker | UAE | Plus,Office  Supplies,403.22,1,2026-02-23,Website,403.22
ORD-004331,C01151,Ryan Mitchell | Singapore | Premium,OFFICE SUPPLIES,107.34,5,2025-02-06,Mobile App,536.7
ORD-004332,C00910,Ava Lewis | Canada | Basic,Office Supples,98.74,3,2025-04-25,Mobile App,296.22
ORD-004333,C01935,Alex Hassan | UAE | Premium,Books,327.99,2,2025-08-22,Mobile App,655.98
ORD-004334,C02585,Jack Miller | Singapore | Premium,Beautyy,459.42,6,2025-10-13,Marketplace,2756.52
ORD-004335,C01066,Emma Lewis | Singapore | Premium,Beauty,483.87,4,2025-05-09,Mobile App,1935.48
ORD-004336,C02986,Yusuf Khan | UAE | Plus,Sprots,376.36,6,2026-06-08,Mobile App,2258.16
ORD-004337,C00579,Emma Green | Canada | Plus,Books,119.21,4,2026-06-12,Website,476.84
ORD-004338,C02528,Sophia Martin | UAE | Plus,Clothes,412.68,1,2026-03-03,Website,412.68
ORD-004339,C02723,Ava Miller | UAE | Basic,electronic,533.62,5,2025-02-01,Website,2668.1
ORD-004340,C01077,Lucas Taylor | United Kingdom | Basic,electronic,260.67,2,2025-07-01,Retail Store,521.34
ORD-004341,C00601,Liam King | Germany | Basic,Books & Media,540.17,3,2025-07-10,Retail Store,1620.51
ORD-004342,C01473,Isla Smith | United Kingdom | Premium,Books,156.93,4,2025-05-18,Retail Store,627.72
ORD-004343,C00736,Yusuf Green | Canada | Basic,BEAUTY,521.8,1,2025-12-23,Mobile App,521.8
ORD-004344,C00599,Daniel Smith | United States | Premium,Clothing,259.59,1,2025-07-12,Mobile App,259.59
ORD-004345,C02322,Lucas Moore | United Kingdom | Plus,Office Supplies,62.33,1,2026-02-09,Marketplace,62.33
ORD-004346,C02877,Ethan Lee | UAE | Premium,Home & Kitchen,263.84,5,2025-10-31,Marketplace,1319.2
ORD-004347,C00436,Sam Lee | United Kingdom | Basic,Sports,281.27,4,2025-01-05,Marketplace,1125.08
ORD-004348,C01902,Sara Young | United Kingdom | Plus,CLOTHING,376.91,6,2026-02-09,Marketplace,2261.46
ORD-004349,C01962,Ava Garcia | France | Premium,HOME & KITCHEN,336.48,1,2025-08-06,Mobile App,336.48
ORD-004350,C02697,Noah Martin | United States | Plus,Electronics,480.91,2,2025-05-02,Website,961.82
ORD-004351,C02201,Maya Walker | Germany | Premium,Boks,602.73,3,2025-02-25,Retail Store,1808.19
ORD-004352,C00891,Lucas Martin | France | Plus,Toys,558.59,6,2025-12-15,Website,3351.54
ORD-004353,C01550,Maya Carter | United Kingdom | Basic,OFFICE SUPPLIES,424.36,4,2026-01-05,Marketplace,1697.44
ORD-004354,C02540,Jack Anderson | UAE | Basic,HOME & KITCHEN,251.07,5,2026-02-27,Retail Store,1255.35
ORD-004355,C01663,Ella Clark | Canada | Premium,Electronic Goods,134.27,2,2025-10-09,Marketplace,268.54
ORD-004356,C02344,Emma Hall | Singapore | Plus,Clothes,158.16,3,2025-01-05,Marketplace,474.48
ORD-004357,C00808,Maya Thomas | UAE | Basic,Boks,397.56,3,2026-03-05,Mobile App,1192.68
ORD-004358,C01761,Lina Ahmed | United Kingdom | Premium,Sports,309.07,4,2025-10-06,Marketplace,1236.28
ORD-004359,C00606,Zoe Patel | France | Premium,Beauty,444.22,2,2025-05-15,Website,888.44
ORD-004360,C02936,Lucas Wilson | United Kingdom | Plus,Office Supplies,67.02,5,2025-01-29,Mobile App,335.1
ORD-004361,C01055,Emma Taylor | France | Premium,Office Supplies,217.38,4,2025-02-02,Mobile App,869.52
ORD-004362,C02421,Lucas Johnson | Canada | Premium,Clothing,366.99,6,2025-01-16,Mobile App,2201.94
ORD-004363,C00964,Ryan Carter | United States | Premium,Beauty,199.24,1,2025-08-01,Marketplace,199.24
ORD-004364,C00359,Sophia Mitchell | Canada | Basic,Sports,477.72,4,2025-10-29,Mobile App,1910.88
ORD-004365,C00269,Sam Brown | Canada | Plus,Office  Supplies,440.36,5,2025-03-08,Retail Store,2201.8
ORD-004366,C00944,Amelia Martin | United Kingdom | Basic,Sports & Fitness,294.21,3,2025-03-29,Marketplace,882.63
ORD-004367,C01067,Sam Martin | Singapore | Plus,Sports,414.69,6,2025-06-20,Marketplace,2488.14
ORD-004368,C01240,Yusuf Garcia | France | Premium,Home & Kitchen,357.35,4,2025-05-25,Mobile App,1429.4
ORD-004369,C00134,Daniel Thomas | Canada | Basic,Toys ,373.48,2,2025-09-18,Marketplace,746.96
ORD-004370,C02258,Zoe Moore | United States | Basic,Electronics,605.79,5,2025-12-21,Retail Store,3028.95
ORD-004371,C00486,Adam Garcia | Australia | Basic,Toys,637.22,6,2026-06-11,Website,3823.32
ORD-004372,C01750,Jack Martin | United Kingdom | Premium,Beauty,391.02,3,2025-07-20,Website,1173.06
ORD-004373,C01239,Olivia Taylor | United States | Basic,Clothing,225.12,4,2025-07-25,Mobile App,900.48
ORD-004374,C02119,Daniel Thomas | UAE | Plus,Toys,273.67,2,2025-10-25,Retail Store,547.34
ORD-004375,C00335,Zoe Mitchell | Germany | Basic,Toys,212.28,1,2025-09-04,Mobile App,212.28
ORD-004376,C01855,Emma Carter | United States | Plus,Electronics,517.19,6,2025-08-31,Retail Store,3103.14
ORD-004377,C01924,Henry Walker | UAE | Plus,Home & Kitchen,174.33,6,2025-01-05,Retail Store,1045.98
ORD-004378,C02481,Noah Wright | Singapore | Basic,Clothng,119.35,1,2026-04-10,Marketplace,119.35
ORD-004379,C00002,Henry Hassan | United Kingdom | Basic,Toy,97.72,4,2026-03-13,Retail Store,390.88
ORD-004380,C00577,Amelia Moore | UAE | Plus,Electronics,283.8,5,2025-07-20,Website,1419.0
ORD-004381,C02523,Isla Hassan | Canada | Premium,Home and Kitchen,362.13,4,2026-04-09,Marketplace,1448.52
ORD-004382,C02825,Chloe Nelson | Canada | Plus,Toy,627.24,4,2025-01-15,Website,2508.96
ORD-004383,C02489,Yusuf Patel | Singapore | Basic,Beautyy,166.05,3,2025-05-04,Retail Store,498.15
ORD-004384,C01372,Ryan Carter | United Kingdom | Basic,Clothing & Apparel,258.78,3,2025-04-16,Retail Store,776.34
ORD-004385,C00460,Sophia Walker | Canada | Basic,Books & Media,550.85,5,2025-10-06,Website,2754.25
ORD-004386,C00929,Maya Lee | UAE | Basic,Office Supplies,313.82,4,2025-10-16,Marketplace,1255.28
ORD-004387,C01803,Sam Taylor | United States | Basic,TOYS,44.39,6,2025-10-29,Website,266.34
ORD-004388,C01057,Sam Walker | United Kingdom | Basic,Beauty,490.92,6,2025-12-28,Retail Store,2945.52
ORD-004389,C00806,Nora Nelson | UAE | Plus,Toy,147.61,1,2025-12-05,Marketplace,147.61
ORD-004390,C00658,Daniel Miller | Singapore | Plus,Beauty,102.96,2,2026-03-14,Retail Store,205.92
ORD-004391,C02097,Mia Mitchell | Australia | Premium,SPORTS,137.72,3,2026-01-03,Marketplace,413.16
ORD-004392,C02530,Ryan Johnson | Canada | Plus,Home & Ktchen,574.21,4,2026-04-23,Retail Store,2296.84
ORD-004393,C01013,Nora Anderson | UAE | Basic,Clothing,459.57,4,2025-06-01,Mobile App,1838.28
ORD-004394,C01369,Liam Wright | United States | Premium,Books,268.99,6,2026-03-08,Retail Store,1613.94
ORD-004395,C00724,Lucas Clark | Canada | Plus,Office Supplies,529.46,4,2026-03-24,Marketplace,2117.84
ORD-004396,C00870,Alex Moore | Germany | Basic,Clothing,230.51,3,2025-07-19,Marketplace,691.53
ORD-004397,C01513,Ethan Johnson | Germany | Basic,Electronics,342.48,5,2025-12-11,Mobile App,1712.4
ORD-004398,C02486,Lina Lee | Singapore | Basic,Books,509.8,2,2025-03-04,Retail Store,1019.6
ORD-004399,C02884,Henry Wilson | UAE | Premium,Beauty,453.7,3,2025-10-11,Website,1361.1
ORD-004400,C01830,Lina Hassan | UAE | Basic,Sport,199.74,5,2025-08-13,Website,998.7
ORD-004401,C01279,Sam King | Australia | Plus,Home & Kitchen,236.37,1,2025-11-14,Website,236.37
ORD-004402,C02375,Mia Ahmed | UAE | Basic,Toys,101.97,4,2025-05-27,Marketplace,407.88
ORD-004403,C02026,Amelia Khan | United Kingdom | Plus,Books,616.9,1,2026-01-14,Mobile App,616.9
ORD-004404,C02744,Henry Khan | United States | Basic,Office Supply,644.74,4,2025-01-21,Mobile App,2578.96
ORD-004405,C01509,James Ahmed | Canada | Plus,Boks,251.88,4,2025-08-26,Website,1007.52
ORD-004406,C01855,Emma Carter | United States | Plus,Office Supplies,321.36,5,2025-03-20,Website,1606.8
ORD-004407,C02388,Omar Garcia | United States | Premium,Electronics,234.71,6,2025-04-11,Marketplace,1408.26
ORD-004408,C00095,Liam Ahmed | Canada | Plus,Office Supplies,187.71,2,2026-02-22,Website,375.42
ORD-004409,C01486,Omar King | UAE | Plus,Electronics,483.23,6,2026-05-27,Website,2899.38
ORD-004410,C02103,Henry Ahmed | France | Plus,Beauty,41.33,2,2025-05-27,Marketplace,82.66
ORD-004411,C00361,Maya Moore | United States | Basic,Sport,122.72,1,2025-12-31,Website,122.72
ORD-004412,C00263,Alex Baker | United States | Plus,Home & Kitchen,587.6,3,2026-04-02,Mobile App,1762.8
ORD-004413,C02527,Layla Baker | Germany | Plus,Electroncs,214.39,3,2025-09-04,Retail Store,643.17
ORD-004414,C02065,Lina Mitchell | Singapore | Plus,Sport,169.7,1,2026-05-22,Marketplace,169.7
ORD-004415,C01967,Mia Taylor | France | Basic,Books,189.45,5,2025-05-20,Retail Store,947.25
ORD-004416,C00950,Henry Moore | Singapore | Basic,Sports,506.62,2,2026-07-12,Marketplace,1013.24
ORD-004417,C02992,James Green | United States | Basic,Toys,597.9,5,2025-08-01,Marketplace,2989.5
ORD-004418,C02300,Ryan Hassan | France | Basic,Sports & Fitness,96.09,5,2025-04-02,Mobile App,480.45
ORD-004419,C00169,Liam Patel | Germany | Basic,Home & Kitchen,268.09,1,2025-09-18,Marketplace,268.09
ORD-004420,C02383,Omar Brown | Singapore | Basic,Electronics,485.69,6,2025-09-06,Marketplace,2914.14
ORD-004421,C00487,James Davis | United States | Plus,Office Supply,575.54,6,2025-07-19,Mobile App,3453.24
ORD-004422,C01167,Chloe Green | Germany | Basic,Sprots,412.58,6,2026-04-10,Website,2475.48
ORD-004423,C02241,Ella Ahmed | France | Premium,BEAUTY,409.42,1,2026-06-29,Mobile App,409.42
ORD-004424,C00377,Leo Lewis | Singapore | Basic,Toy,434.86,4,2025-06-18,Mobile App,1739.44
ORD-004425,C00275,Sophia Hall | UAE | Premium,Toys,435.28,6,2025-04-27,Website,2611.68
ORD-004426,C02710,Lina Johnson | Singapore | Basic,Electronics,106.61,1,2025-08-30,Mobile App,106.61
ORD-004427,C01635,Adam Baker | United States | Plus,Office  Supplies,97.73,6,2025-12-31,Retail Store,586.38
ORD-004428,C02491,Omar Green | United States | Plus,Clothing,279.33,3,2025-10-04,Website,837.99
ORD-004429,C00285,Alex Hall | Germany | Basic,Sports,453.37,4,2026-06-20,Retail Store,1813.48
ORD-004430,C01020,Sam Nelson | United Kingdom | Basic,Toys,433.84,1,2025-08-26,Marketplace,433.84
ORD-004431,C02552,Maya Green | UAE | Basic,Beauty,312.61,1,2025-12-20,Website,312.61
ORD-004432,C01071,Henry Mitchell | Australia | Basic,Clothing,393.97,1,2025-01-25,Mobile App,393.97
ORD-004433,C02549,Ethan Davis | Australia | Plus,Clothing & Apparel,342.37,2,2026-01-21,Mobile App,684.74
ORD-004434,C02519,Daniel Garcia | Germany | Basic,Clothing,510.07,6,2025-04-02,Website,3060.42
ORD-004435,C01569,Amelia Mitchell | United Kingdom | Basic,Office Supplies,598.39,2,2025-07-08,Retail Store,1196.78
ORD-004436,C01573,Liam Green | United Kingdom | Basic,CLOTHING,354.6,3,2025-02-23,Mobile App,1063.8
ORD-004437,C02836,Emma Nelson | France | Basic,Books,342.33,4,2025-06-25,Mobile App,1369.32
ORD-004438,C02283,Sara Khan | United States | Basic,Clothing,220.3,6,2025-07-06,Website,1321.8
ORD-004439,C00301,Jack Baker | Australia | Premium,Electroncs,638.43,1,2026-01-08,Marketplace,638.43
ORD-004440,C01241,Nora King | Singapore | Premium,Books,323.15,3,2025-05-25,Website,969.45
ORD-004441,C01830,Lina Hassan | UAE | Basic,Books,520.56,1,2026-07-17,Retail Store,520.56
ORD-004442,C00058,Alex Thomas | France | Basic,Sport,73.47,2,2026-04-08,Retail Store,146.94
ORD-004443,C01345,Amelia Taylor | United Kingdom | Basic,Electronics,488.23,3,2026-06-27,Mobile App,1464.69
ORD-004444,C02352,Ryan Patel | Singapore | Basic,Home & Kitchen,120.55,2,2025-10-08,Website,241.1
ORD-004445,C02962,Zoe Hall | Canada | Plus,Electronics,91.82,4,2025-03-11,Website,367.28
ORD-004446,C00616,Sam Lewis | United States | Basic,Office Supplies,532.77,3,2026-04-04,Marketplace,1598.31
ORD-004447,C01464,Sam Adams | United Kingdom | Basic,Home & Kitchen,305.18,2,2025-02-27,Retail Store,610.36
ORD-004448,C02488,Alex Thomas | Canada | Basic,Toys & Games,485.95,6,2025-08-01,Website,2915.7
ORD-004449,C00741,Daniel Martin | Australia | Plus,Beauty,256.23,4,2026-03-24,Mobile App,1024.92
ORD-004450,C00484,Alex Baker | Germany | Basic,Beauty,110.54,4,2025-08-01,Mobile App,442.16
ORD-004451,C01241,Nora King | Singapore | Premium,Clothing,230.85,6,2025-07-01,Marketplace,1385.1
ORD-004452,C01630,Noah Davis | United States | Premium,Clothing,380.18,1,2025-06-25,Marketplace,380.18
ORD-004453,C02451,Amelia Hall | France | Basic,electronic,371.68,6,2025-11-01,Website,2230.08
ORD-004454,C01223,Olivia Davis | Canada | Basic,Office Supplies,496.45,2,2026-03-14,Mobile App,992.9
ORD-004455,C01851,Nora Nelson | UAE | Basic,Beauty,608.36,4,2026-06-05,Marketplace,2433.44
ORD-004456,C02226,Liam Thomas | United States | Basic,Toys ,288.25,4,2026-01-02,Marketplace,1153.0
ORD-004457,C02773,Alex King | Australia | Basic,Office Supplies,214.1,1,2026-02-21,Marketplace,214.1
ORD-004458,C00215,Lina Green | Singapore | Basic,Toys,504.86,6,2026-02-28,Marketplace,3029.16
ORD-004459,C01381,Daniel Khan | Australia | Basic,Home & Kitchen,419.45,5,2025-11-17,Mobile App,2097.25
ORD-004460,C01358,Ava Young | Germany | Plus,Toys,206.94,1,2025-06-19,Retail Store,206.94
ORD-004461,C01075,Alex Smith | United States | Basic,Toys ,404.13,4,2025-02-17,Website,1616.52
ORD-004462,C01227,Isla Thomas | Australia | Basic,Toys,452.51,1,2026-02-04,Mobile App,452.51
ORD-004463,C02078,James Lee | Germany | Premium,Beauty,467.55,1,2025-04-15,Retail Store,467.55
ORD-004464,C00583,Nora Johnson | United Kingdom | Plus,Office Supplies,418.2,6,2025-01-29,Mobile App,2509.2
ORD-004465,C00740,Olivia Davis | UAE | Basic,Clothing,499.63,2,2025-08-18,Website,999.26
ORD-004466,C00715,Zoe Carter | UAE | Basic,Books,636.55,4,2025-05-18,Retail Store,2546.2
ORD-004467,C01549,Layla Hassan | United States | Premium,Sports,69.13,6,2025-10-28,Retail Store,414.78
ORD-004468,C01080,Nora Wright | Canada | Basic,Office Supply,438.21,3,2025-05-15,Marketplace,1314.63
ORD-004469,C01130,Leo Green | France | Premium,Clothing & Apparel,391.9,5,2026-07-14,Marketplace,1959.5
ORD-004470,C00916,Henry Garcia | UAE | Plus,Sports,195.94,6,2025-03-10,Retail Store,1175.64
ORD-004471,C02419,Yusuf Mitchell | United Kingdom | Basic,Clothing,600.04,3,2025-12-14,Mobile App,1800.12
ORD-004472,C00547,Ella Lee | Germany | Plus,Office Supply,58.37,3,2025-01-08,Website,175.11
ORD-004473,C00270,Maya Walker | United Kingdom | Plus,Home & Kitchen,491.99,3,2026-04-14,Mobile App,1475.97
ORD-004474,C00260,Olivia Miller | Germany | Plus,Home & Kitchen,279.45,5,2025-08-03,Retail Store,1397.25
ORD-004475,C00105,Lucas King | Australia | Plus,HOME & KITCHEN,209.57,1,2025-01-03,Marketplace,209.57
ORD-004476,C02755,Mia Garcia | Singapore | Basic,Clothes,415.56,4,2025-04-15,Retail Store,1662.24
ORD-004477,C02658,Ethan Martin | UAE | Premium,Books,240.18,6,2026-05-18,Marketplace,1441.08
ORD-004478,C02130,Emma Carter | UAE | Premium,Sports,644.91,6,2026-01-02,Marketplace,3869.46
ORD-004479,C00689,Nora Thomas | France | Basic,Home & Kitchen,112.17,3,2026-06-06,Marketplace,336.51
ORD-004480,C00368,Layla Hassan | Germany | Basic,Beauty,213.45,4,2025-02-06,Retail Store,853.8
ORD-004481,C02242,James Johnson | United Kingdom | Basic,Office Supplies,29.88,3,2026-01-18,Marketplace,89.64
ORD-004482,C00490,Sophia Davis | Singapore | Basic,Clothng,396.99,1,2025-07-29,Retail Store,396.99
ORD-004483,C01515,Olivia Lee | United States | Basic,Office Supples,638.63,1,2026-03-30,Retail Store,638.63
ORD-004484,C02693,Liam Wilson | Canada | Basic,Electronics ,265.74,6,2026-03-10,Marketplace,1594.44
ORD-004485,C00462,Lucas Nelson | Germany | Premium,Sports & Fitness,117.9,1,2026-07-09,Marketplace,117.9
ORD-004486,C02280,Jack Thomas | UAE | Plus,Sports,208.71,5,2026-01-04,Marketplace,1043.55
ORD-004487,C02205,James Davis | United Kingdom | Basic,Beauty,47.07,6,2026-02-24,Mobile App,282.42
ORD-004488,C00559,Amelia Johnson | Australia | Premium,Toys,78.44,6,2026-01-19,Retail Store,470.64
ORD-004489,C02308,Nora Lee | Australia | Premium,Books,577.02,4,2026-06-21,Mobile App,2308.08
ORD-004490,C02038,Zoe Moore | United States | Plus,Toys,116.54,1,2025-08-19,Marketplace,116.54
ORD-004491,C00316,Isla Khan | Germany | Basic,Beauty,497.6,5,2025-09-23,Marketplace,2488.0
ORD-004492,C02402,Ethan Taylor | Singapore | Basic,Toys,618.83,3,2026-04-26,Mobile App,1856.49
ORD-004493,C02884,Henry Wilson | UAE | Premium,Books,368.89,2,2026-03-10,Mobile App,737.78
ORD-004494,C00838,Zoe Hassan | United Kingdom | Plus,Office Supplies,454.03,5,2025-10-03,Website,2270.15
ORD-004495,C00995,Mia Patel | United Kingdom | Basic,OFFICE SUPPLIES,327.47,5,2025-01-03,Website,1637.35
ORD-004496,C02299,Sam Brown | Canada | Plus,Home and Kitchen,449.87,6,2025-03-31,Website,2699.22
ORD-004497,C02953,Chloe Wilson | Canada | Premium,Sports,399.49,4,2025-06-13,Mobile App,1597.96
ORD-004498,C00828,Sophia Smith | Canada | Basic,Home & Kitchen,184.5,2,2026-03-29,Website,369.0
ORD-004499,C02741,Ella Lee | France | Basic,OFFICE SUPPLIES,100.37,1,2026-05-31,Retail Store,100.37
ORD-004500,C02465,Sophia Martin | UAE | Plus,Toys,335.1,6,2025-02-11,Website,2010.6
ORD-004501,C00787,Yusuf Hassan | Australia | Basic,Beauty,541.12,1,2025-05-26,Mobile App,541.12
ORD-004502,C00222,Olivia Walker | United Kingdom | Plus,Books,430.78,3,2025-09-02,Marketplace,1292.34
ORD-004503,C00460,Sophia Walker | Canada | Basic,Office Supplies,70.53,5,2025-09-19,Marketplace,352.65
ORD-004504,C01949,Sara Adams | Singapore | Plus,Home & Ktchen,522.28,1,2025-05-25,Marketplace,522.28
ORD-004505,C02549,Ethan Davis | Australia | Plus,Electronics,127.25,6,2025-10-29,Mobile App,763.5
ORD-004506,C00546,Leo Lewis | France | Basic,Books & Media,35.59,4,2025-05-08,Mobile App,142.36
ORD-004507,C02568,Noah Green | France | Premium,Home & Kitchen,441.81,4,2025-08-03,Marketplace,1767.24
ORD-004508,C00144,Yusuf Ahmed | France | Premium,Sprots,546.96,1,2026-04-30,Mobile App,546.96
ORD-004509,C01361,Isla Ahmed | Australia | Basic,Home & Kitchen,165.51,2,2025-12-22,Website,331.02
ORD-004510,C00953,Liam Brown | Australia | Plus,Toys,37.62,2,2025-12-09,Mobile App,75.24
ORD-004511,C02512,Yusuf Davis | United States | Basic,Office Supply,243.95,5,2025-10-22,Retail Store,1219.75
ORD-004512,C00720,Jack Carter | Singapore | Basic,Home & Kitchen,13.08,4,2025-02-24,Retail Store,52.32
ORD-004513,C00673,Leo Mitchell | France | Basic,Electronics,536.56,1,2025-10-02,Website,536.56
ORD-004514,C01873,Sara Johnson | Canada | Basic,Toys,416.59,6,2025-12-12,Mobile App,2499.54
ORD-004515,C01593,Sophia Taylor | Canada | Plus,BEAUTY,82.2,2,2025-09-09,Marketplace,164.4
ORD-004516,C00180,Olivia Wilson | Canada | Basic,Home & Kitchen,172.16,3,2026-01-22,Marketplace,516.48
ORD-004517,C00111,Lina Wilson | Singapore | Premium,BEAUTY,548.39,1,2026-06-24,Marketplace,548.39
ORD-004518,C02084,Adam Wilson | Australia | Basic,Books,593.1,6,2025-10-12,Retail Store,3558.6
ORD-004519,C00577,Amelia Moore | UAE | Plus,Clothing,430.72,2,2025-02-26,Marketplace,861.44
ORD-004520,C02005,Zoe Hassan | United States | Plus,Books & Media,644.62,3,2025-04-21,Retail Store,1933.86
ORD-004521,C01478,Ella King | Australia | Basic,Toys,384.52,3,2025-09-27,Retail Store,1153.56
ORD-004522,C01334,Sara Wilson | Singapore | Plus,Home & Ktchen,173.65,3,2026-03-07,Marketplace,520.95
ORD-004523,C01987,Amelia Smith | France | Basic,Books,482.46,3,2025-06-13,Marketplace,1447.38
ORD-004524,C00552,Zoe Walker | Singapore | Basic,Toys,563.0,3,2025-08-23,Website,1689.0
ORD-004525,C01025,Noah Lee | United Kingdom | Plus,Sprots,604.02,4,2025-10-28,Mobile App,2416.08
ORD-004526,C00314,Ethan Wilson | Singapore | Premium,Sprots,151.3,1,2026-03-24,Retail Store,151.3
ORD-004527,C01394,Isla Khan | Singapore | Basic,Books,145.42,5,2026-05-12,Retail Store,727.1
ORD-004528,C00543,Leo Patel | United Kingdom | Basic,Office Supples,169.0,3,2025-06-05,Mobile App,507.0
ORD-004529,C01055,Emma Taylor | France | Premium,Home & Kitchen,631.17,3,2025-01-02,Mobile App,1893.51
ORD-004530,C02159,Omar Miller | Australia | Basic,Sports,127.03,1,2026-05-02,Mobile App,127.03
ORD-004531,C00740,Olivia Davis | UAE | Basic,Sprots,594.59,4,2025-02-14,Retail Store,2378.36
ORD-004532,C01219,Sara King | United Kingdom | Plus,Home & Kitchen,146.62,3,2026-05-04,Website,439.86
ORD-004533,C02764,Yusuf Nelson | United States | Premium,ELECTRONICS,111.07,2,2026-07-25,Retail Store,222.14
ORD-004534,C01868,Omar Wilson | Canada | Basic,Sports,109.85,3,2025-01-01,Marketplace,329.55
ORD-004535,C02169,Lina Patel | United Kingdom | Plus,Sprots,242.47,4,2026-07-14,Mobile App,969.88
ORD-004536,C01701,Zoe Johnson | United States | Plus,Sports,346.39,1,2025-10-15,Marketplace,346.39
ORD-004537,C00410,Isla Clark | Canada | Plus,electronic,499.15,3,2026-06-13,Website,1497.45
ORD-004538,C02162,Nora Martin | United States | Basic,HOME & KITCHEN,406.08,5,2025-07-05,Website,2030.4
ORD-004539,C02036,Zoe Taylor | United Kingdom | Basic,Sports,8.83,6,2025-09-19,Mobile App,52.98
ORD-004540,C00822,Sara Carter | UAE | Basic,Clothing,133.09,3,2025-10-18,Retail Store,399.27
ORD-004541,C02918,Layla Carter | Singapore | Plus,Home Kitchen,89.49,4,2025-01-13,Marketplace,357.96
ORD-004542,C00207,Lucas Taylor | UAE | Basic,Sports,185.49,2,2025-07-20,Website,370.98
ORD-004543,C00101,Zoe Mitchell | France | Basic,Home and Kitchen,152.04,4,2026-01-21,Mobile App,608.16
ORD-004544,C00908,Amelia Walker | Singapore | Plus,Beauty,9.94,2,2026-06-13,Retail Store,19.88
ORD-004545,C00700,Yusuf Smith | United States | Basic,Books,161.13,5,2025-01-30,Retail Store,805.65
ORD-004546,C00487,James Davis | United States | Plus,Beauty,242.53,2,2026-07-07,Retail Store,485.06
ORD-004547,C02459,Maya Carter | Singapore | Basic,Home & Kitchen,554.54,3,2026-05-31,Mobile App,1663.62
ORD-004548,C01929,Sam Adams | Singapore | Basic,beauty ,426.06,3,2026-01-04,Mobile App,1278.18
ORD-004549,C00153,Sam Baker | United Kingdom | Basic,Office Supplies,411.32,5,2025-03-20,Marketplace,2056.6
ORD-004550,C00588,Isla Johnson | Australia | Basic,Sports,305.31,5,2026-06-03,Marketplace,1526.55
ORD-004551,C00438,James Mitchell | Canada | Premium,Toys,605.81,1,2026-07-02,Website,605.81
ORD-004552,C00216,Omar Garcia | Germany | Plus,Clothing,490.29,1,2026-04-23,Retail Store,490.29
ORD-004553,C01597,Amelia Thomas | Singapore | Basic,Electronics,150.31,2,2026-02-03,Mobile App,300.62
ORD-004554,C01391,Noah Taylor | Germany | Premium,Office Supplies,639.02,1,2025-01-20,Mobile App,639.02
ORD-004555,C01581,Sam Young | United Kingdom | Basic,Toys & Games,310.42,3,2025-11-16,Mobile App,931.26
ORD-004556,C02399,Henry Walker | Canada | Basic,Office  Supplies,360.03,2,2026-04-07,Website,720.06
ORD-004557,C02840,Lina Mitchell | Australia | Basic,Books & Media,330.63,3,2026-02-02,Mobile App,991.89
ORD-004558,C00195,Isla Green | France | Plus,Beauty,524.67,5,2026-07-03,Mobile App,2623.35
ORD-004559,C00787,Yusuf Hassan | Australia | Basic,Toys,632.09,4,2025-12-05,Website,2528.36
ORD-004560,C00383,Adam Taylor | Australia | Plus,Beauty,607.74,5,2025-07-30,Website,3038.7
ORD-004561,C00216,Omar Garcia | Germany | Plus,Beauty,290.62,2,2026-01-07,Website,581.24
ORD-004562,C01572,Olivia Thomas | UAE | Basic,Office Supply,471.84,5,2025-06-28,Marketplace,2359.2
ORD-004563,C00656,Ella Hassan | Canada | Basic,Beauty,188.27,3,2026-02-07,Marketplace,564.81
ORD-004564,C02884,Henry Wilson | UAE | Premium,Books,529.05,2,2026-03-19,Website,1058.1
ORD-004565,C01217,Amelia Thomas | UAE | Premium,Clothing,619.27,5,2025-02-24,Mobile App,3096.35
ORD-004566,C01577,Alex Martin | UAE | Basic,Clothing,602.08,6,2025-10-16,Mobile App,3612.48
ORD-004567,C00836,Sara Wright | United Kingdom | Basic,Office Supplies,288.27,3,2026-04-08,Retail Store,864.81
ORD-004568,C00515,Zoe Johnson | UAE | Plus,Beauty,317.08,6,2025-03-17,Retail Store,1902.48
ORD-004569,C01246,Maya Garcia | Germany | Plus,Office Supplies,524.55,3,2025-12-10,Mobile App,1573.65
ORD-004570,C00585,Omar Patel | Australia | Basic,Books & Media,452.16,2,2026-01-04,Retail Store,904.32
ORD-004571,C01068,Isla Thomas | France | Plus,Beauty,296.56,5,2025-02-23,Retail Store,1482.8
ORD-004572,C01114,Noah Green | Germany | Basic,Sports,548.46,5,2026-02-12,Website,2742.3
ORD-004573,C02846,Liam Nelson | UAE | Basic,Sports,407.37,5,2025-08-16,Website,2036.85
ORD-004574,C00445,James Mitchell | UAE | Basic,Toys,251.7,3,2025-12-18,Mobile App,755.1
ORD-004575,C02319,Olivia Ahmed | UAE | Plus,Clothing,69.1,1,2025-11-22,Marketplace,69.1
ORD-004576,C00752,Isla Anderson | United States | Plus,Books,22.22,3,2025-09-25,Mobile App,66.66
ORD-004577,C02619,Ava Adams | Germany | Basic,Office Supply,459.66,1,2026-03-02,Website,459.66
ORD-004578,C02176,Mia Carter | UAE | Basic,Sports,488.32,6,2025-12-27,Mobile App,2929.92
ORD-004579,C01750,Jack Martin | United Kingdom | Premium,Books,368.48,6,2026-01-18,Retail Store,2210.88
ORD-004580,C02353,Yusuf Hassan | Germany | Premium,Office Supplies,478.87,3,2025-06-15,Website,1436.61
ORD-004581,C02996,Ryan Ahmed | Canada | Plus,Books,115.17,5,2026-05-04,Marketplace,575.85
ORD-004582,C01654,Alex Clark | Germany | Plus,Books,576.89,4,2026-06-25,Marketplace,2307.56
ORD-004583,C00253,Olivia Patel | France | Plus,Office Supplies,569.05,6,2026-05-08,Mobile App,3414.3
ORD-004584,C01301,Adam Brown | United Kingdom | Basic,Sports,76.24,5,2026-06-27,Website,381.2
ORD-004585,C02226,Liam Thomas | United States | Basic,Toys ,440.97,5,2025-09-25,Marketplace,2204.85
ORD-004586,C00444,Layla Walker | France | Plus,Home & Ktchen,587.67,5,2025-06-12,Marketplace,2938.35
ORD-004587,C01691,Ava Anderson | United States | Basic,Office Supplies,420.31,6,2025-06-08,Retail Store,2521.86
ORD-004588,C01378,Emma Smith | Singapore | Basic,Beauty,20.52,1,2025-01-09,Mobile App,20.52
ORD-004589,C02983,Sara Thomas | Australia | Plus,CLOTHING,255.28,6,2025-11-22,Website,1531.68
ORD-004590,C02292,Maya Clark | Australia | Basic,Office Supplies,242.81,1,2025-07-05,Website,242.81
ORD-004591,C02305,Alex Baker | United Kingdom | Basic,Sports,446.97,2,2025-01-21,Website,893.94
ORD-004592,C01182,Olivia Brown | United States | Premium,BOOKS,515.33,3,2025-04-21,Retail Store,1545.99
ORD-004593,C00646,Ella Lewis | UAE | Basic,Books,143.28,1,2026-05-20,Marketplace,143.28
ORD-004594,C02174,Omar Smith | UAE | Basic,Electronics,150.22,6,2026-06-21,Marketplace,901.32
ORD-004595,C00164,Ava Thomas | Australia | Plus,HOME & KITCHEN,57.37,4,2025-07-14,Website,229.48
ORD-004596,C01018,Sara Baker | France | Premium,Office Supplies,72.61,4,2025-09-28,Retail Store,290.44
ORD-004597,C01880,Leo Khan | United States | Basic,electronic,521.3,4,2025-08-28,Retail Store,2085.2
ORD-004598,C00886,James Lee | UAE | Basic,HOME & KITCHEN,518.07,5,2026-04-04,Marketplace,2590.35
ORD-004599,C02497,Nora Mitchell | Germany | Plus,Beauty,602.76,4,2025-03-28,Website,2486.04
ORD-004600,C00067,Emma Ahmed | Canada | Basic,Toy,531.07,6,2026-04-27,Marketplace,3186.42
ORD-004601,C00212,Yusuf Mitchell | France | Plus,electronic,42.87,4,2026-06-10,Mobile App,171.48
ORD-004602,C00542,Zoe Taylor | United States | Plus,Clothes,510.25,6,2026-01-26,Website,3061.5
ORD-004603,C02229,Noah Baker | France | Basic,Electronics,345.87,1,2025-12-13,Mobile App,345.87
ORD-004604,C01859,Sam Lee | France | Plus,Electronics,540.36,1,2025-04-13,Website,540.36
ORD-004605,C00614,Nora Martin | United Kingdom | Premium,Beauty,116.26,1,2026-02-10,Mobile App,116.26
ORD-004606,C02516,Nora Hassan | United Kingdom | Plus,Electronics,30.47,6,2025-03-20,Website,182.82
ORD-004607,C01552,Henry Carter | United States | Plus,Sports & Fitness,385.3,6,2025-01-06,Retail Store,2311.8
ORD-004608,C01898,Sara Walker | Singapore | Basic,Toy,549.18,4,2025-02-10,Website,2196.72
ORD-004609,C01154,Liam Miller | France | Basic,Books,154.87,4,2025-07-03,Mobile App,619.48
ORD-004610,C00622,Noah Patel | Germany | Premium,Clothing,172.81,4,2025-05-19,Marketplace,691.24
ORD-004611,C02077,Zoe Young | United Kingdom | Basic,Toys,101.21,4,2025-03-06,Retail Store,404.84
ORD-004612,C00081,Mia Wilson | Australia | Plus,BEAUTY,556.07,3,2026-02-04,Marketplace,1668.21
ORD-004613,C01339,Jack Young | France | Basic,Electronics ,184.45,6,2025-06-10,Website,1106.7
ORD-004614,C02123,Omar Anderson | France | Plus,beauty ,416.46,3,2025-02-21,Marketplace,1249.38
ORD-004615,C02849,Jack Hassan | Germany | Premium,Office  Supplies,545.35,5,2025-12-03,Website,2726.75
ORD-004616,C00699,Mia Garcia | United Kingdom | Premium,Books,425.67,3,2025-05-22,Retail Store,1277.01
ORD-004617,C00882,Ryan Thomas | France | Premium,Sprots,153.44,2,2026-04-20,Marketplace,306.88
ORD-004618,C01178,Nora Walker | United States | Basic,Office Supplies,549.68,1,2025-07-18,Mobile App,549.68
ORD-004619,C00010,Ethan Young | Germany | Plus,Beauty,450.96,1,2025-05-14,Website,450.96
ORD-004620,C00963,Lucas Hall | France | Premium,Home Kitchen,296.38,4,2026-04-19,Marketplace,1185.52
ORD-004621,C01259,Emma Khan | United Kingdom | Premium,Beauty,321.81,6,2025-01-12,Retail Store,1930.86
ORD-004622,C00800,Ethan Lee | Singapore | Basic,Electronics,400.8,3,2025-08-24,Website,1202.4
ORD-004623,C02859,Olivia Taylor | Germany | Plus,Toys,494.29,4,2026-03-24,Mobile App,1977.16
ORD-004624,C02326,Lucas Miller | United States | Premium,Toys,616.15,2,2026-03-21,Marketplace,1232.3
ORD-004625,C02499,Sam King | Canada | Premium,HOME & KITCHEN,34.2,6,2026-05-20,Website,205.2
ORD-004626,C01700,Lucas Clark | United Kingdom | Basic,BOOKS,218.01,5,2025-09-21,Marketplace,1090.05
ORD-004627,C02614,Ella Davis | Canada | Plus,Books & Media,228.63,4,2026-04-18,Website,914.52
ORD-004628,C01005,Olivia Smith | France | Basic,Office Supplies,171.12,2,2026-04-22,Mobile App,342.24
ORD-004629,C02604,Chloe Nelson | France | Basic,Beauty,502.07,4,2025-05-30,Mobile App,2008.28
ORD-004630,C01919,Ryan Clark | Singapore | Basic,Toys,172.66,3,2026-07-02,Marketplace,517.98
ORD-004631,C00525,Noah Martin | Canada | Basic,OFFICE SUPPLIES,502.51,5,2025-10-24,Retail Store,2512.55
ORD-004632,C02821,Amelia Martin | Australia | Premium,Books,423.61,3,2025-07-13,Website,1270.83
ORD-004633,C02950,Maya Anderson | United States | Premium,Electronics,553.49,1,2025-08-28,Retail Store,553.49
ORD-004634,C01703,Leo Wilson | France | Plus,Clothing & Apparel,196.32,5,2025-07-26,Mobile App,981.6
ORD-004635,C00881,Nora Lee | Australia | Basic,beauty ,514.73,3,2025-12-07,Mobile App,1544.19
ORD-004636,C00895,Lucas Baker | United Kingdom | Plus,Clothing,527.32,5,2025-05-16,Retail Store,2636.6
ORD-004637,C01495,Ava Wilson | UAE | Basic,Office Supply,396.08,3,2025-06-02,Website,1188.24
ORD-004638,C00906,Noah Martin | Singapore | Basic,Electronics,527.59,2,2026-04-23,Retail Store,1055.18
ORD-004639,C00300,Leo Johnson | Canada | Basic,Home & Ktchen,301.08,6,2025-01-09,Website,1806.48
ORD-004640,C01273,Amelia Martin | Singapore | Basic,Home & Kitchen,236.32,1,2026-06-26,Website,236.32
ORD-004641,C02608,Ava Adams | Australia | Premium,TOYS,51.92,2,2025-09-07,Marketplace,103.84
ORD-004642,C00658,Daniel Miller | Singapore | Plus,Home & Kitchen,304.75,5,2026-02-19,Marketplace,1523.75
ORD-004643,C00160,Alex Walker | Germany | Basic,Home & Kitchen,295.65,5,2026-01-09,Website,1478.25
ORD-004644,C01512,Ella Ahmed | Singapore | Basic,OFFICE SUPPLIES,491.43,5,2025-05-21,Website,2457.15
ORD-004645,C01519,Lina Patel | United Kingdom | Basic,Home & Kitchen,365.16,5,2025-04-05,Website,1825.8
ORD-004646,C00125,Maya Green | Canada | Premium,Books,30.3,1,2026-04-16,Retail Store,30.3
ORD-004647,C00923,Sara Green | United States | Basic,Beauty Products,248.48,6,2026-02-11,Marketplace,1490.88
ORD-004648,C00599,Daniel Smith | United States | Premium,Office Supply,128.74,6,2025-01-09,Mobile App,772.44
ORD-000090,C01568,Sophia Brown | United Kingdom | Basic,Sprots,527.83,4,2026-03-04,Mobile App,2111.32
ORD-004650,C02847,Mia Wright | Canada | Basic,Home & Kitchen,58.36,2,2025-03-04,Retail Store,116.72
ORD-004651,C01392,Lucas Johnson | United Kingdom | Basic,SPORTS,563.0,5,2026-05-03,Website,2815.0
ORD-004652,C01132,James Brown | United States | Plus,Home & Kitchen,284.98,2,2025-10-26,Mobile App,569.96
ORD-004653,C02425,Liam Anderson | Singapore | Basic,Sports,438.14,4,2025-09-21,Retail Store,1752.56
ORD-004654,C00459,Sara Moore | Canada | Basic,Boks,478.9,0,2026-06-03,Website,2394.5
ORD-004655,C01692,Ryan Garcia | United States | Basic,Office Supplies,93.83,6,2026-07-08,Marketplace,562.98
ORD-004656,C01273,Amelia Martin | Singapore | Basic,Electronics,429.39,3,2025-09-23,Mobile App,1288.17
ORD-004657,C02285,Emma Garcia | UAE | Basic,Books,93.33,3,2026-06-05,Retail Store,279.99
ORD-004658,C00664,Yusuf Carter | United States | Premium,Books,301.92,5,2026-07-24,Mobile App,1509.6
ORD-004659,C00767,Sara Khan | Germany | Plus,Books,197.1,6,2025-10-14,Mobile App,1182.6
ORD-004660,C00501,Ella Ahmed | Germany | Basic,Electronics,416.24,3,2026-02-14,Website,1248.72
ORD-004661,C00449,Liam Smith | UAE | Basic,Office Supplies,521.63,3,2026-01-16,Mobile App,1564.89
ORD-004662,C02318,Maya Adams | Australia | Premium,Electroncs,459.48,4,2026-07-14,Retail Store,1837.92
ORD-004663,C01575,Daniel Miller | United States | Basic,beauty ,389.5,4,2025-08-09,Mobile App,1558.0
ORD-004664,C02321,Isla Moore | UAE | Basic,Clothing & Apparel,544.01,6,2025-02-03,Mobile App,3264.06
ORD-004665,C02681,Omar Green | UAE | Basic,Clothing & Apparel,389.69,2,2025-07-07,Marketplace,754.38
ORD-004666,C01640,Leo Taylor | United States | Premium,Sports,436.81,4,2025-08-12,Website,1747.24
ORD-004667,C00720,Jack Carter | Singapore | Basic,Clothing,348.56,3,2026-05-17,Website,1045.68
ORD-004668,C00504,Liam Davis | Singapore | Basic,Sprots,530.58,6,2025-03-06,Retail Store,3183.48
ORD-004669,C01438,Henry Davis | Singapore | Basic,Home & Kitchen,140.01,6,2026-07-25,Mobile App,840.06
ORD-004670,C01685,Sam Wilson | United Kingdom | Basic,BEAUTY,413.55,5,2025-05-08,Marketplace,2067.75
ORD-004671,C00355,Amelia Lee | Singapore | Basic,Clothing,207.62,3,2026-07-21,Retail Store,622.86
ORD-004672,C02244,James Thomas | France | Basic,Office Supplies,155.9,1,2025-08-09,Marketplace,155.9
ORD-004673,C02853,Lucas Thomas | Germany | Basic,HOME & KITCHEN,510.87,3,2025-10-13,Mobile App,1532.61
ORD-004674,C01355,Zoe Clark | Singapore | Plus,Toys,144.3,4,2026-03-11,Marketplace,577.2
ORD-000082,C00816,Lina Hall | Singapore | Basic,SPORTS,60.47,4,2025-06-07,Website,241.88
ORD-004676,C02639,Chloe Johnson | United States | Plus,beauty ,432.15,4,2026-05-03,Marketplace,1728.6
ORD-004677,C00628,Amelia Green | Germany | Basic,Office Supplies,209.56,1,2026-02-11,Retail Store,209.56
ORD-004678,C00561,Mia Taylor | France | Basic,Electroncs,560.9,4,2025-12-29,Website,2243.6
ORD-004679,C01573,Liam Green | United Kingdom | Basic,Toy,447.01,1,2025-05-12,Marketplace,447.01
ORD-004680,C01622,Chloe Johnson | Canada | Basic,Clothing,194.67,3,2026-03-07,Marketplace,584.01
ORD-004681,C02343,Isla Johnson | United States | Plus,Sports,63.49,1,2026-01-26,Marketplace,63.49
ORD-004682,C01279,Sam King | Australia | Plus,Electronics,549.15,6,2025-04-12,Website,3294.9
ORD-004683,C01611,Amelia Patel | Australia | Plus,Electroncs,168.01,4,2025-08-25,Marketplace,672.04
ORD-004684,C00502,Adam Lewis | United Kingdom | Basic,CLOTHING,389.59,2,2025-04-02,Retail Store,779.18
ORD-004685,C01451,Omar Khan | United States | Basic,Toys,582.55,6,2026-03-27,Mobile App,3495.3
ORD-004686,C02541,Yusuf Hassan | United Kingdom | Basic,Office Supplies,194.45,6,2025-10-24,Marketplace,1166.7
ORD-004687,C01110,Mia Baker | Canada | Premium,Boks,26.55,2,2026-04-21,Marketplace,53.1
ORD-004688,C01381,Daniel Khan | Australia | Basic,Office Supples,598.78,4,2025-05-05,Marketplace,2395.12
ORD-004689,C01721,Ella Lewis | UAE | Basic,CLOTHING,142.4,5,2026-02-16,Mobile App,712.0
ORD-004690,C00822,Sara Carter | UAE | Basic,BEAUTY,559.64,2,2025-09-06,Retail Store,1119.28
ORD-004691,C00807,Sam Wilson | Canada | Basic,Electronics,234.42,6,2026-06-02,Retail Store,1406.52
ORD-004692,C01655,Noah Garcia | France | Basic,Electronics,127.54,1,2025-12-11,Website,127.54
ORD-004693,C01870,Nora Miller | United Kingdom | Plus,Toys,609.1,1,2026-01-01,Website,609.1
ORD-004694,C02112,Amelia Moore | Singapore | Premium,Clothing & Apparel,60.11,4,2025-02-18,Retail Store,240.44
ORD-004695,C02101,Noah Ahmed | Singapore | Plus,Toys,141.9,6,2026-01-30,Marketplace,851.4
ORD-004696,C02034,Daniel Clark | France | Basic,BOOKS,463.12,6,2025-03-07,Mobile App,2778.72
ORD-004697,C02755,Mia Garcia | Singapore | Basic,Books,133.11,3,2026-03-23,Marketplace,399.33
ORD-004698,C02109,Zoe Smith | UAE | Premium,Sports,39.68,4,2025-01-06,Website,158.72
ORD-004699,C02262,Emma Garcia | UAE | Basic,Beauty,321.21,5,2026-02-01,Mobile App,1606.05
ORD-004700,C02176,Mia Carter | UAE | Basic,Home & Kitchen,442.47,6,2025-05-29,Retail Store,2654.82
ORD-004701,C00333,Lucas Hassan | United States | Basic,Home & Kitchen,525.86,5,2025-04-19,Retail Store,2629.3
ORD-004702,C02474,Isla Hall | Canada | Premium,Beauty,9.25,3,2026-06-22,Website,102.75
ORD-004703,C01907,Olivia Mitchell | France | Basic,Clothing,12.62,6,2026-06-08,Website,75.72
ORD-004704,C02130,Emma Carter | UAE | Premium,Toys & Games,548.61,6,2025-05-09,Mobile App,3291.66
ORD-004705,C01686,Zoe Brown | UAE | Basic,Beauty,221.96,1,2026-06-15,Mobile App,221.96
ORD-004706,C00689,Nora Thomas | France | Basic,HOME & KITCHEN,567.95,4,2025-12-12,Website,2271.8
ORD-004707,C01997,Ethan Martin | United Kingdom | Basic,Office Supplies,61.11,2,2026-04-17,Marketplace,122.22
ORD-004708,C02333,Sam Baker | UAE | Basic,Sports,95.92,3,2026-05-16,Retail Store,287.76
ORD-004709,C00747,Ethan Miller | Canada | Basic,Clothing,619.45,2,2026-03-10,Marketplace,1238.9
ORD-004710,C00257,Lucas Taylor | United States | Basic,Home & Ktchen,213.41,2,2026-03-11,Marketplace,426.82
ORD-004711,C00452,Olivia Lewis | United Kingdom | Basic,Toys,300.33,1,2026-04-26,Website,300.33
ORD-004712,C01351,Ethan Young | UAE | Basic,Books,273.11,2,2026-07-02,Website,546.22
ORD-004713,C00800,Ethan Lee | Singapore | Basic,Books,22.59,3,2025-07-26,Marketplace,67.77
ORD-004714,C01648,Ryan Walker | Canada | Plus,Electroncs,644.68,3,2026-03-02,Retail Store,1934.04
ORD-004715,C01335,Sara Thomas | Canada | Plus,Office Supplies,197.53,6,2025-11-19,Marketplace,1185.18
ORD-004716,C02904,Mia Anderson | France | Basic,Books,338.57,1,2026-05-16,Mobile App,338.57
ORD-004717,C02519,Daniel Garcia | Germany | Basic,Beauty,582.08,2,2025-11-30,Retail Store,1164.16
ORD-004718,C01930,Ava Clark | Canada | Basic,BOOKS,44.82,3,2025-03-08,Marketplace,134.46
ORD-004719,C00272,Maya Garcia | Canada | Plus,Sports,251.16,6,2025-02-25,Retail Store,1506.96
ORD-004720,C01324,Ryan Hassan | Singapore | Basic,Toy,450.65,4,2025-08-13,Retail Store,1802.6
ORD-004721,C01092,Zoe Brown | United Kingdom | Basic,Books,57.75,4,2025-11-12,Website,231.0
ORD-004722,C00678,Isla Walker | Germany | Plus,Clothing & Apparel,522.56,6,2025-09-12,Marketplace,3135.36
ORD-004723,C00358,Alex Thomas | UAE | Premium,Electronics,538.85,4,2025-05-19,Retail Store,2155.4
ORD-004724,C01727,Amelia Patel | Germany | Plus,Toys,617.39,2,2025-02-13,Retail Store,1234.78
ORD-004725,C02044,Sam Baker | United Kingdom | Basic,ELECTRONICS,157.26,5,2026-01-20,Retail Store,786.3
ORD-004726,C02786,Yusuf Brown | France | Basic,Office Supplies,551.63,3,2025-02-04,Marketplace,1654.89
ORD-004727,C00832,Noah Wilson | United States | Basic,Office  Supplies,503.55,6,2025-04-25,Mobile App,3021.3
ORD-004728,C02887,Ryan Anderson | Germany | Basic,ELECTRONICS,438.79,2,2025-10-09,Website,877.58
ORD-004729,C02549,Ethan Davis | Australia | Plus,Sports,125.19,5,2025-04-27,Retail Store,625.95
ORD-004730,C00812,Adam Brown | Singapore | Plus,BEAUTY,143.17,1,2025-01-12,Retail Store,143.17
ORD-004731,C01628,Ava Smith | UAE | Premium,Toys,458.74,4,2025-04-09,Marketplace,1834.96
ORD-004732,C01946,Daniel Smith | Germany | Basic,Office Supples,407.26,6,2026-06-23,Marketplace,2443.56
ORD-004733,C01433,Adam Smith | Singapore | Basic,Office Supply,306.42,3,2026-05-04,Website,919.26
ORD-004734,C00406,James Martin | Singapore | Basic,BOOKS,301.83,1,2025-10-28,Retail Store,301.83
ORD-004735,C00275,Sophia Hall | UAE | Premium,Electronics ,462.69,5,2025-07-01,Mobile App,2313.45
ORD-004736,C02616,James Anderson | United Kingdom | Basic,Clothing,560.24,5,2025-07-29,Mobile App,2801.2
ORD-004737,C02021,Amelia Brown | Canada | Basic,Toys,355.73,4,2026-06-22,Marketplace,1422.92
ORD-004738,C00599,Daniel Smith | United States | Premium,Electronics,612.78,2,2025-12-05,Website,1225.56
ORD-004739,C02628,Noah Smith | Canada | Plus,Sprots,595.94,3,2025-09-25,Website,1787.82
ORD-004740,C00396,Maya Taylor | UAE | Basic,Books & Media,479.31,1,2026-02-21,Marketplace,479.31
ORD-004741,C00390,Liam Smith | United Kingdom | Basic,Sports,546.66,2,2025-10-17,Marketplace,1093.32
ORD-004742,C01952,Sara Hassan | Canada | Premium,Toys,643.26,6,2026-03-04,Website,3859.56
ORD-004743,C00125,Maya Green | Canada | Premium,Books & Media,444.21,6,2025-06-18,Retail Store,2665.26
ORD-004744,C00221,Ethan Lee | Germany | Basic,Books & Media,342.57,2,2026-03-11,Retail Store,685.14
ORD-004745,C01632,Daniel Hassan | Germany | Plus,Home & Kitchen,295.75,5,2026-05-18,Retail Store,1478.75
ORD-004746,C00624,Layla Miller | Singapore | Basic,HOME & KITCHEN,222.91,2,2025-11-25,Retail Store,445.82
ORD-004747,C00280,Olivia King | Singapore | Basic,Books & Media,228.81,1,2025-07-22,Mobile App,228.81
ORD-004748,C02802,James King | UAE | Premium,Books,377.83,6,2026-01-07,Mobile App,2266.98
ORD-004749,C00272,Maya Garcia | Canada | Plus,BEAUTY,27.99,1,2025-12-06,Website,27.99
ORD-004750,C01278,Emma Davis | United States | Plus,Electronics ,564.97,1,2025-10-14,Website,564.97
ORD-004751,C02775,Amelia Johnson | United States | Plus,Office Supplies,467.78,4,2025-07-07,Mobile App,1871.12
ORD-004752,C02011,Sara Adams | Canada | Plus,Sports,199.57,2,2025-06-02,Marketplace,399.14
ORD-004753,C00257,Lucas Taylor | United States | Basic,BOOKS,87.12,4,2026-06-09,Retail Store,348.48
ORD-004754,C01612,Ava Lee | Germany | Plus,BEAUTY,511.0,4,2026-04-26,Marketplace,2044.0
ORD-004755,C02981,Olivia Walker | UAE | Basic,beauty ,399.23,6,2025-04-11,Website,2395.38
ORD-004756,C00425,Zoe Wilson | Singapore | Premium,Office Supplies,355.72,3,2025-05-17,Website,1067.16
ORD-004757,C02903,Ella Smith | United Kingdom | Basic,CLOTHING,500.06,4,2025-01-21,Retail Store,2000.24
ORD-004758,C02802,James King | UAE | Premium,Toys,99.87,2,2025-03-03,Marketplace,199.74
ORD-004759,C02404,Adam Miller | United Kingdom | Basic,TOYS,585.97,5,2025-11-23,Website,2929.85
ORD-004760,C02500,Isla Khan | Canada | Plus,Toys,66.55,4,2025-12-26,Retail Store,266.2
ORD-004761,C00212,Yusuf Mitchell | France | Plus,Toys,348.85,6,2026-03-20,Retail Store,2093.1
ORD-004762,C00668,Sophia Adams | France | Plus,Sports,454.87,3,2026-04-05,Retail Store,1364.61
ORD-004763,C00396,Maya Taylor | UAE | Basic,Office Supplies,377.08,1,2025-07-19,Website,377.08
ORD-004764,C02018,Maya Khan | Australia | Plus,Toys & Games,8.17,4,2026-05-17,Website,32.68
ORD-004765,C00006,Emma Taylor | Germany | Plus,Beauty,378.49,4,2026-03-11,Mobile App,1513.96
ORD-004766,C01134,Amelia Taylor | Singapore | Plus,Books,332.46,4,2025-10-25,Mobile App,1329.84
ORD-004767,C00001,Maya Taylor | United States | Basic,Electronics,326.81,5,2025-02-10,Retail Store,1634.05
ORD-004768,C01175,Ava Garcia | UAE | Basic,TOYS,543.02,3,2025-11-11,Website,1629.06
ORD-004769,C02698,Omar Moore | United States | Basic,Toys,536.73,6,2025-11-08,Retail Store,3220.38
ORD-004770,C02855,Layla Martin | Germany | Basic,Books,456.46,2,2025-01-08,Mobile App,912.92
ORD-004771,C02957,Sara Hassan | France | Basic,Beauty,559.39,5,2026-02-17,Retail Store,2796.95
ORD-004772,C00105,Lucas King | Australia | Plus,Sports,630.79,3,2026-05-18,Marketplace,1892.37
ORD-004773,C01176,Lucas Davis | Canada | Premium,Clothing,583.83,6,2025-11-29,Mobile App,3502.98
ORD-004774,C00018,Yusuf Brown | France | Plus,Beauty,192.46,4,2025-01-19,Website,769.84
ORD-004775,C00912,Ava Nelson | United States | Premium,Beauty,636.16,3,2026-01-15,Website,1908.48
ORD-004776,C01060,Lina Patel | Australia | Basic,Home & Kitchen,260.15,4,2025-09-02,Marketplace,1040.6
ORD-004777,C02994,Liam Wilson | France | Basic,electronic,245.14,3,2026-03-31,Mobile App,735.42
ORD-004778,C00402,Maya Hall | France | Plus,Books & Media,431.23,2,2026-03-11,Retail Store,862.46
ORD-004779,C00727,Zoe Mitchell | Singapore | Plus,BEAUTY,323.17,3,2026-03-15,Website,969.51
ORD-004780,C00826,Ryan Hall | UAE | Premium,BEAUTY,45.66,5,2025-03-13,Website,228.3
ORD-004781,C00201,Omar Smith | Singapore | Premium,Beauty,503.85,5,2026-06-25,Retail Store,2519.25
ORD-004782,C01118,Henry Taylor | Germany | Basic,Home and Kitchen,384.99,6,2026-02-03,Retail Store,2309.94
ORD-004783,C02471,Lucas Ahmed | UAE | Plus,Sport,151.32,6,2025-07-27,Mobile App,907.92
ORD-004784,C02071,Emma Carter | France | Basic,Sports & Fitness,294.12,5,2026-03-16,Mobile App,1470.6
ORD-004785,C02260,Daniel Martin | Singapore | Premium,Toys,103.65,5,2026-06-10,Website,518.25
ORD-004786,C01833,Chloe Ahmed | UAE | Plus,Sports,286.14,6,2026-07-06,Website,1716.84
ORD-004787,C01552,Henry Carter | United States | Plus,Clothing,167.79,2,2025-02-08,Retail Store,335.58
ORD-004788,C02601,Layla Walker | UAE | Premium,Sports,157.1,4,2026-01-04,Mobile App,628.4
ORD-004789,C00467,Noah Wright | UAE | Basic,Electronics,171.76,5,2026-02-18,Website,858.8
ORD-004790,C02732,Sam Martin | United Kingdom | Basic,Sprots,120.91,3,2025-12-26,Website,362.73
ORD-004791,C02217,Ella Ahmed | Australia | Basic,Toys,106.61,6,2026-03-21,Mobile App,639.66
ORD-004792,C02190,Alex Garcia | Canada | Basic,Home & Ktchen,267.17,4,2026-04-13,Retail Store,1068.68
ORD-004793,C02205,James Davis | United Kingdom | Basic,Toys ,464.96,6,2026-05-09,Website,2789.76
ORD-004794,C02183,Jack Young | UAE | Plus,HOME & KITCHEN,238.08,1,2026-03-25,Marketplace,238.08
ORD-004795,C01763,Jack Brown | Germany | Plus,Sports,145.98,3,2026-05-13,Marketplace,437.94
ORD-004796,C00176,Jack Wright | United Kingdom | Basic,Toys,97.63,3,2025-05-01,Website,292.89
ORD-004797,C02905,Ethan Carter | United States | Plus,Sports,639.67,3,2026-04-29,Retail Store,1919.01
ORD-004798,C00770,Sam Young | France | Premium,Toys,352.23,5,2025-04-24,Retail Store,1761.15
ORD-004799,C01612,Ava Lee | Germany | Plus,Home & Kitchen,200.99,5,2026-02-14,Mobile App,1004.95
ORD-004800,C01493,Ava Wilson | France | Plus,Office Supplies,266.4,4,2025-07-28,Marketplace,1065.6
ORD-004801,C01949,Sara Adams | Singapore | Plus,BEAUTY,457.01,6,2025-11-27,Website,2742.06
ORD-004802,C00047,Ryan Young | United Kingdom | Basic,Office Supplies,461.69,6,2025-08-21,Marketplace,2770.14
ORD-004803,C02150,Emma Johnson | Canada | Basic,Electronics,529.08,5,2026-06-08,Retail Store,2645.4
ORD-004804,C01777,Henry Hall | France | Plus,Beauty Products,421.83,3,2025-11-17,Website,1265.49
ORD-004805,C01339,Jack Young | France | Basic,Home & Ktchen,25.94,5,2026-05-31,Retail Store,129.7
ORD-004806,C00916,Henry Garcia | UAE | Plus,Clothing & Apparel,248.25,4,2025-08-20,Marketplace,993.0
ORD-004807,C01318,Sara Mitchell | Singapore | Plus,Sprots,404.96,3,2026-02-06,Website,1214.88
ORD-004808,C02932,Lina Anderson | United Kingdom | Basic,Electronics,597.35,6,2026-04-01,Retail Store,3584.1
ORD-004809,C00584,Sara Hassan | Australia | Plus,Beauty,283.31,6,2026-01-23,Website,1699.86
ORD-004810,C01327,Alex Patel | Australia | Plus,Sports,14.23,1,2026-05-24,Website,14.23
ORD-004811,C00557,Sophia Garcia | UAE | Plus,Office Supples,45.98,6,2026-05-03,Retail Store,275.88
ORD-004812,C02505,Sophia Taylor | Canada | Basic,Office Supples,288.21,6,2025-09-07,Website,1729.26
ORD-004813,C01308,Lina Johnson | Australia | Plus,Home & Kitchen,567.01,2,2026-01-22,Website,1134.02
ORD-004814,C00480,Isla Lewis | Singapore | Basic,Toys,107.05,1,2025-02-08,Retail Store,107.05
ORD-004815,C01401,Noah Wilson | Australia | Basic,Electronics,400.62,4,2025-03-24,Marketplace,1602.48
ORD-004816,C01499,Sophia Moore | United States | Plus,Clothng,564.31,2,2025-06-10,Mobile App,1128.62
ORD-004817,C01059,Ava King | France | Plus,Books,225.13,4,2025-08-06,Mobile App,900.52
ORD-004818,C00521,Olivia King | France | Premium,Home & Kitchen,640.75,5,2025-11-13,Marketplace,3203.75
ORD-004819,C00344,Leo Thomas | United States | Premium,Sport,376.68,5,2025-03-29,Retail Store,1883.4
ORD-004820,C01647,Alex Patel | France | Basic,Sports,160.72,1,2025-03-23,Marketplace,160.72
ORD-004821,C01778,Ryan Johnson | Canada | Plus,Clothing,316.94,1,2025-12-24,Retail Store,316.94
ORD-004822,C02449,Chloe Taylor | Australia | Basic,Clothing & Apparel,546.87,1,2025-08-02,Retail Store,546.87
ORD-004823,C00459,Sara Moore | Canada | Basic,Home & Ktchen,554.65,5,2025-10-26,Website,2773.25
ORD-004824,C02888,Noah Green | Canada | Premium,Home & Kitchen,638.12,2,2026-01-20,Mobile App,1276.24
ORD-004825,C02173,Nora Moore | Singapore | Basic,Beauty,92.53,3,2026-03-28,Retail Store,277.59
ORD-004826,C00553,Zoe Mitchell | United Kingdom | Premium,Sports,127.71,6,2025-10-21,Website,766.26
ORD-004827,C01478,Ella King | Australia | Basic,Beauty,37.91,3,2026-01-28,Website,113.73
ORD-004828,C02293,Adam Clark | France | Plus,Sports & Fitness,69.15,5,2026-02-23,Website,345.75
ORD-004829,C01076,Chloe Wright | Germany | Basic,Clothing & Apparel,371.96,5,2025-11-30,Marketplace,1859.8
ORD-004830,C02512,Yusuf Davis | United States | Basic,Home & Kitchen,182.48,3,2025-01-16,Mobile App,547.44
ORD-004831,C02227,Nora Moore | Canada | Basic,Toys,302.44,3,2025-07-11,Retail Store,907.32
ORD-004832,C02628,Noah Smith | Canada | Plus,Electroncs,170.37,3,2026-04-14,Marketplace,511.11
ORD-004833,C02169,Lina Patel | United Kingdom | Plus,Office Supplies,252.01,4,2025-08-19,Website,1008.04
ORD-004834,C02977,Omar Lee | Australia | Basic,ELECTRONICS,647.81,4,2025-11-13,Marketplace,2591.24
ORD-004835,C02565,Layla Lee | United Kingdom | Plus,TOYS,14.25,3,2025-04-10,Mobile App,42.75
ORD-004836,C02756,Olivia Walker | United Kingdom | Premium,Sprots,275.45,1,2026-01-19,Retail Store,275.45
ORD-004837,C01773,Liam Anderson | Canada | Premium,ELECTRONICS,26.19,3,2025-12-24,Website,78.57
ORD-004838,C02095,Ryan Walker | United States | Plus,Clothes,301.62,6,2025-12-04,Retail Store,1809.72
ORD-004839,C02203,Olivia Garcia | Germany | Basic,SPORTS,375.61,4,2025-09-12,Website,1502.44
ORD-004840,C02466,Ella Lee | Australia | Basic,Books,304.12,2,2025-02-12,Mobile App,608.24
ORD-004841,C01334,Sara Wilson | Singapore | Plus,Beauty,477.76,5,2026-02-01,Website,2388.8
ORD-004842,C02427,Olivia Hall | UAE | Plus,Home & Kitchen,279.01,4,2025-10-06,Retail Store,1116.04
ORD-004843,C00292,Mia Davis | Australia | Plus,Books,426.61,6,2025-06-22,Website,2559.66
ORD-004844,C00413,Jack Davis | Australia | Premium,Home & Ktchen,39.1,5,2026-03-24,Retail Store,195.5
ORD-004845,C02760,Ryan Martin | Germany | Plus,Beauty,130.95,4,2026-07-20,Website,523.8
ORD-004846,C00898,Jack Miller | Canada | Plus,Sports,163.86,5,2025-09-27,Marketplace,819.3
ORD-004847,C00666,Ella Garcia | UAE | Plus,Sports,140.68,1,2026-01-31,Mobile App,140.68
ORD-004848,C00804,Henry Wilson | United Kingdom | Plus,Beauty,414.25,3,2026-01-09,Retail Store,1242.75
ORD-004849,C01311,Sophia Brown | United States | Basic,Toys ,259.8,5,2026-06-29,Website,1299.0
ORD-004850,C02697,Noah Martin | United States | Plus,Clothng,27.66,1,2026-01-04,Marketplace,27.66
ORD-004851,C02866,Yusuf Lewis | Canada | Plus,Sports,308.91,3,2026-01-17,Website,926.73
ORD-004852,C00380,Ava Davis | France | Basic,Clothing,356.7,6,2025-12-08,Retail Store,2140.2
ORD-004853,C02214,Ava Lee | Germany | Basic,Home & Kitchen,625.19,1,2026-04-10,Marketplace,625.19
ORD-004854,C02537,Omar Garcia | UAE | Basic,Home Kitchen,637.07,5,2025-04-28,Marketplace,3185.35
ORD-004855,C02744,Henry Khan | United States | Basic,HOME & KITCHEN,282.29,3,2025-04-05,Marketplace,846.87
ORD-004856,C01035,Daniel Taylor | France | Basic,Home & Kitchen,9.9,1,2026-02-21,Marketplace,9.9
ORD-004857,C01700,Lucas Clark | United Kingdom | Basic,beauty ,282.62,4,2026-07-21,Marketplace,1130.48
ORD-004858,C01190,Ryan Anderson | Canada | Basic,Clothes,506.9,2,2026-02-13,Mobile App,1013.8
ORD-004859,C02039,Henry Thomas | United States | Plus,Office Supplies,395.89,3,2025-12-27,Website,1187.67
ORD-004860,C00691,Chloe Nelson | Canada | Premium,Sports,157.2,2,2025-04-15,Retail Store,314.4
ORD-004861,C00742,Sara Ahmed | Australia | Plus,Beauty,335.41,3,2025-11-14,Website,1006.23
ORD-004862,C02157,Maya Moore | Germany | Plus,Toys,577.07,4,2026-07-16,Mobile App,2308.28
ORD-004863,C01655,Noah Garcia | France | Basic,Sports & Fitness,611.76,5,2026-01-19,Mobile App,3058.8
ORD-004864,C00823,Nora Carter | Australia | Basic,Home and Kitchen,412.24,1,2025-03-21,Mobile App,412.24
ORD-004865,C01416,Ethan Hall | France | Basic,Toys,615.46,1,2025-01-05,Mobile App,615.46
ORD-004866,C01988,Adam Walker | United Kingdom | Premium,Books,204.57,3,2025-07-16,Retail Store,613.71
ORD-004867,C00700,Yusuf Smith | United States | Basic,Beauty,578.61,5,2025-04-23,Retail Store,2893.05
ORD-004868,C01558,Liam Khan | Singapore | Plus,Home and Kitchen,365.74,4,2025-06-24,Marketplace,1462.96
ORD-004869,C02140,Daniel King | Singapore | Plus,Clothes,643.03,5,2025-10-07,Mobile App,3215.15
ORD-004870,C00493,Noah Smith | UAE | Plus,Sport,454.82,3,2026-05-23,Marketplace,1364.46
ORD-004871,C00062,Ava Smith | United Kingdom | Basic,Office Supplies,25.24,3,2026-04-08,Mobile App,75.72
ORD-004872,C02499,Sam King | Canada | Premium,Office Supplies,277.27,6,2026-05-14,Marketplace,1663.62
ORD-004873,C01669,Noah Thomas | Germany | Basic,Clothing,374.84,5,2025-02-26,Retail Store,1874.2
ORD-004874,C00511,Leo Davis | Singapore | Basic,Sports & Fitness,103.45,3,2025-05-08,Website,285.35
ORD-004875,C02073,Daniel Brown | UAE | Basic,electronic,221.93,3,2025-03-21,Mobile App,665.79
ORD-004876,C01186,Liam Ahmed | Australia | Basic,Home & Kitchen,337.66,2,2026-03-19,Mobile App,675.32
ORD-004877,C01275,Adam Johnson | Australia | Basic,Books,550.35,4,2025-03-31,Retail Store,2201.4
ORD-004878,C00197,Layla Patel | Canada | Basic,Toys,203.0,1,2025-11-30,Mobile App,203.0
ORD-004879,C01006,Sara Thomas | UAE | Basic,Office Supply,549.22,3,2025-01-21,Website,1647.66
ORD-004880,C01473,Isla Smith | United Kingdom | Premium,Toy,287.23,3,2025-04-22,Retail Store,861.69
ORD-004881,C02806,Isla Mitchell | Australia | Premium,Boks,573.6,3,2025-08-22,Mobile App,1720.8
ORD-004882,C01947,Henry Walker | United Kingdom | Basic,TOYS,181.06,5,2025-04-01,Mobile App,905.3
ORD-004883,C01095,Emma Anderson | France | Basic,Home and Kitchen,51.7,5,2025-01-06,Retail Store,258.5
ORD-004884,C00456,James Miller | France | Basic,Clothing,429.61,1,2025-11-03,Marketplace,429.61
ORD-004885,C00417,Ava Ahmed | Canada | Plus,Books,187.25,1,2026-01-03,Marketplace,187.25
ORD-004886,C02180,Lina Baker | Canada | Basic,Sports,254.0,2,2025-02-07,Retail Store,508.0
ORD-004887,C00717,Sam Martin | Germany | Plus,Toys,550.35,1,2026-06-14,Website,550.35
ORD-004888,C02192,Mia Miller | Canada | Basic,Books,340.69,5,2025-03-12,Retail Store,1703.45
ORD-004889,C02216,Jack Thomas | Australia | Plus,Books,465.94,4,2025-07-20,Website,1863.76
ORD-004890,C02436,Jack Brown | France | Premium,Electronics,513.56,1,2026-01-30,Marketplace,513.56
ORD-004891,C01028,Mia Moore | Canada | Basic,Clothing,433.48,1,2026-01-22,Website,433.48
ORD-004892,C01072,Lucas Miller | Canada | Basic,Clothing & Apparel,440.59,1,2025-02-18,Website,440.59
ORD-004893,C02103,Henry Ahmed | France | Plus,Office Supplies,25.83,1,2026-05-20,Retail Store,25.83
ORD-004894,C00980,Olivia Taylor | UAE | Basic,BEAUTY,125.3,4,2025-07-31,Retail Store,501.2
ORD-004895,C00910,Ava Lewis | Canada | Basic,Toy,45.57,3,2025-08-01,Mobile App,136.71
ORD-004896,C02659,Jack Wright | UAE | Plus,TOYS,383.45,3,2025-09-24,Retail Store,1150.35
ORD-004897,C00958,Isla Lee | Germany | Basic,Clothing,113.07,2,2026-01-10,Marketplace,226.14
ORD-004898,C02416,Lina Lewis | France | Basic,Sports,560.83,3,2026-04-25,Mobile App,1682.49
ORD-004899,C01251,Yusuf Ahmed | Germany | Plus,Clothing,430.64,6,2026-03-21,Marketplace,2583.84
ORD-004900,C00595,Noah Anderson | UAE | Basic,Toys,536.9,4,2025-01-27,Retail Store,2147.6
ORD-004901,C00641,Liam Walker | United Kingdom | Basic,Office Supplies,457.67,1,2025-04-02,Marketplace,457.67
ORD-004902,C02682,Liam Taylor | France | Basic,Sports,194.44,4,2025-03-12,Website,777.76
ORD-004903,C02873,Lina Lewis | Canada | Plus,Sports,206.98,4,2025-02-20,Mobile App,827.92
ORD-004904,C02860,Ella Patel | United Kingdom | Basic,Clothng,282.5,2,2025-02-13,Retail Store,565.0
ORD-004905,C00521,Olivia King | France | Premium,Beauty,174.39,5,2026-01-04,Retail Store,871.95
ORD-004906,C02496,Maya Baker | United States | Basic,Sports,212.58,5,2025-11-04,Marketplace,1062.9
ORD-004907,C02304,James Mitchell | United States | Basic,Beauty,419.32,1,2025-10-13,Retail Store,419.32
ORD-004908,C01320,Ava Martin | Germany | Basic,Beauty,293.54,5,2025-12-30,Retail Store,1467.7
ORD-004909,C01501,Leo Green | UAE | Premium,Clothing,551.06,5,2026-06-10,Marketplace,2755.3
ORD-004910,C01785,Sara Adams | United Kingdom | Plus,Sports,322.62,4,2026-03-10,Marketplace,1290.48
ORD-004911,C01860,Sam Garcia | Germany | Basic,Electronics,9.59,6,2025-06-21,Mobile App,57.54
ORD-004912,C02570,Isla Smith | Singapore | Basic,Home & Kitchen,495.91,6,2026-06-13,Retail Store,2975.46
ORD-004913,C01460,Sophia Wright | Canada | Premium,Sport,511.97,6,2025-07-02,Website,3071.82
ORD-004914,C01235,Lucas Hall | United States | Plus,Books & Media,537.26,2,2025-12-10,Marketplace,1074.52
ORD-004915,C02769,Ava Carter | Canada | Plus,Clothing & Apparel,192.89,4,2026-06-03,Mobile App,771.56
ORD-004916,C02534,Ella Moore | United States | Basic,TOYS,368.54,2,2025-05-11,Marketplace,737.08
ORD-004917,C00618,Daniel Miller | Germany | Plus,CLOTHING,30.58,2,2025-07-16,Marketplace,61.16
ORD-004918,C02824,Sophia Young | France | Basic,Sprots,118.57,3,2025-03-07,Marketplace,355.71
ORD-004919,C00259,Sophia Taylor | UAE | Basic,Office Supplies,514.92,3,2026-03-07,Website,1544.76
ORD-004920,C01772,Daniel Miller | France | Plus,beauty ,309.61,3,2026-01-02,Retail Store,928.83
ORD-004921,C01315,Liam Clark | Australia | Basic,TOYS,358.01,1,2025-03-20,Website,358.01
ORD-004922,C00874,Lucas Mitchell | Australia | Premium,Electronics,467.36,1,2025-08-03,Marketplace,467.36
ORD-004923,C01489,Chloe Johnson | UAE | Basic,Home & Kitchen,390.63,4,2025-08-18,Mobile App,1562.52
ORD-004924,C00783,Nora Garcia | United Kingdom | Basic,Beauty,70.93,3,2025-05-10,Mobile App,212.79
ORD-004925,C01677,Sara Miller | Australia | Premium,Sport,485.4,4,2025-05-11,Website,1941.6
ORD-004926,C01209,Sophia Miller | UAE | Plus,Books,75.86,4,2025-02-07,Marketplace,303.44
ORD-004927,C01319,Ethan Lewis | United Kingdom | Premium,Home & Ktchen,321.36,4,2026-03-28,Retail Store,1285.44
ORD-004928,C02255,Daniel Lewis | United Kingdom | Basic,Electronic Goods,443.75,1,2025-12-28,Website,443.75
ORD-004929,C00853,Adam Green | Canada | Plus,Beauty,127.14,3,2025-06-29,Retail Store,381.42
ORD-004930,C00779,Olivia Garcia | United States | Basic,Clothing,273.83,3,2025-02-11,Mobile App,821.49
ORD-004931,C00788,Henry Thomas | United Kingdom | Plus,TOYS,460.91,5,2025-03-30,Website,2304.55
ORD-004932,C01398,Ethan King | United States | Plus,Office Supplies,166.42,4,2025-07-25,Website,665.68
ORD-004933,C01451,Omar Khan | United States | Basic,Books,299.24,2,2026-04-26,Retail Store,598.48
ORD-004934,C02617,Ethan Nelson | Germany | Basic,Beautyy,572.56,1,2025-08-09,Marketplace,572.56
ORD-004935,C01760,Omar Hassan | Singapore | Premium,Books,382.26,6,2025-01-15,Retail Store,2293.56
ORD-004936,C02085,Noah Thomas | Singapore | Premium,Home & Kitchen,15.5,3,2026-03-24,Retail Store,46.5
ORD-004937,C02331,Henry Garcia | France | Premium,Toys,371.29,5,2026-06-22,Website,1856.45
ORD-004938,C02333,Sam Baker | UAE | Basic,Home & Ktchen,372.54,6,2026-04-17,Marketplace,2235.24
ORD-004939,C01593,Sophia Taylor | Canada | Plus,Home & Kitchen,61.13,6,2025-01-09,Website,366.78
ORD-004940,C00582,Yusuf Smith | UAE | Premium,Books,80.15,3,2025-12-01,Retail Store,240.45
ORD-004941,C00892,Lina Adams | Canada | Premium,Office Supplies,137.73,2,2026-04-30,Website,275.46
ORD-004942,C00535,Lucas Young | Singapore | Basic,Toys,329.79,4,2026-06-30,Marketplace,1319.16
ORD-004943,C02210,James Brown | United States | Plus,Books,255.0,1,2025-03-10,Website,255.0
ORD-004944,C02918,Layla Carter | Singapore | Plus,Toys,203.27,1,2025-09-17,Retail Store,203.27
ORD-004945,C00847,Ryan Baker | United States | Basic,Toys & Games,515.36,6,2025-07-25,Website,3092.16
ORD-004946,C00075,Chloe Garcia | United Kingdom | Basic,Clothing,50.16,4,2025-02-16,Mobile App,200.64
ORD-004947,C02787,Olivia Young | Canada | Premium,Electronics ,303.66,2,2026-03-01,Website,607.32
ORD-004948,C02283,Sara Khan | United States | Basic,Clothing,297.5,5,2025-07-13,Marketplace,1487.5
ORD-004949,C02136,Zoe Anderson | Singapore | Basic,Books,128.51,2,2025-09-26,Marketplace,257.02
ORD-004950,C01366,Lina Wilson | United States | Basic,Beauty Products,229.56,2,2026-07-16,Retail Store,459.12
ORD-004951,C00186,James Johnson | Germany | Basic,Toys,493.61,1,2026-06-09,Website,493.61
ORD-004952,C02260,Daniel Martin | Singapore | Premium,Electroncs,427.23,1,2025-04-29,Marketplace,427.23
ORD-004953,C00509,Jack Thomas | Canada | Basic,Books & Media,8.87,3,2025-03-03,Marketplace,26.61
ORD-004954,C00059,Emma Moore | United States | Basic,Home Kitchen,178.56,6,2025-10-07,Mobile App,1071.36
ORD-004955,C02464,Lina Martin | United States | Premium,Toys ,171.12,4,2025-07-07,Mobile App,684.48
ORD-004956,C01688,Emma Ahmed | Germany | Premium,Books,452.17,3,2025-08-13,Mobile App,1356.51
ORD-004957,C01169,Noah King | United States | Premium,Clothing,263.11,6,2025-10-24,Mobile App,1578.66
ORD-004958,C01039,Mia King | France | Plus,Electronics,298.91,1,2025-10-11,Mobile App,298.91
ORD-004959,C01505,Olivia Smith | France | Plus,Sprots,458.41,6,2026-02-14,Marketplace,2750.46
ORD-004960,C02564,Yusuf King | France | Premium,Beauty,330.75,4,2025-07-01,Website,1323.0
ORD-004961,C02329,Nora Martin | United Kingdom | Basic,Home & Kitchen,73.1,5,2025-06-06,Marketplace,365.5
ORD-004962,C01574,Olivia Brown | Singapore | Premium,Toys,575.29,3,2026-07-04,Website,1725.87
ORD-004963,C02480,James Brown | Canada | Basic,Office Supplies,398.13,1,2026-04-25,Website,398.13
ORD-004964,C02488,Alex Thomas | Canada | Basic,Toy,564.41,3,2025-04-14,Marketplace,1693.23
ORD-004965,C02551,Daniel Wilson | France | Basic,Home & Kitchen,424.73,3,2025-08-30,Website,1274.19
ORD-004966,C01802,Sara Smith | UAE | Plus,Electronics,582.74,3,2025-09-02,Retail Store,1748.22
ORD-004967,C02452,Jack Walker | France | Plus,Office Supplies,40.54,4,2025-08-30,Retail Store,162.16
ORD-004968,C01961,James Young | Singapore | Basic,Clothing,501.35,2,2025-07-23,Retail Store,1002.7
ORD-004969,C00354,Sara Smith | France | Premium,Office Supplies,81.3,6,2025-08-24,Mobile App,487.8
ORD-004970,C00931,Chloe Khan | Singapore | Basic,Electronics,223.81,2,2026-01-27,Retail Store,447.62
ORD-004971,C01113,Noah Baker | Canada | Plus,Office Supples,130.12,1,2025-08-30,Website,130.12
ORD-004972,C00412,James Davis | United States | Plus,Clothing,330.78,4,2025-10-25,Marketplace,1323.12
ORD-004973,C00647,Jack Brown | United States | Plus,Beauty,134.39,4,2026-01-12,Marketplace,537.56
ORD-004974,C00870,Alex Moore | Germany | Basic,electronic,26.36,5,2025-07-31,Marketplace,131.8
ORD-004975,C02833,Leo Smith | Singapore | Basic,Home & Kitchen,534.97,3,2025-12-17,Mobile App,1604.91
ORD-004976,C02907,Jack Miller | United States | Plus,Toys,140.6,1,2025-11-10,Retail Store,140.6
ORD-004977,C02892,Sara Hassan | United States | Plus,Sports,603.6,6,2025-11-29,Mobile App,3621.6
ORD-004978,C00753,Lina Baker | Australia | Plus,Beauty,448.86,3,2025-11-13,Marketplace,1346.58
ORD-004979,C02971,Jack Nelson | Singapore | Premium,BEAUTY,294.6,5,2025-08-05,Marketplace,1473.0
ORD-004980,C02442,Ethan Johnson | United States | Plus,Toys,300.53,4,2026-07-17,Mobile App,1202.12
ORD-004981,C02627,Ella Wright | Singapore | Basic,Sports,437.35,1,2026-05-24,Website,437.35
ORD-004982,C02800,Henry Mitchell | United Kingdom | Basic,Toys,192.81,4,2025-05-28,Mobile App,771.24
ORD-004983,C02835,Sara Lee | France | Plus,Home & Kitchen,107.45,1,2025-09-25,Retail Store,107.45
ORD-004984,C02061,Lina Ahmed | Australia | Basic,Sports,579.31,4,2025-01-15,Website,2317.24
ORD-004985,C01638,Emma Carter | France | Basic,Sports,20.95,6,2025-07-14,Marketplace,125.7
ORD-004986,C02340,Chloe Khan | France | Plus,Home & Kitchen,441.68,1,2025-05-09,Retail Store,441.68
ORD-004987,C02479,Ryan Johnson | United Kingdom | Plus,Toys,607.81,4,2025-06-21,Retail Store,2431.24
ORD-004988,C00626,James Smith | United Kingdom | Plus,Home & Kitchen,616.08,4,2025-09-25,Marketplace,2464.32
ORD-004989,C01167,Chloe Green | Germany | Basic,Sports,334.96,4,2026-05-08,Retail Store,1339.84
ORD-004990,C01962,Ava Garcia | France | Premium,Books,557.16,6,2025-07-10,Retail Store,3342.96
ORD-004991,C02441,Daniel Baker | Canada | Basic,Toys & Games,580.81,1,2025-04-02,Mobile App,580.81
ORD-004992,C00845,Liam Patel | Germany | Basic,Sports,505.36,5,2026-07-18,Mobile App,2526.8
ORD-004993,C00388,Yusuf Khan | United Kingdom | Plus,Office Supplies,617.87,6,2026-05-11,Website,3707.22
ORD-004994,C02470,Liam Brown | UAE | Basic,Toys,189.4,5,2025-04-07,Marketplace,947.0
ORD-004995,C00490,Sophia Davis | Singapore | Basic,Books & Media,278.94,3,2025-05-07,Retail Store,836.82
ORD-004996,C00171,Noah Miller | Germany | Premium,Sports,616.94,5,2025-06-03,Retail Store,3084.7
ORD-004997,C00120,Omar Taylor | Australia | Premium,Toys,547.64,2,2026-05-29,Retail Store,1095.28
ORD-004998,C02320,Olivia Adams | Canada | Basic,Clothing & Apparel,204.65,1,2025-03-28,Website,204.65
ORD-004999,C02317,Isla Young | Canada | Basic,Toys,608.64,6,2025-06-23,Mobile App,3651.84
ORD-005000,C00648,Ryan Johnson | Canada | Plus,Clothng,346.63,4,2025-02-17,Marketplace,1386.52
ORD-005001,C00178,Leo Green | United States | Premium,Toys,42.74,2,2025-08-16,Marketplace,85.48
ORD-005002,C01977,Ryan Young | UAE | Plus,Home & Kitchen,95.73,1,2025-08-06,Website,95.73
ORD-005003,C02663,Jack Hassan | Singapore | Basic,beauty ,409.27,5,2026-01-07,Marketplace,2046.35
ORD-005004,C02877,Ethan Lee | UAE | Premium,Home and Kitchen,388.21,2,2025-06-07,Website,776.42
ORD-005005,C01904,Ryan Moore | UAE | Basic,Beauty,514.69,1,2025-09-06,Marketplace,514.69
ORD-000042,C02267,James Ahmed | France | Basic,Beauty,355.06,5,2026-01-03,Website,1775.3
ORD-005007,C00433,Liam Hall | Germany | Basic,HOME & KITCHEN,498.72,6,2026-05-25,Retail Store,2992.32
ORD-005008,C00998,Henry Patel | United Kingdom | Basic,Office Supplies,361.71,4,2026-04-25,Retail Store,1446.84
ORD-005009,C01793,Emma Smith | Singapore | Premium,Beauty,415.37,1,2025-10-28,Mobile App,415.37
ORD-005010,C00534,Adam Davis | Singapore | Plus,TOYS,218.9,4,2025-11-08,Marketplace,875.6
ORD-005011,C02812,Lucas Khan | United Kingdom | Plus,Books & Media,225.18,4,2025-10-05,Mobile App,900.72
ORD-005012,C00097,Sam Wright | Singapore | Basic,Toys,253.01,1,2025-03-08,Marketplace,253.01
ORD-005013,C02769,Ava Carter | Canada | Plus,BOOKS,409.86,5,2026-06-02,Retail Store,2049.3
ORD-005014,C00579,Emma Green | Canada | Plus,Electronics,337.7,5,2025-03-06,Mobile App,1688.5
ORD-005015,C00042,Olivia Mitchell | United Kingdom | Basic,Electronics,599.94,2,2025-08-12,Website,1199.88
ORD-005016,C01187,Adam Thomas | United Kingdom | Basic,Home & Kitchen,82.15,5,2025-03-19,Retail Store,410.75
ORD-005017,C02421,Lucas Johnson | Canada | Premium,Toys,21.09,2,2025-12-12,Website,117.18
ORD-005018,C01862,Lina Clark | United Kingdom | Basic,Books,41.42,3,2025-10-17,Marketplace,124.26
ORD-005019,C00980,Olivia Taylor | UAE | Basic,Beauty,114.21,5,2025-01-07,Mobile App,571.05
ORD-005020,C02893,Isla Young | UAE | Premium,Boks,176.93,6,2025-04-25,Retail Store,1061.58
ORD-005021,C00355,Amelia Lee | Singapore | Basic,Toys,625.3,6,2025-07-03,Marketplace,3751.8
ORD-005022,C00239,Lucas Carter | France | Plus,Clothng,614.31,1,2026-03-15,Mobile App,614.31
ORD-005023,C00544,Sam Lewis | Canada | Basic,Sports,322.33,2,2025-11-24,Retail Store,644.66
ORD-005024,C02917,Liam Khan | UAE | Basic,Books,313.22,2,2025-06-12,Mobile App,626.44
ORD-005025,C01698,Lina Wilson | France | Plus,Clothing,469.28,1,2025-05-12,Marketplace,469.28
ORD-005026,C02188,Ava Adams | United Kingdom | Plus,Sports,523.09,1,2025-08-28,Marketplace,523.09
ORD-005027,C02020,Emma Anderson | France | Basic,HOME & KITCHEN,271.8,1,2025-10-12,Retail Store,271.8
ORD-005028,C01682,Olivia Carter | United States | Basic,BOOKS,536.34,1,2025-06-24,Website,536.34
ORD-005029,C00412,James Davis | United States | Plus,ELECTRONICS,424.41,5,2025-12-13,Marketplace,2122.05
ORD-005030,C02807,Noah Moore | United Kingdom | Plus,Home & Ktchen,243.71,5,2025-03-25,Website,1218.55
ORD-005031,C00218,Ava Brown | UAE | Basic,Home & Kitchen,92.08,1,2026-01-15,Mobile App,92.08
ORD-005032,C01384,Ella Patel | UAE | Plus,Toys,387.98,5,2025-04-10,Marketplace,1939.9
ORD-005033,C00198,Amelia Lee | Canada | Plus,Home & Ktchen,163.2,6,2026-03-16,Mobile App,979.2
ORD-005034,C00335,Zoe Mitchell | Germany | Basic,Toys,261.42,4,2025-05-27,Retail Store,1045.68
ORD-005035,C00390,Liam Smith | United Kingdom | Basic,Toys,305.08,2,2026-07-23,Marketplace,610.16
ORD-005036,C01920,Nora Anderson | Singapore | Plus,Office  Supplies,56.79,5,2025-07-23,Mobile App,283.95
ORD-005037,C01259,Emma Khan | United Kingdom | Premium,Office Supply,487.56,4,2025-12-23,Website,1950.24
ORD-005038,C00052,Maya Lewis | UAE | Basic,Books,643.48,1,2026-07-23,Website,643.48
ORD-005039,C00757,Ella King | Australia | Plus,beauty ,80.58,2,2025-03-22,Marketplace,161.16
ORD-005040,C02094,Daniel Lee | United States | Premium,Beauty,541.42,1,2025-11-05,Mobile App,541.42
ORD-005041,C00086,Yusuf Nelson | United States | Plus,Books & Media,252.8,3,2026-04-21,Marketplace,758.4
ORD-005042,C00601,Liam King | Germany | Basic,Clothing,200.46,2,2025-01-17,Website,400.92
ORD-005043,C00375,Olivia Mitchell | Germany | Basic,Office Supplies,476.77,6,2025-08-20,Mobile App,2860.62
ORD-005044,C01134,Amelia Taylor | Singapore | Plus,Clothing,74.32,3,2026-01-08,Website,222.96
ORD-005045,C02731,Amelia Lee | Singapore | Plus,Home & Kitchen,145.3,1,2026-03-30,Retail Store,145.3
ORD-005046,C01599,Ella Miller | France | Basic,Home & Kitchen,459.08,4,2025-04-19,Retail Store,1836.32
ORD-005047,C02807,Noah Moore | United Kingdom | Plus,Toys,556.71,3,2025-11-15,Mobile App,1670.13
ORD-005048,C02626,Ella Hall | Australia | Basic,Electronics ,321.52,5,2026-06-28,Marketplace,1607.6
ORD-005049,C02144,Maya Hall | Canada | Basic,Home & Kitchen,257.58,5,2026-02-07,Mobile App,1287.9
ORD-005050,C00928,Adam Nelson | Germany | Premium,Books,43.32,3,2026-01-14,Retail Store,129.96
ORD-005051,C00583,Nora Johnson | United Kingdom | Plus,Books,117.45,4,2025-08-16,Retail Store,469.8
ORD-005052,C00803,Chloe Davis | United States | Basic,Toys,632.0,6,2025-03-18,Retail Store,3792.0
ORD-005053,C00032,Liam Taylor | France | Basic,Books,619.25,3,2026-05-04,Mobile App,1857.75
ORD-005054,C00794,Jack Nelson | Australia | Plus,Home & Ktchen,47.68,1,2025-02-27,Retail Store,47.68
ORD-005055,C01735,Layla Carter | France | Premium,Toys,93.71,4,2026-07-13,Marketplace,374.84
ORD-005056,C02273,Amelia Walker | UAE | Premium,SPORTS,611.84,5,2025-02-22,Marketplace,3059.2
ORD-005057,C01972,Ella Lewis | Singapore | Premium,Electronic Goods,453.29,3,2025-04-01,Mobile App,1359.87
ORD-005058,C01707,Adam Anderson | France | Basic,Clothing,254.28,3,2025-10-12,Website,762.84
ORD-005059,C02788,Amelia Taylor | Singapore | Basic,Toys,277.09,4,2025-04-08,Marketplace,1108.36
ORD-005060,C01878,Adam Johnson | Germany | Basic,HOME & KITCHEN,97.67,1,2026-05-22,Website,97.67
ORD-005061,C00429,Henry Anderson | UAE | Basic,Electroncs,345.75,6,2025-07-16,Marketplace,2074.5
ORD-005062,C02334,Ella Walker | United Kingdom | Basic,Toys,526.84,5,2026-02-24,Mobile App,2634.2
ORD-005063,C01481,Mia Clark | United Kingdom | Basic,Clothing,278.01,4,2025-12-24,Website,1112.04
ORD-005064,C02914,Adam Adams | UAE | Basic,Sports,520.28,5,2026-06-10,Marketplace,2601.4
ORD-005065,C02194,Layla Miller | Canada | Plus,ELECTRONICS,49.64,4,2026-03-18,Mobile App,198.56
ORD-005066,C00042,Olivia Mitchell | United Kingdom | Basic,Books,110.98,2,2026-05-23,Marketplace,221.96
ORD-005067,C00889,Mia Brown | UAE | Plus,BEAUTY,451.43,1,2025-01-04,Website,451.43
ORD-005068,C02917,Liam Khan | UAE | Basic,Sports,357.11,5,2025-08-11,Website,1785.55
ORD-005069,C02315,Nora Ahmed | United States | Plus,Electronics,166.38,1,2026-03-07,Marketplace,166.38
ORD-005070,C02270,Isla Baker | United Kingdom | Plus,BOOKS,371.96,6,2025-01-17,Website,2231.76
ORD-005071,C01246,Maya Garcia | Germany | Plus,ELECTRONICS,221.34,4,2025-01-01,Mobile App,885.36
ORD-005072,C01442,Ava Garcia | France | Basic,Office Supplies,439.63,1,2025-02-17,Marketplace,439.63
ORD-005073,C02501,Layla Lee | France | Plus,Electronics,480.03,4,2025-01-08,Marketplace,1920.12
ORD-005074,C01602,Noah Davis | United States | Basic,Sports,507.2,1,2025-04-25,Mobile App,507.2
ORD-005075,C02137,Liam Miller | UAE | Basic,TOYS,492.06,5,2025-07-12,Retail Store,2460.3
ORD-005076,C00546,Leo Lewis | France | Basic,Toys,58.59,4,2025-07-18,Retail Store,234.36
ORD-005077,C01824,Emma Young | UAE | Premium,OFFICE SUPPLIES,596.79,4,2026-04-14,Marketplace,2387.16
ORD-005078,C00759,Ella Wilson | UAE | Basic,Toys & Games,374.07,6,2025-11-03,Mobile App,2244.42
ORD-005079,C02822,Emma Green | France | Basic,Toy,556.59,3,2026-07-08,Retail Store,1669.77
ORD-005080,C02212,Emma Lee | UAE | Basic,Home and Kitchen,69.37,3,2025-05-22,Marketplace,208.11
ORD-005081,C01344,Yusuf Green | UAE | Basic,Beauty Products,30.27,4,2025-02-09,Retail Store,121.08
ORD-005082,C01384,Ella Patel | UAE | Plus,Clothing,112.25,4,2025-10-30,Website,449.0
ORD-005083,C02227,Nora Moore | Canada | Basic,Toys,467.29,5,2025-01-26,Website,2336.45
ORD-005084,C00925,Amelia Adams | Singapore | Basic,HOME & KITCHEN,345.17,2,2025-03-05,Retail Store,690.34
ORD-005085,C01141,Liam Davis | United States | Premium,Home & Kitchen,21.6,2,2025-09-04,Marketplace,43.2
ORD-005086,C02554,Maya Clark | UAE | Premium,Books,119.58,6,2025-03-18,Marketplace,717.48
ORD-005087,C00069,Leo Walker | Australia | Plus,Books,312.53,3,2026-03-24,Mobile App,937.59
ORD-005088,C01466,Sophia Carter | United States | Plus,Office  Supplies,146.06,2,2025-06-16,Retail Store,292.12
ORD-005089,C00931,Chloe Khan | Singapore | Basic,Sports,374.03,6,2025-09-05,Marketplace,2244.18
ORD-005090,C01305,Olivia Brown | Australia | Basic,Books,328.76,6,2025-09-12,Mobile App,1972.56
ORD-005091,C00258,Liam Lewis | Canada | Basic,ELECTRONICS,214.31,5,2026-02-01,Retail Store,1071.55
ORD-005092,C00417,Ava Ahmed | Canada | Plus,Office Supplies,434.95,6,2025-02-28,Retail Store,2609.7
ORD-005093,C02320,Olivia Adams | Canada | Basic,electronic,454.09,1,2026-05-28,Marketplace,454.09
ORD-005094,C01626,Jack Walker | Australia | Basic,Office Supplies,19.83,4,2026-01-17,Website,79.32
ORD-005095,C00380,Ava Davis | France | Basic,Electronics,267.05,3,2025-06-16,Marketplace,801.15
ORD-005096,C01977,Ryan Young | UAE | Plus,Toys,636.7,1,2025-02-04,Mobile App,636.7
ORD-005097,C02158,Sophia Thomas | United Kingdom | Basic,Electronics,633.26,5,2025-12-18,Marketplace,3141.3
ORD-005098,C00096,Adam Nelson | France | Basic,Electronic Goods,198.85,3,2025-03-17,Marketplace,596.55
ORD-005099,C01747,Lucas Ahmed | Canada | Basic,Toy,614.73,1,2026-01-19,Retail Store,614.73
ORD-005100,C00641,Liam Walker | United Kingdom | Basic,Office Supplies,522.75,2,2025-07-11,Website,1045.5
ORD-005101,C00671,Omar Clark | Singapore | Basic,Home & Kitchen,372.6,5,2025-08-06,Website,1863.0
ORD-005102,C01313,Jack Martin | United States | Plus,Sports,485.7,1,2026-05-05,Retail Store,485.7
ORD-005103,C02878,Ryan Hall | Germany | Basic,Electronics ,300.73,6,2025-01-05,Mobile App,1804.38
ORD-005104,C00626,James Smith | United Kingdom | Plus,Books,131.69,5,2025-05-25,Mobile App,658.45
ORD-005105,C02655,Emma Anderson | Australia | Basic,OFFICE SUPPLIES,596.4,4,2026-03-07,Retail Store,2385.6
ORD-005106,C01950,Zoe Patel | UAE | Basic,Boks,563.49,4,2025-11-29,Mobile App,2253.96
ORD-005107,C00763,Jack Anderson | France | Plus,Books,332.19,3,2025-06-09,Retail Store,996.57
ORD-005108,C02661,Ava Khan | Germany | Plus,ELECTRONICS,238.16,4,2025-10-20,Retail Store,952.64
ORD-005109,C01412,Omar Brown | Germany | Basic,Clothes,360.33,4,2026-02-08,Marketplace,1441.32
ORD-005110,C01502,Sophia Davis | Australia | Plus,Home Kitchen,122.82,5,2025-05-21,Retail Store,614.1
ORD-005111,C02326,Lucas Miller | United States | Premium,Sports,445.31,5,2026-01-07,Website,2226.55
ORD-005112,C01633,Amelia Davis | Germany | Plus,Clothing,342.48,6,2025-08-01,Marketplace,2054.88
ORD-005113,C00442,Omar Young | UAE | Premium,Home & Kitchen,348.21,4,2025-09-04,Marketplace,1392.84
ORD-005114,C02569,Nora Khan | France | Basic,Home & Kitchen,587.22,5,2026-05-12,Retail Store,2936.1
ORD-005115,C01232,Alex Smith | Australia | Premium,Office  Supplies,382.84,2,2025-03-21,Website,765.68
ORD-005116,C00792,Jack Johnson | Australia | Premium,Home & Kitchen,555.27,4,2025-07-03,Retail Store,2221.08
ORD-005117,C01993,Mia Hassan | UAE | Premium,Toys ,436.28,4,2026-06-02,Retail Store,1745.12
ORD-005118,C01795,Zoe Taylor | Canada | Basic,Books & Media,618.93,2,2025-12-05,Website,1237.86
ORD-005119,C02723,Ava Miller | UAE | Basic,Clothing,266.71,3,2025-05-28,Website,800.13
ORD-005120,C01660,Alex Baker | Australia | Basic,Sports,219.82,4,2026-06-29,Retail Store,879.28
ORD-005121,C01303,Emma Hall | France | Basic,Home & Kitchen,92.72,1,2025-10-28,Website,92.72
ORD-005122,C02772,Omar Patel | United States | Premium,Sports & Fitness,411.39,2,2026-05-29,Retail Store,822.78
ORD-005123,C02554,Maya Clark | UAE | Premium,Electronics,283.88,6,2026-06-06,Retail Store,1703.28
ORD-005124,C01290,Ava Moore | France | Basic,HOME & KITCHEN,288.08,3,2026-02-24,Website,864.24
ORD-005125,C00420,Ella Clark | France | Basic,Office Supplies,232.33,6,2025-08-31,Retail Store,1393.98
ORD-005126,C01897,Amelia Wilson | UAE | Basic,Electronics,222.59,6,2025-06-18,Mobile App,1335.54
ORD-005127,C01588,Nora Martin | United States | Plus,Books,176.45,2,2026-01-31,Marketplace,352.9
ORD-005128,C01372,Ryan Carter | United Kingdom | Basic,Beautyy,393.7,6,2026-05-13,Retail Store,2362.2
ORD-005129,C00802,Maya Walker | Australia | Plus,Clothing,160.73,5,2025-01-06,Mobile App,803.65
ORD-005130,C00652,Henry Moore | UAE | Plus,Office Supples,145.2,1,2025-03-24,Website,145.2
ORD-005131,C00246,Daniel Lewis | United States | Basic,Beauty,393.49,3,2025-02-22,Website,1180.47
ORD-005132,C02949,Lina Hall | Canada | Basic,Books,209.92,6,2025-12-07,Marketplace,1259.52
ORD-005133,C01830,Lina Hassan | UAE | Basic,Office Supplies,422.04,6,2025-06-03,Mobile App,2532.24
ORD-005134,C00938,Ella Davis | United Kingdom | Basic,Home & Kitchen,461.19,6,2025-03-09,Mobile App,2767.14
ORD-005135,C01704,Isla Nelson | Australia | Plus,Toys,645.14,6,2026-06-14,Mobile App,3870.84
ORD-005136,C01468,Lucas Johnson | Australia | Basic,Electronics,393.27,4,2026-05-25,Mobile App,1573.08
ORD-005137,C00567,Omar Green | France | Plus,OFFICE SUPPLIES,182.82,5,2025-12-09,Retail Store,914.1
ORD-005138,C00581,Liam Wright | Singapore | Basic,Office Supplies,129.29,6,2025-02-24,Mobile App,775.74
ORD-005139,C01063,Emma Miller | Australia | Plus,Books,344.95,5,2025-12-23,Website,1724.75
ORD-005140,C02466,Ella Lee | Australia | Basic,Electronics,376.08,1,2026-04-24,Mobile App,376.08
ORD-005141,C00224,Jack Green | United States | Basic,Toys,194.48,4,2025-12-06,Retail Store,777.92
ORD-005142,C00727,Zoe Mitchell | Singapore | Plus,Books,257.33,3,2025-09-06,Website,771.99
ORD-005143,C00583,Nora Johnson | United Kingdom | Plus,Books & Media,604.31,6,2025-06-26,Retail Store,3625.86
ORD-005144,C01253,Lina Clark | Singapore | Basic,Sport,385.86,1,2025-04-05,Website,385.86
ORD-005145,C00587,Sam Baker | UAE | Plus,Beauty,226.74,1,2025-04-09,Mobile App,226.74
ORD-005146,C02644,Mia Baker | Australia | Basic,Clothing,334.94,4,2025-02-02,Marketplace,1339.76
ORD-005147,C01191,Amelia Taylor | Germany | Premium,Home Kitchen,220.75,6,2025-08-24,Retail Store,1324.5
ORD-005148,C00033,Henry Khan | United Kingdom | Basic,Electronic Goods,327.57,4,2026-01-16,Website,1310.28
ORD-005149,C02517,Maya Patel | Australia | Basic,Electronic Goods,120.52,2,2026-03-18,Website,241.04
ORD-005150,C01949,Sara Adams | Singapore | Plus,Sports,334.84,4,2025-10-21,Mobile App,1339.36
ORD-005151,C00659,Lucas Brown | Canada | Basic,Toys,573.32,3,2025-11-14,Retail Store,1719.96
ORD-005152,C01115,Liam Young | United Kingdom | Premium,Sports,532.45,1,2025-08-02,Mobile App,532.45
ORD-005153,C00895,Lucas Baker | United Kingdom | Plus,Sports,526.67,6,2025-09-21,Mobile App,3160.02
ORD-005154,C01830,Lina Hassan | UAE | Basic,Toys ,159.21,4,2025-12-31,Marketplace,636.84
ORD-005155,C02204,Daniel King | United States | Plus,Beauty,576.4,4,2025-10-12,Marketplace,2305.6
ORD-005156,C02468,Adam Khan | Canada | Basic,Toys,181.9,2,2025-04-06,Mobile App,363.8
ORD-005157,C02787,Olivia Young | Canada | Premium,Home & Kitchen,612.77,3,2026-05-29,Mobile App,1838.31
ORD-005158,C02527,Layla Baker | Germany | Plus,Beautyy,314.09,1,2025-05-03,Marketplace,314.09
ORD-005159,C00455,Lucas Johnson | Singapore | Basic,beauty ,307.78,3,2026-02-27,Retail Store,923.34
ORD-005160,C00240,Olivia Adams | United States | Premium,Office Supplies,459.48,5,2025-07-10,Marketplace,2297.4
ORD-005161,C01039,Mia King | France | Plus,Clothing,216.88,4,2026-03-25,Website,867.52
ORD-005162,C00423,Jack Green | Germany | Plus,SPORTS,526.81,3,2026-03-02,Retail Store,1580.43
ORD-005163,C00864,James Green | United States | Basic,Home and Kitchen,199.28,2,2026-02-01,Marketplace,398.56
ORD-005164,C01300,Lina Hassan | Australia | Basic,TOYS,615.13,5,2026-03-14,Marketplace,3075.65
ORD-005165,C01521,Sam Moore | United States | Basic,Sports & Fitness,521.7,1,2025-01-15,Mobile App,521.7
ORD-005166,C01419,Ryan Hassan | Germany | Plus,Clothing,94.39,4,2025-07-14,Mobile App,377.56
ORD-005167,C02847,Mia Wright | Canada | Basic,Office Supplies,322.89,2,2025-03-14,Mobile App,645.78
ORD-005168,C01593,Sophia Taylor | Canada | Plus,Books,11.8,6,2025-08-29,Retail Store,70.8
ORD-005169,C00666,Ella Garcia | UAE | Plus,Electronics,634.49,4,2025-11-11,Retail Store,2537.96
ORD-005170,C00172,Olivia Davis | Australia | Plus,Toy,379.39,3,2025-01-03,Website,1138.17
ORD-005171,C02307,Lucas Patel | Canada | Plus,Toy,149.25,3,2025-09-03,Marketplace,447.75
ORD-005172,C01696,Amelia Thomas | United States | Plus,Beauty,513.92,3,2025-06-26,Website,1541.76
ORD-005173,C00317,Ethan King | Canada | Plus,Home & Ktchen,310.5,5,2025-02-15,Website,1552.5
ORD-005174,C00165,Maya Wright | United Kingdom | Basic,Beauty,238.12,1,2025-05-15,Mobile App,238.12
ORD-005175,C00175,Adam Miller | Australia | Basic,Sports,253.89,3,2025-02-20,Website,761.67
ORD-005176,C01194,Olivia Miller | France | Basic,Toys,82.37,4,2025-01-16,Website,329.48
ORD-005177,C01172,Chloe Nelson | Singapore | Premium,OFFICE SUPPLIES,176.84,2,2026-04-22,Marketplace,353.68
ORD-005178,C02316,Daniel Wright | Singapore | Basic,Home Kitchen,130.51,4,2025-02-15,Retail Store,522.04
ORD-005179,C01716,Alex Taylor | France | Premium,Clothing,338.32,4,2026-05-30,Marketplace,1353.28
ORD-005180,C01893,Daniel Thomas | United States | Basic,Toys & Games,306.16,2,2025-07-21,Website,612.32
ORD-005181,C01740,Nora Miller | France | Plus,Electronics,41.68,3,2025-11-09,Marketplace,125.04
ORD-005182,C00064,Liam King | Australia | Basic,TOYS,88.87,2,2026-04-20,Website,177.74
ORD-005183,C02830,Ava Hassan | France | Premium,Clothing,595.32,3,2026-03-14,Marketplace,1785.96
ORD-005184,C02604,Chloe Nelson | France | Basic,Clothing,252.67,3,2026-03-02,Retail Store,758.01
ORD-005185,C01913,Lucas Green | United Kingdom | Plus,Toys & Games,477.83,6,2025-09-18,Retail Store,2866.98
ORD-005186,C02516,Nora Hassan | United Kingdom | Plus,Home & Kitchen,331.98,6,2025-01-09,Website,1991.88
ORD-005187,C00021,Jack Anderson | Canada | Plus,ELECTRONICS,143.53,1,2026-03-31,Marketplace,143.53
ORD-005188,C00784,Mia Hall | United Kingdom | Plus,Office Supplies,477.59,4,2025-01-18,Retail Store,1910.36
ORD-005189,C00985,Ethan Miller | Canada | Basic,Beauty,102.12,2,2026-07-10,Mobile App,204.24
ORD-005190,C00915,Yusuf Khan | United Kingdom | Basic,Office Supplies,420.11,2,2025-05-25,Mobile App,840.22
ORD-005191,C02952,Henry Mitchell | France | Basic,Sports,81.78,1,2025-10-10,Website,81.78
ORD-005192,C01929,Sam Adams | Singapore | Basic,Office Supplies,353.81,4,2026-03-08,Retail Store,1415.24
ORD-005193,C00322,Liam Patel | Australia | Basic,Electroncs,30.46,1,2025-12-26,Website,30.46
ORD-005194,C00503,Ethan Anderson | France | Premium,Toys,179.77,6,2025-09-02,Mobile App,1078.62
ORD-005195,C02563,Daniel Garcia | Australia | Basic,Sprots,434.58,5,2025-03-29,Marketplace,2172.9
ORD-005196,C00230,Nora Anderson | UAE | Basic,Beauty,420.08,5,2026-02-03,Mobile App,2100.4
ORD-005197,C00354,Sara Smith | France | Premium,Clothng,414.43,3,2026-06-23,Website,1243.29
ORD-005198,C02657,Sophia Green | Australia | Premium,Electronics,327.64,3,2025-12-13,Retail Store,982.92
ORD-005199,C01346,Layla Thomas | Australia | Basic,HOME & KITCHEN,77.95,2,2025-08-17,Mobile App,155.9
ORD-005200,C00789,Sophia Hall | Germany | Plus,Office Supplies,352.85,6,2025-10-09,Marketplace,2117.1
ORD-005201,C01590,Adam Clark | United Kingdom | Plus,Clothing,134.74,6,,Website,808.44
ORD-005202,C01002,Alex Green | Canada | Plus,Clothing & Apparel,199.18,6,2025-04-22,Marketplace,1195.08
ORD-005203,C00725,Amelia Johnson | Germany | Premium,Sports,482.86,4,2025-11-27,Retail Store,1931.44
ORD-005204,C00189,Sam Nelson | Germany | Plus,Home & Kitchen,167.87,4,2026-05-14,Website,671.48
ORD-005205,C00274,Leo Green | United Kingdom | Basic,Electronics,265.55,2,2025-12-21,Marketplace,531.1
ORD-005206,C02967,Ella Taylor | Canada | Premium,Office Supplies,378.61,4,2025-03-22,Website,1514.44
ORD-005207,C02188,Ava Adams | United Kingdom | Plus,BEAUTY,423.38,2,2026-05-08,Retail Store,846.76
ORD-005208,C01285,Zoe Khan | France | Basic,TOYS,391.63,6,2025-01-01,Retail Store,2349.78
ORD-005209,C02848,Ava Adams | United Kingdom | Basic,Electronics,286.12,5,2026-02-02,Website,1430.6
ORD-005210,C02502,Lucas Wilson | United Kingdom | Plus,Clothing,62.08,1,2026-07-24,Mobile App,62.08
ORD-005211,C02256,Nora King | Germany | Plus,BEAUTY,18.68,6,2026-05-08,Marketplace,112.08
ORD-005212,C02059,Ava Moore | Australia | Basic,Toys,368.64,3,2025-09-01,Website,1105.92
ORD-005213,C02397,Ethan Nelson | Australia | Plus,Office Supplies,451.51,2,2025-07-22,Website,903.02
ORD-005214,C01073,Maya Anderson | United States | Basic,Beauty,269.68,5,2025-04-07,Retail Store,1348.4
ORD-005215,C00492,Alex Wilson | Germany | Premium,Office Supplies,357.97,4,2025-08-12,Marketplace,1431.88
ORD-005216,C01300,Lina Hassan | Australia | Basic,Books & Media,609.07,4,2025-06-23,Mobile App,2436.28
ORD-005217,C00118,Amelia Wright | Singapore | Basic,TOYS,579.88,5,2025-06-06,Marketplace,2899.4
ORD-005218,C01406,Mia Mitchell | Australia | Basic,Sports,521.35,2,2025-12-25,Website,1042.7
ORD-005219,C02720,Maya Carter | United States | Plus,Office Supplies,640.9,6,2025-09-09,Marketplace,3845.4
ORD-005220,C01188,Noah Adams | UAE | Basic,Home Kitchen,333.22,1,2025-12-23,Mobile App,333.22
ORD-005221,C01189,Leo Baker | United States | Basic,Sprots,543.21,5,2025-07-10,Retail Store,2716.05
ORD-005222,C02969,Ryan Patel | United States | Plus,beauty ,332.65,4,2025-08-03,Marketplace,1330.6
ORD-005223,C00193,Nora Hall | UAE | Basic,Office Supplies,409.9,6,2025-07-12,Mobile App,2459.4
ORD-005224,C02056,Ella Green | France | Basic,HOME & KITCHEN,255.58,1,2026-05-01,Website,255.58
ORD-005225,C02012,James Wilson | United Kingdom | Premium,Office Supply,11.85,1,2025-10-19,Website,11.85
ORD-005226,C00715,Zoe Carter | UAE | Basic,Electronics ,567.58,4,2026-03-24,Website,2270.32
ORD-005227,C02041,Adam Davis | Germany | Premium,Books,75.27,3,2025-03-09,Marketplace,225.81
ORD-005228,C02617,Ethan Nelson | Germany | Basic,Electronics,25.66,1,2025-01-16,Website,25.66
ORD-005229,C00933,Amelia Johnson | Germany | Basic,Sports,417.53,6,2025-05-01,Marketplace,2505.18
ORD-005230,C02243,Jack Clark | Germany | Basic,Electronics,58.7,1,2025-09-11,Mobile App,58.7
ORD-005231,C00447,Leo Ahmed | France | Basic,Clothes,562.88,5,2025-03-21,Mobile App,2814.4
ORD-005232,C01910,Ethan Baker | Australia | Basic,Office  Supplies,192.92,3,2026-04-05,Retail Store,578.76
ORD-005233,C01184,Nora Ahmed | Singapore | Premium,Clothing,477.44,5,2025-11-14,Retail Store,2387.2
ORD-005234,C02298,Mia Martin | United Kingdom | Plus,Home & Kitchen,415.66,6,2025-07-20,Mobile App,2493.96
ORD-005235,C01627,Ava Anderson | Singapore | Premium,Clothes,206.4,4,2025-02-15,Website,825.6
ORD-005236,C01194,Olivia Miller | France | Basic,Office Supples,83.76,6,2025-07-09,Website,502.56
ORD-005237,C02093,Liam Green | UAE | Plus,Sports,578.04,5,2026-01-20,Marketplace,2890.2
ORD-005238,C01729,Ella Davis | France | Plus,Home & Kitchen,415.52,5,2026-01-23,Website,2077.6
ORD-005239,C00556,Daniel Hall | UAE | Plus,Toys,403.9,6,2025-05-02,Retail Store,2423.4
ORD-005240,C02989,Lucas Ahmed | Australia | Basic,Beauty Products,566.02,4,2025-01-28,Retail Store,2264.08
ORD-005241,C02851,Omar Garcia | UAE | Premium,Toys,602.66,3,2026-03-11,Marketplace,1807.98
ORD-005242,C02446,Lucas Green | UAE | Plus,Office Supplies,393.3,3,2026-04-21,Retail Store,1179.9
ORD-005243,C01777,Henry Hall | France | Plus,Office Supplies,516.55,6,2026-06-04,Website,3099.3
ORD-005244,C00161,Sam Patel | France | Basic,Office Supplies,531.11,6,2026-06-22,Mobile App,3186.66
ORD-005245,C00788,Henry Thomas | United Kingdom | Plus,Sports & Fitness,545.83,2,2025-08-18,Mobile App,1091.66
ORD-005246,C01143,Daniel Wright | United States | Basic,Office Supples,67.47,6,2025-06-29,Retail Store,404.82
ORD-005247,C02043,Sophia Nelson | Germany | Plus,TOYS,41.04,4,2025-09-09,Marketplace,164.16
ORD-005248,C01072,Lucas Miller | Canada | Basic,Toys,492.76,6,2025-06-09,Website,2956.56
ORD-005249,C01884,Yusuf Hassan | United Kingdom | Plus,Sports,147.47,2,2025-12-07,Retail Store,294.94
ORD-005250,C02788,Amelia Taylor | Singapore | Basic,Beauty Products,345.0,5,2025-01-16,Mobile App,1725.0
ORD-005251,C02926,Maya Thomas | Australia | Plus,Beauty,221.88,3,2026-05-27,Retail Store,665.64
ORD-005252,C02534,Ella Moore | United States | Basic,Sports,352.83,5,2026-05-26,Website,1739.15
ORD-005253,C01797,Olivia Wilson | France | Plus,Home & Ktchen,393.78,6,2025-01-11,Retail Store,2362.68
ORD-005254,C00522,Alex Ahmed | France | Basic,Sport,60.9,6,2025-10-16,Mobile App,365.4
ORD-005255,C01256,Nora Lee | Germany | Premium,Book,538.61,5,2025-11-14,Retail Store,2693.05
ORD-005256,C00013,Ella Johnson | Germany | Basic,Books,321.03,4,2025-04-25,Retail Store,1284.12
ORD-005257,C00649,Lucas Anderson | Canada | Basic,Book,210.66,6,2026-01-22,Mobile App,1263.96
ORD-005258,C01049,Emma Green | Germany | Basic,Sports,558.98,6,2025-09-14,Website,3353.88
ORD-005259,C01711,Ella Brown | United States | Premium,Beautyy,503.75,6,2026-04-12,Mobile App,3022.5
ORD-005260,C01090,Jack Hall | Singapore | Plus,Electronics,112.84,4,2026-05-20,Website,451.36
ORD-005261,C00342,Sam Young | United Kingdom | Basic,Sports,246.63,1,2026-02-12,Retail Store,246.63
ORD-005262,C01839,Ethan Hall | United States | Plus,Electronics,56.73,5,2026-04-22,Website,283.65
ORD-005263,C01904,Ryan Moore | UAE | Basic,Home & Kitchen,467.41,3,2025-06-12,Website,1402.23
ORD-005264,C01952,Sara Hassan | Canada | Premium,HOME & KITCHEN,361.08,5,2025-01-23,Mobile App,1805.4
ORD-005265,C00707,Ethan Baker | France | Basic,Home & Kitchen,381.83,5,2026-02-12,Website,1909.15
ORD-005266,C01283,Ava Clark | France | Plus,Electronics,254.73,3,2025-04-03,Retail Store,764.19
ORD-005267,C00975,Liam Khan | Singapore | Plus,Books,585.19,4,2025-09-20,Website,2340.76
ORD-005268,C01143,Daniel Wright | United States | Basic,TOYS,241.51,3,2025-12-02,Website,724.53
ORD-005269,C00751,Alex Anderson | Singapore | Basic,SPORTS,241.48,3,2025-03-18,Retail Store,724.44
ORD-005270,C01236,Sara Mitchell | Singapore | Plus,Home & Kitchen,268.47,4,2025-01-25,Mobile App,1073.88
ORD-005271,C01565,Ella Johnson | France | Premium,Sports,466.88,4,2026-06-06,Retail Store,1867.52
ORD-005272,C01364,Lucas Mitchell | Singapore | Plus,Electronics,175.78,3,2025-11-30,Mobile App,527.34
ORD-005273,C01299,Lucas Anderson | UAE | Premium,Electronics,63.8,5,2026-01-10,Mobile App,319.0
ORD-005274,C01629,Yusuf Young | Singapore | Basic,Books,425.95,4,2026-03-14,Retail Store,1703.8
ORD-005275,C01989,Lina Brown | France | Basic,Home & Ktchen,177.6,2,2025-11-13,Marketplace,355.2
ORD-005276,C00614,Nora Martin | United Kingdom | Premium,Boks,359.31,3,2026-03-20,Marketplace,1077.93
ORD-005277,C02392,Ella Clark | Canada | Basic,Home and Kitchen,146.33,3,2025-01-26,Website,438.99
ORD-005278,C02739,Adam Green | United States | Basic,Books,479.65,3,2025-03-19,Marketplace,1438.95
ORD-005279,C00161,Sam Patel | France | Basic,Toys ,106.07,5,2025-09-21,Retail Store,530.35
ORD-005280,C01491,Adam Anderson | United Kingdom | Premium,Home Kitchen,100.52,2,2026-04-12,Website,201.04
ORD-005281,C00202,Emma Ahmed | France | Basic,Electronics,381.98,6,2025-06-27,Retail Store,2291.88
ORD-005282,C01148,Zoe Hall | United Kingdom | Premium,Sprots,493.45,3,2025-01-27,Website,1480.35
ORD-005283,C02359,Adam Wright | France | Plus,Beautyy,38.79,3,2025-04-08,Retail Store,116.37
ORD-005284,C00866,Yusuf Young | Canada | Plus,Sports,612.81,6,2025-09-07,Retail Store,3676.86
ORD-005285,C00521,Olivia King | France | Premium,Clothing,93.66,2,2026-07-20,Retail Store,187.32
ORD-005286,C01480,Yusuf Taylor | France | Basic,Office Supples,78.9,1,2025-06-22,Marketplace,78.9
ORD-005287,C02351,Isla Hassan | Singapore | Basic,Home & Kitchen,592.25,6,2025-08-05,Website,3553.5
ORD-005288,C00109,Yusuf Walker | United Kingdom | Basic,Toys,494.61,2,2025-04-26,Mobile App,989.22
ORD-005289,C02686,Henry Martin | Singapore | Plus,Beauty,273.78,1,2025-04-02,Retail Store,273.78
ORD-005290,C01844,Adam Young | Singapore | Basic,Toys,375.71,6,2025-01-09,Retail Store,2254.26
ORD-005291,C02541,Yusuf Hassan | United Kingdom | Basic,Home & Kitchen,401.31,2,2025-06-02,Mobile App,802.62
ORD-005292,C00936,Lucas Ahmed | UAE | Basic,Clothing,477.59,2,2026-01-06,Mobile App,955.18
ORD-005293,C00338,Alex Adams | Germany | Basic,Clothing,115.16,4,2026-07-11,Retail Store,460.64
ORD-005294,C02948,Sophia Miller | France | Premium,Beauty Products,456.0,3,2025-01-23,Marketplace,1368.0
ORD-005295,C02944,Sara Garcia | Canada | Plus,electronic,178.7,1,2026-04-03,Retail Store,178.7
ORD-005296,C00369,Ava Mitchell | France | Basic,Toys,435.53,5,2026-07-06,Mobile App,2177.65
ORD-005297,C00318,Yusuf Clark | Australia | Basic,Beauty,-359.2,4,2025-04-10,Retail Store,1436.8
ORD-005298,C00798,Sam Taylor | United States | Premium,Toys,10.01,4,2026-06-20,Retail Store,40.04
ORD-005299,C02632,Layla Nelson | Germany | Basic,Book,624.75,6,2026-03-26,Mobile App,3748.5
ORD-005300,C00580,Maya Anderson | UAE | Basic,Beauty,623.02,2,2025-09-16,Mobile App,1246.04
ORD-005301,C01773,Liam Anderson | Canada | Premium,Sports,473.34,5,2026-02-07,Website,2366.7
ORD-005302,C00650,Adam Adams | United States | Premium,Clothing,227.46,3,2025-05-20,Retail Store,682.38
ORD-005303,C02218,Zoe Anderson | Canada | Plus,Books,12.27,5,2025-09-22,Retail Store,61.35
ORD-005304,C01160,Alex Mitchell | United Kingdom | Plus,Home & Kitchen,145.53,3,2025-10-03,Website,436.59
ORD-005305,C00015,Mia Lewis | UAE | Plus,Clothing,436.52,3,2025-02-04,Retail Store,1309.56
ORD-005306,C02832,Ryan Young | Canada | Plus,Clothing,146.88,3,2025-09-10,Mobile App,440.64
ORD-005307,C01099,Liam Clark | Australia | Premium,BOOKS,352.91,6,2025-08-26,Marketplace,2117.46
ORD-005308,C02978,Maya Davis | United States | Plus,Clothing,244.61,5,2025-01-06,Retail Store,1223.05
ORD-005309,C01978,Liam Smith | United States | Plus,Clothng,324.96,3,2026-07-11,Website,974.88
ORD-005310,C01320,Ava Martin | Germany | Basic,Office Supplies,279.61,4,2025-12-21,Website,1118.44
ORD-005311,C00425,Zoe Wilson | Singapore | Premium,Toys ,24.38,2,2025-07-19,Retail Store,48.76
ORD-005312,C01817,Olivia Anderson | United States | Plus,Home & Kitchen,359.55,3,2026-05-03,Mobile App,1078.65
ORD-005313,C01155,Amelia Young | Canada | Plus,Books,283.55,2,2025-12-23,Mobile App,567.1
ORD-005314,C02126,Chloe Green | France | Plus,Sports,360.58,4,2025-02-22,Website,1442.32
ORD-005315,C02084,Adam Wilson | Australia | Basic,Beauty,419.58,4,2025-01-05,Mobile App,1678.32
ORD-005316,C00701,Sam Lewis | Singapore | Premium,electronic,236.5,2,2025-04-28,Website,473.0
ORD-005317,C02650,Layla Clark | France | Basic,Books & Media,415.62,2,2025-09-23,Retail Store,831.24
ORD-005318,C02314,Yusuf Anderson | Singapore | Plus,Home & Kitchen,108.25,6,2025-05-14,Website,649.5
ORD-005319,C00687,Sophia Adams | United States | Premium,Clothing,518.46,1,2025-06-21,Mobile App,518.46
ORD-005320,C01963,Sophia Nelson | United Kingdom | Basic,BEAUTY,375.12,4,2026-06-09,Mobile App,1500.48
ORD-005321,C01364,Lucas Mitchell | Singapore | Plus,Boks,284.55,2,2025-02-04,Mobile App,569.1
ORD-005322,C00730,Adam Walker | Singapore | Plus,Beauty,10.35,5,2026-04-25,Retail Store,51.75
ORD-005323,C02629,Leo Garcia | United Kingdom | Plus,Electronics,503.64,4,2025-04-17,Retail Store,2014.56
ORD-005324,C00434,Maya Patel | UAE | Plus,Clothing,355.8,4,2025-06-01,Marketplace,1423.2
ORD-005325,C01562,Ella Anderson | France | Basic,Electronics,519.06,5,2026-01-14,Mobile App,2595.3
ORD-005326,C02764,Yusuf Nelson | United States | Premium,Electronics,615.35,1,2025-03-28,Mobile App,615.35
ORD-005327,C00575,Isla Green | United States | Plus,Toys ,21.34,1,2026-04-13,Marketplace,21.34
ORD-005328,C02367,Leo Davis | Germany | Plus,Boks,508.17,1,2025-04-23,Marketplace,508.17
ORD-005329,C02387,Sophia Wilson | Germany | Plus,Electronics,542.59,3,2026-05-28,Retail Store,1627.77
ORD-005330,C01017,James Carter | Germany | Basic,Office Supplies,401.78,3,2025-01-22,Website,1205.34
ORD-005331,C00598,Sara Anderson | Singapore | Plus,Clothing,332.69,4,2026-06-18,Mobile App,1330.76
ORD-005332,C01103,Olivia Smith | Singapore | Premium,Sport,605.83,5,2026-03-29,Retail Store,3029.15
ORD-005333,C02576,Ryan Hall | Germany | Basic,Office Supplies,635.77,3,2025-07-08,Marketplace,1907.31
ORD-005334,C02758,Daniel Hassan | France | Basic,CLOTHING,513.56,1,2025-11-06,Retail Store,513.56
ORD-005335,C02751,Olivia Green | United States | Plus,Office Supplies,640.29,4,2025-03-27,Website,2561.16
ORD-005336,C00952,Noah Taylor | United States | Basic,Clothing,530.99,4,2025-12-24,Mobile App,2123.96
ORD-005337,C00469,Mia Garcia | United Kingdom | Basic,Office Supplies,14.57,3,2025-12-13,Website,43.71
ORD-005338,C01528,Daniel Taylor | Singapore | Basic,Clothing,605.62,6,2026-03-21,Retail Store,3633.72
ORD-005339,C01015,Layla Lee | UAE | Plus,HOME & KITCHEN,182.32,6,2025-08-15,Retail Store,1093.92
ORD-005340,C00232,Emma Brown | Germany | Basic,Toys,202.76,3,2025-04-29,Website,608.28
ORD-005341,C02855,Layla Martin | Germany | Basic,Clothes,463.33,5,2025-04-28,Mobile App,2316.65
ORD-005342,C02971,Jack Nelson | Singapore | Premium,Toys,223.25,5,2026-05-03,Mobile App,1116.25
ORD-005343,C00954,Jack Patel | Germany | Plus,Toy,203.77,4,2025-05-03,Marketplace,815.08
ORD-005344,C00914,Noah Smith | United Kingdom | Premium,Home & Kitchen,586.57,4,2025-01-24,Website,2346.28
ORD-005345,C02867,Yusuf Miller | UAE | Basic,Home & Kitchen,579.7,1,2025-04-21,Website,579.7
ORD-005346,C01679,Nora Garcia | Germany | Premium,Sports,183.35,2,2025-10-05,Mobile App,366.7
ORD-005347,C00651,Sara Adams | UAE | Basic,Toys,627.72,3,2025-11-18,Website,1883.16
ORD-005348,C02729,Jack Ahmed | Canada | Premium,Home and Kitchen,329.13,4,2025-12-05,Marketplace,1316.52
ORD-005349,C00267,Sara Wilson | France | Premium,Office Supplies,190.61,3,2025-09-02,Retail Store,571.83
ORD-005350,C02373,Lina Baker | Singapore | Premium,ELECTRONICS,180.79,2,2025-09-20,Mobile App,361.58
ORD-005351,C00118,Amelia Wright | Singapore | Basic,Book,344.5,1,2025-03-13,Website,344.5
ORD-005352,C00024,Lucas Johnson | Australia | Basic,Toys,401.5,4,2025-04-06,Mobile App,1606.0
ORD-005353,C00771,Zoe Nelson | Australia | Plus,Sports,386.0,4,2025-06-22,Retail Store,1544.0
ORD-005354,C01577,Alex Martin | UAE | Basic,Books,160.19,6,2025-02-19,Retail Store,961.14
ORD-005355,C01422,Omar Garcia | Germany | Plus,Electronics,371.72,5,2026-03-17,Marketplace,1858.6
ORD-005356,C00085,Amelia King | Germany | Plus,Home & Kitchen,78.34,4,2025-04-18,Retail Store,313.36
ORD-005357,C02556,Chloe Ahmed | France | Basic,Toys,524.39,1,2025-11-30,Mobile App,524.39
ORD-005358,C00105,Lucas King | Australia | Plus,Toys,327.97,6,2025-10-06,Marketplace,1967.82
ORD-005359,C02829,Nora Davis | France | Basic,Clothing & Apparel,389.11,2,2025-03-29,Marketplace,778.22
ORD-005360,C02994,Liam Wilson | France | Basic,Toys,220.98,6,2025-09-09,Marketplace,1325.88
ORD-005361,C01894,Mia Green | Singapore | Plus,Home Kitchen,339.81,4,2026-06-11,Website,1359.24
ORD-005362,C00030,Olivia Adams | Australia | Plus,Office Supply,483.89,6,2026-01-20,Mobile App,2903.34
ORD-005363,C00721,Jack Clark | Canada | Basic,Electronics,33.08,4,2025-08-12,Website,132.32
ORD-005364,C02010,Alex Moore | Singapore | Plus,Home & Kitchen,90.11,4,2025-06-26,Marketplace,360.44
ORD-005365,C01374,Liam Brown | Germany | Plus,Home & Kitchen,468.0,6,2025-04-30,Mobile App,2808.0
ORD-005366,C01802,Sara Smith | UAE | Plus,Office Supplies,-554.45,3,2026-07-13,Website,1663.35
ORD-005367,C01843,Ethan Walker | Canada | Basic,Books,257.45,3,2026-03-22,Website,772.35
ORD-005368,C00251,Nora Mitchell | France | Plus,BOOKS,524.38,2,2025-12-20,Retail Store,1048.76
ORD-005369,C01685,Sam Wilson | United Kingdom | Basic,Clothing,225.06,2,2025-11-02,Marketplace,450.12
ORD-005370,C02233,Lina Moore | United States | Basic,Books & Media,372.55,4,2025-12-28,Website,1490.2
ORD-005371,C02438,Ava Lee | Singapore | Basic,Toys,556.04,5,2025-01-19,Website,2780.2
ORD-005372,C02701,Lucas Johnson | United Kingdom | Plus,Books,622.27,5,2025-12-09,Marketplace,3111.35
ORD-005373,C02642,Noah Adams | Australia | Plus,Books,279.14,5,2026-01-19,Mobile App,1395.7
ORD-005374,C00449,Liam Smith | UAE | Basic,Toys,587.85,5,2026-04-13,Mobile App,2939.25
ORD-005375,C02385,Noah Garcia | United States | Plus,Electronics,258.32,4,2026-02-16,Retail Store,1033.28
ORD-005376,C01461,Ryan Wright | United Kingdom | Basic,BEAUTY,198.65,6,2025-01-15,Mobile App,1191.9
ORD-005377,C00426,Liam Khan | Singapore | Basic,Clothing,324.79,5,2026-02-19,Marketplace,1623.95
ORD-005378,C02284,Leo Davis | Germany | Premium,Home & Kitchen,185.76,2,2025-03-01,Retail Store,371.52
ORD-005379,C01793,Emma Smith | Singapore | Premium,Sports,34.88,3,2026-03-08,Website,104.64
ORD-005380,C00422,Nora Baker | Germany | Premium,beauty ,84.45,4,2026-03-05,Retail Store,337.8
ORD-005381,C00702,Emma Clark | UAE | Plus,SPORTS,422.64,5,2026-01-02,Mobile App,2113.2
ORD-005382,C01719,Lucas Garcia | Canada | Plus,Electronics,623.13,6,2025-06-27,Retail Store,3738.78
ORD-005383,C01407,Olivia Nelson | Canada | Basic,Clothing,89.21,2,2026-03-22,Website,178.42
ORD-005384,C00778,Daniel Davis | United Kingdom | Basic,Clothes,610.01,3,2026-04-09,Website,1830.03
ORD-005385,C00337,Maya Patel | France | Basic,Beauty,505.21,6,2025-05-16,Website,3031.26
ORD-005386,C00212,Yusuf Mitchell | France | Plus,Beauty,150.62,6,2025-10-10,Retail Store,903.72
ORD-005387,C01930,Ava Clark | Canada | Basic,Books,67.83,4,2026-01-17,Mobile App,271.32
ORD-005388,C00953,Liam Brown | Australia | Plus,Home Kitchen,266.82,3,2026-06-04,Mobile App,800.46
ORD-005389,C01327,Alex Patel | Australia | Plus,Toys,364.44,6,2026-04-17,Marketplace,2186.64
ORD-005390,C00792,Jack Johnson | Australia | Premium,Home Kitchen,356.33,3,2025-08-31,Mobile App,1068.99
ORD-005391,C01552,Henry Carter | United States | Plus,Books,228.92,1,2026-03-01,Marketplace,228.92
ORD-005392,C01491,Adam Anderson | United Kingdom | Premium,Office Supples,254.22,4,2025-08-03,Website,1016.88
ORD-005393,C00850,Olivia Wilson | Canada | Basic,Beauty,494.62,4,2026-07-20,Website,1978.48
ORD-005394,C01911,Sophia Carter | Singapore | Basic,Electronics,566.05,2,2025-03-27,Marketplace,1132.1
ORD-005395,C01378,Emma Smith | Singapore | Basic,Office Supplies,63.79,6,2025-05-18,Marketplace,382.74
ORD-005396,C00412,James Davis | United States | Plus,Beauty,129.85,5,2025-07-19,Marketplace,649.25
ORD-005397,C00063,Noah Taylor | France | Plus,Home & Kitchen,54.01,6,2025-11-08,Marketplace,324.06
ORD-005398,C02857,Olivia Wilson | France | Basic,Clothes,582.86,4,2026-02-02,Retail Store,2331.44
ORD-005399,C00617,Mia Thomas | Germany | Plus,Clothing,542.89,4,2025-04-15,Retail Store,2171.56
ORD-005400,C00504,Liam Davis | Singapore | Basic,Beauty,634.05,3,2026-05-07,Marketplace,1902.15
ORD-005401,C00501,Ella Ahmed | Germany | Basic,Office Supplies,636.82,3,2025-06-26,Mobile App,1910.46
ORD-005402,C00024,Lucas Johnson | Australia | Basic,Electronics ,195.46,2,2025-07-02,Mobile App,390.92
ORD-005403,C00947,Maya Davis | Canada | Basic,Office Supplies,207.39,4,2025-08-11,Mobile App,829.56
ORD-005404,C02842,James Davis | UAE | Basic,Clothng,407.5,5,2026-04-08,Mobile App,2037.5
ORD-005405,C00269,Sam Brown | Canada | Plus,Home & Kitchen,623.38,2,2025-06-15,Retail Store,1246.76
ORD-005406,C00036,Noah Khan | United States | Premium,Sports & Fitness,529.11,4,2026-03-16,Marketplace,2116.44
ORD-005407,C00515,Zoe Johnson | UAE | Plus,electronic,456.22,6,2025-04-30,Website,2737.32
ORD-005408,C02043,Sophia Nelson | Germany | Plus,Sports,33.28,1,2025-04-28,Website,33.28
ORD-005409,C02790,Nora Thomas | United States | Basic,Books,534.81,1,2025-07-10,Website,534.81
ORD-005410,C01276,Jack Davis | Canada | Plus,CLOTHING,351.14,4,2026-02-15,Marketplace,1404.56
ORD-005411,C00365,Zoe Patel | United States | Premium,Electronics,237.72,5,2026-04-29,Mobile App,1188.6
ORD-005412,C00555,Ava Wright | Singapore | Basic,Office Supples,155.34,5,2025-07-07,Website,776.7
ORD-005413,C00683,Leo Ahmed | United States | Plus,Clothing & Apparel,205.07,2,2026-06-26,Website,410.14
ORD-005414,C02015,Sophia Wilson | Australia | Basic,Toys,464.23,6,2026-01-01,Retail Store,2785.38
ORD-005415,C01938,Noah Lee | Australia | Plus,Toys,374.87,2,2025-06-18,Website,749.74
ORD-005416,C01050,James Patel | Canada | Basic,Toys,114.28,1,2025-10-30,Marketplace,114.28
ORD-005417,C02801,Lucas Patel | Canada | Basic,Sports,381.41,3,2025-03-09,Website,1144.23
ORD-005418,C01664,Mia Khan | United States | Basic,Electroncs,443.78,3,2026-04-22,Website,1331.34
ORD-005419,C02286,James Adams | United Kingdom | Plus,Beauty,420.57,2,2025-09-30,Marketplace,841.14
ORD-005420,C02599,Leo Miller | United States | Basic,Books,519.27,6,2026-07-03,Marketplace,3115.62
ORD-005421,C02152,Sophia Baker | Canada | Basic,Clothing & Apparel,507.56,4,2025-11-14,Marketplace,2030.24
ORD-005422,C01346,Layla Thomas | Australia | Basic,Home and Kitchen,83.35,2,2026-01-12,Retail Store,166.7
ORD-005423,C00576,Adam Miller | Germany | Plus,Home & Kitchen,468.75,4,2026-05-07,Website,1875.0
ORD-005424,C00899,Noah Patel | Canada | Basic,Sports & Fitness,180.86,1,2026-07-02,Mobile App,180.86
ORD-005425,C01806,Mia Walker | Australia | Plus,Toys & Games,262.29,6,2025-05-16,Mobile App,1573.74
ORD-005426,C02463,Isla Smith | France | Premium,Clothing,482.81,3,2025-05-31,Marketplace,1448.43
ORD-005427,C02968,Nora Carter | France | Plus,Home & Ktchen,118.52,4,2025-01-11,Retail Store,474.08
ORD-005428,C01920,Nora Anderson | Singapore | Plus,Office Supply,147.4,6,2026-04-17,Website,884.4
ORD-005429,C00988,Ethan Clark | United Kingdom | Premium,Sports,261.37,5,2025-02-22,Retail Store,1306.85
ORD-005430,C01408,Nora Brown | Canada | Premium,Sports,63.53,5,2025-07-14,Mobile App,317.65
ORD-005431,C02118,Ryan Hassan | Australia | Plus,Home & Kitchen,142.92,6,2025-11-25,Website,857.52
ORD-005432,C01813,James Nelson | Australia | Plus,Sport,349.45,3,2025-11-26,Marketplace,1048.35
ORD-005433,C00045,Emma Wilson | Canada | Basic,Clothing,83.94,5,2025-04-07,Website,419.7
ORD-005434,C01086,Leo Lee | UAE | Plus,Toys,221.88,5,2026-02-21,Mobile App,1109.4
ORD-005435,C00293,Amelia Green | Germany | Basic,Office  Supplies,491.65,6,2025-06-15,Retail Store,2949.9
ORD-005436,C02931,Lucas Moore | UAE | Plus,Beauty,539.62,5,2025-11-09,Marketplace,2698.1
ORD-005437,C01486,Omar King | UAE | Plus,TOYS,61.01,3,2025-10-02,Retail Store,183.03
ORD-005438,C01405,Henry Davis | United States | Basic,Sport,197.71,1,2026-01-30,Mobile App,197.71
ORD-005439,C01000,Emma Young | United States | Basic,Books,221.87,3,2025-01-04,Website,665.61
ORD-005440,C00513,Olivia Khan | France | Basic,Beauty,633.37,5,2026-06-18,Marketplace,3166.85
ORD-005441,C02294,James Hall | UAE | Plus,Home & Kitchen,631.95,2,2026-01-02,Mobile App,1263.9
ORD-005442,C00230,Nora Anderson | UAE | Basic,Sports,458.15,5,2025-07-09,Mobile App,2290.75
ORD-005443,C02918,Layla Carter | Singapore | Plus,Electronics,570.95,3,2026-05-27,Retail Store,1712.85
ORD-005444,C01670,Amelia Martin | Germany | Basic,Office Supplies,266.98,6,2026-06-28,Mobile App,1601.88
ORD-005445,C02854,Sophia Davis | UAE | Premium,Beauty,462.06,4,2026-04-05,Marketplace,1848.24
ORD-005446,C00248,Jack Green | France | Premium,Electroncs,614.69,5,2026-05-08,Retail Store,3073.45
ORD-005447,C00907,Lucas King | France | Basic,Clothes,380.37,3,2026-02-24,Mobile App,1141.11
ORD-005448,C01497,Emma Wright | Singapore | Plus,Clothing,81.55,6,2025-04-03,Mobile App,489.3
ORD-005449,C01492,Alex Thomas | United Kingdom | Premium,Clothng,83.42,1,2025-12-13,Mobile App,83.42
ORD-005450,C01035,Daniel Taylor | France | Basic,Sports,257.33,3,2025-08-16,Retail Store,771.99
ORD-005451,C00253,Olivia Patel | France | Plus,Toys,595.85,3,2025-11-02,Marketplace,1787.55
ORD-005452,C00094,Zoe Patel | France | Premium,Sport,338.4,3,2025-07-07,Website,1015.2
ORD-005453,C00304,Liam Patel | UAE | Premium,Boks,619.47,3,2026-05-21,Mobile App,1858.41
ORD-005454,C00078,Omar Davis | Singapore | Plus,Clothing,112.05,2,2026-02-11,Marketplace,224.1
ORD-005455,C01441,Henry Lewis | United Kingdom | Basic,Clothing,536.79,4,2025-10-19,Marketplace,2147.16
ORD-005456,C00057,Alex Miller | UAE | Basic,Clothng,474.77,2,2025-02-25,Retail Store,949.54
ORD-005457,C00652,Henry Moore | UAE | Plus,beauty ,188.64,5,2025-07-24,Mobile App,943.2
ORD-005458,C02986,Yusuf Khan | UAE | Plus,TOYS,379.18,5,2025-01-15,Website,1895.9
ORD-005459,C00128,Noah Green | United Kingdom | Basic,Toy,611.83,3,2025-07-04,Marketplace,1835.49
ORD-005460,C01168,Olivia Brown | Germany | Basic,Books & Media,209.25,1,2025-08-05,Retail Store,209.25
ORD-005461,C00423,Jack Green | Germany | Plus,BOOKS,285.17,1,2025-08-28,Retail Store,285.17
ORD-005462,C00074,Lina Ahmed | France | Basic,Office Supply,593.59,4,2025-05-23,Website,2374.36
ORD-005463,C00185,Ella Brown | United Kingdom | Basic,Clothing,406.19,6,2025-01-05,Retail Store,2437.14
ORD-005464,C02336,Nora Moore | UAE | Plus,Sports,311.84,4,2026-06-09,Website,1247.36
ORD-005465,C00194,Yusuf Brown | United States | Basic,Books,71.94,5,2025-12-23,Website,359.7
ORD-005466,C01470,James Taylor | United States | Plus,Books,364.81,3,2026-04-03,Marketplace,1094.43
ORD-005467,C02593,Layla Garcia | UAE | Basic,Electronics,328.39,3,2025-04-17,Marketplace,985.17
ORD-005468,C00026,Isla Adams | France | Premium,Office Supplies,495.41,5,2025-03-21,Marketplace,2477.05
ORD-005469,C02860,Ella Patel | United Kingdom | Basic,Toy,93.47,2,2025-04-28,Mobile App,186.94
ORD-005470,C01869,Isla Wright | UAE | Basic,electronic,363.88,4,2025-10-16,Website,1455.52
ORD-005471,C01263,Ryan Johnson | Australia | Plus,OFFICE SUPPLIES,158.89,6,2025-01-12,Marketplace,953.34
ORD-005472,C01929,Sam Adams | Singapore | Basic,Home & Kitchen,428.0,3,2025-07-10,Marketplace,1284.0
ORD-005473,C00568,Sophia Ahmed | United States | Basic,OFFICE SUPPLIES,322.54,4,2026-04-13,Marketplace,1290.16
ORD-005474,C00420,Ella Clark | France | Basic,Toys,187.35,4,2026-02-22,Retail Store,749.4
ORD-005475,C01806,Mia Walker | Australia | Plus,CLOTHING,446.89,2,2025-04-14,Retail Store,893.78
ORD-005476,C01215,Sophia Mitchell | Germany | Plus,Sports,639.27,6,2025-04-27,Website,3835.62
ORD-005477,C01659,Mia Clark | UAE | Plus,Clothing,643.94,3,2025-05-22,Marketplace,1931.82
ORD-005478,C00291,Zoe Clark | United States | Basic,Office Supplies,324.85,5,2026-05-18,Mobile App,1624.25
ORD-005479,C01289,Lucas Walker | United Kingdom | Basic,Toy,477.87,3,2025-07-28,Mobile App,1433.61
ORD-005480,C01330,Lucas Adams | United Kingdom | Plus,Home & Kitchen,24.89,1,2026-07-25,Mobile App,24.89
ORD-005481,C02842,James Davis | UAE | Basic,Home Kitchen,436.01,5,2025-03-11,Marketplace,2180.05
ORD-005482,C00314,Ethan Wilson | Singapore | Premium,Electronics,90.54,6,2025-03-25,Retail Store,543.24
ORD-005483,C01252,Liam Green | United States | Basic,Office Supplies,67.41,5,2025-11-17,Retail Store,337.05
ORD-005484,C02330,Olivia King | UAE | Basic,Toys,566.36,5,2025-10-08,Mobile App,2831.8
ORD-005485,C00774,Sam Hall | United States | Premium,Electronics,118.53,1,2025-11-26,Mobile App,118.53
ORD-005486,C01076,Chloe Wright | Germany | Basic,Office Supples,629.75,5,2026-05-26,Website,3148.75
ORD-005487,C02395,Sara Mitchell | United States | Premium,Beauty,512.81,6,2026-04-05,Marketplace,3076.86
ORD-005488,C03000,Mia Ahmed | UAE | Plus,Sports,112.6,3,2025-10-09,Mobile App,337.8
ORD-005489,C02773,Alex King | Australia | Basic,Book,616.16,1,2026-01-31,Website,616.16
ORD-005490,C02578,Henry Taylor | United Kingdom | Basic,CLOTHING,195.25,6,2026-02-20,Retail Store,1171.5
ORD-005491,C02485,Olivia Hall | UAE | Plus,beauty ,318.34,1,2025-06-28,Retail Store,318.34
ORD-005492,C00611,Lina Patel | United States | Basic,Beauty Products,457.76,2,2026-06-20,Retail Store,915.52
ORD-005493,C00105,Lucas King | Australia | Plus,Toys ,141.2,2,2025-11-06,Marketplace,282.4
ORD-005494,C01436,Sara Patel | Canada | Basic,Sports,569.13,3,2025-02-17,Mobile App,1707.39
ORD-005495,C02333,Sam Baker | UAE | Basic,Electroncs,469.65,5,2025-11-26,Retail Store,2348.25
ORD-005496,C02870,Sophia Anderson | Germany | Basic,Electronics ,202.28,5,2025-01-02,Mobile App,1011.4
ORD-005497,C01847,Nora Lewis | United States | Plus,Sports,430.92,2,2026-07-20,Marketplace,861.84
ORD-005498,C02532,Omar Miller | United States | Basic,Books,573.97,6,2026-04-14,Website,3443.82
ORD-005499,C01082,Adam Baker | Germany | Basic,Books,229.94,1,2026-05-18,Mobile App,229.94
ORD-005500,C01642,Amelia Green | United States | Basic,ELECTRONICS,21.03,4,2026-07-07,Mobile App,84.12
ORD-005501,C01021,Ryan Smith | Singapore | Basic,Beauty,17.96,6,2025-06-26,Retail Store,107.76
ORD-005502,C02197,Yusuf Green | Germany | Premium,Electronics,477.01,4,2026-07-20,Mobile App,1908.04
ORD-005503,C02564,Yusuf King | France | Premium,Books,208.93,6,2025-01-05,Mobile App,1253.58
ORD-005504,C00612,James Johnson | United States | Basic,beauty ,89.6,1,2026-07-15,Website,89.6
ORD-005505,C01634,Liam Lewis | United States | Premium,Electronics,534.09,3,2025-08-11,Mobile App,1602.27
ORD-005506,C02937,Omar Patel | United Kingdom | Basic,Beauty,99.79,4,2025-11-09,Marketplace,399.16
ORD-005507,C00567,Omar Green | France | Plus,Books,553.41,4,2026-06-13,Mobile App,2213.64
ORD-005508,C02279,Sophia Patel | Germany | Basic,Home & Kitchen,382.79,5,2025-10-05,Mobile App,1913.95
ORD-005509,C02747,James Clark | Germany | Basic,Beauty,89.04,2,2026-05-30,Marketplace,178.08
ORD-005510,C01741,Ryan Nelson | Australia | Plus,Toys,371.84,5,2025-03-25,Website,1859.2
ORD-005511,C02083,Ella King | Singapore | Plus,Home Kitchen,133.95,4,2025-04-24,Mobile App,535.8
ORD-005512,C02635,Daniel Ahmed | Germany | Premium,Sports,211.82,6,2025-07-02,Website,1270.92
ORD-005513,C01065,Layla Miller | Canada | Plus,Clothes,172.85,3,2025-05-15,Mobile App,518.55
ORD-005514,C01959,Jack Baker | Singapore | Plus,Electroncs,643.92,3,2026-05-20,Marketplace,1931.76
ORD-005515,C01042,Zoe Lewis | France | Basic,beauty ,228.03,6,2026-04-09,Mobile App,1368.18
ORD-005516,C00131,Mia Thomas | Canada | Premium,Sports,559.84,5,2026-01-09,Website,2799.2
ORD-005517,C02150,Emma Johnson | Canada | Basic,Sports & Fitness,547.1,4,2025-08-16,Mobile App,2188.4
ORD-005518,C00207,Lucas Taylor | UAE | Basic,Electronics,541.24,1,2026-07-18,Mobile App,541.24
ORD-005519,C00009,Sam Clark | United Kingdom | Basic,Office Supplies,487.23,4,2026-01-26,Retail Store,1948.92
ORD-005520,C01489,Chloe Johnson | UAE | Basic,Clothing,588.84,4,2025-04-06,Marketplace,2355.36
ORD-005521,C01917,Maya Khan | Singapore | Plus,Sports,647.31,3,2026-05-29,Mobile App,1941.93
ORD-005522,C02044,Sam Baker | United Kingdom | Basic,Electronics,472.26,5,2025-10-26,Website,2361.3
ORD-005523,C01338,Sam Adams | Germany | Basic,Toys,443.79,3,2026-04-15,Retail Store,1331.37
ORD-005524,C00430,Omar Khan | United Kingdom | Basic,Beauty,576.85,6,2025-05-03,Mobile App,3461.1
ORD-005525,C02772,Omar Patel | United States | Premium,Electronics,265.02,6,2025-10-14,Website,1590.12
ORD-005526,C02353,Yusuf Hassan | Germany | Premium,Clothing,429.64,3,2026-04-11,Marketplace,1288.92
ORD-005527,C01748,Zoe Mitchell | United Kingdom | Basic,Home & Ktchen,165.2,6,2026-04-03,Mobile App,991.2
ORD-005528,C00223,Yusuf King | UAE | Basic,Home & Kitchen,452.96,6,2025-01-24,Website,2717.76
ORD-005529,C00461,Sara Garcia | Australia | Basic,Office Supplies,221.42,3,2026-02-05,Retail Store,664.26
ORD-005530,C01883,Ryan Davis | Singapore | Basic,Books,79.38,3,2026-03-05,Retail Store,238.14
ORD-005531,C02931,Lucas Moore | UAE | Plus,BOOKS,451.89,3,2026-06-05,Website,1355.67
ORD-005532,C02906,Lucas Miller | Australia | Basic,Office  Supplies,263.58,6,2026-05-19,Website,1581.48
ORD-005533,C00963,Lucas Hall | France | Premium,Electronic Goods,639.82,3,2025-05-19,Mobile App,1919.46
ORD-005534,C02763,Daniel Garcia | Singapore | Plus,Electronics ,367.34,1,2025-08-18,Marketplace,367.34
ORD-005535,C00495,Zoe Taylor | Germany | Basic,OFFICE SUPPLIES,508.26,1,2025-11-17,Website,508.26
ORD-005536,C00803,Chloe Davis | United States | Basic,Sports,334.89,2,2025-01-11,Mobile App,669.78
ORD-005537,C01513,Ethan Johnson | Germany | Basic,Books,290.86,2,2025-08-14,Website,581.72
ORD-005538,C00619,Ethan Adams | United Kingdom | Basic,Clothing & Apparel,518.13,1,2025-10-05,Website,518.13
ORD-005539,C02525,Chloe Johnson | United Kingdom | Plus,Office Supply,552.18,5,2026-04-19,Mobile App,2760.9
ORD-005540,C00566,Yusuf Johnson | United States | Plus,Beautyy,569.53,2,2026-05-08,Website,1139.06
ORD-005541,C02548,Sara Adams | Canada | Premium,beauty ,574.54,2,2026-07-07,Retail Store,1149.08
ORD-005542,C00863,Mia Ahmed | Canada | Basic,Home and Kitchen,122.2,4,2025-10-11,Retail Store,488.8
ORD-005543,C01885,Ryan Khan | Canada | Basic,Toys ,501.18,1,2026-07-10,Website,501.18
ORD-005544,C01588,Nora Martin | United States | Plus,HOME & KITCHEN,357.87,3,2026-05-07,Website,1073.61
ORD-005545,C01916,Leo Miller | France | Basic,Toy,489.24,5,2025-09-20,Marketplace,2446.2
ORD-005546,C01123,Emma Lewis | UAE | Premium,Home & Kitchen,60.09,3,2025-04-19,Marketplace,180.27
ORD-005547,C01077,Lucas Taylor | United Kingdom | Basic,Beauty,214.98,2,2026-04-16,Mobile App,429.96
ORD-005548,C00061,Isla Moore | United Kingdom | Basic,HOME & KITCHEN,37.35,6,2026-05-22,Mobile App,224.1
ORD-005549,C01383,Lina Hassan | United States | Premium,Books,18.1,2,2025-06-15,Retail Store,36.2
ORD-005550,C00737,James Smith | UAE | Basic,Office Supply,109.16,3,2025-12-19,Mobile App,327.48
ORD-005551,C01996,Jack Moore | UAE | Basic,Beauty,457.93,1,2025-08-15,Marketplace,457.93
ORD-005552,C00278,Lucas Moore | UAE | Premium,Toys,355.82,2,2026-03-04,Retail Store,711.64
ORD-005553,C01799,Noah Hall | France | Basic,Clothing & Apparel,92.22,4,2026-03-28,Retail Store,368.88
ORD-005554,C00449,Liam Smith | UAE | Basic,Books,128.73,3,2025-11-05,Retail Store,386.19
ORD-005555,C02994,Liam Wilson | France | Basic,Clothes,191.54,4,2025-03-04,Retail Store,766.16
ORD-005556,C02205,James Davis | United Kingdom | Basic,Sports,350.58,6,2026-03-24,Retail Store,2103.48
ORD-005557,C00385,Henry Baker | UAE | Basic,Toy,514.2,4,2025-05-09,Website,2056.8
ORD-005558,C02038,Zoe Moore | United States | Plus,Office Supples,501.28,4,2025-11-30,Mobile App,2005.12
ORD-005559,C02446,Lucas Green | UAE | Plus,Electronics ,592.15,5,2025-03-29,Website,2960.75
ORD-005560,C00096,Adam Nelson | France | Basic,Electronics,310.05,6,2025-08-31,Website,1860.3
ORD-005561,C02124,Nora Young | Germany | Plus,Beauty Products,313.71,2,2025-09-14,Website,627.42
ORD-005562,C02404,Adam Miller | United Kingdom | Basic,Office Supply,141.0,1,2025-07-07,Mobile App,141.0
ORD-005563,C01302,Layla Johnson | Singapore | Basic,Electronic Goods,408.74,1,2025-08-25,Mobile App,408.74
ORD-005564,C00660,Henry Clark | France | Plus,Office  Supplies,424.14,3,2026-01-14,Marketplace,1272.42
ORD-005565,C02703,Adam Green | Germany | Basic,Clothing & Apparel,501.41,3,2026-05-09,Mobile App,1504.23
ORD-005566,C01818,Ava Walker | United Kingdom | Plus,Office Supples,193.93,2,2026-03-25,Retail Store,387.86
ORD-005567,C00311,Alex Taylor | Germany | Plus,Office Supplies,602.07,4,2026-02-01,Retail Store,2408.28
ORD-005568,C02329,Nora Martin | United Kingdom | Basic,Books,445.07,1,2026-01-20,Website,445.07
ORD-005569,C00896,Sara Smith | Singapore | Plus,Office Supplies,565.56,5,2025-07-15,Retail Store,2827.8
ORD-005570,C01540,Noah Thomas | Germany | Premium,Home & Ktchen,211.27,2,2025-07-29,Website,422.54
ORD-005571,C02231,Alex Lewis | United States | Premium,Office Supplies,369.69,4,2025-03-13,Mobile App,1478.76
ORD-005572,C02050,Olivia Ahmed | France | Basic,Home & Kitchen,613.1,1,2026-02-20,Mobile App,613.1
ORD-005573,C01295,Layla Hall | Singapore | Basic,Home & Kitchen,55.66,4,2025-06-27,Retail Store,222.64
ORD-005574,C00702,Emma Clark | UAE | Plus,Beauty Products,73.14,6,2025-07-24,Mobile App,438.84
ORD-005575,C01299,Lucas Anderson | UAE | Premium,Toys,563.41,5,2025-10-25,Mobile App,2817.05
ORD-005576,C01996,Jack Moore | UAE | Basic,Beauty Products,575.06,2,2026-05-28,Marketplace,1150.12
ORD-005577,C00115,Yusuf Mitchell | Australia | Basic,Home & Ktchen,576.59,3,2025-05-16,Website,1729.77
ORD-005578,C00177,Zoe Taylor | Singapore | Premium,Books,368.91,1,2025-03-13,Mobile App,368.91
ORD-005579,C02050,Olivia Ahmed | France | Basic,Home & Kitchen,594.91,4,2026-02-11,Retail Store,2379.64
ORD-005580,C01766,Maya Khan | United States | Basic,Office Supplies,131.34,1,2025-04-10,Retail Store,131.34
ORD-005581,C00695,Lucas Walker | United Kingdom | Plus,Books,146.31,5,2026-05-02,Marketplace,731.55
ORD-005582,C00330,Leo Green | France | Premium,Sports,351.26,6,2025-09-22,Website,2107.56
ORD-005583,C01242,Maya Patel | United States | Plus,Home Kitchen,252.16,6,2025-04-13,Marketplace,1512.96
ORD-005584,C01337,Ava Wilson | Singapore | Basic,Home and Kitchen,334.37,1,2025-10-06,Retail Store,334.37
ORD-005585,C01435,Sophia Brown | UAE | Basic,Sports & Fitness,66.09,3,2025-09-26,Website,198.27
ORD-005586,C01529,Isla Carter | Germany | Basic,Toys,230.44,6,2025-08-08,Marketplace,1382.64
ORD-005587,C00224,Jack Green | United States | Basic,Home & Kitchen,241.1,4,2025-06-28,Retail Store,964.4
ORD-005588,C02900,Lina Anderson | Australia | Plus,Office Supplies,311.14,3,2025-11-25,Website,933.42
ORD-005589,C00528,Ella Baker | United Kingdom | Basic,Beauty,582.16,2,2025-05-01,Mobile App,1164.32
ORD-005590,C00757,Ella King | Australia | Plus,Office Supplies,573.06,3,2026-01-10,Marketplace,1719.18
ORD-000020,C02561,Ella Lee | Canada | Plus,Electronics,298.51,1,2025-11-21,Mobile App,298.51
ORD-005592,C01353,Isla Anderson | France | Plus,Books & Media,628.65,4,2025-06-02,Mobile App,2514.6
ORD-005593,C02535,Jack Lee | United Kingdom | Plus,Toys,341.7,4,2025-01-12,Retail Store,1366.8
ORD-005594,C01309,Maya Patel | United Kingdom | Plus,Home & Kitchen,10.38,5,2026-03-13,Mobile App,51.9
ORD-005595,C01657,Ava Mitchell | United Kingdom | Plus,Office Supply,15.87,3,2025-02-09,Retail Store,47.61
ORD-005596,C00855,Chloe Adams | UAE | Basic,Office Supples,404.1,2,2025-04-25,Retail Store,808.2
ORD-005597,C01599,Ella Miller | France | Basic,Books,264.48,2,2025-10-20,Marketplace,528.96
ORD-005598,C01244,Isla Young | France | Plus,Books,124.63,6,2025-03-23,Marketplace,747.78
ORD-005599,C01567,Layla Taylor | France | Premium,Clothing,487.74,3,2025-10-15,Marketplace,1463.22
ORD-005600,C00291,Zoe Clark | United States | Basic,Books,353.0,2,2025-12-02,Retail Store,706.0
ORD-005601,C00140,Lucas Moore | France | Basic,Beauty,157.91,5,2026-01-01,Website,789.55
ORD-005602,C00336,Lucas Wright | Canada | Basic,Office Supples,415.32,5,2025-07-13,Retail Store,2076.6
ORD-005603,C02547,Maya Carter | Australia | Basic,Sprots,37.18,6,2026-07-06,Marketplace,223.08
ORD-005604,C01605,Leo Brown | Canada | Plus,Electronics,615.08,6,2025-09-27,Mobile App,3690.48
ORD-005605,C01382,Alex Hall | UAE | Basic,Home & Kitchen,130.51,5,2026-03-25,Mobile App,652.55
ORD-005606,C01729,Ella Davis | France | Plus,Home & Ktchen,355.17,1,2025-09-27,Marketplace,355.17
ORD-005607,C01627,Ava Anderson | Singapore | Premium,Sprots,492.91,1,2025-09-14,Retail Store,492.91
ORD-005608,C02795,Ethan Walker | UAE | Plus,Toys,278.53,2,2025-02-21,Retail Store,557.06
ORD-005609,C01476,Daniel Martin | Singapore | Plus,Clothing,132.48,3,2026-04-30,Retail Store,397.44
ORD-005610,C02208,Layla Hall | Germany | Plus,Home & Kitchen,338.37,4,2025-02-14,Retail Store,1353.48
ORD-005611,C01352,Liam Green | Australia | Basic,Home & Kitchen,622.79,5,2026-06-04,Retail Store,3113.95
ORD-005612,C01171,Amelia Davis | Canada | Plus,Books & Media,515.86,2,2025-03-27,Retail Store,1031.72
ORD-005613,C02624,Noah Lee | Germany | Basic,Office  Supplies,195.99,3,2026-04-18,Marketplace,587.97
ORD-005614,C01954,Nora Walker | France | Plus,Office Supplies,342.19,1,2025-12-17,Marketplace,342.19
ORD-005615,C02262,Emma Garcia | UAE | Basic,Sports,561.22,3,2025-10-18,Mobile App,1683.66
ORD-005616,C00683,Leo Ahmed | United States | Plus,Office Supples,60.38,3,2025-03-14,Marketplace,181.14
ORD-005617,C01745,Jack Taylor | UAE | Premium,Clothing,40.44,4,2025-03-28,Marketplace,161.76
ORD-005618,C01569,Amelia Mitchell | United Kingdom | Basic,Beauty,370.18,5,2025-03-25,Website,1850.9
ORD-005619,C01506,Jack Adams | Canada | Basic,Beauty,103.54,5,2025-02-16,Marketplace,517.7
ORD-005620,C01044,Daniel Baker | Australia | Basic,Toys,278.87,1,2025-10-12,Retail Store,278.87
ORD-005621,C00161,Sam Patel | France | Basic,Toys ,415.22,4,2025-07-25,Mobile App,1660.88
ORD-005622,C00978,Chloe Walker | Singapore | Plus,Office Supplies,534.63,6,2025-08-04,Mobile App,3207.78
ORD-005623,C02973,Alex Green | Canada | Premium,Sports,176.75,1,2025-09-12,Mobile App,176.75
ORD-005624,C01465,Sara King | France | Basic,Books,448.12,5,2026-05-29,Mobile App,2240.6
ORD-005625,C00033,Henry Khan | United Kingdom | Basic,Toys,140.91,3,2026-05-27,Retail Store,422.73
ORD-005626,C02859,Olivia Taylor | Germany | Plus,Home & Kitchen,21.28,1,2026-07-04,Website,21.28
ORD-005627,C00001,Maya Taylor | United States | Basic,Electronics,487.77,2,2026-02-13,Retail Store,975.54
ORD-005628,C00369,Ava Mitchell | France | Basic,Office Supplies,468.51,5,2026-02-20,Marketplace,2342.55
ORD-005629,C01264,Maya Miller | Canada | Premium,Home & Kitchen,620.05,2,2026-05-13,Retail Store,1240.1
ORD-005630,C01416,Ethan Hall | France | Basic,Electronics,398.73,6,2025-10-30,Mobile App,2392.38
ORD-005631,C01452,Lina Wright | Australia | Premium,Electronic Goods,93.02,2,2025-04-30,Marketplace,186.04
ORD-005632,C00825,Olivia Adams | France | Basic,Clothing,641.48,3,2025-06-10,Retail Store,1924.44
ORD-005633,C00300,Leo Johnson | Canada | Basic,OFFICE SUPPLIES,260.89,6,2025-04-30,Retail Store,1565.34
ORD-005634,C00685,Lina Clark | UAE | Basic,Books,144.1,2,2025-01-26,Website,288.2
ORD-005635,C02741,Ella Lee | France | Basic,Electronic Goods,574.64,4,2025-02-15,Website,2298.56
ORD-005636,C01797,Olivia Wilson | France | Plus,Office Supples,205.72,3,2025-01-21,Mobile App,617.16
ORD-005637,C01213,Leo Johnson | UAE | Plus,Toys,320.63,1,2025-11-28,Website,320.63
ORD-005638,C01867,Noah Lee | Canada | Basic,Sports,624.58,2,2025-08-16,Website,1249.16
ORD-005639,C01307,Ethan Brown | United States | Basic,Sports,249.93,4,2025-04-16,Retail Store,999.72
ORD-005640,C01175,Ava Garcia | UAE | Basic,Home and Kitchen,149.67,6,2025-12-23,Website,898.02
ORD-005641,C01222,Amelia Clark | United States | Plus,Home & Kitchen,478.34,5,2026-02-23,Retail Store,2391.7
ORD-005642,C02164,Sam Hall | Australia | Basic,beauty ,399.13,2,2026-04-10,Mobile App,798.26
ORD-005643,C02654,Noah Hall | UAE | Basic,Beauty,28.15,4,2026-06-23,Marketplace,112.6
ORD-005644,C02850,Adam Patel | Canada | Basic,Toys,242.89,3,2025-12-31,Website,728.67
ORD-005645,C00279,Sara Martin | Singapore | Basic,Beauty,438.48,5,2025-03-24,Marketplace,2192.4
ORD-005646,C02772,Omar Patel | United States | Premium,Clothing,576.15,2,2025-12-11,Marketplace,1152.3
ORD-005647,C00970,Maya Green | United States | Basic,Electronics,256.56,5,2025-10-06,Retail Store,1282.8
ORD-005648,C00238,Amelia Khan | Australia | Basic,Clothing & Apparel,559.95,5,2025-09-20,Marketplace,2799.75
ORD-005649,C02777,Alex Anderson | France | Basic,Home & Kitchen,502.61,2,2025-03-14,Website,1005.22
ORD-005650,C00561,Mia Taylor | France | Basic,electronic,331.57,2,2026-05-03,Website,663.14
ORD-005651,C02587,Ryan Wright | UAE | Plus,Office Supplies,415.59,6,2025-01-23,Marketplace,2493.54
ORD-005652,C00539,Sam Garcia | United States | Premium,Home & Kitchen,524.39,1,2025-01-07,Website,524.39
ORD-005653,C01173,Sara Lee | Canada | Basic,Toys,310.46,5,2025-05-28,Website,1552.3
ORD-005654,C00166,Liam Taylor | Australia | Basic,Electronics,284.81,5,2025-11-03,Mobile App,1424.05
ORD-005655,C01422,Omar Garcia | Germany | Plus,Clothing & Apparel,339.81,6,2025-05-26,Mobile App,2038.86
ORD-005656,C00678,Isla Walker | Germany | Plus,Electronics ,214.54,6,2025-09-30,Marketplace,1287.24
ORD-005657,C00388,Yusuf Khan | United Kingdom | Plus,Office Supplies,626.5,3,2026-01-27,Retail Store,1879.5
ORD-005658,C00880,Sara Wilson | UAE | Plus,Beautyy,564.86,6,2026-02-26,Website,3389.16
ORD-005659,C01908,Maya Baker | United Kingdom | Basic,ELECTRONICS,444.1,3,2026-05-20,Mobile App,1332.3
ORD-005660,C02929,Zoe Mitchell | Australia | Plus,Sports,626.34,5,2025-07-12,Marketplace,3131.7
ORD-005661,C00339,Sara Nelson | Singapore | Premium,OFFICE SUPPLIES,96.64,6,2025-11-08,Retail Store,579.84
ORD-005662,C01979,Sam Hall | Australia | Basic,Electronics,133.03,5,2025-01-08,Retail Store,665.15
ORD-005663,C01601,Daniel Moore | United Kingdom | Premium,Beauty,571.4,2,2026-01-06,Marketplace,1142.8
ORD-005664,C00874,Lucas Mitchell | Australia | Premium,Beauty,204.73,6,2025-08-28,Mobile App,1228.38
ORD-005665,C02854,Sophia Davis | UAE | Premium,Toys & Games,563.98,2,2025-12-12,Website,1127.96
ORD-005666,C01744,Ethan Taylor | France | Plus,Sports,300.13,2,2025-05-21,Mobile App,600.26
ORD-005667,C00012,Isla Thomas | Australia | Premium,Home & Kitchen,172.37,4,2026-05-10,Marketplace,689.48
ORD-005668,C00123,Jack Hall | Canada | Basic,Sports,635.77,5,2025-10-30,Website,3178.85
ORD-005669,C02218,Zoe Anderson | Canada | Plus,Clothes,143.77,1,2026-05-22,Website,143.77
ORD-005670,C00179,Henry Taylor | Singapore | Basic,Home and Kitchen,184.99,1,2025-10-04,Mobile App,184.99
ORD-005671,C00893,Noah Carter | Singapore | Basic,Electronics,382.66,1,2025-02-24,Mobile App,382.66
ORD-005672,C01042,Zoe Lewis | France | Basic,Electroncs,455.24,4,2025-02-26,Retail Store,1820.96
ORD-005673,C01656,Nora Davis | United States | Basic,Book,247.5,4,2026-06-18,Marketplace,990.0
ORD-005674,C00637,Sophia Wright | UAE | Basic,Beauty,290.1,4,2026-06-20,Marketplace,1160.4
ORD-005675,C01916,Leo Miller | France | Basic,Clothing,548.14,4,2025-10-28,Marketplace,2192.56
ORD-005676,C00580,Maya Anderson | UAE | Basic,Beauty,22.31,3,2025-08-04,Mobile App,66.93
ORD-005677,C01473,Isla Smith | United Kingdom | Premium,Beauty Products,208.05,4,2025-10-14,Mobile App,832.2
ORD-005678,C00767,Sara Khan | Germany | Plus,Beauty,44.78,4,2025-12-30,Mobile App,179.12
ORD-005679,C00782,Zoe Wilson | Germany | Basic,HOME & KITCHEN,359.27,5,2025-03-19,Marketplace,1796.35
ORD-005680,C00744,Ryan Hall | UAE | Plus,Electronic Goods,150.39,6,2025-11-22,Retail Store,902.34
ORD-005681,C02043,Sophia Nelson | Germany | Plus,Office Supply,121.11,1,,Marketplace,121.11
ORD-005682,C02415,Leo Johnson | United Kingdom | Premium,Sports,627.71,6,2026-01-20,Mobile App,3766.26
ORD-005683,C00939,Olivia Miller | Australia | Basic,HOME & KITCHEN,418.25,3,2025-07-28,Mobile App,1254.75
ORD-005684,C02996,Ryan Ahmed | Canada | Plus,Office Supplies,594.02,3,2026-04-25,Retail Store,1782.06
ORD-005685,C00892,Lina Adams | Canada | Premium,ELECTRONICS,620.64,6,2025-11-24,Marketplace,3723.84
ORD-005686,C02087,Leo Khan | France | Basic,Beauty,644.39,4,2025-11-04,Retail Store,2577.56
ORD-005687,C02548,Sara Adams | Canada | Premium,Home & Kitchen,573.17,6,2026-05-17,Mobile App,3439.02
ORD-005688,C02603,Layla Green | United States | Basic,Electroncs,323.37,6,2026-06-07,Marketplace,1940.22
ORD-005689,C02161,Yusuf Ahmed | UAE | Basic,HOME & KITCHEN,504.61,6,2025-11-16,Mobile App,3027.66
ORD-005690,C02322,Lucas Moore | United Kingdom | Plus,Sports,270.8,4,2025-01-22,Retail Store,1083.2
ORD-005691,C01284,Leo Hall | United States | Premium,Electronics,71.2,1,2025-12-22,Marketplace,71.2
ORD-005692,C01491,Adam Anderson | United Kingdom | Premium,Home & Kitchen,525.74,3,2026-07-13,Website,1577.22
ORD-005693,C02304,James Mitchell | United States | Basic,Toys & Games,568.37,5,2025-04-17,Website,2841.85
ORD-005694,C01525,Yusuf Moore | France | Premium,Electronics,479.09,1,2026-03-25,Mobile App,479.09
ORD-005695,C02428,Maya Miller | United States | Basic,Office  Supplies,476.03,1,2026-03-01,Mobile App,476.03
ORD-005696,C02629,Leo Garcia | United Kingdom | Plus,Home & Kitchen,115.88,4,2025-09-25,Mobile App,463.52
ORD-005697,C00247,Sam Khan | Germany | Basic,Toys,570.57,6,2025-03-12,Website,3423.42
ORD-005698,C01654,Alex Clark | Germany | Plus,Office Supplies,228.07,1,2025-09-10,Marketplace,228.07
ORD-005699,C00624,Layla Miller | Singapore | Basic,TOYS,479.38,2,2025-03-10,Marketplace,958.76
ORD-005700,C02910,Yusuf Thomas | United States | Premium,Office Supplies,8.29,6,2025-05-15,Mobile App,49.74
ORD-005701,C00710,Sophia Wilson | UAE | Plus,Office Supples,611.91,1,2026-05-01,Mobile App,611.91
ORD-005702,C00517,Omar Nelson | Singapore | Basic,Clothng,408.07,3,2025-05-24,Website,1224.21
ORD-005703,C00742,Sara Ahmed | Australia | Plus,SPORTS,560.43,2,2026-06-05,Website,1120.86
ORD-005704,C01330,Lucas Adams | United Kingdom | Plus,Toys & Games,646.13,2,2025-03-25,Retail Store,1292.26
ORD-005705,C00564,Amelia Clark | Australia | Basic,Home Kitchen,427.72,6,2026-02-09,Mobile App,2566.32
ORD-005706,C00274,Leo Green | United Kingdom | Basic,Home & Kitchen,497.04,4,2026-04-11,Website,1988.16
ORD-005707,C02671,Daniel Mitchell | Singapore | Basic,Home & Kitchen,350.94,4,2025-08-03,Marketplace,1403.76
ORD-005708,C00082,Omar Wright | Germany | Basic,Clothing,239.84,3,2025-07-14,Website,719.52
ORD-005709,C02242,James Johnson | United Kingdom | Basic,Home & Kitchen,102.99,1,2025-10-27,Retail Store,102.99
ORD-005710,C00015,Mia Lewis | UAE | Plus,Office Supplies,159.11,1,2025-01-22,Marketplace,159.11
ORD-005711,C01140,Lina Patel | France | Basic,Electronics,170.79,4,2026-05-10,Website,683.16
ORD-005712,C02662,Sophia Hall | Canada | Basic,Toy,384.84,6,2025-07-16,Retail Store,2309.04
ORD-005713,C02246,Lina Smith | United Kingdom | Basic,Home & Kitchen,571.41,3,2025-08-28,Marketplace,1714.23
ORD-005714,C02265,Amelia Green | Singapore | Plus,Electronic Goods,509.32,2,2026-03-28,Marketplace,1018.64
ORD-005715,C02988,Ryan Clark | UAE | Basic,Clothes,185.48,5,2026-07-03,Marketplace,927.4
ORD-005716,C00222,Olivia Walker | United Kingdom | Plus,Beauty,469.95,4,2026-01-23,Website,1879.8
ORD-005717,C00531,Ella Johnson | UAE | Basic,Home & Kitchen,279.64,1,2026-03-21,Retail Store,279.64
ORD-005718,C00519,Sophia Miller | Australia | Basic,Clothing,130.83,5,2025-10-18,Marketplace,654.15
ORD-005719,C01111,Yusuf Davis | Canada | Basic,CLOTHING,465.06,1,2025-02-09,Retail Store,465.06
ORD-005720,C01803,Sam Taylor | United States | Basic,Office Supplies,49.48,2,2025-01-08,Mobile App,98.96
ORD-005721,C00061,Isla Moore | United Kingdom | Basic,Toys,197.2,3,2026-05-17,Website,591.6
ORD-005722,C00080,Lina Walker | Australia | Basic,Books,569.93,4,2025-12-21,Marketplace,2279.72
ORD-005723,C00759,Ella Wilson | UAE | Basic,Sports,224.42,2,2025-09-22,Retail Store,448.84
ORD-005724,C00515,Zoe Johnson | UAE | Plus,Boks,341.73,4,2026-06-06,Mobile App,1366.92
ORD-005725,C00680,Alex Nelson | United States | Basic,BEAUTY,223.8,2,2025-07-08,Mobile App,447.6
ORD-005726,C01833,Chloe Ahmed | UAE | Plus,Office Supplies,418.51,4,2025-01-08,Mobile App,1674.04
ORD-005727,C00943,Mia Taylor | France | Basic,Books,148.67,1,2026-05-04,Website,148.67
ORD-005728,C01391,Noah Taylor | Germany | Premium,OFFICE SUPPLIES,323.01,6,2025-12-10,Mobile App,1938.06
ORD-005729,C00667,Ryan Green | United Kingdom | Basic,Beauty Products,578.27,6,2025-06-14,Website,3469.62
ORD-005730,C00138,Sam Wilson | Singapore | Basic,Books,145.51,2,2025-10-15,Mobile App,291.02
ORD-005731,C00194,Yusuf Brown | United States | Basic,Sports,314.99,5,2025-08-04,Marketplace,1574.95
ORD-005732,C01528,Daniel Taylor | Singapore | Basic,Sports,517.54,1,2025-05-09,Website,517.54
ORD-005733,C01286,Emma Lee | Singapore | Basic,Toys,266.38,2,2026-03-02,Marketplace,532.76
ORD-005734,C02622,Sara Patel | Canada | Basic,Sports,333.73,3,2025-11-08,Website,1001.19
ORD-005735,C02482,Layla Wilson | Singapore | Basic,Office Supplies,554.92,3,2025-04-27,Mobile App,1664.76
ORD-005736,C02908,Adam Clark | United States | Plus,Books,473.8,3,2025-09-11,Mobile App,1421.4
ORD-005737,C02444,Daniel Miller | United Kingdom | Basic,Toys,323.35,2,2025-11-19,Marketplace,646.7
ORD-005738,C00640,Jack Carter | Singapore | Basic,Sports,356.78,6,2026-02-08,Website,2140.68
ORD-005739,C01629,Yusuf Young | Singapore | Basic,Toys,530.19,2,2025-07-09,Website,1060.38
ORD-005740,C02471,Lucas Ahmed | UAE | Plus,Home & Kitchen,477.57,3,2026-01-24,Mobile App,1432.71
ORD-005741,C01210,James Wright | Singapore | Basic,Office Supplies,442.7,3,2025-09-23,Website,1328.1
ORD-005742,C00290,Omar Carter | Canada | Plus,BOOKS,246.03,4,2025-10-04,Retail Store,984.12
ORD-005743,C01626,Jack Walker | Australia | Basic,Clothing,603.88,2,2026-03-11,Retail Store,1207.76
ORD-005744,C02803,Maya Nelson | United States | Plus,Boks,301.78,1,2025-08-20,Marketplace,301.78
ORD-005745,C00416,Ella Lee | United States | Plus,Sports,608.9,3,2026-02-28,Mobile App,1826.7
ORD-005746,C02316,Daniel Wright | Singapore | Basic,Sports,393.38,6,2026-03-09,Marketplace,2360.28
ORD-005747,C00445,James Mitchell | UAE | Basic,Clothes,107.0,2,2025-08-07,Website,214.0
ORD-005748,C02433,Lina Wright | Canada | Basic,Books,227.33,1,2026-03-14,Retail Store,227.33
ORD-005749,C01673,Olivia Thomas | Singapore | Premium,Clothes,61.31,4,2025-10-07,Mobile App,245.24
ORD-005750,C00943,Mia Taylor | France | Basic,Books,252.86,3,2026-01-29,Mobile App,758.58
ORD-005751,C02086,Ryan Adams | France | Basic,Beauty,552.15,2,2025-04-14,Marketplace,1104.3
ORD-005752,C02633,James Miller | France | Basic,Sprots,491.65,2,2025-06-13,Website,983.3
ORD-005753,C02127,Daniel Taylor | Singapore | Premium,Sports,59.07,6,2026-02-05,Retail Store,354.42
ORD-005754,C01834,Henry King | France | Basic,BOOKS,507.78,3,2026-04-04,Retail Store,1523.34
ORD-005755,C02154,Lucas Brown | UAE | Basic,Office Supplies,301.45,1,2026-06-29,Website,301.45
ORD-005756,C00398,Ethan Khan | France | Basic,Toy,545.36,3,2026-07-16,Mobile App,1636.08
ORD-005757,C01614,Sam Mitchell | Australia | Basic,Office  Supplies,60.26,6,2026-04-24,Website,361.56
ORD-005758,C02923,Layla Thomas | Singapore | Plus,Home & Kitchen,374.68,6,2026-04-19,Marketplace,2248.08
ORD-005759,C00086,Yusuf Nelson | United States | Plus,Clothing & Apparel,378.65,1,2025-11-03,Marketplace,378.65
ORD-005760,C02690,Lina Moore | Germany | Plus,Home & Ktchen,192.96,4,2026-02-04,Website,771.84
ORD-005761,C01276,Jack Davis | Canada | Plus,Beauty,206.87,4,2025-10-31,Marketplace,827.48
ORD-005762,C00336,Lucas Wright | Canada | Basic,BEAUTY,444.21,5,2026-05-29,Mobile App,2221.05
ORD-005763,C02662,Sophia Hall | Canada | Basic,Office Supplies,39.27,1,2025-08-30,Marketplace,39.27
ORD-005764,C01856,Sophia Carter | UAE | Plus,Books,365.09,1,2025-04-30,Website,365.09
ORD-005765,C00122,Lina King | Canada | Basic,Book,604.29,5,2025-09-19,Retail Store,3021.45
ORD-005766,C00150,Mia Clark | Singapore | Basic,Home & Ktchen,355.78,2,2026-01-03,Marketplace,711.56
ORD-005767,C02735,Layla Mitchell | Singapore | Premium,OFFICE SUPPLIES,505.22,4,2025-08-22,Website,2020.88
ORD-005768,C02672,Henry Adams | Germany | Basic,Clothing,12.56,1,2026-03-22,Retail Store,12.56
ORD-005769,C01812,Zoe Hassan | Canada | Plus,Electronics,504.82,6,2026-01-03,Retail Store,3028.92
ORD-005770,C02453,Maya King | Germany | Basic,Electronics ,186.56,3,2025-02-17,Retail Store,559.68
ORD-005771,C01110,Mia Baker | Canada | Premium,Beauty Products,109.5,5,2026-01-04,Marketplace,547.5
ORD-005772,C02183,Jack Young | UAE | Plus,Office Supplies,433.37,5,2026-07-05,Retail Store,2166.85
ORD-005773,C01158,Sara Anderson | Canada | Premium,Books,59.21,2,2025-09-01,Marketplace,118.42
ORD-005774,C02333,Sam Baker | UAE | Basic,Toys,582.53,5,2025-07-29,Retail Store,2912.65
ORD-005775,C00174,James Lewis | UAE | Plus,Toys,152.58,2,2025-05-23,Retail Store,305.16
ORD-005776,C01108,Ethan Lewis | UAE | Basic,Sports,165.41,1,2026-06-15,Retail Store,165.41
ORD-005777,C00237,Maya Miller | Singapore | Basic,Clothing,111.39,4,2026-06-04,Marketplace,445.56
ORD-005778,C02038,Zoe Moore | United States | Plus,Clothng,324.18,5,2025-02-15,Website,1620.9
ORD-005779,C02330,Olivia King | UAE | Basic,Toys,179.0,1,2025-10-14,Mobile App,179.0
ORD-005780,C02100,Ella Garcia | Singapore | Plus,Clothing,86.13,1,2026-03-09,Marketplace,86.13
ORD-005781,C02269,Ethan Patel | Australia | Plus,Toys,345.92,4,2025-12-07,Mobile App,1383.68
ORD-005782,C00562,Leo Green | Germany | Premium,Book,520.78,3,2025-08-03,Website,1562.34
ORD-005783,C00930,Leo Ahmed | France | Plus,Toys ,374.15,5,2025-08-02,Mobile App,1870.75
ORD-005784,C01549,Layla Hassan | United States | Premium,Electronics,602.1,5,2026-02-11,Website,3010.5
ORD-005785,C02591,Daniel Miller | France | Plus,Clothing & Apparel,517.53,6,2025-10-20,Mobile App,3105.18
ORD-005786,C00776,Isla Young | Australia | Basic,Toys,480.7,4,2025-01-09,Mobile App,1922.8
ORD-005787,C01852,Lina Wright | France | Premium,Home & Kitchen,285.9,5,2026-07-06,Website,1429.5
ORD-005788,C01869,Isla Wright | UAE | Basic,Boks,451.0,1,2025-02-10,Marketplace,451.0
ORD-005789,C01695,Daniel Adams | Australia | Basic,Clothing,211.5,4,2026-02-04,Mobile App,846.0
ORD-005790,C02828,Ella Patel | United Kingdom | Basic,Toys & Games,258.55,2,2026-07-20,Website,517.1
ORD-005791,C00856,Leo Garcia | Germany | Plus,Beauty Products,575.82,2,2025-08-04,Website,1151.64
ORD-005792,C01164,Lucas Davis | Singapore | Basic,Beauty,323.67,2,2026-07-17,Mobile App,647.34
ORD-005793,C00126,Olivia Baker | Germany | Basic,Book,369.11,4,2025-08-09,Retail Store,1476.44
ORD-005794,C02962,Zoe Hall | Canada | Plus,Electronics ,119.57,1,2025-07-25,Marketplace,119.57
ORD-005795,C01833,Chloe Ahmed | UAE | Plus,Sports & Fitness,310.21,6,2025-12-22,Website,1861.26
ORD-005796,C00331,Mia Lewis | Australia | Basic,Beauty,-542.64,5,2025-05-13,Mobile App,2713.2
ORD-005797,C00099,Yusuf Miller | Singapore | Basic,Home & Kitchen,16.81,4,2025-10-20,Marketplace,67.24
ORD-005798,C01943,Amelia Lewis | France | Basic,Books & Media,362.37,6,2025-11-26,Website,2174.22
ORD-005799,C02966,Noah Patel | Canada | Basic,Office Supples,417.74,5,2025-03-24,Mobile App,2088.7
ORD-005800,C02474,Isla Hall | Canada | Premium,Beauty,568.44,2,2026-02-26,Retail Store,1136.88
ORD-005801,C01279,Sam King | Australia | Plus,Sports,504.25,2,2025-08-18,Website,1008.5
ORD-005802,C00978,Chloe Walker | Singapore | Plus,Electroncs,447.73,6,2025-09-13,Mobile App,2686.38
ORD-005803,C00964,Ryan Carter | United States | Premium,Toys & Games,500.22,6,2025-07-23,Retail Store,3001.32
ORD-005804,C00288,Yusuf Hassan | Canada | Plus,Books & Media,189.88,1,2026-02-28,Website,189.88
ORD-005805,C02482,Layla Wilson | Singapore | Basic,BOOKS,63.55,4,2025-11-24,Website,254.2
ORD-005806,C02069,Yusuf Brown | France | Plus,Home and Kitchen,263.21,1,2025-10-23,Mobile App,263.21
ORD-005807,C02370,Liam Lewis | Canada | Premium,Beauty,48.29,2,2026-05-18,Marketplace,96.58
ORD-005808,C02924,Sam Johnson | United Kingdom | Basic,Sport,34.42,2,2025-02-09,Website,68.84
ORD-005809,C00030,Olivia Adams | Australia | Plus,Office Supplies,474.81,2,2025-05-26,Retail Store,949.62
ORD-005810,C01229,Sam Hall | France | Basic,Office Supplies,65.74,1,2025-11-13,Marketplace,65.74
ORD-005811,C00507,Ava Mitchell | Singapore | Basic,Electronics,138.22,5,2025-10-03,Marketplace,691.1
ORD-005812,C00621,Daniel Nelson | United States | Plus,Clothing,96.59,3,2025-11-04,Website,289.77
ORD-005813,C02032,Ella Hassan | Canada | Plus,Clothing,488.57,0,2025-02-14,Mobile App,1954.28
ORD-005814,C00882,Ryan Thomas | France | Premium,Beauty,129.45,6,2025-02-26,Website,776.7
ORD-005815,C01533,Isla Anderson | United States | Plus,Office  Supplies,563.98,5,2025-01-11,Marketplace,2819.9
ORD-005816,C02627,Ella Wright | Singapore | Basic,Sports & Fitness,501.75,4,2025-06-29,Mobile App,2007.0
ORD-005817,C01271,Adam Clark | United States | Plus,Home & Kitchen,563.31,6,2025-11-05,Mobile App,3379.86
ORD-005818,C01427,Henry Mitchell | United States | Premium,Electronics,258.1,6,2025-04-19,Website,1548.6
ORD-005819,C01543,Layla Lee | Canada | Premium,Beauty,196.03,5,2025-03-09,Retail Store,980.15
ORD-005820,C01918,Sara Davis | United Kingdom | Basic,TOYS,400.06,5,2025-03-31,Retail Store,2000.3
ORD-005821,C01752,Sara Taylor | Australia | Basic,Office Supply,622.44,5,2025-05-09,Website,3112.2
ORD-005822,C01235,Lucas Hall | United States | Plus,Beauty Products,243.27,4,2026-07-14,Website,973.08
ORD-005823,C00238,Amelia Khan | Australia | Basic,Home and Kitchen,48.21,3,2025-01-30,Mobile App,144.63
ORD-005824,C01410,Yusuf Martin | France | Basic,Beauty,228.86,4,2025-04-29,Retail Store,915.44
ORD-005825,C01694,Chloe Nelson | Singapore | Basic,BEAUTY,583.24,3,2025-11-24,Mobile App,1749.72
ORD-005826,C02069,Yusuf Brown | France | Plus,Electronics ,398.71,3,2026-03-03,Website,1196.13
ORD-005827,C01494,Ella Brown | United Kingdom | Premium,Books,247.4,1,2025-02-14,Marketplace,247.4
ORD-005828,C02635,Daniel Ahmed | Germany | Premium,Clothes,312.51,1,2025-01-15,Marketplace,312.51
ORD-005829,C00516,Alex Nelson | France | Plus,Electronic Goods,142.87,4,2025-01-23,Retail Store,571.48
ORD-005830,C02290,Alex Garcia | Canada | Plus,Office Supplies,255.85,2,2025-06-14,Mobile App,511.7
ORD-005831,C02139,Henry Wilson | Singapore | Plus,Books,155.74,2,2025-07-16,Marketplace,311.48
ORD-005832,C02261,Omar Taylor | UAE | Basic,ELECTRONICS,600.12,6,2025-03-03,Mobile App,3600.72
ORD-005833,C01968,Ella Adams | United States | Basic,Office Supplies,160.87,2,2025-08-08,Marketplace,321.74
ORD-005834,C02223,Liam Johnson | Germany | Plus,Beauty,288.04,1,2026-04-25,Marketplace,288.04
ORD-005835,C02742,Ryan Martin | Singapore | Plus,Home Kitchen,311.63,3,2025-02-24,Mobile App,934.89
ORD-005836,C00686,Ethan Brown | Canada | Basic,TOYS,69.01,3,2025-04-13,Marketplace,207.03
ORD-005837,C00921,Liam Wilson | France | Plus,CLOTHING,527.05,2,2025-11-08,Website,1054.1
ORD-005838,C02930,Mia Johnson | Australia | Basic,BEAUTY,434.33,3,2026-04-09,Marketplace,1302.99
ORD-005839,C02667,Ava Clark | Singapore | Plus,Toy,156.96,6,2025-08-25,Website,941.76
ORD-005840,C01116,Jack Adams | Canada | Plus,Electronics,435.65,1,2025-12-14,Website,435.65
ORD-005841,C02052,Yusuf Carter | United Kingdom | Premium,Home & Kitchen,640.71,5,2025-08-30,Marketplace,3203.55
ORD-005842,C00014,Chloe Ahmed | Germany | Plus,Toys,239.23,2,2026-07-03,Website,478.46
ORD-005843,C02444,Daniel Miller | United Kingdom | Basic,Book,428.16,5,2025-09-15,Mobile App,2140.8
ORD-005844,C01816,Sophia Brown | UAE | Basic,Sports,-120.69,1,2025-07-29,Retail Store,120.69
ORD-005845,C01446,Sara Taylor | Canada | Plus,Clothing,226.6,5,2025-03-02,Mobile App,1133.0
ORD-005846,C00561,Mia Taylor | France | Basic,electronic,247.93,1,2026-07-12,Marketplace,247.93
ORD-005847,C02032,Ella Hassan | Canada | Plus,Beauty,49.47,3,2025-07-08,Marketplace,148.41
ORD-005848,C01623,Chloe Mitchell | France | Basic,Clothing,446.5,2,2025-04-12,Marketplace,893.0
ORD-005849,C01781,Alex King | United Kingdom | Premium,Home and Kitchen,80.96,1,2025-09-29,Website,80.96
ORD-005850,C02986,Yusuf Khan | UAE | Plus,Office Supplies,604.39,5,2025-10-09,Website,3021.95
ORD-005851,C00023,Ryan Smith | Germany | Basic,OFFICE SUPPLIES,522.51,1,2026-03-08,Website,522.51
ORD-005852,C00410,Isla Clark | Canada | Plus,electronic,149.12,6,2025-04-23,Retail Store,894.72
ORD-005853,C00990,Adam Wilson | Germany | Plus,BOOKS,370.43,6,2025-07-27,Mobile App,2222.58
ORD-005854,C00391,Zoe Ahmed | Australia | Basic,Clothing,496.56,6,2026-04-21,Marketplace,2979.36
ORD-005855,C00828,Sophia Smith | Canada | Basic,Home & Kitchen,91.84,3,2026-07-14,Retail Store,275.52
ORD-005856,C00410,Isla Clark | Canada | Plus,beauty ,171.58,2,2025-01-24,Website,343.16
ORD-005857,C00135,Lucas Green | UAE | Basic,Beauty,324.9,2,2025-12-09,Website,649.8
ORD-005858,C02184,Nora Young | France | Basic,Sports,36.48,6,2025-05-29,Retail Store,218.88
ORD-005859,C01096,Maya Mitchell | Australia | Premium,Electronics ,387.41,5,2026-01-16,Retail Store,1937.05
ORD-005860,C02881,Ava Miller | Canada | Plus,BOOKS,230.07,2,2025-02-08,Mobile App,460.14
ORD-005861,C01777,Henry Hall | France | Plus,Books,201.26,6,2025-05-23,Marketplace,1207.56
ORD-005862,C00298,Lina Lee | Singapore | Basic,Toys & Games,186.4,6,2025-10-20,Retail Store,1118.4
ORD-005863,C01919,Ryan Clark | Singapore | Basic,Beauty,274.83,5,2025-07-23,Mobile App,1374.15
ORD-005864,C00024,Lucas Johnson | Australia | Basic,Clothing,544.49,1,2026-01-11,Retail Store,544.49
ORD-005865,C00023,Ryan Smith | Germany | Basic,BOOKS,128.77,6,2025-08-25,Website,772.62
ORD-005866,C01186,Liam Ahmed | Australia | Basic,Sports,364.25,3,2026-01-06,Mobile App,1092.75
ORD-005867,C02829,Nora Davis | France | Basic,Toys,194.54,3,2025-09-02,Retail Store,583.62
ORD-005868,C00845,Liam Patel | Germany | Basic,HOME & KITCHEN,601.93,6,2025-05-27,Website,3611.58
ORD-005869,C00932,Daniel King | United Kingdom | Basic,Electronics,515.69,1,2025-01-08,Mobile App,515.69
ORD-005870,C02488,Alex Thomas | Canada | Basic,Home & Kitchen,200.03,6,2026-05-19,Marketplace,1200.18
ORD-005871,C01531,Zoe Baker | United States | Premium,Office Supplies,115.58,4,2026-03-03,Mobile App,462.32
ORD-005872,C01034,Daniel Garcia | Germany | Plus,Books & Media,158.02,3,2025-03-02,Marketplace,474.06
ORD-005873,C00874,Lucas Mitchell | Australia | Premium,Boks,587.89,6,2025-12-11,Marketplace,3527.34
ORD-005874,C00087,Maya Wright | UAE | Basic,BEAUTY,100.98,5,2026-07-01,Website,504.9
ORD-005875,C01615,Henry Walker | United Kingdom | Basic,Home & Kitchen,427.02,4,2025-12-01,Website,1708.08
ORD-005876,C02010,Alex Moore | Singapore | Plus,Sports & Fitness,591.86,2,2025-05-05,Marketplace,1183.72
ORD-005877,C01560,Adam Miller | Singapore | Premium,Sports,99.05,3,2025-11-09,Retail Store,297.15
ORD-005878,C02129,Ryan Adams | France | Premium,Toys,466.4,6,2026-07-11,Retail Store,2798.4
ORD-005879,C00726,Ryan Lewis | Singapore | Premium,Electronics,135.62,2,2025-08-17,Mobile App,271.24
ORD-005880,C00520,Sophia Davis | UAE | Basic,Office Supplies,175.57,5,2025-05-24,Retail Store,877.85
ORD-005881,C02845,Henry Hassan | UAE | Basic,Books,234.03,4,2026-07-17,Marketplace,936.12
ORD-005882,C02528,Sophia Martin | UAE | Plus,Beauty,603.06,5,2025-06-19,Mobile App,3015.3
ORD-005883,C02954,Henry Johnson | Germany | Basic,Sports,71.38,5,2025-12-29,Marketplace,356.9
ORD-005884,C02953,Chloe Wilson | Canada | Premium,Electronic Goods,445.49,6,2025-04-06,Marketplace,2672.94
ORD-005885,C00966,Nora Baker | Australia | Plus,Beauty,415.98,4,2025-09-30,Website,1663.92
ORD-005886,C02402,Ethan Taylor | Singapore | Basic,Book,645.12,4,2026-07-01,Website,2580.48
ORD-005887,C02958,Zoe Ahmed | Canada | Premium,SPORTS,197.8,2,2025-02-09,Retail Store,395.6
ORD-005888,C00614,Nora Martin | United Kingdom | Premium,Home Kitchen,68.5,4,2025-08-10,Marketplace,274.0
ORD-005889,C01068,Isla Thomas | France | Plus,Office Supplies,166.36,6,2025-03-02,Mobile App,998.16
ORD-005890,C01318,Sara Mitchell | Singapore | Plus,Clothing,258.55,6,2025-10-25,Website,1551.3
ORD-005891,C01087,Alex Johnson | Canada | Premium,Home & Ktchen,234.62,6,2026-04-11,Website,1407.72
ORD-005892,C02287,Yusuf Adams | Australia | Premium,Electronic Goods,370.23,3,2025-05-28,Mobile App,1110.69
ORD-005893,C02536,Adam Johnson | France | Basic,Toys,349.6,2,2026-01-10,Website,699.2
ORD-005894,C02617,Ethan Nelson | Germany | Basic,Books,336.78,1,2025-07-04,Retail Store,336.78
ORD-005895,C01140,Lina Patel | France | Basic,Clothes,247.24,3,2025-12-24,Mobile App,741.72
ORD-005896,C01522,Chloe Khan | United Kingdom | Premium,Electronics,639.16,2,2026-05-02,Mobile App,1278.32
ORD-005897,C01702,Nora Martin | Canada | Basic,BOOKS,247.65,2,2025-08-25,Retail Store,495.3
ORD-005898,C00460,Sophia Walker | Canada | Basic,Beauty,164.25,4,2026-05-27,Website,657.0
ORD-005899,C02658,Ethan Martin | UAE | Premium,electronic,348.31,3,2025-01-22,Marketplace,1044.93
ORD-005900,C00704,Liam Ahmed | Singapore | Plus,Toys,50.06,2,2025-07-01,Retail Store,100.12
ORD-005901,C01471,Olivia Ahmed | Canada | Basic,Clothng,188.27,4,2025-09-28,Marketplace,753.08
ORD-005902,C02471,Lucas Ahmed | UAE | Plus,Sports,153.89,4,2025-05-28,Website,615.56
ORD-005903,C01639,Lina Hall | United Kingdom | Plus,Electronics,37.17,3,2026-06-04,Retail Store,111.51
ORD-005904,C01145,Ella Davis | France | Basic,electronic,383.45,6,2025-09-30,Retail Store,2300.7
ORD-005905,C01146,Omar Moore | Singapore | Basic,OFFICE SUPPLIES,609.53,0,2026-01-08,Mobile App,3047.65
ORD-005906,C02544,Isla Carter | UAE | Plus,CLOTHING,521.7,2,2025-11-29,Marketplace,1043.4
ORD-005907,C00613,Ella Clark | Germany | Plus,Toys,299.56,4,2025-03-25,Mobile App,1198.24
ORD-005908,C01678,Sara Wright | United Kingdom | Plus,Office Supplies,284.5,2,2025-04-05,Retail Store,569.0
ORD-005909,C01587,Yusuf Taylor | France | Basic,Office Supplies,84.82,2,2026-04-14,Retail Store,169.64
ORD-005910,C01429,Noah Wright | Singapore | Basic,BOOKS,177.98,3,2026-05-06,Mobile App,533.94
ORD-005911,C00099,Yusuf Miller | Singapore | Basic,Books,633.47,2,2026-03-30,Retail Store,1266.94
ORD-005912,C02412,Sam Green | United Kingdom | Premium,Office Supplies,287.11,6,2026-04-17,Retail Store,1722.66
ORD-005913,C00616,Sam Lewis | United States | Basic,Books,430.6,4,2025-02-21,Retail Store,1722.4
ORD-005914,C00905,Sophia Carter | Germany | Plus,Electronics,386.26,4,2025-06-27,Mobile App,1545.04
ORD-005915,C02903,Ella Smith | United Kingdom | Basic,Sport,364.45,6,2025-03-20,Retail Store,2186.7
ORD-005916,C02049,Leo Garcia | UAE | Plus,Office Supples,410.53,6,2026-03-05,Mobile App,2463.18
ORD-005917,C02549,Ethan Davis | Australia | Plus,Beauty,617.51,5,2026-07-22,Website,3087.55
ORD-005918,C01574,Olivia Brown | Singapore | Premium,Beauty,345.42,5,2026-03-25,Mobile App,1727.1
ORD-005919,C01345,Amelia Taylor | United Kingdom | Basic,HOME & KITCHEN,550.32,3,2026-04-19,Mobile App,1650.96
ORD-005920,C01225,Liam Moore | Canada | Basic,Books & Media,343.73,4,2025-01-03,Website,1374.92
ORD-005921,C02541,Yusuf Hassan | United Kingdom | Basic,Books,175.22,6,2025-06-17,Mobile App,1051.32
ORD-005922,C02652,Henry Green | UAE | Premium,Toys & Games,71.22,6,2026-02-26,Mobile App,427.32
ORD-005923,C02995,Lucas Anderson | UAE | Basic,Electronics,577.65,5,2025-05-16,Retail Store,2888.25
ORD-005924,C02211,Daniel Smith | Germany | Plus,Toys,478.04,4,2026-05-17,Retail Store,1912.16
ORD-005925,C01752,Sara Taylor | Australia | Basic,Sport,155.47,4,2026-01-17,Mobile App,621.88
ORD-005926,C01947,Henry Walker | United Kingdom | Basic,Sports,515.34,1,2026-04-09,Marketplace,515.34
ORD-005927,C01507,Leo Taylor | UAE | Premium,Electronics,366.59,6,2025-04-27,Mobile App,2199.54
ORD-005928,C02091,Emma Lee | Germany | Premium,Sports & Fitness,40.19,5,2025-03-09,Retail Store,200.95
ORD-005929,C01300,Lina Hassan | Australia | Basic,Beauty Products,91.7,6,2026-04-26,Website,550.2
ORD-005930,C02037,Ella King | United States | Plus,OFFICE SUPPLIES,429.42,5,2026-07-04,Retail Store,2147.1
ORD-005931,C00507,Ava Mitchell | Singapore | Basic,Beauty,51.59,6,2026-03-13,Marketplace,309.54
ORD-005932,C00165,Maya Wright | United Kingdom | Basic,Beauty,91.73,1,2025-01-27,Mobile App,91.73
ORD-005933,C00700,Yusuf Smith | United States | Basic,Beautyy,547.81,3,2026-03-20,Website,1643.43
ORD-005934,C02854,Sophia Davis | UAE | Premium,Toys,456.55,4,2026-01-04,Retail Store,1826.2
ORD-005935,C01631,Sara Wilson | United Kingdom | Basic,Toys ,235.5,4,2026-05-25,Website,942.0
ORD-005936,C01224,Noah Lewis | Singapore | Basic,Sports,136.71,5,2025-06-29,Mobile App,683.55
ORD-005937,C02759,Ryan Lewis | Germany | Basic,Books,464.87,5,2025-07-11,Retail Store,2324.35
ORD-005938,C02453,Maya King | Germany | Basic,Home & Kitchen,377.59,3,2026-01-10,Retail Store,1132.77
ORD-005939,C01821,Ella Wright | Singapore | Plus,Books,546.01,2,2026-07-21,Marketplace,1092.02
ORD-005940,C00227,Nora Garcia | Canada | Plus,Office Supplies,200.23,3,2025-06-08,Website,600.69
ORD-005941,C02541,Yusuf Hassan | United Kingdom | Basic,Beauty,449.44,4,2025-05-26,Retail Store,1797.76
ORD-005942,C01882,Omar Anderson | Canada | Premium,Boks,329.41,1,2025-03-21,Retail Store,329.41
ORD-005943,C01679,Nora Garcia | Germany | Premium,Electronics,81.07,6,2025-02-17,Website,486.42
ORD-005944,C00325,Olivia Johnson | France | Plus,Office Supplies,265.61,4,2025-02-17,Website,1062.44
ORD-005945,C00733,Ella King | Australia | Basic,Beauty,598.3,6,2026-03-17,Marketplace,3589.8
ORD-005946,C00536,Adam Young | UAE | Plus,Sports,166.99,2,2025-11-24,Mobile App,333.98
ORD-005947,C00578,Yusuf Lewis | United Kingdom | Plus,electronic,113.64,1,2025-09-24,Marketplace,113.64
ORD-005948,C02682,Liam Taylor | France | Basic,Toys,77.28,6,2025-01-24,Mobile App,463.68
ORD-005949,C01479,Ryan Khan | France | Plus,Boks,534.6,6,2025-09-16,Website,3207.6
ORD-005950,C00327,Sara Khan | France | Premium,Sports,221.64,4,2025-12-23,Mobile App,886.56
ORD-005951,C01349,Lina Walker | United States | Plus,Clothing,212.78,4,2025-08-14,Retail Store,851.12
ORD-005952,C01242,Maya Patel | United States | Plus,Clothing,428.12,5,2025-06-30,Retail Store,2140.6
ORD-005953,C00605,Layla Nelson | Germany | Plus,Office Supplies,105.55,4,2025-07-16,Website,422.2
ORD-005954,C01175,Ava Garcia | UAE | Basic,SPORTS,72.49,4,2025-08-31,Mobile App,289.96
ORD-005955,C02090,James Martin | Germany | Plus,Clothng,407.08,5,2026-04-09,Website,2035.4
ORD-005956,C02457,Liam Patel | Singapore | Basic,Electronics,475.96,5,2026-07-15,Website,2379.8
ORD-005957,C02261,Omar Taylor | UAE | Basic,Beauty,53.41,4,2025-09-22,Marketplace,213.64
ORD-005958,C02370,Liam Lewis | Canada | Premium,Electronics,74.67,6,2026-03-09,Marketplace,448.02
ORD-005959,C01737,Ryan Clark | Germany | Plus,ELECTRONICS,463.82,4,2026-06-25,Retail Store,1855.28
ORD-005960,C02109,Zoe Smith | UAE | Premium,Clothing,129.18,1,2025-04-13,Mobile App,129.18
ORD-005961,C02640,Zoe Khan | Australia | Premium,Office Supples,404.5,4,2025-02-08,Marketplace,1618.0
ORD-005962,C00783,Nora Garcia | United Kingdom | Basic,Office Supplies,452.51,6,2025-12-16,Mobile App,2715.06
ORD-005963,C02991,Olivia Adams | Germany | Basic,Boks,297.61,5,2025-02-25,Mobile App,1488.05
ORD-005964,C02329,Nora Martin | United Kingdom | Basic,Office Supples,137.97,4,2026-06-11,Website,551.88
ORD-005965,C00126,Olivia Baker | Germany | Basic,Boks,436.5,3,2025-07-18,Mobile App,1309.5
ORD-005966,C02675,Sophia Moore | United Kingdom | Plus,Toys & Games,611.71,6,2025-11-16,Marketplace,3670.26
ORD-005967,C00505,Leo Smith | Germany | Premium,ELECTRONICS,613.44,2,2025-05-25,Website,1226.88
ORD-005968,C00138,Sam Wilson | Singapore | Basic,Toys,119.34,4,2025-07-14,Mobile App,477.36
ORD-005969,C01064,Isla Brown | Singapore | Basic,Office Supplies,154.65,5,2025-06-21,Website,773.25
ORD-005970,C00261,Chloe Walker | UAE | Plus,Books,262.43,3,2025-11-19,Retail Store,787.29
ORD-005971,C00899,Noah Patel | Canada | Basic,Beautyy,462.57,1,2025-09-14,Website,462.57
ORD-005972,C01366,Lina Wilson | United States | Basic,Toys,562.97,2,2025-07-01,Marketplace,1125.94
ORD-005973,C00927,Liam Carter | Germany | Plus,Beauty,301.88,5,2025-06-07,Marketplace,1509.4
ORD-005974,C01941,Yusuf Baker | Canada | Plus,Toys ,183.47,4,2025-08-22,Marketplace,733.88
ORD-005975,C02608,Ava Adams | Australia | Premium,Sports & Fitness,501.56,1,2026-01-28,Marketplace,501.56
ORD-005976,C00508,Ethan Johnson | United Kingdom | Basic,Office Supplies,181.63,2,2026-02-05,Retail Store,363.26
ORD-005977,C01351,Ethan Young | UAE | Basic,Books,254.15,2,2025-01-06,Website,508.3
ORD-005978,C01311,Sophia Brown | United States | Basic,Electronics ,615.93,5,2025-05-15,Mobile App,3079.65
ORD-005979,C02513,Sam Walker | Australia | Premium,Sports,100.4,2,2025-08-18,Mobile App,200.8
ORD-005980,C01904,Ryan Moore | UAE | Basic,Electronics,513.8,3,2025-02-12,Mobile App,1541.4
ORD-005981,C02656,Lina Green | United Kingdom | Basic,Toys ,113.11,4,2025-11-02,Mobile App,452.44
ORD-005982,C00143,Omar Moore | UAE | Basic,Toys,128.12,4,2025-10-08,Marketplace,512.48
ORD-005983,C00506,Chloe King | UAE | Basic,Beauty,402.5,1,2025-05-30,Marketplace,402.5
ORD-005984,C01365,Omar Thomas | Singapore | Plus,Toys,162.99,6,2026-01-24,Website,977.94
ORD-005985,C02644,Mia Baker | Australia | Basic,Beauty,133.56,4,2025-10-31,Retail Store,534.24
ORD-005986,C01718,Mia Thomas | United States | Plus,Clothing & Apparel,68.91,6,2026-06-27,Website,413.46
ORD-005987,C01673,Olivia Thomas | Singapore | Premium,Clothng,574.73,2,2025-04-18,Website,1149.46
ORD-005988,C02854,Sophia Davis | UAE | Premium,Clothing,557.89,4,2025-12-09,Retail Store,2231.56
ORD-005989,C01601,Daniel Moore | United Kingdom | Premium,Office Supples,224.3,6,2026-03-31,Website,1345.8
ORD-005990,C00865,Liam King | United States | Basic,Books,397.87,2,2026-07-04,Website,795.74
ORD-005991,C00036,Noah Khan | United States | Premium,Books,361.49,2,2025-11-29,Mobile App,722.98
ORD-005992,C01039,Mia King | France | Plus,Office Supply,450.12,3,2026-01-02,Marketplace,1350.36
ORD-005993,C01456,Yusuf Young | Australia | Basic,Electronic Goods,215.09,3,2026-07-08,Marketplace,645.27
ORD-005994,C02461,Ethan Patel | United States | Plus,Electronics,204.06,1,2026-07-16,Retail Store,204.06
ORD-005995,C02110,Adam Green | Australia | Basic,Book,564.1,5,2025-11-08,Marketplace,2820.5
ORD-005996,C00005,Ava Lewis | UAE | Premium,Toys,380.01,4,2025-02-05,Marketplace,1520.04
ORD-005997,C02442,Ethan Johnson | United States | Plus,Books,421.12,6,2025-04-18,Website,2526.72
ORD-005998,C00768,Ethan Miller | UAE | Basic,Electronic Goods,306.23,4,2025-07-18,Website,1224.92
ORD-005999,C02184,Nora Young | France | Basic,Home & Kitchen,112.09,1,2025-08-14,Mobile App,112.09
ORD-006000,C00831,Ella Davis | Australia | Basic,Toys & Games,295.86,4,2025-12-20,Mobile App,1183.44
ORD-006001,C02312,Yusuf Davis | France | Plus,Office Supplies,157.89,3,2025-11-11,Website,473.67
ORD-006002,C02889,Lina Lee | UAE | Plus,beauty ,295.9,6,2025-04-17,Mobile App,1775.4
ORD-006003,C00588,Isla Johnson | Australia | Basic,Clothing,97.39,2,2026-01-02,Marketplace,194.78
ORD-006004,C02642,Noah Adams | Australia | Plus,Electronics,278.92,1,2026-05-13,Marketplace,278.92
ORD-006005,C00727,Zoe Mitchell | Singapore | Plus,Beauty,538.72,6,2025-04-01,Marketplace,3232.32
ORD-006006,C01234,Omar Miller | United States | Premium,Books,491.04,5,2025-01-16,Mobile App,2455.2
ORD-006007,C02775,Amelia Johnson | United States | Plus,Books & Media,54.52,6,2025-03-14,Retail Store,327.12
ORD-006008,C02188,Ava Adams | United Kingdom | Plus,Home & Ktchen,73.22,4,2026-05-09,Retail Store,292.88
ORD-006009,C02779,Sara Green | Germany | Plus,Office Supplies,414.95,5,2025-12-09,Website,2074.75
ORD-006010,C02890,Lina Hassan | Germany | Premium,Book,14.19,4,2025-07-14,Retail Store,56.76
ORD-006011,C00705,Emma Carter | United Kingdom | Basic,Electronics,415.37,2,2025-11-02,Website,830.74
ORD-006012,C01163,Liam Moore | Australia | Premium,Boks,109.15,1,2026-04-01,Marketplace,109.15
ORD-006013,C01740,Nora Miller | France | Plus,SPORTS,135.99,3,2025-03-13,Marketplace,407.97
ORD-006014,C01381,Daniel Khan | Australia | Basic,CLOTHING,107.97,1,2025-01-17,Marketplace,107.97
ORD-006015,C00979,Sophia Anderson | Singapore | Basic,HOME & KITCHEN,635.05,5,2026-07-04,Retail Store,3175.25
ORD-006016,C01753,Chloe Adams | France | Basic,Office Supplies,196.05,4,2026-05-29,Mobile App,784.2
ORD-006017,C01568,Sophia Brown | United Kingdom | Basic,Sports,29.85,2,2025-10-17,Website,59.7
ORD-006018,C01665,Ethan Adams | Australia | Basic,Clothing,584.86,5,2025-01-02,Retail Store,2924.3
ORD-006019,C00137,Ella Smith | Canada | Premium,Home Kitchen,80.12,4,2026-06-12,Retail Store,320.48
ORD-006020,C00233,Alex Wilson | UAE | Basic,Beauty,579.33,2,2025-05-13,Marketplace,1158.66
ORD-006021,C01598,Chloe Nelson | United States | Plus,Office Supplies,64.78,2,2026-02-02,Marketplace,129.56
ORD-006022,C00646,Ella Lewis | UAE | Basic,Clothing & Apparel,527.68,5,2025-06-29,Mobile App,2638.4
ORD-006023,C00580,Maya Anderson | UAE | Basic,Book,271.51,5,2026-03-19,Marketplace,1357.55
ORD-006024,C02944,Sara Garcia | Canada | Plus,Office Supply,144.33,4,2025-06-02,Mobile App,577.32
ORD-006025,C02016,Yusuf Garcia | UAE | Premium,Beauty,465.84,5,2025-06-18,Mobile App,2329.2
ORD-006026,C02660,Olivia Khan | Canada | Plus,Home & Kitchen,203.96,2,2025-01-06,Retail Store,407.92
ORD-006027,C00295,Ava Patel | Singapore | Basic,Toy,192.92,6,2025-01-21,Marketplace,1157.52
ORD-006028,C01623,Chloe Mitchell | France | Basic,beauty ,600.43,3,2025-01-28,Marketplace,1801.29
ORD-006029,C02955,Ella Johnson | Australia | Basic,Toy,344.07,6,2026-01-27,Website,2064.42
ORD-006030,C01760,Omar Hassan | Singapore | Premium,Home & Kitchen,411.4,2,2026-06-19,Website,822.8
ORD-006031,C00640,Jack Carter | Singapore | Basic,Clothing,126.62,1,2026-02-06,Mobile App,126.62
ORD-006032,C00342,Sam Young | United Kingdom | Basic,Office Supplies,38.04,4,2025-11-01,Website,152.16
ORD-006033,C01218,Chloe Smith | UAE | Plus,Beauty,101.6,3,2026-03-03,Marketplace,304.8
ORD-006034,C01537,Sara Wright | Australia | Basic,Beauty,42.71,4,2026-02-18,Marketplace,170.84
ORD-006035,C01009,Liam Khan | Canada | Basic,ELECTRONICS,289.35,1,2025-11-09,Retail Store,289.35
ORD-006036,C01612,Ava Lee | Germany | Plus,Toys ,625.41,1,2026-01-01,Mobile App,625.41
ORD-006037,C00294,Layla Garcia | Singapore | Plus,Sport,493.66,4,2025-08-03,Retail Store,1974.64
ORD-006038,C01163,Liam Moore | Australia | Premium,Office Supplies,395.1,6,2025-08-18,Retail Store,2370.6
ORD-006039,C01935,Alex Hassan | UAE | Premium,Office  Supplies,203.55,2,2025-06-30,Marketplace,407.1
ORD-006040,C00692,Sara Hall | Singapore | Premium,Office Supplies,53.84,6,2026-07-06,Retail Store,323.04
ORD-006041,C02624,Noah Lee | Germany | Basic,Toys & Games,93.36,1,2026-06-01,Mobile App,93.36
ORD-006042,C01748,Zoe Mitchell | United Kingdom | Basic,Home & Kitchen,382.22,6,2026-07-21,Retail Store,2293.32
ORD-006043,C01837,Leo Lewis | Germany | Basic,Book,54.57,5,2025-11-16,Website,272.85
ORD-006044,C01668,Emma Smith | Canada | Plus,Home & Kitchen,230.44,4,2025-04-03,Website,921.76
ORD-006045,C01206,Liam Lewis | United States | Basic,electronic,542.87,4,2025-07-12,Mobile App,2171.48
ORD-006046,C01326,Ava Clark | Australia | Premium,Toys,342.01,3,2025-01-31,Retail Store,1026.03
ORD-006047,C00655,Noah Khan | Germany | Plus,Books,230.71,4,2026-02-06,Mobile App,922.84
ORD-006048,C02577,Liam Green | United Kingdom | Basic,TOYS,604.97,1,2025-01-27,Marketplace,604.97
ORD-006049,C01077,Lucas Taylor | United Kingdom | Basic,Home & Kitchen,330.24,2,2026-05-11,Retail Store,660.48
ORD-006050,C01227,Isla Thomas | Australia | Basic,Office Supples,80.48,1,2026-01-20,Mobile App,80.48
ORD-006051,C00068,Henry Hassan | UAE | Plus,Beautyy,251.84,2,2026-05-19,Website,503.68
ORD-006052,C01639,Lina Hall | United Kingdom | Plus,Clothing & Apparel,367.18,6,2025-08-02,Retail Store,2203.08
ORD-006053,C02213,Isla Nelson | Germany | Basic,Clothng,95.91,6,2025-07-26,Marketplace,575.46
ORD-006054,C01207,Amelia Wright | Australia | Basic,Sports,112.02,1,2025-01-20,Marketplace,112.02
ORD-006055,C01473,Isla Smith | United Kingdom | Premium,Toys,234.96,5,2026-01-08,Mobile App,1174.8
ORD-006056,C01189,Leo Baker | United States | Basic,Electronics,44.23,1,2025-11-20,Website,44.23
ORD-006057,C00090,Lucas Khan | United Kingdom | Plus,Toy,15.65,4,2026-07-24,Website,62.6
ORD-006058,C02371,Nora Mitchell | Canada | Plus,Clothing,175.22,6,2026-05-31,Website,1051.32
ORD-006059,C01380,Yusuf Hall | Canada | Basic,Sports,538.55,3,2025-02-27,Mobile App,1615.65
ORD-006060,C00454,Henry Hassan | United Kingdom | Plus,Home & Kitchen,258.38,6,2025-02-14,Mobile App,1550.28
ORD-006061,C02208,Layla Hall | Germany | Plus,Beauty,172.82,1,2026-06-03,Retail Store,172.82
ORD-006062,C01434,Chloe Hassan | UAE | Basic,TOYS,432.74,5,2025-04-07,Retail Store,2163.7
ORD-006063,C02261,Omar Taylor | UAE | Basic,HOME & KITCHEN,644.32,3,2026-07-20,Mobile App,1932.96
ORD-006064,C01573,Liam Green | United Kingdom | Basic,Home Kitchen,210.49,1,2025-08-14,Mobile App,210.49
ORD-006065,C01548,Daniel Moore | Germany | Plus,Toys & Games,190.55,3,2025-07-21,Marketplace,571.65
ORD-006066,C01911,Sophia Carter | Singapore | Basic,Books,196.68,2,2025-05-26,Retail Store,393.36
ORD-006067,C01908,Maya Baker | United Kingdom | Basic,BOOKS,286.5,4,2025-03-08,Website,1146.0
ORD-006068,C01348,Liam Khan | Germany | Basic,Clothing,57.05,6,2026-02-23,Website,342.3
ORD-006069,C02443,Chloe Walker | UAE | Basic,Toys,245.26,1,2026-06-08,Retail Store,245.26
ORD-006070,C01753,Chloe Adams | France | Basic,Toys,631.95,6,2026-04-28,Mobile App,3791.7
ORD-006071,C02770,Yusuf Wilson | UAE | Premium,TOYS,488.73,3,2026-04-28,Mobile App,1466.19
ORD-006072,C00070,Nora Green | Singapore | Plus,Office Supplies,469.72,5,2025-06-03,Retail Store,2348.6
ORD-006073,C02452,Jack Walker | France | Plus,Office Supples,93.5,6,2026-05-24,Mobile App,561.0
ORD-006074,C00052,Maya Lewis | UAE | Basic,Home & Ktchen,282.07,5,2025-11-09,Retail Store,1410.35
ORD-006075,C01528,Daniel Taylor | Singapore | Basic,Beauty,569.53,3,2026-02-05,Marketplace,1708.59
ORD-006076,C02277,Ethan Clark | France | Premium,Books,279.74,5,2025-10-30,Marketplace,1398.7
ORD-006077,C00928,Adam Nelson | Germany | Premium,Electroncs,183.31,5,2025-11-07,Marketplace,916.55
ORD-006078,C01910,Ethan Baker | Australia | Basic,Clothng,529.32,6,2026-04-11,Mobile App,3175.92
ORD-006079,C02265,Amelia Green | Singapore | Plus,Home & Kitchen,468.23,4,2026-04-26,Mobile App,1872.92
ORD-006080,C02169,Lina Patel | United Kingdom | Plus,Home & Kitchen,61.38,4,2025-01-22,Mobile App,245.52
ORD-006081,C02569,Nora Khan | France | Basic,SPORTS,568.2,4,2026-02-17,Mobile App,2272.8
ORD-006082,C02437,Zoe Smith | Australia | Premium,Home & Kitchen,506.58,6,2025-10-18,Retail Store,3039.48
ORD-006083,C00845,Liam Patel | Germany | Basic,Office Supplies,444.26,4,2026-01-28,Marketplace,1777.04
ORD-006084,C02390,Daniel Davis | France | Premium,Toys,77.77,4,2025-03-24,Retail Store,311.08
ORD-006085,C01460,Sophia Wright | Canada | Premium,Sports,285.23,5,2026-03-28,Marketplace,1426.15
ORD-006086,C00465,Chloe Moore | France | Basic,Home & Ktchen,276.82,3,2025-08-12,Marketplace,830.46
ORD-006087,C01145,Ella Davis | France | Basic,Electronics,83.25,2,2025-04-14,Retail Store,166.5
ORD-006088,C00748,Zoe Miller | Singapore | Basic,Toy,625.2,5,2026-05-07,Mobile App,3126.0
ORD-006089,C01864,Yusuf King | United Kingdom | Basic,Sports,251.19,2,2025-08-01,Retail Store,502.38
ORD-006090,C00817,Jack Hall | France | Plus,Home & Kitchen,119.5,5,2025-07-18,Retail Store,597.5
ORD-006091,C02383,Omar Brown | Singapore | Basic,Home Kitchen,36.21,1,2026-04-30,Retail Store,36.21
ORD-006092,C00647,Jack Brown | United States | Plus,Toys,627.56,3,2025-03-30,Marketplace,1882.68
ORD-006093,C02967,Ella Taylor | Canada | Premium,OFFICE SUPPLIES,54.34,1,2026-07-11,Mobile App,54.34
ORD-006094,C02767,James Wright | Australia | Plus,Book,57.99,3,2026-01-27,Marketplace,173.97
ORD-006095,C01584,Emma Thomas | Australia | Basic,Electronics,233.14,1,2025-01-02,Retail Store,233.14
ORD-006096,C02622,Sara Patel | Canada | Basic,Toys,360.01,2,2025-07-25,Website,720.02
ORD-006097,C00130,Yusuf Garcia | Singapore | Plus,Books,453.99,4,2026-06-06,Retail Store,1815.96
ORD-006098,C02188,Ava Adams | United Kingdom | Plus,Clothes,104.85,2,2025-05-10,Website,209.7
ORD-006099,C00076,Nora Johnson | Australia | Basic,Toys ,470.77,3,2026-05-05,Retail Store,1412.31
ORD-006100,C01253,Lina Clark | Singapore | Basic,Home & Kitchen,417.76,2,2025-03-26,Website,835.52
ORD-006101,C00864,James Green | United States | Basic,Boks,468.43,1,2026-07-17,Retail Store,468.43
ORD-006102,C00709,Henry Clark | United Kingdom | Plus,HOME & KITCHEN,187.77,1,2026-03-16,Retail Store,187.77
ORD-006103,C02151,Omar Ahmed | Germany | Premium,Office Supply,623.75,1,2025-05-04,Retail Store,623.75
ORD-006104,C02502,Lucas Wilson | United Kingdom | Plus,Toys,621.5,1,2026-05-11,Website,621.5
ORD-006105,C00602,Isla King | Germany | Basic,Sports,454.98,4,2026-06-04,Mobile App,1819.92
ORD-006106,C01628,Ava Smith | UAE | Premium,Clothing,8.95,5,2025-04-09,Retail Store,44.75
ORD-006107,C02745,Isla Anderson | United Kingdom | Basic,Toys,72.89,6,2025-08-19,Retail Store,437.34
ORD-006108,C01670,Amelia Martin | Germany | Basic,Beauty,623.91,2,2025-02-09,Retail Store,1247.82
ORD-006109,C00258,Liam Lewis | Canada | Basic,Electronics,558.63,2,2026-01-08,Website,1117.26
ORD-006110,C02339,Mia Anderson | United Kingdom | Basic,TOYS,376.05,5,2026-05-12,Mobile App,1880.25
ORD-006111,C01207,Amelia Wright | Australia | Basic,Home and Kitchen,11.55,4,2025-05-29,Marketplace,46.2
ORD-006112,C02852,Daniel Davis | United States | Premium,Office Supplies,308.46,6,2025-11-06,Mobile App,1850.76
ORD-006113,C01273,Amelia Martin | Singapore | Basic,Books,438.38,1,2026-04-24,Marketplace,438.38
ORD-006114,C01543,Layla Lee | Canada | Premium,TOYS,541.5,1,2026-02-12,Mobile App,541.5
ORD-006115,C00359,Sophia Mitchell | Canada | Basic,Sports,382.52,2,2025-07-04,Marketplace,765.04
ORD-006116,C00041,Ryan Moore | UAE | Premium,HOME & KITCHEN,318.01,5,2026-01-29,Website,1590.05
ORD-006117,C00164,Ava Thomas | Australia | Plus,Sports,259.41,1,2026-05-30,Website,259.41
ORD-006118,C02279,Sophia Patel | Germany | Basic,Office Supplies,313.32,6,2025-02-04,Marketplace,1879.92
ORD-006119,C02699,Layla Khan | United Kingdom | Basic,Home Kitchen,151.66,5,2026-06-21,Mobile App,758.3
ORD-006120,C02784,Ethan Moore | UAE | Basic,electronic,226.99,3,2026-06-07,Website,680.97
ORD-006121,C01617,Nora Young | Canada | Premium,OFFICE SUPPLIES,559.98,5,2025-09-06,Website,2799.9
ORD-006122,C01111,Yusuf Davis | Canada | Basic,Beauty Products,63.74,1,2026-01-10,Website,63.74
ORD-006123,C01433,Adam Smith | Singapore | Basic,Beauty,57.75,1,2026-07-18,Retail Store,57.75
ORD-006124,C01613,Liam Thomas | UAE | Premium,CLOTHING,600.32,4,2025-07-10,Marketplace,2401.28
ORD-006125,C00441,Chloe Smith | Germany | Basic,Beauty,474.96,3,2025-09-12,Marketplace,1424.88
ORD-006126,C00512,Olivia Baker | United Kingdom | Plus,Electronics,371.78,6,2025-07-11,Mobile App,2230.68
ORD-006127,C00743,Sophia Green | United Kingdom | Basic,Books,569.95,6,2025-09-18,Marketplace,3419.7
ORD-006128,C00113,Liam Davis | United Kingdom | Basic,Toys,554.95,1,2025-07-01,Mobile App,554.95
ORD-006129,C00550,Sara Thomas | UAE | Premium,ELECTRONICS,538.81,4,2025-10-12,Retail Store,2155.24
ORD-006130,C00270,Maya Walker | United Kingdom | Plus,Sports & Fitness,115.45,5,2025-12-12,Website,577.25
ORD-006131,C01207,Amelia Wright | Australia | Basic,Sports,518.49,1,2026-05-10,Mobile App,518.49
ORD-006132,C01145,Ella Davis | France | Basic,Clothing,508.59,1,2025-03-20,Mobile App,508.59
ORD-006133,C00228,Ella Lee | UAE | Basic,electronic,526.52,1,2026-04-08,Website,526.52
ORD-006134,C02156,Sam Thomas | United Kingdom | Plus,Office  Supplies,226.04,2,2026-06-15,Marketplace,452.08
ORD-006135,C01812,Zoe Hassan | Canada | Plus,Sports,107.07,3,2025-03-02,Marketplace,321.21
ORD-006136,C01902,Sara Young | United Kingdom | Plus,Electronic Goods,241.25,4,2026-01-19,Mobile App,965.0
ORD-006137,C01295,Layla Hall | Singapore | Basic,Office Supplies,127.56,6,2026-05-06,Mobile App,765.36
ORD-006138,C02464,Lina Martin | United States | Premium,Electroncs,284.07,6,2026-07-05,Website,1704.42
ORD-006139,C00285,Alex Hall | Germany | Basic,Office Supplies,424.76,1,2025-08-22,Retail Store,424.76
ORD-006140,C00210,Maya Walker | Canada | Basic,Beautyy,53.33,6,2026-05-16,Website,319.98
ORD-006141,C01583,Adam Ahmed | Canada | Plus,Office Supplies,41.86,4,2025-05-29,Marketplace,167.44
ORD-006142,C00325,Olivia Johnson | France | Plus,Electronic Goods,111.6,4,2025-01-17,Mobile App,446.4
ORD-006143,C00055,Chloe Young | Australia | Plus,SPORTS,498.52,1,2025-03-30,Marketplace,498.52
ORD-006144,C02906,Lucas Miller | Australia | Basic,Sport,160.27,5,2025-09-19,Website,801.35
ORD-006145,C01350,Sara Ahmed | France | Plus,Sprots,51.53,6,2026-06-13,Mobile App,309.18
ORD-006146,C00942,Ethan Ahmed | Germany | Basic,Electronics,58.69,2,2026-04-19,Mobile App,117.38
ORD-006147,C02326,Lucas Miller | United States | Premium,OFFICE SUPPLIES,296.9,5,2026-04-18,Website,1484.5
ORD-006148,C00862,Amelia Mitchell | United Kingdom | Plus,Electronics,333.55,2,2026-02-13,Website,667.1
ORD-006149,C02407,Amelia Hall | France | Basic,Electronics,530.1,4,2026-04-15,Retail Store,2120.4
ORD-006150,C01154,Liam Miller | France | Basic,Beauty Products,481.11,4,2026-04-19,Marketplace,1924.44
ORD-006151,C00612,James Johnson | United States | Basic,Clothing,404.4,5,2025-03-09,Mobile App,2022.0
ORD-006152,C02145,Amelia Mitchell | France | Basic,CLOTHING,152.57,1,2026-04-17,Marketplace,152.57
ORD-006153,C01026,Daniel Taylor | Canada | Basic,CLOTHING,518.38,1,2026-01-03,Marketplace,518.38
ORD-006154,C01152,Omar Davis | Germany | Plus,Beautyy,174.68,2,2025-02-12,Mobile App,349.36
ORD-006155,C01528,Daniel Taylor | Singapore | Basic,Clothing & Apparel,13.47,1,2026-06-22,Mobile App,13.47
ORD-006156,C02595,Olivia King | Germany | Plus,Home & Kitchen,580.64,1,2026-04-09,Marketplace,580.64
ORD-006157,C02194,Layla Miller | Canada | Plus,Clothing,394.17,3,2026-03-20,Marketplace,1182.51
ORD-006158,C02762,Lina Walker | Canada | Plus,Toy,486.46,5,2025-05-18,Marketplace,2432.3
ORD-006159,C01028,Mia Moore | Canada | Basic,OFFICE SUPPLIES,219.91,4,2026-06-08,Website,879.64
ORD-006160,C01843,Ethan Walker | Canada | Basic,Toys,129.5,3,2025-10-09,Retail Store,388.5
ORD-006161,C02147,Lina Walker | Canada | Premium,Home & Ktchen,79.44,6,2025-05-02,Retail Store,476.64
ORD-006162,C00620,Adam Clark | Australia | Basic,HOME & KITCHEN,373.18,5,2026-05-07,Marketplace,1865.9
ORD-006163,C01168,Olivia Brown | Germany | Basic,Toys,65.33,2,2025-04-01,Marketplace,130.66
ORD-006164,C02777,Alex Anderson | France | Basic,Home & Kitchen,81.31,5,2025-01-20,Retail Store,406.55
ORD-006165,C00194,Yusuf Brown | United States | Basic,Boks,82.02,3,2026-01-21,Marketplace,246.06
ORD-006166,C02359,Adam Wright | France | Plus,Beauty,251.9,1,2026-03-12,Website,251.9
ORD-006167,C02527,Layla Baker | Germany | Plus,Electronics,182.05,6,2026-06-15,Marketplace,1092.3
ORD-006168,C00672,Liam Wright | UAE | Basic,Clothing,549.32,4,2026-04-21,Website,2197.28
ORD-006169,C02456,Lucas Wright | United States | Basic,Sports,594.44,6,2025-10-31,Retail Store,3566.64
ORD-006170,C00815,Sara Lee | United Kingdom | Premium,Electronic Goods,234.11,4,2025-12-15,Mobile App,936.44
ORD-006171,C00664,Yusuf Carter | United States | Premium,Boks,435.97,3,2026-01-05,Website,1307.91
ORD-006172,C00966,Nora Baker | Australia | Plus,Sports,606.94,6,2026-01-17,Marketplace,3641.64
ORD-006173,C00805,Omar Clark | UAE | Premium,Beauty,274.33,3,2025-08-13,Marketplace,822.99
ORD-006174,C01459,Leo Hassan | Singapore | Plus,Home & Kitchen,361.92,4,2025-07-19,Retail Store,1447.68
ORD-006175,C01940,Liam Green | United Kingdom | Basic,Office Supples,205.4,1,2026-05-25,Website,205.4
ORD-006176,C02057,Emma Khan | France | Plus,Books,481.23,1,2026-03-12,Marketplace,481.23
ORD-006177,C01705,Nora Ahmed | Canada | Plus,Boks,478.97,3,2025-06-16,Marketplace,1436.91
ORD-006178,C00076,Nora Johnson | Australia | Basic,Sprots,285.44,4,2026-02-16,Marketplace,1141.76
ORD-006179,C01520,Layla Miller | UAE | Plus,Boks,7.78,3,2026-02-07,Marketplace,23.34
ORD-006180,C00613,Ella Clark | Germany | Plus,Clothing,128.82,5,2025-08-26,Website,644.1
ORD-006181,C02564,Yusuf King | France | Premium,Electronics,437.05,6,2026-07-08,Retail Store,2622.3
ORD-006182,C00717,Sam Martin | Germany | Plus,Home and Kitchen,356.72,5,2025-07-13,Website,1783.6
ORD-006183,C00674,Zoe Adams | United Kingdom | Basic,Electroncs,628.34,3,2025-12-16,Retail Store,1885.02
ORD-006184,C00674,Zoe Adams | United Kingdom | Basic,Sports,86.59,6,2025-02-18,Website,519.54
ORD-006185,C02233,Lina Moore | United States | Basic,Toys,575.64,1,2025-09-07,Retail Store,575.64
ORD-006186,C02774,Liam Adams | Canada | Basic,Boks,272.92,6,2025-12-07,Website,1637.52
ORD-006187,C01480,Yusuf Taylor | France | Basic,Home & Kitchen,37.32,3,2026-05-21,Retail Store,111.96
ORD-006188,C00989,Isla Young | UAE | Plus,Clothing,336.84,1,2026-06-26,Marketplace,336.84
ORD-006189,C02406,Ethan Adams | Australia | Premium,OFFICE SUPPLIES,256.67,1,2025-07-06,Mobile App,256.67
ORD-006190,C02157,Maya Moore | Germany | Plus,Clothing,535.33,2,2025-08-24,Retail Store,1070.66
ORD-006191,C01670,Amelia Martin | Germany | Basic,Electronics ,150.82,2,2025-05-31,Website,301.64
ORD-006192,C02040,Liam Walker | France | Plus,beauty ,83.19,1,2025-06-28,Website,83.19
ORD-006193,C01016,Sam Hall | Canada | Plus,Electronic Goods,55.17,3,2025-06-08,Retail Store,165.51
ORD-006194,C00352,Nora Martin | Germany | Basic,Electronics,342.2,6,2025-09-29,Retail Store,2053.2
ORD-006195,C02561,Ella Lee | Canada | Plus,Toy,221.34,6,2025-05-24,Mobile App,1328.04
ORD-006196,C00889,Mia Brown | UAE | Plus,electronic,378.03,4,2026-04-07,Retail Store,1512.12
ORD-006197,C02111,Layla Brown | Australia | Plus,Clothing & Apparel,175.26,2,2026-01-30,Marketplace,350.52
ORD-006198,C01331,Lucas Wright | UAE | Basic,Beautyy,266.37,3,2025-07-30,Retail Store,799.11
ORD-006199,C00851,Ella Martin | France | Plus,Sports,34.38,1,2025-01-08,Marketplace,34.38
ORD-006200,C01870,Nora Miller | United Kingdom | Plus,Home & Kitchen,529.35,4,2025-06-05,Mobile App,2117.4
ORD-006201,C01166,Omar Miller | Australia | Plus,Beauty,422.22,6,2025-02-17,Website,2533.32
ORD-006202,C00516,Alex Nelson | France | Plus,Home & Kitchen,490.67,1,2025-04-22,Website,490.67
ORD-006203,C00558,Mia Mitchell | France | Basic,Clothing,433.98,4,2026-05-30,Website,1735.92
ORD-006204,C02193,Sophia Davis | Australia | Basic,Office Supples,70.29,3,2026-01-31,Marketplace,210.87
ORD-006205,C01705,Nora Ahmed | Canada | Plus,Toy,36.04,4,2025-02-08,Marketplace,144.16
ORD-006206,C02828,Ella Patel | United Kingdom | Basic,Sport,132.87,4,2026-04-12,Marketplace,531.48
ORD-006207,C00333,Lucas Hassan | United States | Basic,Books,560.08,2,2025-12-26,Marketplace,1120.16
ORD-006208,C01754,Mia Johnson | Australia | Plus,Beauty,351.51,6,2025-11-04,Retail Store,2109.06
ORD-006209,C01658,Liam Hassan | United States | Plus,Toys,320.37,5,2025-01-02,Website,1601.85
ORD-006210,C02648,Sophia Davis | United Kingdom | Basic,Beauty,152.99,5,2026-07-23,Website,764.95
ORD-006211,C01511,Lucas King | UAE | Premium,Home & Kitchen,512.65,5,2026-01-15,Marketplace,2563.25
ORD-006212,C00233,Alex Wilson | UAE | Basic,Electronics,648.28,5,2026-02-16,Marketplace,3241.4
ORD-006213,C01781,Alex King | United Kingdom | Premium,electronic,369.34,4,2025-10-05,Marketplace,1477.36
ORD-006214,C02448,Lina Taylor | Canada | Plus,Clothng,457.92,6,2026-04-24,Retail Store,2747.52
ORD-006215,C01477,Daniel Hassan | UAE | Basic,Clothing,110.58,1,2025-10-26,Website,110.58
ORD-006216,C00186,James Johnson | Germany | Basic,Home Kitchen,93.28,3,2025-01-27,Marketplace,279.84
ORD-006217,C00104,Sara Clark | Singapore | Basic,Home & Kitchen,284.07,4,2025-10-04,Mobile App,1136.28
ORD-006218,C00096,Adam Nelson | France | Basic,Home & Kitchen,302.42,1,2025-07-09,Website,302.42
ORD-006219,C02426,Liam Lewis | UAE | Premium,Books,127.92,2,2026-06-15,Mobile App,255.84
ORD-006220,C01217,Amelia Thomas | UAE | Premium,Home and Kitchen,427.74,5,2026-04-20,Retail Store,2138.7
ORD-006221,C02980,Noah Smith | UAE | Premium,Office Supplies,437.61,1,2025-09-03,Retail Store,437.61
ORD-006222,C00611,Lina Patel | United States | Basic,Sports,301.1,6,2025-11-19,Retail Store,1806.6
ORD-006223,C00408,James Adams | Singapore | Plus,Sports,329.48,1,2026-04-23,Marketplace,329.48
ORD-006224,C02367,Leo Davis | Germany | Plus,Office Supplies,238.69,5,2026-01-08,Mobile App,1193.45
ORD-006225,C01315,Liam Clark | Australia | Basic,CLOTHING,215.42,3,2025-12-15,Website,646.26
ORD-006226,C01290,Ava Moore | France | Basic,Books,166.93,3,2025-02-25,Marketplace,500.79
ORD-006227,C00983,Olivia Smith | Australia | Basic,Office Supplies,158.67,3,2026-07-08,Marketplace,476.01
ORD-006228,C02288,Zoe Lee | Germany | Basic,Toys & Games,554.34,4,2025-05-02,Marketplace,2217.36
ORD-006229,C01230,Daniel Young | United States | Basic,Beauty,39.5,6,2026-01-26,Mobile App,237.0
ORD-006230,C01017,James Carter | Germany | Basic,Office Supplies,376.28,4,2025-02-19,Website,1505.12
ORD-006231,C01337,Ava Wilson | Singapore | Basic,Clothng,358.18,5,2026-03-15,Mobile App,1790.9
ORD-006232,C02347,Jack Hassan | Canada | Basic,Clothing,181.97,3,2025-01-07,Marketplace,545.91
ORD-006233,C02894,Yusuf Ahmed | Canada | Basic,beauty ,257.41,5,2025-09-02,Retail Store,1287.05
ORD-006234,C00189,Sam Nelson | Germany | Plus,Books,330.27,6,2025-03-05,Marketplace,1981.62
ORD-006235,C01624,Daniel Lee | UAE | Basic,Sprots,235.87,1,2026-06-23,Mobile App,235.87
ORD-006236,C01133,Henry Hassan | Canada | Basic,Boks,301.63,2,2026-01-07,Marketplace,603.26
ORD-006237,C02599,Leo Miller | United States | Basic,Office Supply,593.32,1,2025-07-01,Marketplace,593.32
ORD-006238,C00085,Amelia King | Germany | Plus,Sport,377.47,4,2026-01-25,Mobile App,1509.88
ORD-006239,C01226,Henry Patel | UAE | Plus,Electronics,86.67,1,2025-10-03,Marketplace,86.67
ORD-006240,C01221,Ella Garcia | United States | Basic,electronic,192.36,6,2025-01-27,Retail Store,1154.16
ORD-006241,C01473,Isla Smith | United Kingdom | Premium,Sprots,379.9,6,2025-01-22,Retail Store,2279.4
ORD-006242,C01683,Adam Garcia | France | Basic,Toys ,206.61,2,2025-05-08,Retail Store,413.22
ORD-006243,C01540,Noah Thomas | Germany | Premium,Electronics,324.24,3,2025-07-14,Website,972.72
ORD-006244,C01069,Lucas Wilson | Canada | Basic,Clothing,130.9,3,2025-07-10,Mobile App,392.7
ORD-006245,C00791,Sophia Patel | Germany | Plus,Home & Kitchen,642.86,6,2025-08-05,Website,3857.16
ORD-006246,C02860,Ella Patel | United Kingdom | Basic,Beautyy,37.6,6,2025-05-08,Website,225.6
ORD-006247,C02794,Noah Green | Germany | Basic,Electronics,310.3,4,2026-07-16,Website,1241.2
ORD-006248,C00138,Sam Wilson | Singapore | Basic,Office Supples,393.9,5,2026-06-13,Website,1969.5
ORD-006249,C02341,James Baker | United States | Basic,Toys,596.7,4,2026-03-03,Retail Store,2386.8
ORD-006250,C01761,Lina Ahmed | United Kingdom | Premium,Boks,610.25,2,2026-03-20,Marketplace,1220.5
ORD-006251,C00134,Daniel Thomas | Canada | Basic,Sports,49.92,5,2025-07-04,Retail Store,249.6
ORD-006252,C00575,Isla Green | United States | Plus,Book,76.94,1,2025-10-03,Website,76.94
ORD-006253,C01475,Mia Green | Australia | Basic,Books,155.41,5,2026-01-21,Marketplace,777.05
ORD-006254,C01960,Lucas Lewis | France | Basic,Sports,166.93,3,2025-11-21,Mobile App,500.79
ORD-006255,C01996,Jack Moore | UAE | Basic,beauty ,339.83,6,2025-04-03,Marketplace,2038.98
ORD-006256,C00951,Noah Khan | Germany | Basic,Clothing,272.99,5,2025-01-19,Website,1364.95
ORD-006257,C00838,Zoe Hassan | United Kingdom | Plus,BEAUTY,111.84,1,2025-04-25,Mobile App,111.84
ORD-006258,C01555,Adam Martin | UAE | Basic,Toys,323.1,1,2026-06-04,Marketplace,323.1
ORD-006259,C01325,Layla Miller | France | Plus,Clothing,229.56,1,2026-07-11,Website,229.56
ORD-006260,C02884,Henry Wilson | UAE | Premium,OFFICE SUPPLIES,608.64,4,2025-04-04,Marketplace,2434.56
ORD-006261,C00653,Lucas Garcia | Singapore | Basic,Toys & Games,197.58,2,2025-08-21,Retail Store,395.16
ORD-006262,C02026,Amelia Khan | United Kingdom | Plus,Office Supples,539.0,1,2025-04-02,Website,514.0
ORD-006263,C00066,Yusuf Hall | United Kingdom | Plus,Electronics,421.42,2,2026-02-07,Marketplace,842.84
ORD-006264,C02532,Omar Miller | United States | Basic,Home & Kitchen,429.22,3,2026-05-04,Marketplace,1287.66
ORD-006265,C02155,Sara Brown | United Kingdom | Plus,Clothng,97.23,3,2025-06-03,Retail Store,291.69
ORD-006266,C01388,Nora Ahmed | Singapore | Premium,Sports,492.02,4,2025-03-13,Website,1968.08
ORD-006267,C01486,Omar King | UAE | Plus,Sports,270.98,3,2026-01-30,Mobile App,812.94
ORD-006268,C00854,Alex Johnson | Australia | Basic,Office Supplies,130.53,3,2025-11-11,Website,391.59
ORD-006269,C02530,Ryan Johnson | Canada | Plus,Electronics,601.31,1,2025-06-22,Marketplace,601.31
ORD-006270,C00725,Amelia Johnson | Germany | Premium,Electronics ,523.81,1,2026-04-06,Retail Store,523.81
ORD-006271,C01539,Daniel Wilson | Australia | Plus,Electronics,644.04,4,2025-05-17,Marketplace,2576.16
ORD-006272,C02744,Henry Khan | United States | Basic,Clothng,357.05,4,2025-10-30,Marketplace,1428.2
ORD-006273,C00456,James Miller | France | Basic,Home & Kitchen,207.09,5,2025-10-21,Mobile App,1035.45
ORD-006274,C00383,Adam Taylor | Australia | Plus,Office  Supplies,647.31,2,2026-05-13,Marketplace,1294.62
ORD-006275,C02586,Maya Brown | Singapore | Basic,Beauty,407.12,6,2025-02-26,Marketplace,2442.72
ORD-006276,C01937,Isla Brown | Australia | Premium,Home & Kitchen,78.63,4,2025-03-13,Retail Store,314.52
ORD-006277,C02151,Omar Ahmed | Germany | Premium,Books & Media,553.06,6,2025-03-19,Mobile App,3318.36
ORD-006278,C01573,Liam Green | United Kingdom | Basic,Sport,529.04,6,2026-04-08,Marketplace,3174.24
ORD-006279,C00355,Amelia Lee | Singapore | Basic,Books,9.55,3,2026-04-22,Mobile App,28.65
ORD-006280,C00865,Liam King | United States | Basic,SPORTS,600.09,5,2026-05-04,Website,3000.45
ORD-006281,C00909,Liam Thomas | Germany | Plus,Beauty Products,592.44,2,2026-07-14,Marketplace,1184.88
ORD-006282,C00639,Nora Khan | United Kingdom | Plus,Office Supplies,293.93,5,2025-08-25,Marketplace,1469.65
ORD-006283,C01254,Alex Hassan | France | Basic,Boks,572.24,4,2025-10-29,Retail Store,2288.96
ORD-006284,C01069,Lucas Wilson | Canada | Basic,Office Supplies,554.48,4,2025-05-05,Mobile App,2217.92
ORD-006285,C00404,Leo Taylor | UAE | Plus,Home & Kitchen,89.17,3,2025-06-19,Website,267.51
ORD-006286,C02561,Ella Lee | Canada | Plus,Home & Kitchen,235.85,5,2026-07-08,Website,1179.25
ORD-006287,C00672,Liam Wright | UAE | Basic,Sports,367.88,6,2026-02-26,Retail Store,2207.28
ORD-006288,C00136,Sam Brown | Canada | Basic,Beauty,610.64,2,2025-04-14,Website,1221.28
ORD-006289,C01010,Amelia Taylor | Canada | Premium,Clothing & Apparel,214.83,2,2025-09-28,Marketplace,429.66
ORD-006290,C01482,Alex Smith | United Kingdom | Premium,Office Supplies,309.25,1,2026-07-13,Website,309.25
ORD-006291,C00230,Nora Anderson | UAE | Basic,HOME & KITCHEN,145.38,6,2025-06-12,Marketplace,872.28
ORD-006292,C01925,Sam King | Canada | Basic,ELECTRONICS,43.9,2,2025-04-12,Marketplace,87.8
ORD-006293,C00323,Nora Wilson | France | Plus,Books,289.52,2,2026-03-25,Marketplace,579.04
ORD-006294,C02903,Ella Smith | United Kingdom | Basic,Clothes,562.16,3,2025-05-06,Retail Store,1686.48
ORD-006295,C00950,Henry Moore | Singapore | Basic,Sports,225.11,4,2025-09-26,Retail Store,900.44
ORD-006296,C01607,Sam Wilson | France | Plus,Clothing,623.28,1,2026-01-16,Website,623.28
ORD-006297,C01724,Isla Moore | Singapore | Basic,Toys ,223.23,3,2025-04-06,Retail Store,669.69
ORD-006298,C00595,Noah Anderson | UAE | Basic,Toys,501.17,1,2026-03-21,Website,501.17
ORD-006299,C00466,Liam Adams | UAE | Plus,OFFICE SUPPLIES,610.36,3,2025-06-13,Mobile App,1831.08
ORD-006300,C02766,Alex Clark | Germany | Premium,Beautyy,520.96,6,2025-12-05,Mobile App,3125.76
ORD-006301,C00405,Yusuf Wilson | France | Basic,Toys & Games,59.76,3,2025-10-16,Marketplace,179.28
ORD-006302,C00404,Leo Taylor | UAE | Plus,Electronic Goods,557.3,3,2025-01-29,Marketplace,1671.9
ORD-006303,C02976,Chloe Green | Singapore | Basic,Sports,434.6,1,2025-10-07,Mobile App,434.6
ORD-006304,C00078,Omar Davis | Singapore | Plus,Office Supples,452.9,4,2025-02-08,Retail Store,1811.6
ORD-006305,C02421,Lucas Johnson | Canada | Premium,Toys,454.31,5,2025-08-20,Website,2271.55
ORD-006306,C00432,Sam Wright | UAE | Basic,Office Supplies,600.67,6,2026-04-16,Website,3604.02
ORD-006307,C01366,Lina Wilson | United States | Basic,Office  Supplies,383.07,6,2025-05-04,Retail Store,2298.42
ORD-006308,C01991,Mia Ahmed | Singapore | Basic,Home & Kitchen,286.07,3,2025-02-20,Retail Store,858.21
ORD-006309,C01763,Jack Brown | Germany | Plus,OFFICE SUPPLIES,351.21,5,2025-05-02,Retail Store,1756.05
ORD-006310,C02255,Daniel Lewis | United Kingdom | Basic,Beauty,645.89,5,2026-01-12,Mobile App,3229.45
ORD-006311,C02682,Liam Taylor | France | Basic,Clothing,526.84,3,2025-03-09,Marketplace,1580.52
ORD-006312,C01182,Olivia Brown | United States | Premium,Home and Kitchen,263.84,1,2026-07-25,Marketplace,263.84
ORD-006313,C00367,Ella Moore | France | Basic,Home & Kitchen,66.05,6,2026-01-25,Retail Store,396.3
ORD-006314,C02192,Mia Miller | Canada | Basic,Office Supplies,642.48,5,2025-11-25,Website,3212.4
ORD-006315,C02858,Amelia Baker | United Kingdom | Plus,Book,562.86,4,2026-04-09,Marketplace,2251.44
ORD-006316,C01877,Omar Johnson | Singapore | Basic,Home and Kitchen,374.59,4,2025-10-25,Website,1498.36
ORD-006317,C00576,Adam Miller | Germany | Plus,Sports,496.29,2,2025-10-22,Mobile App,992.58
ORD-006318,C02812,Lucas Khan | United Kingdom | Plus,Toys,427.75,5,2026-01-27,Marketplace,2138.75
ORD-006319,C01892,Jack Ahmed | Singapore | Plus,HOME & KITCHEN,415.01,6,2025-12-28,Retail Store,2490.06
ORD-006320,C00090,Lucas Khan | United Kingdom | Plus,Electronics,636.47,5,2025-12-22,Website,3182.35
ORD-006321,C02563,Daniel Garcia | Australia | Basic,Beauty,575.81,3,2025-03-05,Mobile App,1727.43
ORD-006322,C00906,Noah Martin | Singapore | Basic,OFFICE SUPPLIES,402.1,5,2025-07-13,Website,2010.5
ORD-006323,C00832,Noah Wilson | United States | Basic,HOME & KITCHEN,306.53,6,2025-02-22,Marketplace,1839.18
ORD-006324,C00011,Yusuf Khan | UAE | Plus,TOYS,481.33,2,2026-03-09,Mobile App,962.66
ORD-006325,C02308,Nora Lee | Australia | Premium,Beauty,511.13,5,2026-01-01,Mobile App,2555.65
ORD-006326,C01812,Zoe Hassan | Canada | Plus,Toys,472.84,1,2026-07-17,Marketplace,472.84
ORD-006327,C00817,Jack Hall | France | Plus,Beauty Products,289.82,2,2025-05-20,Website,579.64
ORD-006328,C01772,Daniel Miller | France | Plus,Toys,573.26,3,2025-01-16,Marketplace,1719.78
ORD-006329,C02365,Alex Hassan | United States | Plus,Office Supplies,162.02,1,2025-11-28,Mobile App,162.02
ORD-006330,C01936,Lina Ahmed | Singapore | Basic,Books,584.57,6,2026-06-03,Mobile App,3507.42
ORD-006331,C00017,Daniel Brown | United States | Basic,Toys,369.66,2,2026-06-13,Website,739.32
ORD-006332,C01811,Adam Khan | United States | Basic,Electronics,450.25,5,2026-05-15,Mobile App,2251.25
ORD-006333,C02392,Ella Clark | Canada | Basic,Books,405.92,6,2025-03-28,Website,2435.52
ORD-006334,C01758,Sara Martin | United States | Premium,Sports,343.55,5,2025-01-30,Website,1717.75
ORD-006335,C01104,Henry Lee | France | Plus,Office Supplies,452.63,2,2026-06-28,Mobile App,905.26
ORD-006336,C00875,Sophia Davis | France | Plus,Office Supplies,9.24,4,2026-03-27,Retail Store,36.96
ORD-006337,C00160,Alex Walker | Germany | Basic,Home & Kitchen,581.5,2,2025-11-04,Mobile App,1163.0
ORD-006338,C01096,Maya Mitchell | Australia | Premium,Books,600.83,1,2025-05-10,Mobile App,600.83
ORD-006339,C00585,Omar Patel | Australia | Basic,Home & Kitchen,647.78,2,2026-04-29,Marketplace,1295.56
ORD-006340,C00145,Emma Hall | Singapore | Plus,electronic,226.38,6,2025-09-27,Mobile App,1358.28
ORD-006341,C02036,Zoe Taylor | United Kingdom | Basic,Electronic Goods,145.79,5,2026-06-11,Website,728.95
ORD-006342,C02233,Lina Moore | United States | Basic,Electronics,128.34,3,2026-04-13,Website,385.02
ORD-006343,C01237,Noah Thomas | United States | Basic,SPORTS,487.27,3,2025-11-11,Marketplace,1461.81
ORD-006344,C00103,James Smith | Australia | Basic,beauty ,237.6,6,2026-07-12,Retail Store,1425.6
ORD-006345,C02124,Nora Young | Germany | Plus,Clothng,389.73,1,2026-05-21,Marketplace,389.73
ORD-006346,C02074,Ava Green | United Kingdom | Basic,Books,173.44,4,2025-06-09,Mobile App,693.76
ORD-006347,C00779,Olivia Garcia | United States | Basic,Beauty Products,631.03,4,2025-09-18,Mobile App,2524.12
ORD-006348,C01371,Henry Wilson | Singapore | Plus,Electronics,624.18,3,2025-04-06,Retail Store,1872.54
ORD-006349,C01199,Nora Brown | Germany | Plus,Beauty,357.57,5,2025-11-02,Website,1787.85
ORD-006350,C01669,Noah Thomas | Germany | Basic,Toys & Games,180.9,2,2025-01-27,Website,361.8
ORD-006351,C00288,Yusuf Hassan | Canada | Plus,Toy,108.35,1,2025-10-04,Website,108.35
ORD-006352,C02272,Adam Johnson | United States | Plus,Home & Kitchen,41.41,4,2026-02-11,Mobile App,165.64
ORD-006353,C00415,Sophia Miller | Germany | Basic,electronic,399.69,4,2025-06-16,Retail Store,1598.76
ORD-006354,C00742,Sara Ahmed | Australia | Plus,Home & Kitchen,308.81,3,2025-01-20,Mobile App,926.43
ORD-006355,C00194,Yusuf Brown | United States | Basic,Toys,51.04,3,2025-02-05,Mobile App,153.12
ORD-006356,C01152,Omar Davis | Germany | Plus,Books,237.06,5,2025-11-01,Website,1185.3
ORD-006357,C02722,Zoe Clark | United Kingdom | Plus,Clothing & Apparel,458.52,5,2025-10-20,Mobile App,2292.6
ORD-006358,C02348,Yusuf King | Canada | Basic,Toys & Games,601.75,6,2025-06-27,Marketplace,3610.5
ORD-006359,C01876,Ava Thomas | Canada | Plus,BEAUTY,141.56,6,2026-06-22,Retail Store,849.36
ORD-006360,C00152,Maya Wright | Canada | Premium,Toys ,179.19,3,2025-05-26,Website,537.57
ORD-006361,C00864,James Green | United States | Basic,Office Supplies,477.49,3,2026-05-02,Website,1432.47
ORD-006362,C02363,Zoe Lee | France | Premium,Home and Kitchen,313.9,6,2025-10-16,Mobile App,1883.4
ORD-006363,C02568,Noah Green | France | Premium,Home & Kitchen,71.28,1,2025-01-26,Retail Store,71.28
ORD-006364,C02688,Maya Adams | UAE | Premium,Home & Ktchen,433.84,4,2025-11-16,Mobile App,1735.36
ORD-006365,C02429,Jack Davis | Australia | Basic,Electronics,340.07,2,2025-08-16,Marketplace,680.14
ORD-006366,C00709,Henry Clark | United Kingdom | Plus,Office Supplies,148.98,6,2025-09-29,Mobile App,893.88
ORD-006367,C01220,Henry Taylor | Germany | Premium,Office Supplies,585.55,6,2025-05-17,Mobile App,3513.3
ORD-006368,C00524,Chloe Wright | Canada | Plus,Clothes,278.1,1,2025-10-25,Website,278.1
ORD-006369,C00116,Leo Carter | United States | Premium,BOOKS,374.62,6,2025-06-16,Marketplace,2247.72
ORD-006370,C00481,Maya Walker | Singapore | Premium,Books,512.96,3,2026-01-08,Retail Store,1538.88
ORD-006371,C01261,Chloe Ahmed | United Kingdom | Basic,Toys ,395.26,2,2025-03-23,Website,790.52
ORD-006372,C00369,Ava Mitchell | France | Basic,Beauty Products,255.29,1,2025-09-04,Marketplace,255.29
ORD-006373,C02024,Ella Young | United Kingdom | Premium,Clothes,465.24,5,2025-10-07,Retail Store,2326.2
ORD-006374,C01293,Yusuf Carter | Canada | Plus,Toys,187.6,4,2026-03-09,Retail Store,750.4
ORD-006375,C01545,Daniel Nelson | UAE | Basic,Toys ,627.01,3,2025-04-06,Mobile App,1881.03
ORD-006376,C01240,Yusuf Garcia | France | Premium,Home & Kitchen,498.63,5,2025-10-13,Website,2493.15
ORD-006377,C00871,Adam Baker | Singapore | Basic,Beauty,111.2,2,2026-03-10,Marketplace,222.4
ORD-006378,C01447,Lina Miller | United Kingdom | Basic,Sport,189.77,6,2025-10-21,Mobile App,1138.62
ORD-006379,C00492,Alex Wilson | Germany | Premium,Books,17.99,1,2026-06-11,Mobile App,17.99
ORD-006380,C01292,Sam Lee | Canada | Plus,ELECTRONICS,548.99,3,2025-04-13,Mobile App,1646.97
ORD-006381,C01731,Daniel Walker | United States | Basic,Clothing,264.71,3,2025-02-28,Marketplace,794.13
ORD-006382,C02439,Sam Young | Germany | Basic,Home & Kitchen,316.72,2,2025-12-28,Mobile App,633.44
ORD-006383,C02538,Leo Hassan | United States | Basic,Office Supplies,30.87,1,2026-04-15,Mobile App,30.87
ORD-006384,C01047,Alex Green | Australia | Plus,Home & Kitchen,327.43,1,2025-02-06,Marketplace,327.43
ORD-006385,C00242,Sara Carter | Germany | Basic,Sprots,587.6,3,2026-01-17,Website,1762.8
ORD-006386,C00859,Ava Green | United States | Plus,Toys ,88.32,1,2025-11-02,Mobile App,88.32
ORD-006387,C02983,Sara Thomas | Australia | Plus,Beautyy,434.93,1,2025-12-07,Marketplace,434.93
ORD-006388,C00011,Yusuf Khan | UAE | Plus,Sprots,100.6,1,2025-04-10,Marketplace,100.6
ORD-006389,C01380,Yusuf Hall | Canada | Basic,Clothing,244.18,6,2025-06-27,Marketplace,1465.08
ORD-006390,C00288,Yusuf Hassan | Canada | Plus,Office Supplies,224.71,4,,Retail Store,898.84
ORD-006391,C00189,Sam Nelson | Germany | Plus,Home & Kitchen,422.48,1,2025-01-01,Mobile App,422.48
ORD-006392,C00532,Sara Moore | United States | Basic,Electroncs,453.31,2,2025-07-25,Mobile App,906.62
ORD-006393,C01626,Jack Walker | Australia | Basic,Home & Ktchen,634.16,3,2025-05-05,Retail Store,1902.48
ORD-006394,C02374,Omar Miller | Australia | Plus,BEAUTY,276.33,6,2025-03-17,Marketplace,1657.98
ORD-006395,C02235,James Wilson | Germany | Basic,Home & Ktchen,562.87,1,2025-10-29,Retail Store,562.87
ORD-006396,C02266,Chloe Ahmed | Germany | Basic,Office  Supplies,81.71,4,2026-05-21,Mobile App,326.84
ORD-006397,C01959,Jack Baker | Singapore | Plus,Electronics,141.77,3,2025-09-21,Marketplace,425.31
ORD-006398,C00171,Noah Miller | Germany | Premium,Sports,382.75,6,2026-02-11,Retail Store,2296.5
ORD-006399,C00917,Henry Thomas | United Kingdom | Premium,Home & Kitchen,105.04,1,2025-07-27,Website,105.04
ORD-006400,C02960,Emma Miller | United Kingdom | Basic,Beauty,462.66,3,2026-01-26,Retail Store,1387.98
ORD-006401,C02856,Maya Thomas | UAE | Plus,Toys,78.98,5,2025-07-26,Retail Store,394.9
ORD-006402,C00731,Leo Smith | France | Plus,Home & Kitchen,184.82,5,2025-09-22,Website,924.1
ORD-006403,C01573,Liam Green | United Kingdom | Basic,Electronics,276.77,3,2025-04-26,Mobile App,830.31
ORD-006404,C00039,Omar Ahmed | Singapore | Basic,Clothing & Apparel,184.33,5,2025-10-16,Marketplace,921.65
ORD-006405,C01851,Nora Nelson | UAE | Basic,Clothing,280.99,2,2025-03-05,Website,561.98
ORD-006406,C01965,Sam Young | Singapore | Basic,Books,553.83,2,2025-07-13,Marketplace,1107.66
ORD-006407,C00965,Jack Garcia | United States | Plus,Sprots,619.27,2,2025-10-09,Website,1238.54
ORD-006408,C01815,Ava Carter | Canada | Basic,Clothing,440.31,1,2026-04-05,Marketplace,440.31
ORD-006409,C01584,Emma Thomas | Australia | Basic,Clothing,623.4,3,2025-09-25,Mobile App,1870.2
ORD-006410,C02074,Ava Green | United Kingdom | Basic,Toys,64.18,4,2025-07-23,Marketplace,256.72
ORD-006411,C02135,Sophia Hassan | UAE | Basic,Office Supply,10.41,3,2025-07-30,Website,31.23
ORD-006412,C02878,Ryan Hall | Germany | Basic,Electronics,370.91,2,2026-06-26,Marketplace,741.82
ORD-006413,C01583,Adam Ahmed | Canada | Plus,Sports,291.47,4,2025-04-11,Mobile App,1165.88
ORD-006414,C02466,Ella Lee | Australia | Basic,Toys & Games,341.0,6,2025-09-10,Mobile App,2046.0
ORD-006415,C02232,Alex Smith | United States | Plus,Office Supplies,22.35,4,2025-03-23,Mobile App,89.4
ORD-006416,C00343,Sam Brown | Australia | Basic,Books,237.89,6,2025-07-15,Mobile App,1427.34
ORD-006417,C02335,Ava Baker | Australia | Basic,Books,640.78,4,2026-06-09,Mobile App,2563.12
ORD-006418,C02182,Henry Mitchell | France | Plus,Home Kitchen,243.91,4,2026-01-27,Website,975.64
ORD-006419,C01204,Liam Hall | UAE | Premium,Electronics,306.04,6,2025-11-09,Retail Store,1836.24
ORD-006420,C01904,Ryan Moore | UAE | Basic,Electronics,58.04,5,2025-09-03,Marketplace,290.2
ORD-006421,C02047,Adam Hall | Singapore | Plus,Beautyy,517.61,5,2025-10-02,Marketplace,2588.05
ORD-006422,C00536,Adam Young | UAE | Plus,SPORTS,268.32,1,2026-06-14,Marketplace,268.32
ORD-006423,C00882,Ryan Thomas | France | Premium,Sports,435.67,2,2026-02-03,Website,871.34
ORD-006424,C01606,Isla Ahmed | UAE | Plus,BEAUTY,356.24,2,2025-06-01,Mobile App,712.48
ORD-006425,C02541,Yusuf Hassan | United Kingdom | Basic,Home & Kitchen,197.47,5,2026-05-30,Retail Store,987.35
ORD-006426,C01142,Maya Clark | France | Basic,Clothing & Apparel,277.11,3,2025-01-16,Mobile App,831.33
ORD-006427,C02719,Noah Lewis | France | Basic,Home and Kitchen,271.82,5,2026-01-30,Marketplace,1359.1
ORD-006428,C02386,Ava Smith | United Kingdom | Plus,Beauty,571.0,5,2026-06-13,Website,2855.0
ORD-006429,C02586,Maya Brown | Singapore | Basic,Beautyy,196.93,4,2025-10-19,Mobile App,787.72
ORD-006430,C01887,Isla Walker | Australia | Basic,Office Supplies,474.59,6,2025-03-24,Website,2847.54
ORD-006431,C02555,Ella Smith | Germany | Premium,Books,153.55,6,2025-11-01,Marketplace,921.3
ORD-006432,C02783,Emma Khan | Germany | Basic,Office Supplies,69.48,5,2026-07-10,Marketplace,347.4
ORD-006433,C01272,Nora Wright | France | Plus,Electronic Goods,519.8,1,2026-04-03,Website,519.8
ORD-006434,C02280,Jack Thomas | UAE | Plus,beauty ,446.87,1,2026-01-22,Website,446.87
ORD-006435,C01933,Ava Adams | United Kingdom | Plus,Beauty,93.3,5,2026-06-13,Marketplace,466.5
ORD-006436,C02817,Jack King | Canada | Basic,Boks,619.66,2,2025-05-01,Website,1239.32
ORD-006437,C01084,Chloe Miller | United Kingdom | Premium,Clothing,634.81,1,2026-07-10,Marketplace,634.81
ORD-006438,C00475,Liam Smith | United States | Basic,Beauty,644.44,6,2025-11-10,Marketplace,3866.64
ORD-006439,C01817,Olivia Anderson | United States | Plus,Clothng,485.31,6,2026-02-05,Marketplace,2911.86
ORD-006440,C00509,Jack Thomas | Canada | Basic,Sports & Fitness,22.66,4,2026-04-15,Website,90.64
ORD-006441,C02905,Ethan Carter | United States | Plus,Beauty,498.15,4,2025-06-16,Marketplace,1992.6
ORD-006442,C00093,Sara Davis | UAE | Basic,Toys & Games,78.79,2,2025-05-21,Website,157.58
ORD-006443,C00898,Jack Miller | Canada | Plus,Clothing,632.86,2,2026-04-01,Marketplace,1265.72
ORD-006444,C00340,Alex Green | United States | Premium,Toy,177.09,6,2025-06-03,Marketplace,1062.54
ORD-006445,C00129,Sam Adams | United States | Basic,Clothing,306.84,5,2025-08-27,Marketplace,1534.2
ORD-006446,C02439,Sam Young | Germany | Basic,Home Kitchen,642.13,5,2026-06-10,Marketplace,3210.65
ORD-006447,C01467,Leo Moore | Australia | Plus,BEAUTY,107.64,5,2026-03-26,Retail Store,538.2
ORD-006448,C00137,Ella Smith | Canada | Premium,Beauty,517.15,5,2025-10-18,Marketplace,2585.75
ORD-006449,C02296,Ryan Baker | Singapore | Plus,Clothng,94.91,3,2025-02-08,Marketplace,284.73
ORD-006450,C01206,Liam Lewis | United States | Basic,Office  Supplies,78.58,5,2026-06-01,Retail Store,392.9
ORD-006451,C01835,Mia Hassan | Canada | Basic,Sports,441.93,3,2025-08-30,Retail Store,1325.79
ORD-006452,C00118,Amelia Wright | Singapore | Basic,Toys & Games,139.92,2,2025-01-04,Website,279.84
ORD-006453,C01805,Jack Thomas | Canada | Plus,Home and Kitchen,234.85,6,2025-12-31,Retail Store,1409.1
ORD-006454,C01762,Sam Wilson | Canada | Premium,Sports,424.57,3,2025-05-03,Retail Store,1273.71
ORD-006455,C01696,Amelia Thomas | United States | Plus,Beauty,451.29,3,2026-04-30,Marketplace,1353.87
ORD-006456,C02284,Leo Davis | Germany | Premium,Toys,532.15,3,2025-02-22,Mobile App,1596.45
ORD-006457,C02634,Layla Wright | Singapore | Basic,Electronics,163.85,4,2026-06-13,Retail Store,655.4
ORD-006458,C02736,Amelia Hassan | Canada | Plus,Electronics,336.05,6,2025-04-30,Retail Store,2016.3
ORD-006459,C01367,Sam Green | UAE | Premium,Boks,221.89,1,2025-03-10,Retail Store,221.89
ORD-006460,C01360,Nora Moore | France | Basic,Clothing,337.9,5,2026-04-26,Retail Store,1689.5
ORD-006461,C00505,Leo Smith | Germany | Premium,Office Supplies,577.16,3,2025-03-01,Website,1731.48
ORD-006462,C01008,Amelia Miller | United States | Basic,Books,563.67,3,2026-07-25,Mobile App,1691.01
ORD-006463,C02164,Sam Hall | Australia | Basic,Office Supplies,247.16,2,2026-05-04,Website,494.32
ORD-006464,C02413,Sara Taylor | UAE | Basic,Book,371.0,6,2025-09-22,Marketplace,2226.0
ORD-006465,C00062,Ava Smith | United Kingdom | Basic,electronic,282.0,1,2025-09-22,Website,282.0
ORD-006466,C02836,Emma Nelson | France | Basic,Office Supply,418.79,1,2025-11-25,Mobile App,418.79
ORD-006467,C01180,Henry Wilson | France | Basic,Toys,550.9,3,2025-12-03,Marketplace,1652.7
ORD-006468,C00748,Zoe Miller | Singapore | Basic,Book,616.34,2,2025-07-08,Website,1232.68
ORD-006469,C00466,Liam Adams | UAE | Plus,Clothing,154.7,1,2025-01-31,Mobile App,154.7
ORD-006470,C02436,Jack Brown | France | Premium,Clothing,501.21,1,2025-11-28,Website,501.21
ORD-006471,C01444,Omar Mitchell | United States | Basic,Beauty,176.41,2,2025-02-26,Retail Store,352.82
ORD-006472,C00120,Omar Taylor | Australia | Premium,Office Supples,559.46,6,2026-05-15,Retail Store,3356.76
ORD-006473,C01570,Maya Khan | Germany | Basic,Office Supplies,569.75,5,2026-01-29,Website,2848.75
ORD-006474,C01754,Mia Johnson | Australia | Plus,Electronics ,570.43,6,2026-03-06,Marketplace,3422.58
ORD-006475,C00115,Yusuf Mitchell | Australia | Basic,Clothing,154.7,5,2026-07-19,Marketplace,773.5
ORD-006476,C00091,Ella Smith | UAE | Basic,Home and Kitchen,187.69,6,2026-04-11,Website,1126.14
ORD-006477,C01120,Nora Khan | Canada | Basic,Sprots,578.03,5,2025-07-16,Marketplace,2890.15
ORD-006478,C00923,Sara Green | United States | Basic,Home & Kitchen,101.59,6,2025-10-25,Retail Store,609.54
ORD-006479,C00448,Liam Green | United States | Plus,Clothng,107.93,3,2025-10-25,Website,323.79
ORD-006480,C00274,Leo Green | United Kingdom | Basic,Sprots,196.1,1,2026-07-20,Website,196.1
ORD-006481,C00567,Omar Green | France | Plus,Toys & Games,93.11,5,2026-01-29,Marketplace,465.55
ORD-006482,C02210,James Brown | United States | Plus,Sports,119.62,6,2025-09-03,Mobile App,717.72
ORD-006483,C02975,Lina Adams | France | Premium,Toys & Games,215.58,5,2025-01-28,Retail Store,1077.9
ORD-006484,C02502,Lucas Wilson | United Kingdom | Plus,Books,335.64,4,2025-10-08,Retail Store,1342.56
ORD-006485,C00212,Yusuf Mitchell | France | Plus,SPORTS,248.31,5,2026-03-16,Marketplace,1241.55
ORD-006486,C02316,Daniel Wright | Singapore | Basic,Home & Kitchen,164.35,6,2025-09-16,Marketplace,986.1
ORD-006487,C02656,Lina Green | United Kingdom | Basic,Book,304.91,1,2026-07-21,Marketplace,304.91
ORD-006488,C01348,Liam Khan | Germany | Basic,OFFICE SUPPLIES,175.98,5,2025-03-05,Mobile App,879.9
ORD-006489,C00958,Isla Lee | Germany | Basic,Electronics,81.08,4,2025-11-14,Retail Store,324.32
ORD-006490,C01352,Liam Green | Australia | Basic,Electroncs,605.34,6,2026-07-24,Retail Store,3632.04
ORD-006491,C00054,James Wilson | France | Basic,HOME & KITCHEN,168.08,5,2026-02-23,Website,840.4
ORD-006492,C00130,Yusuf Garcia | Singapore | Plus,Home Kitchen,464.86,5,2026-07-07,Website,2324.3
ORD-006493,C02848,Ava Adams | United Kingdom | Basic,Sports,79.81,0,2025-02-15,Marketplace,79.81
ORD-006494,C01881,Lucas Martin | United Kingdom | Basic,Electronics,179.49,6,2025-09-17,Marketplace,1076.94
ORD-006495,C01295,Layla Hall | Singapore | Basic,Sports & Fitness,93.69,6,2026-02-20,Retail Store,562.14
ORD-006496,C00549,Ethan Walker | United Kingdom | Basic,HOME & KITCHEN,48.81,6,2025-12-06,Website,292.86
ORD-006497,C00355,Amelia Lee | Singapore | Basic,electronic,474.24,3,2025-05-16,Retail Store,1422.72
ORD-006498,C01449,Omar Smith | Australia | Premium,Beauty,236.68,3,2025-11-04,Retail Store,710.04
ORD-006499,C00708,Sam King | Canada | Basic,ELECTRONICS,350.03,1,2026-06-09,Retail Store,350.03
ORD-006500,C02631,Sara Baker | United States | Basic,Toys,205.58,1,2026-04-14,Retail Store,205.58
ORD-006501,C00679,Jack Clark | Singapore | Basic,Beauty,216.91,3,2026-03-16,Mobile App,650.73
ORD-006502,C00321,Chloe Adams | Australia | Basic,Books,192.12,3,2025-03-15,Website,576.36
ORD-006503,C02954,Henry Johnson | Germany | Basic,Office Supplies,274.9,4,2025-03-15,Website,1099.6
ORD-006504,C00971,Noah Walker | France | Plus,Office  Supplies,166.24,4,2025-04-10,Website,664.96
ORD-006505,C00697,Isla Martin | Australia | Plus,Clothes,510.29,2,2025-11-23,Mobile App,1020.58
ORD-006506,C00854,Alex Johnson | Australia | Basic,Clothng,80.95,3,2025-12-22,Website,242.85
ORD-006507,C02564,Yusuf King | France | Premium,Books,434.32,1,2026-05-22,Marketplace,434.32
ORD-006508,C01768,Leo Wilson | Australia | Premium,Office Supplies,301.83,5,2026-06-19,Website,1509.15
ORD-006509,C00427,Nora Smith | France | Premium,Beauty,489.83,6,2026-03-26,Retail Store,2938.98
ORD-006510,C02793,Ava Clark | France | Plus,Electronics,598.96,5,2025-11-22,Retail Store,2994.8
ORD-006511,C00185,Ella Brown | United Kingdom | Basic,Books,452.3,2,2026-04-25,Retail Store,904.6
ORD-006512,C02430,Zoe Miller | Australia | Plus,Toys,91.65,2,2026-01-18,Marketplace,183.3
ORD-006513,C02407,Amelia Hall | France | Basic,Toys,511.73,4,2025-06-30,Retail Store,2046.92
ORD-006514,C00880,Sara Wilson | UAE | Plus,OFFICE SUPPLIES,360.77,2,2026-01-05,Retail Store,721.54
ORD-006515,C00479,Daniel Smith | France | Basic,Beauty,631.22,6,2026-03-23,Mobile App,3787.32
ORD-006516,C02470,Liam Brown | UAE | Basic,Toy,343.18,4,2025-07-05,Retail Store,1372.72
ORD-006517,C00938,Ella Davis | United Kingdom | Basic,Books,565.94,5,2025-09-29,Mobile App,2829.7
ORD-006518,C01627,Ava Anderson | Singapore | Premium,Clothing & Apparel,194.21,3,2025-01-04,Retail Store,582.63
ORD-006519,C02074,Ava Green | United Kingdom | Basic,Clothng,398.43,5,2025-09-02,Mobile App,1992.15
ORD-006520,C00289,Lina Carter | Canada | Plus,Home and Kitchen,154.92,6,2025-02-02,Marketplace,929.52
ORD-006521,C01218,Chloe Smith | UAE | Plus,Beauty,216.53,5,2025-08-04,Marketplace,1082.65
ORD-006522,C02831,Omar Wright | France | Basic,Clothing,488.14,3,2025-10-18,Marketplace,1464.42
ORD-006523,C01699,Chloe Mitchell | Germany | Basic,Beauty,447.61,3,2025-10-26,Website,1342.83
ORD-006524,C01658,Liam Hassan | United States | Plus,Sports,431.65,6,2026-01-31,Marketplace,2589.9
ORD-006525,C00391,Zoe Ahmed | Australia | Basic,Office Supplies,149.33,1,2026-03-28,Website,149.33
ORD-006526,C01054,Mia Davis | Germany | Plus,Office Supplies,82.52,2,2025-02-10,Retail Store,165.04
ORD-006527,C02757,Adam Patel | UAE | Plus,Toys,493.95,6,2025-01-27,Marketplace,2963.7
ORD-006528,C01716,Alex Taylor | France | Premium,Electronic Goods,366.76,6,2025-04-10,Retail Store,2200.56
ORD-006529,C00214,Nora Taylor | Germany | Plus,Electronics,184.51,2,2025-03-05,Retail Store,369.02
ORD-006530,C01350,Sara Ahmed | France | Plus,Sports,611.75,5,2026-04-01,Retail Store,3058.75
ORD-006531,C00598,Sara Anderson | Singapore | Plus,Beauty,279.73,5,2026-02-05,Retail Store,1398.65
ORD-006532,C00925,Amelia Adams | Singapore | Basic,Book,454.95,5,2026-03-23,Website,2274.75
ORD-006533,C00366,Zoe Wilson | France | Basic,Clothing & Apparel,347.52,1,2026-07-23,Marketplace,347.52
ORD-006534,C01111,Yusuf Davis | Canada | Basic,Home Kitchen,257.35,6,2025-03-11,Retail Store,1544.1
ORD-006535,C02034,Daniel Clark | France | Basic,beauty ,290.93,2,2025-11-24,Mobile App,581.86
ORD-006536,C01663,Ella Clark | Canada | Premium,Home & Kitchen,276.68,5,2025-03-03,Retail Store,1383.4
ORD-006537,C02070,Ella Martin | United States | Plus,SPORTS,487.2,6,2026-05-01,Mobile App,2923.2
ORD-006538,C00111,Lina Wilson | Singapore | Premium,Home Kitchen,355.27,3,2025-11-19,Marketplace,1065.81
ORD-006539,C01895,Isla King | United States | Plus,Home & Kitchen,435.35,2,2026-07-22,Website,870.7
ORD-006540,C02872,James Wright | United States | Basic,Toys,573.76,5,2025-08-22,Website,2868.8
ORD-006541,C00146,Lucas Hassan | United Kingdom | Premium,Book,575.41,2,2025-05-28,Marketplace,1150.82
ORD-006542,C02630,Yusuf Adams | United Kingdom | Plus,Toys,221.52,6,2025-09-03,Website,1329.12
ORD-006543,C01408,Nora Brown | Canada | Premium,HOME & KITCHEN,452.68,4,2025-06-19,Marketplace,1810.72
ORD-006544,C00014,Chloe Ahmed | Germany | Plus,Boks,66.84,4,,Website,267.36
ORD-006545,C01781,Alex King | United Kingdom | Premium,Home & Kitchen,333.48,6,2025-03-11,Retail Store,2000.88
ORD-006546,C00376,Jack Anderson | Australia | Plus,Sports & Fitness,454.81,5,2026-03-18,Marketplace,2274.05
ORD-006547,C00791,Sophia Patel | Germany | Plus,Toys ,199.57,1,2025-01-18,Website,199.57
ORD-006548,C02267,James Ahmed | France | Basic,Home & Kitchen,240.78,5,2025-02-28,Mobile App,1203.9
ORD-006549,C01901,James Wright | Germany | Basic,Books & Media,254.72,2,2025-03-18,Mobile App,509.44
ORD-006550,C01391,Noah Taylor | Germany | Premium,Home & Kitchen,431.54,6,2026-02-01,Website,2589.24
ORD-006551,C02153,Alex Patel | Germany | Basic,Home & Kitchen,218.16,1,2025-06-13,Website,218.16
ORD-006552,C00638,Sophia Taylor | UAE | Plus,Home Kitchen,408.8,6,2025-08-06,Retail Store,2452.8
ORD-006553,C00848,Chloe Hall | Singapore | Premium,Electronics,32.5,4,2025-08-29,Mobile App,130.0
ORD-006554,C02072,Ethan Taylor | Canada | Basic,Office Supplies,237.95,6,2026-04-18,Mobile App,1427.7
ORD-006555,C01918,Sara Davis | United Kingdom | Basic,Office Supplies,485.4,6,2025-10-31,Website,2912.4
ORD-006556,C00089,Isla Davis | United Kingdom | Basic,Books,315.1,1,2025-12-12,Marketplace,315.1
ORD-006557,C00026,Isla Adams | France | Premium,Sports,382.98,3,2025-03-23,Mobile App,1148.94
ORD-006558,C00970,Maya Green | United States | Basic,Electronics ,562.93,5,2025-09-18,Marketplace,2814.65
ORD-006559,C01479,Ryan Khan | France | Plus,Beauty Products,536.16,2,2025-11-28,Marketplace,1072.32
ORD-006560,C02547,Maya Carter | Australia | Basic,BOOKS,334.87,2,2025-03-14,Marketplace,669.74
ORD-006561,C00374,Ethan Wright | Singapore | Basic,Sports & Fitness,137.7,6,2025-12-26,Marketplace,826.2
ORD-006562,C02163,Chloe Nelson | Australia | Plus,TOYS,143.12,2,2025-07-14,Mobile App,286.24
ORD-006563,C00045,Emma Wilson | Canada | Basic,Clothing,586.39,6,2025-04-21,Website,3518.34
ORD-006564,C00508,Ethan Johnson | United Kingdom | Basic,Sports,455.01,2,2026-03-07,Retail Store,910.02
ORD-006565,C02937,Omar Patel | United Kingdom | Basic,Electronics,618.73,6,2025-08-05,Marketplace,3712.38
ORD-006566,C02975,Lina Adams | France | Premium,Beauty Products,56.59,2,2025-05-01,Website,113.18
ORD-006567,C00426,Liam Khan | Singapore | Basic,Electronics ,146.31,5,2025-02-20,Retail Store,731.55
ORD-006568,C02396,Leo Garcia | United Kingdom | Premium,SPORTS,37.51,2,2025-03-06,Mobile App,75.02
ORD-006569,C02115,Mia Anderson | United Kingdom | Basic,Home and Kitchen,368.75,5,2026-03-09,Website,1843.75
ORD-006570,C00663,Mia Johnson | UAE | Premium,ELECTRONICS,105.96,5,2026-02-21,Website,529.8
ORD-006571,C02235,James Wilson | Germany | Basic,Home & Kitchen,498.65,2,2026-06-16,Retail Store,997.3
ORD-006572,C00735,Omar Lee | United Kingdom | Basic,SPORTS,332.28,3,2025-01-09,Marketplace,996.84
ORD-006573,C02224,Olivia Lewis | France | Basic,Office Supplies,287.4,5,2025-02-07,Retail Store,1437.0
ORD-006574,C01671,Layla Brown | UAE | Basic,Office Supplies,187.06,2,2026-03-05,Marketplace,374.12
ORD-006575,C01120,Nora Khan | Canada | Basic,beauty ,228.76,6,2026-06-27,Retail Store,1372.56
ORD-006576,C01114,Noah Green | Germany | Basic,Books,615.66,6,2025-07-10,Retail Store,3693.96
ORD-006577,C00120,Omar Taylor | Australia | Premium,Beauty,590.39,4,2025-09-19,Mobile App,2361.56
ORD-006578,C00627,Ella Taylor | Australia | Plus,Books,31.26,5,2025-11-05,Retail Store,156.3
ORD-006579,C01585,Emma Taylor | Canada | Plus,SPORTS,423.48,2,2025-04-21,Marketplace,846.96
ORD-006580,C02552,Maya Green | UAE | Basic,Toys,248.56,5,2026-06-22,Website,1242.8
ORD-006581,C01119,Emma Young | United Kingdom | Basic,Electronic Goods,353.66,3,2025-09-16,Marketplace,1060.98
ORD-006582,C01136,Yusuf Miller | Canada | Premium,Clothing,371.6,4,2025-07-12,Mobile App,1486.4
ORD-006583,C01707,Adam Anderson | France | Basic,Sports,445.92,3,2025-03-01,Website,1337.76
ORD-006584,C00294,Layla Garcia | Singapore | Plus,Office Supplies,250.24,5,2025-03-30,Marketplace,1251.2
ORD-006585,C01253,Lina Clark | Singapore | Basic,Toys,436.32,5,2025-03-02,Marketplace,2181.6
ORD-006586,C01928,Ava Adams | Germany | Premium,Home & Kitchen,254.31,1,2025-04-09,Marketplace,254.31
ORD-006587,C00059,Emma Moore | United States | Basic,Beauty,538.37,2,2025-12-14,Retail Store,1076.74
ORD-006588,C00048,Lina Walker | United States | Premium,Toys ,222.57,5,2025-12-27,Mobile App,1112.85
ORD-006589,C00729,Omar Lewis | UAE | Basic,Clothing,200.83,6,2025-08-08,Retail Store,1204.98
ORD-006590,C00077,James Mitchell | Germany | Plus,Books,350.48,3,2026-02-09,Website,1051.44
ORD-006591,C02184,Nora Young | France | Basic,Home & Kitchen,289.96,3,2025-11-20,Retail Store,869.88
ORD-006592,C01650,James Lee | Canada | Basic,Beauty,518.86,2,2025-01-13,Website,1037.72
ORD-006593,C02078,James Lee | Germany | Premium,Office  Supplies,424.06,2,2025-02-18,Mobile App,848.12
ORD-006594,C01737,Ryan Clark | Germany | Plus,Clothng,560.39,6,2025-02-05,Retail Store,3362.34
ORD-006595,C01919,Ryan Clark | Singapore | Basic,Books,145.66,3,2025-11-01,Website,436.98
ORD-006596,C02321,Isla Moore | UAE | Basic,Office Supplies,224.18,3,2025-01-31,Website,672.54
ORD-006597,C02847,Mia Wright | Canada | Basic,Sports,562.78,3,2025-08-21,Website,1688.34
ORD-006598,C01925,Sam King | Canada | Basic,beauty ,457.02,4,2026-03-09,Mobile App,1828.08
ORD-006599,C00396,Maya Taylor | UAE | Basic,Clothing,20.51,3,2025-05-29,Retail Store,61.53
ORD-006600,C00509,Jack Thomas | Canada | Basic,Electronics,342.06,6,2025-11-24,Mobile App,2052.36
ORD-006601,C01562,Ella Anderson | France | Basic,Sprots,598.54,2,2025-02-17,Retail Store,1197.08
ORD-006602,C02879,Jack Smith | United Kingdom | Basic,Clothing,449.27,5,2025-10-16,Retail Store,2246.35
ORD-006603,C00578,Yusuf Lewis | United Kingdom | Plus,Electronics,93.89,3,2025-03-31,Website,281.67
ORD-006604,C02124,Nora Young | Germany | Plus,Toys,118.64,5,2025-06-18,Retail Store,593.2
ORD-006605,C00930,Leo Ahmed | France | Plus,Books,358.13,5,2025-10-17,Retail Store,1790.65
ORD-006606,C02936,Lucas Wilson | United Kingdom | Plus,Office Supples,360.7,1,2025-03-18,Mobile App,360.7
ORD-006607,C01898,Sara Walker | Singapore | Basic,Home and Kitchen,575.87,6,2025-07-18,Website,3455.22
ORD-006608,C02417,Layla Young | United Kingdom | Basic,Books,353.38,6,2025-05-24,Retail Store,2120.28
ORD-006609,C01700,Lucas Clark | United Kingdom | Basic,Sports,176.57,5,2025-08-27,Marketplace,882.85
ORD-006610,C01830,Lina Hassan | UAE | Basic,Home & Kitchen,525.55,6,2026-02-16,Mobile App,3153.3
ORD-006611,C01300,Lina Hassan | Australia | Basic,Books,545.79,2,2025-10-20,Marketplace,1091.58
ORD-006612,C01888,Isla Hassan | UAE | Plus,Home & Kitchen,636.42,6,2026-04-03,Mobile App,3818.52
ORD-006613,C01837,Leo Lewis | Germany | Basic,Boks,300.04,6,2025-07-26,Website,1800.24
ORD-006614,C02819,Mia Taylor | Singapore | Basic,Electronics,166.69,2,2026-03-11,Retail Store,333.38
ORD-006615,C02101,Noah Ahmed | Singapore | Plus,Home and Kitchen,76.55,6,2025-12-30,Marketplace,459.3
ORD-006616,C00655,Noah Khan | Germany | Plus,Sports,446.59,5,2026-04-08,Retail Store,2232.95
ORD-006617,C02720,Maya Carter | United States | Plus,Electronics,168.44,1,2025-12-11,Retail Store,168.44
ORD-006618,C00344,Leo Thomas | United States | Premium,Sports,104.42,2,2026-01-12,Website,208.84
ORD-006619,C01633,Amelia Davis | Germany | Plus,Sports,301.54,5,2025-11-25,Marketplace,1507.7
ORD-006620,C01066,Emma Lewis | Singapore | Premium,Books,189.16,1,2025-03-11,Website,189.16
ORD-006621,C02807,Noah Moore | United Kingdom | Plus,Office Supplies,340.35,5,2026-04-16,Retail Store,1701.75
ORD-006622,C02909,Chloe Anderson | United Kingdom | Basic,Electronics,268.35,5,2026-03-04,Retail Store,1341.75
ORD-006623,C02815,Lina Wilson | Singapore | Basic,Office Supplies,371.29,5,,Retail Store,1856.45
ORD-006624,C02202,Daniel Brown | United Kingdom | Basic,Sports,28.09,6,2026-05-21,Website,168.54
ORD-006625,C02927,Olivia Lewis | Canada | Premium,Office Supples,616.08,5,2025-07-07,Website,3080.4
ORD-006626,C02048,Amelia Taylor | Australia | Premium,Sprots,163.83,6,2025-03-14,Website,982.98
ORD-006627,C00443,Zoe Brown | United States | Basic,Sports,187.71,2,2026-06-04,Mobile App,375.42
ORD-006628,C00335,Zoe Mitchell | Germany | Basic,Clothing & Apparel,467.18,2,2026-01-23,Marketplace,934.36
ORD-006629,C01619,Adam Taylor | United States | Plus,Office Supplies,602.57,3,2026-02-26,Mobile App,1807.71
ORD-006630,C02980,Noah Smith | UAE | Premium,Beauty,595.55,6,2025-12-03,Website,3573.3
ORD-006631,C01497,Emma Wright | Singapore | Plus,Book,480.76,4,2026-06-18,Marketplace,1923.04
ORD-006632,C02052,Yusuf Carter | United Kingdom | Premium,Electronic Goods,378.94,3,2025-09-26,Retail Store,1136.82
ORD-006633,C01175,Ava Garcia | UAE | Basic,Beauty,350.07,2,2025-06-02,Mobile App,700.14
ORD-006634,C01245,Mia Miller | United States | Basic,Sport,629.87,1,2025-06-29,Marketplace,629.87
ORD-006635,C00789,Sophia Hall | Germany | Plus,Electronic Goods,592.4,2,,Mobile App,1184.8
ORD-006636,C02704,Isla Baker | United Kingdom | Premium,Book,362.27,5,2025-10-31,Website,1811.35
ORD-006637,C02342,Ryan Adams | UAE | Premium,Toy,210.86,4,2025-08-17,Marketplace,843.44
ORD-006638,C00958,Isla Lee | Germany | Basic,Office Supplies,120.45,1,2025-06-04,Website,120.45
ORD-006639,C01986,Alex Adams | Germany | Basic,Beauty,519.43,3,2026-07-11,Website,1558.29
ORD-006640,C01352,Liam Green | Australia | Basic,Toys,103.96,2,2026-05-23,Website,207.92
ORD-006641,C00946,Lucas Martin | United States | Plus,Beautyy,61.52,6,2025-07-15,Retail Store,369.12
ORD-006642,C02190,Alex Garcia | Canada | Basic,Electronics,205.9,5,2026-02-23,Marketplace,1029.5
ORD-006643,C00608,Isla Garcia | UAE | Plus,Sports,217.35,3,2025-02-10,Retail Store,652.05
ORD-006644,C02570,Isla Smith | Singapore | Basic,Sports,31.88,1,2026-06-27,Mobile App,31.88
ORD-006645,C02696,Omar Taylor | Germany | Basic,Beauty Products,179.28,3,2025-05-05,Mobile App,537.84
ORD-006646,C00162,James Taylor | Singapore | Plus,TOYS,336.31,1,2025-11-22,Retail Store,336.31
ORD-006647,C00225,Yusuf Walker | Singapore | Plus,Books,269.35,2,2025-01-02,Retail Store,538.7
ORD-006648,C01123,Emma Lewis | UAE | Premium,Home & Kitchen,629.65,1,2025-05-07,Mobile App,629.65
ORD-006649,C00745,Layla Taylor | Canada | Plus,Beauty,438.42,2,2025-06-19,Marketplace,876.84
ORD-006650,C00253,Olivia Patel | France | Plus,Home & Kitchen,122.44,2,2025-06-11,Website,244.88
ORD-006651,C00891,Lucas Martin | France | Plus,beauty ,209.69,5,2026-06-04,Website,1048.45
ORD-006652,C01160,Alex Mitchell | United Kingdom | Plus,Beauty,30.77,3,2025-05-21,Website,92.31
ORD-006653,C02922,Daniel Nelson | Australia | Plus,Books & Media,62.0,5,2025-04-06,Website,310.0
ORD-006654,C02828,Ella Patel | United Kingdom | Basic,Home & Kitchen,225.6,5,2025-05-26,Website,1128.0
ORD-006655,C00001,Maya Taylor | United States | Basic,Clothes,419.68,5,2025-07-03,Website,2098.4
ORD-006656,C01202,Isla Garcia | United Kingdom | Basic,Sport,464.76,1,2025-11-08,Website,464.76
ORD-006657,C02560,Sara Lee | Germany | Premium,Office  Supplies,565.72,5,2026-05-13,Retail Store,2828.6
ORD-006658,C00990,Adam Wilson | Germany | Plus,Electroncs,531.15,5,2025-04-16,Website,2655.75
ORD-006659,C01425,Daniel Baker | United Kingdom | Basic,Books & Media,477.56,2,2026-03-22,Retail Store,955.12
ORD-006660,C00213,Nora Thomas | Australia | Plus,Home and Kitchen,613.74,1,2025-01-02,Marketplace,613.74
ORD-006661,C02762,Lina Walker | Canada | Plus,BEAUTY,176.07,4,2025-12-23,Retail Store,704.28
ORD-006662,C00597,Nora Davis | Australia | Basic,electronic,359.0,5,2025-06-30,Retail Store,1795.0
ORD-006663,C00781,Maya Garcia | France | Basic,Toys & Games,423.92,2,2025-07-29,Retail Store,847.84
ORD-006664,C00536,Adam Young | UAE | Plus,Clothng,459.15,6,2025-02-22,Marketplace,2754.9
ORD-006665,C01552,Henry Carter | United States | Plus,Clothing,305.82,6,2025-04-07,Retail Store,1834.92
ORD-006666,C01822,James Anderson | France | Basic,Home & Ktchen,305.57,2,2025-11-15,Marketplace,611.14
ORD-006667,C02889,Lina Lee | UAE | Plus,Electronics,231.19,1,2026-04-07,Mobile App,231.19
ORD-006668,C01316,Maya Hall | United States | Basic,Sports,113.56,6,2026-04-11,Website,681.36
ORD-006669,C01877,Omar Johnson | Singapore | Basic,Sports,280.77,5,2026-07-16,Retail Store,1403.85
ORD-006670,C02258,Zoe Moore | United States | Basic,TOYS,125.03,5,2025-03-04,Mobile App,625.15
ORD-006671,C02846,Liam Nelson | UAE | Basic,Beauty,193.13,3,2025-10-02,Website,579.39
ORD-006672,C00580,Maya Anderson | UAE | Basic,Toys & Games,562.62,4,2026-06-17,Marketplace,2250.48
ORD-006673,C01310,Noah Garcia | France | Premium,Electronics,488.39,4,2025-05-14,Mobile App,1953.56
ORD-006674,C01403,Lucas Walker | United States | Plus,Books,493.48,5,2026-02-22,Website,2467.4
ORD-006675,C01190,Ryan Anderson | Canada | Basic,CLOTHING,399.33,6,2025-07-10,Retail Store,2395.98
ORD-006676,C02250,Adam Patel | France | Plus,Home & Kitchen,634.56,4,2025-12-16,Retail Store,2538.24
ORD-006677,C01234,Omar Miller | United States | Premium,Office Supply,101.04,4,2025-05-07,Mobile App,404.16
ORD-006678,C01640,Leo Taylor | United States | Premium,Home & Kitchen,150.66,2,2026-01-03,Mobile App,301.32
ORD-006679,C00787,Yusuf Hassan | Australia | Basic,BOOKS,400.36,1,2025-05-22,Retail Store,400.36
ORD-006680,C02464,Lina Martin | United States | Premium,Office Supplies,134.21,6,2025-05-01,Website,805.26
ORD-006681,C02918,Layla Carter | Singapore | Plus,beauty ,330.92,1,2025-06-06,Website,330.92
ORD-006682,C02633,James Miller | France | Basic,Clothing,402.23,3,2025-01-10,Mobile App,1206.69
ORD-006683,C01058,Nora Patel | France | Basic,Books,526.42,5,2026-03-24,Marketplace,2632.1
ORD-006684,C02524,Chloe Mitchell | Australia | Basic,Clothing,487.38,4,2025-09-07,Marketplace,1949.52
ORD-006685,C00143,Omar Moore | UAE | Basic,Boks,490.88,3,2025-11-05,Mobile App,1472.64
ORD-006686,C02812,Lucas Khan | United Kingdom | Plus,electronic,213.21,3,2025-10-04,Website,639.63
ORD-006687,C00748,Zoe Miller | Singapore | Basic,Sports,525.48,1,2025-10-19,Marketplace,525.48
ORD-006688,C01106,Yusuf Patel | United States | Basic,Beauty,159.51,5,2025-12-10,Retail Store,797.55
ORD-006689,C01213,Leo Johnson | UAE | Plus,Beauty,538.06,5,2026-02-25,Mobile App,2690.3
ORD-006690,C00015,Mia Lewis | UAE | Plus,Book,536.65,3,2025-12-16,Website,1609.95
ORD-006691,C02325,James Taylor | Singapore | Plus,Boks,426.58,5,2026-01-24,Marketplace,2132.9
ORD-006692,C00276,Emma Wilson | Germany | Basic,Toys,541.97,5,2026-06-03,Website,2709.85
ORD-006693,C00055,Chloe Young | Australia | Plus,Clothing & Apparel,495.16,5,2025-12-23,Website,2475.8
ORD-006694,C00673,Leo Mitchell | France | Basic,Home & Kitchen,387.26,5,2025-10-17,Retail Store,1936.3
ORD-006695,C00653,Lucas Garcia | Singapore | Basic,Sprots,286.39,1,2026-01-21,Marketplace,286.39
ORD-006696,C01511,Lucas King | UAE | Premium,Toys,281.2,6,2025-08-16,Website,1687.2
ORD-006697,C00199,Ava Taylor | United States | Plus,BOOKS,137.61,2,2025-02-11,Website,275.22
ORD-006698,C01428,Chloe Clark | UAE | Basic,TOYS,302.05,1,2026-01-09,Marketplace,302.05
ORD-006699,C02942,Sara Anderson | United States | Basic,Toys,177.53,1,2026-02-04,Retail Store,177.53
ORD-006700,C00863,Mia Ahmed | Canada | Basic,Clothes,450.91,2,2025-07-19,Retail Store,901.82
ORD-006701,C00609,Lina Miller | Canada | Plus,Clothing & Apparel,175.87,4,2025-04-14,Retail Store,703.48
ORD-006702,C00502,Adam Lewis | United Kingdom | Basic,Toys ,274.89,3,2026-02-07,Marketplace,824.67
ORD-006703,C01897,Amelia Wilson | UAE | Basic,Toys,144.11,4,2026-01-28,Marketplace,576.44
ORD-006704,C01394,Isla Khan | Singapore | Basic,Toys,61.62,1,2026-03-09,Retail Store,61.62
ORD-006705,C01883,Ryan Davis | Singapore | Basic,Toys,576.35,5,2025-07-08,Marketplace,2881.75
ORD-006706,C02395,Sara Mitchell | United States | Premium,Toys ,207.44,2,2025-07-25,Retail Store,414.88
ORD-006707,C02461,Ethan Patel | United States | Plus,Beauty,61.15,3,2026-03-02,Mobile App,183.45
ORD-006708,C02922,Daniel Nelson | Australia | Plus,Sprots,502.22,5,2026-03-31,Retail Store,2511.1
ORD-006709,C02584,Ella Taylor | France | Plus,Books,146.16,6,2025-09-11,Retail Store,876.96
ORD-006710,C00229,James Thomas | United Kingdom | Basic,Home & Kitchen,617.06,0,2026-03-12,Retail Store,2468.24
ORD-006711,C01570,Maya Khan | Germany | Basic,Electronics,487.13,3,2025-12-09,Website,1461.39
ORD-006712,C00840,Ryan Wilson | Singapore | Basic,Clothng,508.59,6,2025-04-13,Retail Store,3051.54
ORD-006713,C02755,Mia Garcia | Singapore | Basic,Clothng,470.73,5,2026-07-08,Website,2353.65
ORD-006714,C02571,Noah Ahmed | Singapore | Plus,Toys,252.98,3,2026-07-22,Retail Store,758.94
ORD-006715,C01542,Olivia Lewis | France | Basic,Electronics ,622.4,6,2026-04-08,Retail Store,3734.4
ORD-006716,C01253,Lina Clark | Singapore | Basic,Toys & Games,138.39,1,2026-01-20,Mobile App,138.39
ORD-006717,C02709,Nora Taylor | UAE | Basic,BEAUTY,352.75,2,2026-03-18,Retail Store,705.5
ORD-006718,C00732,Adam Lee | France | Basic,Beauty,629.41,5,2025-05-26,Website,3147.05
ORD-006719,C01871,Alex Miller | United States | Basic,Sports,616.48,6,2026-03-22,Retail Store,3698.88
ORD-006720,C01873,Sara Johnson | Canada | Basic,Sprots,250.28,1,2025-02-15,Retail Store,250.28
ORD-006721,C00651,Sara Adams | UAE | Basic,Office Supply,603.14,2,2025-07-19,Retail Store,1206.28
ORD-006722,C01530,Isla Baker | Canada | Plus,Office Supplies,302.75,3,2026-03-19,Retail Store,908.25
ORD-006723,C01445,Sara Wright | Australia | Plus,Office Supply,171.43,4,2025-06-10,Mobile App,685.72
ORD-006724,C01618,Sophia Wilson | France | Plus,HOME & KITCHEN,483.61,6,2025-05-11,Mobile App,2901.66
ORD-006725,C01047,Alex Green | Australia | Plus,BOOKS,474.6,3,2025-06-28,Marketplace,1423.8
ORD-006726,C02823,Ella Khan | Singapore | Basic,Books,300.1,1,2025-10-05,Mobile App,300.1
ORD-006727,C01732,Ryan Carter | United States | Plus,Home & Kitchen,416.34,5,2025-01-27,Marketplace,2081.7
ORD-006728,C02644,Mia Baker | Australia | Basic,Office Supplies,626.71,1,2025-09-08,Mobile App,626.71
ORD-006729,C02128,Noah Lee | Australia | Plus,Electronics,149.55,1,2025-09-02,Website,149.55
ORD-006730,C01437,Omar Anderson | UAE | Plus,Toys & Games,13.58,4,2025-07-17,Mobile App,54.32
ORD-006731,C02652,Henry Green | UAE | Premium,Electronics,63.18,3,2026-07-03,Mobile App,189.54
ORD-006732,C02225,Leo Wilson | Canada | Premium,Toys,266.17,5,2025-07-07,Marketplace,1330.85
ORD-006733,C02531,Ella Young | United States | Basic,Clothing,63.05,5,2025-02-13,Mobile App,315.25
ORD-006734,C00056,Chloe Moore | France | Premium,OFFICE SUPPLIES,254.8,5,2026-07-23,Website,1274.0
ORD-006735,C01060,Lina Patel | Australia | Basic,Electronic Goods,70.25,3,2026-02-03,Website,210.75
ORD-006736,C01623,Chloe Mitchell | France | Basic,Toy,70.27,6,2025-01-04,Retail Store,421.62
ORD-006737,C00824,Lina Hassan | United Kingdom | Basic,Clothing,132.03,3,2026-03-06,Website,396.09
ORD-006738,C02579,Lucas Davis | Germany | Basic,Electronics,512.78,5,2026-06-12,Website,2563.9
ORD-006739,C01289,Lucas Walker | United Kingdom | Basic,OFFICE SUPPLIES,381.87,6,2026-05-12,Marketplace,2291.22
ORD-006740,C02171,James Hassan | Australia | Plus,Books & Media,116.25,1,2025-09-07,Retail Store,116.25
ORD-006741,C00273,Daniel Anderson | Canada | Basic,Sports,494.69,5,2026-04-15,Mobile App,2473.45
ORD-006742,C01386,Lina Thomas | Australia | Basic,Books & Media,448.43,3,2025-12-11,Website,1345.29
ORD-006743,C01401,Noah Wilson | Australia | Basic,Office  Supplies,426.41,2,2025-05-08,Marketplace,852.82
ORD-006744,C00542,Zoe Taylor | United States | Plus,Toys,457.34,3,2026-04-01,Mobile App,1372.02
ORD-006745,C01209,Sophia Miller | UAE | Plus,Clothing & Apparel,280.31,4,2026-03-21,Mobile App,1121.24
ORD-006746,C00193,Nora Hall | UAE | Basic,Clothing,596.42,5,2026-02-26,Mobile App,2982.1
ORD-006747,C01794,Nora Clark | United States | Plus,Toys,632.93,1,2025-09-06,Mobile App,632.93
ORD-006748,C00814,Noah Wright | United States | Premium,Clothing,168.05,6,2025-12-08,Retail Store,1008.3
ORD-006749,C00163,Emma Davis | Germany | Plus,Electronic Goods,442.26,3,2025-09-06,Marketplace,1326.78
ORD-006750,C00837,Ava Adams | France | Plus,HOME & KITCHEN,106.16,4,2025-07-01,Mobile App,424.64
ORD-006751,C02978,Maya Davis | United States | Plus,Clothing,555.55,1,2025-09-26,Mobile App,555.55
ORD-006752,C00981,Sam Lee | United States | Basic,Clothng,505.06,1,2025-06-27,Website,505.06
ORD-006753,C01322,Leo Clark | France | Plus,Office Supplies,534.43,2,2025-08-13,Retail Store,1068.86
ORD-006754,C00011,Yusuf Khan | UAE | Plus,Toys,400.29,5,2025-05-17,Retail Store,2001.45
ORD-006755,C00137,Ella Smith | Canada | Premium,beauty ,265.39,3,2025-12-02,Mobile App,796.17
ORD-006756,C00489,Ryan Carter | United States | Premium,Electronics,383.07,6,2025-02-26,Retail Store,2298.42
ORD-006757,C00122,Lina King | Canada | Basic,Electronic Goods,378.32,6,2025-02-11,Retail Store,2269.92
ORD-006758,C01905,Sara Green | UAE | Premium,Books,592.29,6,2025-08-20,Marketplace,3553.74
ORD-006759,C01491,Adam Anderson | United Kingdom | Premium,Office  Supplies,457.9,4,2025-04-26,Marketplace,1831.6
ORD-006760,C02664,Amelia Carter | Germany | Premium,Toys,19.64,4,2025-03-25,Website,78.56
ORD-006761,C02853,Lucas Thomas | Germany | Basic,Home & Ktchen,112.63,6,2025-03-13,Mobile App,675.78
ORD-006762,C00778,Daniel Davis | United Kingdom | Basic,Electronics,326.82,4,2026-03-14,Marketplace,1307.28
ORD-006763,C01808,Amelia Hall | France | Basic,Sprots,356.05,1,2026-02-25,Website,356.05
ORD-006764,C00810,Omar Walker | Singapore | Basic,Clothing,487.24,6,2025-05-12,Website,2923.44
ORD-006765,C01640,Leo Taylor | United States | Premium,Beauty,228.15,5,2026-06-24,Website,1140.75
ORD-006766,C01125,Liam Walker | Singapore | Plus,Beauty,219.59,5,2025-04-13,Website,1097.95
ORD-006767,C02701,Lucas Johnson | United Kingdom | Plus,Toys,479.49,5,2025-06-13,Website,2397.45
ORD-006768,C00268,Ethan Martin | Germany | Basic,Books & Media,250.02,6,2026-07-18,Marketplace,1500.12
ORD-006769,C02164,Sam Hall | Australia | Basic,Office Supplies,445.28,6,2025-09-28,Retail Store,2671.68
ORD-006770,C01551,Lina Nelson | UAE | Basic,Office Supplies,264.0,6,2025-05-12,Mobile App,1584.0
ORD-006771,C00224,Jack Green | United States | Basic,Electronic Goods,310.66,2,2025-09-03,Retail Store,621.32
ORD-006772,C02024,Ella Young | United Kingdom | Premium,BOOKS,156.69,3,2025-12-16,Website,470.07
ORD-006773,C02150,Emma Johnson | Canada | Basic,Beauty,27.17,4,2025-09-30,Marketplace,108.68
ORD-006774,C01427,Henry Mitchell | United States | Premium,Books,243.44,2,2026-06-09,Retail Store,486.88
ORD-006775,C02576,Ryan Hall | Germany | Basic,Books,381.05,1,2025-08-28,Website,381.05
ORD-006776,C01427,Henry Mitchell | United States | Premium,Book,548.45,4,2025-09-28,Mobile App,2193.8
ORD-006777,C00028,Lucas Clark | United Kingdom | Basic,Home & Kitchen,535.93,4,2026-07-03,Website,2143.72
ORD-006778,C02931,Lucas Moore | UAE | Plus,Office Supplies,611.2,6,2025-08-23,Marketplace,3667.2
ORD-006779,C01540,Noah Thomas | Germany | Premium,Office Supples,510.9,4,2025-01-30,Marketplace,2043.6
ORD-006780,C00743,Sophia Green | United Kingdom | Basic,Office Supplies,161.49,5,2026-02-26,Marketplace,807.45
ORD-006781,C01195,Noah Patel | Singapore | Plus,Book,490.07,6,2026-06-11,Website,2940.42
ORD-006782,C02995,Lucas Anderson | UAE | Basic,Clothing,156.12,4,2026-03-31,Website,624.48
ORD-006783,C02822,Emma Green | France | Basic,Toys,173.06,1,2026-03-31,Website,173.06
ORD-006784,C01412,Omar Brown | Germany | Basic,Books,383.84,2,2026-01-15,Mobile App,767.68
ORD-006785,C01074,Alex Miller | Canada | Plus,Home & Kitchen,366.29,1,2025-09-23,Marketplace,366.29
ORD-006786,C02343,Isla Johnson | United States | Plus,Beauty,375.71,5,2025-04-11,Website,1878.55
ORD-006787,C01420,Ethan Green | Germany | Plus,Office Supplies,264.37,5,2025-09-21,Retail Store,1321.85
ORD-006788,C00269,Sam Brown | Canada | Plus,BOOKS,214.58,4,2026-05-26,Website,858.32
ORD-006789,C01066,Emma Lewis | Singapore | Premium,Home and Kitchen,441.59,5,2025-11-16,Website,2207.95
ORD-006790,C00123,Jack Hall | Canada | Basic,Clothing,572.71,2,2026-02-26,Mobile App,1145.42
ORD-006791,C01133,Henry Hassan | Canada | Basic,Toys,123.3,1,2025-12-15,Retail Store,123.3
ORD-006792,C02224,Olivia Lewis | France | Basic,Toys,222.88,2,2026-07-19,Retail Store,445.76
ORD-006793,C01717,Omar Carter | Canada | Premium,Toys,281.54,2,2025-01-29,Mobile App,563.08
ORD-006794,C00595,Noah Anderson | UAE | Basic,Home & Kitchen,468.12,6,2025-10-11,Marketplace,2808.72
ORD-006795,C02301,Amelia Taylor | Germany | Basic,Toys,317.5,3,2026-06-04,Marketplace,952.5
ORD-006796,C01088,Jack Wright | Germany | Premium,Home & Kitchen,50.11,3,2026-02-25,Mobile App,150.33
ORD-006797,C02829,Nora Davis | France | Basic,Beauty,612.55,4,2026-06-30,Website,2450.2
ORD-006798,C02094,Daniel Lee | United States | Premium,beauty ,77.92,4,2026-01-18,Retail Store,311.68
ORD-006799,C00047,Ryan Young | United Kingdom | Basic,Beauty,397.56,6,2025-01-21,Marketplace,2385.36
ORD-006800,C01826,Layla Thomas | United States | Basic,Sports,512.92,4,2025-07-07,Mobile App,2051.68
ORD-006801,C01117,Sara Carter | UAE | Premium,Sport,600.54,4,2026-07-08,Website,2402.16
ORD-006802,C00421,Emma Green | United Kingdom | Basic,Toys,258.43,5,2026-04-02,Website,1292.15
ORD-006803,C02063,James Green | United States | Basic,Clothing,437.84,3,2026-03-29,Retail Store,1313.52
ORD-006804,C01908,Maya Baker | United Kingdom | Basic,Home & Kitchen,449.46,1,2025-07-23,Website,449.46
ORD-006805,C02433,Lina Wright | Canada | Basic,Toys,587.45,6,2026-06-08,Retail Store,3524.7
ORD-006806,C00456,James Miller | France | Basic,Home & Kitchen,49.58,5,2025-06-18,Mobile App,247.9
ORD-006807,C02812,Lucas Khan | United Kingdom | Plus,Books & Media,447.14,6,2025-02-07,Mobile App,2682.84
ORD-006808,C01777,Henry Hall | France | Plus,Electroncs,221.38,2,2026-07-23,Retail Store,442.76
ORD-006809,C01156,Noah Miller | United Kingdom | Basic,Sports,46.55,3,2026-06-06,Marketplace,139.65
ORD-006810,C02248,Ella Lee | United States | Basic,Books,199.96,1,2026-01-07,Marketplace,199.96
ORD-006811,C02527,Layla Baker | Germany | Plus,Beauty,602.49,4,2025-12-14,Retail Store,2409.96
ORD-006812,C01849,Ava Ahmed | United Kingdom | Premium,Clothing,270.49,5,2026-06-14,Website,1352.45
ORD-006813,C01278,Emma Davis | United States | Plus,Clothng,492.58,2,2025-05-14,Marketplace,985.16
ORD-006814,C00357,Layla Hassan | Canada | Basic,Sports & Fitness,321.31,2,2025-07-12,Mobile App,642.62
ORD-006815,C01619,Adam Taylor | United States | Plus,BOOKS,69.61,5,2025-11-03,Marketplace,348.05
ORD-006816,C01174,Layla Nelson | Canada | Basic,Electronic Goods,22.85,2,2025-10-31,Mobile App,45.7
ORD-006817,C01916,Leo Miller | France | Basic,Sports,77.63,5,2025-05-11,Website,388.15
ORD-006818,C01293,Yusuf Carter | Canada | Plus,Office  Supplies,282.49,5,2025-09-21,Marketplace,1412.45
ORD-006819,C02915,Lina Mitchell | UAE | Premium,Beauty,58.44,4,2025-06-21,Website,233.76
ORD-006820,C01283,Ava Clark | France | Plus,Beautyy,294.93,5,2025-02-06,Website,1474.65
ORD-006821,C02355,Henry Lewis | Australia | Plus,Electronics,281.65,3,2026-01-17,Mobile App,844.95
ORD-006822,C00270,Maya Walker | United Kingdom | Plus,BEAUTY,268.03,3,2025-09-16,Marketplace,804.09
ORD-006823,C00897,Omar Young | Canada | Basic,Office Supplies,546.15,2,2025-06-09,Website,1092.3
ORD-006824,C01737,Ryan Clark | Germany | Plus,Toys ,243.35,3,2026-03-01,Retail Store,730.05
ORD-006825,C02030,Sara Walker | Australia | Basic,Electronics ,631.52,4,2026-03-27,Website,2526.08
ORD-006826,C00275,Sophia Hall | UAE | Premium,electronic,631.78,3,2026-01-09,Retail Store,1895.34
ORD-006827,C01448,Lucas Taylor | UAE | Basic,Sprots,619.25,5,2025-05-13,Marketplace,3096.25
ORD-006828,C02870,Sophia Anderson | Germany | Basic,Office Supplies,139.77,6,2025-04-06,Website,838.62
ORD-006829,C01948,Sophia Garcia | United Kingdom | Basic,Home & Ktchen,570.01,6,2026-07-24,Marketplace,3420.06
ORD-006830,C02854,Sophia Davis | UAE | Premium,Toy,47.71,6,2026-04-29,Website,286.26
ORD-006831,C02054,Ella Ahmed | Australia | Premium,Office Supples,496.64,5,2026-01-04,Website,2483.2
ORD-006832,C02165,Yusuf Wright | Canada | Basic,Toys,139.46,5,2026-06-15,Marketplace,697.3
ORD-006833,C00234,Sara Ahmed | Singapore | Plus,Office Supplies,313.86,3,2025-12-19,Retail Store,941.58
ORD-006834,C00725,Amelia Johnson | Germany | Premium,Home & Kitchen,539.8,1,2025-09-22,Retail Store,539.8
ORD-006835,C02896,Ryan Young | Germany | Basic,Home Kitchen,36.13,3,2025-12-03,Retail Store,108.39
ORD-006836,C02114,Omar Adams | United States | Plus,CLOTHING,527.91,1,2025-07-18,Retail Store,527.91
ORD-006837,C00017,Daniel Brown | United States | Basic,Toys ,602.61,1,2025-11-06,Retail Store,602.61
ORD-006838,C00841,Lina Walker | Australia | Basic,Home & Kitchen,414.45,4,2025-06-27,Mobile App,1657.8
ORD-006839,C01929,Sam Adams | Singapore | Basic,Sports,279.63,6,2025-08-31,Website,1677.78
ORD-006840,C02965,Lucas Young | United Kingdom | Basic,Books,631.73,1,2026-02-08,Website,631.73
ORD-006841,C01517,Noah Hall | United Kingdom | Basic,Toys ,590.05,6,2025-06-10,Mobile App,3540.3
ORD-006842,C01651,James Martin | France | Basic,Toys,256.61,2,2025-02-23,Website,513.22
ORD-006843,C00951,Noah Khan | Germany | Basic,Books,169.07,1,2026-06-06,Retail Store,169.07
ORD-006844,C01791,Maya Carter | Singapore | Basic,Sports,387.95,6,2026-02-08,Mobile App,2327.7
ORD-006845,C02058,Omar Young | Germany | Basic,Home & Kitchen,137.37,1,2026-02-05,Marketplace,137.37
ORD-006846,C00787,Yusuf Hassan | Australia | Basic,Clothing,482.98,2,2026-06-01,Mobile App,965.96
ORD-006847,C02759,Ryan Lewis | Germany | Basic,Toys,188.6,6,2026-06-22,Mobile App,1131.6
ORD-006848,C01217,Amelia Thomas | UAE | Premium,Clothes,398.04,1,2026-05-26,Website,398.04
ORD-006849,C02965,Lucas Young | United Kingdom | Basic,Sports,513.86,1,2025-06-02,Mobile App,513.86
ORD-006850,C00533,Lucas Johnson | Singapore | Premium,Beautyy,405.06,2,2026-04-14,Marketplace,810.12
ORD-006851,C01255,Adam Smith | United Kingdom | Basic,Home Kitchen,310.94,5,2026-01-17,Marketplace,1554.7
ORD-006852,C01170,Leo Wright | France | Plus,Books,450.3,3,2026-05-13,Marketplace,1350.9
ORD-006853,C01442,Ava Garcia | France | Basic,Sports,599.22,1,2026-03-08,Website,599.22
ORD-006854,C01954,Nora Walker | France | Plus,Electronic Goods,473.18,2,2025-11-03,Website,946.36
ORD-006855,C01137,Sophia Martin | United Kingdom | Premium,Home & Kitchen,563.23,4,2026-04-29,Retail Store,2252.92
ORD-006856,C02107,Sara Ahmed | United Kingdom | Basic,Toys,482.72,3,2026-01-27,Website,1448.16
ORD-006857,C00003,Layla Mitchell | United States | Plus,BOOKS,489.93,3,2025-11-08,Marketplace,1469.79
ORD-006858,C02041,Adam Davis | Germany | Premium,Books,155.43,3,2025-08-08,Retail Store,466.29
ORD-006859,C00851,Ella Martin | France | Plus,beauty ,377.25,6,2025-12-20,Mobile App,2263.5
ORD-006860,C01848,Mia Green | Germany | Plus,Beauty,373.35,3,2026-05-03,Website,1120.05
ORD-006861,C00670,Ella Smith | France | Basic,Beauty,209.55,5,2025-03-16,Marketplace,1047.75
ORD-006862,C02660,Olivia Khan | Canada | Plus,Sports,601.51,2,2025-02-17,Website,1203.02
ORD-006863,C02375,Mia Ahmed | UAE | Basic,Home Kitchen,469.13,3,2026-06-08,Marketplace,1407.39
ORD-006864,C00966,Nora Baker | Australia | Plus,Books & Media,93.86,1,2026-05-12,Website,93.86
ORD-006865,C02081,Liam Young | UAE | Plus,Clothing,398.94,6,2025-01-23,Retail Store,2393.64
ORD-006866,C02718,Zoe Brown | Australia | Plus,Books,643.6,2,2026-05-21,Marketplace,1287.2
ORD-006867,C02271,Lucas Lee | UAE | Basic,TOYS,528.15,5,2026-03-15,Mobile App,2640.75
ORD-006868,C02009,Jack Lewis | Germany | Premium,Toy,263.02,3,2025-01-07,Marketplace,789.06
ORD-006869,C02950,Maya Anderson | United States | Premium,Sports,196.73,1,2025-11-04,Retail Store,196.73
ORD-006870,C02495,Adam Walker | UAE | Basic,Boks,31.96,3,2025-12-02,Website,95.88
ORD-006871,C01366,Lina Wilson | United States | Basic,Book,496.67,4,2025-09-06,Marketplace,1986.68
ORD-006872,C01720,Adam Lewis | Canada | Basic,Beauty,579.97,1,2025-03-19,Website,579.97
ORD-006873,C02691,Alex Hassan | United States | Plus,Clothing,71.15,5,2025-04-18,Marketplace,355.75
ORD-006874,C01003,Jack Anderson | France | Premium,Office Supplies,303.84,1,2025-09-26,Website,303.84
ORD-006875,C02286,James Adams | United Kingdom | Plus,Books,241.06,4,2025-08-06,Website,964.24
ORD-006876,C02788,Amelia Taylor | Singapore | Basic,Home & Kitchen,214.62,3,2025-03-07,Retail Store,643.86
ORD-006877,C01225,Liam Moore | Canada | Basic,Sports & Fitness,419.34,6,2026-06-26,Mobile App,2516.04
ORD-006878,C02129,Ryan Adams | France | Premium,Sports,628.66,4,2025-02-11,Retail Store,2514.64
ORD-006879,C01033,Lucas Wright | United Kingdom | Basic,Home & Ktchen,359.71,5,2026-07-19,Mobile App,1798.55
ORD-006880,C02262,Emma Garcia | UAE | Basic,Office Supples,603.54,4,2026-07-09,Retail Store,2414.16
ORD-006881,C00767,Sara Khan | Germany | Plus,Sports,226.58,4,2025-12-22,Retail Store,906.32
ORD-006882,C02250,Adam Patel | France | Plus,TOYS,251.36,1,2026-07-22,Marketplace,251.36
ORD-006883,C00411,James Adams | United Kingdom | Basic,SPORTS,478.07,1,2025-07-29,Mobile App,478.07
ORD-006884,C00673,Leo Mitchell | France | Basic,Electronics,121.81,4,2026-03-07,Retail Store,487.24
ORD-006885,C02000,Mia Hall | Germany | Basic,Beautyy,161.96,5,2025-03-28,Marketplace,809.8
ORD-006886,C02923,Layla Thomas | Singapore | Plus,Home Kitchen,124.16,1,2026-05-31,Mobile App,124.16
ORD-006887,C02445,Sophia Ahmed | Canada | Premium,Toys,449.0,5,2025-06-30,Retail Store,2245.0
ORD-006888,C01279,Sam King | Australia | Plus,BEAUTY,42.54,5,2025-03-18,Marketplace,212.7
ORD-006889,C00440,Daniel King | United Kingdom | Basic,Beauty,210.15,4,2026-06-23,Website,840.6
ORD-006890,C02868,Olivia Lee | United Kingdom | Basic,Office Supplies,622.41,5,2025-07-08,Marketplace,3112.05
ORD-006891,C01918,Sara Davis | United Kingdom | Basic,Sports,348.81,4,2025-05-11,Mobile App,1395.24
ORD-006892,C00072,Henry Walker | Australia | Basic,Clothes,548.45,2,2025-05-22,Retail Store,1096.9
ORD-006893,C00200,James Ahmed | Australia | Basic,Electronics,354.09,1,2025-04-20,Mobile App,354.09
ORD-006894,C01002,Alex Green | Canada | Plus,Electronics,345.64,5,2025-03-04,Website,1728.2
ORD-006895,C02580,Emma Taylor | Australia | Basic,Beauty,177.06,2,2025-07-23,Retail Store,354.12
ORD-006896,C01435,Sophia Brown | UAE | Basic,beauty ,46.17,1,2025-02-02,Retail Store,46.17
ORD-006897,C02617,Ethan Nelson | Germany | Basic,Books,473.58,1,2025-02-22,Website,473.58
ORD-006898,C02413,Sara Taylor | UAE | Basic,Home & Kitchen,472.51,6,2025-04-30,Marketplace,2835.06
ORD-006899,C02067,Lucas Carter | France | Plus,Electronics,410.85,3,2025-03-27,Website,1232.55
ORD-006900,C01323,Daniel Walker | Australia | Basic,Electroncs,76.43,3,2025-06-15,Marketplace,229.29
ORD-006901,C00245,Chloe Johnson | Germany | Plus,Home & Kitchen,589.2,2,2026-04-12,Marketplace,1178.4
ORD-006902,C00246,Daniel Lewis | United States | Basic,Beauty,132.86,1,2025-02-26,Retail Store,132.86
ORD-006903,C01009,Liam Khan | Canada | Basic,Electronics,68.35,5,2025-09-04,Retail Store,341.75
ORD-006904,C00441,Chloe Smith | Germany | Basic,Home & Kitchen,78.71,3,2025-05-06,Marketplace,236.13
ORD-006905,C01563,Amelia Smith | UAE | Premium,Home Kitchen,490.56,3,2025-03-07,Website,1471.68
ORD-006906,C02319,Olivia Ahmed | UAE | Plus,Clothing,354.09,3,2025-09-03,Marketplace,1062.27
ORD-006907,C02442,Ethan Johnson | United States | Plus,Home & Ktchen,223.18,4,2025-08-22,Retail Store,892.72
ORD-006908,C00758,Ava Wright | Germany | Basic,Boks,402.07,4,2025-02-27,Marketplace,1608.28
ORD-006909,C00751,Alex Anderson | Singapore | Basic,Sport,431.88,6,2025-11-12,Retail Store,2591.28
ORD-006910,C01383,Lina Hassan | United States | Premium,Electronic Goods,554.01,5,2026-05-11,Mobile App,2770.05
ORD-006911,C01459,Leo Hassan | Singapore | Plus,Toys,249.81,6,2025-10-04,Website,1498.86
ORD-006912,C02584,Ella Taylor | France | Plus,Clothing,332.6,3,2025-03-16,Website,997.8
ORD-006913,C02234,Ella Baker | UAE | Plus,Clothing,62.03,4,2025-01-24,Retail Store,248.12
ORD-006914,C01849,Ava Ahmed | United Kingdom | Premium,Clothing,591.79,4,2026-04-18,Website,2367.16
ORD-006915,C00239,Lucas Carter | France | Plus,Toys,190.65,1,2025-02-03,Mobile App,190.65
ORD-006916,C00086,Yusuf Nelson | United States | Plus,Office Supplies,479.01,6,2025-08-28,Retail Store,2874.06
ORD-006917,C02167,Daniel Young | United States | Basic,BEAUTY,214.31,1,2026-04-24,Website,214.31
ORD-006918,C00039,Omar Ahmed | Singapore | Basic,Office  Supplies,555.12,6,2026-01-29,Website,3330.72
ORD-006919,C01757,Ryan Clark | Canada | Basic,Electronics,211.57,5,2025-09-24,Retail Store,1057.85
ORD-006920,C01341,Sara Wright | Canada | Plus,Clothing,198.68,4,2026-06-22,Website,794.72
ORD-006921,C01059,Ava King | France | Plus,Boks,497.54,2,2025-09-26,Marketplace,995.08
ORD-006922,C01683,Adam Garcia | France | Basic,Beauty,273.54,2,2025-08-10,Marketplace,547.08
ORD-006923,C00393,Liam Davis | UAE | Basic,Home Kitchen,350.76,2,2025-08-27,Mobile App,701.52
ORD-006924,C01145,Ella Davis | France | Basic,Boks,596.02,3,2025-07-04,Mobile App,1788.06
ORD-006925,C01893,Daniel Thomas | United States | Basic,Office Supplies,299.11,6,2025-07-14,Marketplace,1794.66
ORD-006926,C02185,Ryan Moore | Germany | Plus,Toys,22.49,4,2025-03-24,Mobile App,89.96
ORD-006927,C00428,Ethan Moore | Canada | Plus,Home & Kitchen,409.46,6,2026-05-29,Retail Store,2456.76
ORD-006928,C00277,Nora Clark | UAE | Basic,Office Supply,435.37,4,2026-06-22,Mobile App,1741.48
ORD-006929,C02342,Ryan Adams | UAE | Premium,Sports,600.3,1,2026-04-07,Retail Store,600.3
ORD-006930,C00577,Amelia Moore | UAE | Plus,Clothing,531.56,1,2025-02-23,Website,531.56
ORD-006931,C01699,Chloe Mitchell | Germany | Basic,Beautyy,383.77,1,2025-10-06,Retail Store,383.77
ORD-006932,C02887,Ryan Anderson | Germany | Basic,Toy,222.27,1,2025-01-02,Retail Store,222.27
ORD-006933,C02118,Ryan Hassan | Australia | Plus,Electronics ,530.81,0,2026-01-14,Mobile App,1061.62
ORD-006934,C02071,Emma Carter | France | Basic,Office Supplies,366.46,6,2025-01-27,Retail Store,2198.76
ORD-006935,C02700,Ella Anderson | United States | Plus,Electronics,381.12,1,2025-06-27,Marketplace,381.12
ORD-006936,C00495,Zoe Taylor | Germany | Basic,Toys ,326.06,1,2025-05-20,Mobile App,326.06
ORD-006937,C02042,Alex Johnson | Germany | Plus,Office Supples,372.58,1,2025-01-16,Marketplace,372.58
ORD-006938,C00919,Emma King | Germany | Basic,Sports & Fitness,441.33,1,2025-06-14,Marketplace,441.33
ORD-006939,C00510,Zoe Nelson | Singapore | Basic,Toys,173.51,1,2026-01-17,Marketplace,173.51
ORD-006940,C00188,Layla Lee | UAE | Basic,Beauty,508.81,2,2025-10-28,Marketplace,1017.62
ORD-006941,C02001,Sophia Wilson | Australia | Plus,Home & Ktchen,237.62,4,2025-08-12,Retail Store,950.48
ORD-006942,C00406,James Martin | Singapore | Basic,Clothng,590.62,6,2025-01-11,Retail Store,3543.72
ORD-006943,C01052,Daniel Baker | UAE | Basic,SPORTS,287.75,2,2025-05-29,Website,575.5
ORD-006944,C00336,Lucas Wright | Canada | Basic,Beauty,636.99,6,2025-04-21,Marketplace,3821.94
ORD-006945,C00587,Sam Baker | UAE | Plus,Toys ,38.35,2,2026-03-12,Retail Store,76.7
ORD-006946,C02346,Noah Patel | United Kingdom | Premium,Clothing & Apparel,208.63,4,2026-04-19,Website,834.52
ORD-006947,C02991,Olivia Adams | Germany | Basic,TOYS,97.89,4,2025-01-17,Website,391.56
ORD-006948,C01787,Maya King | UAE | Premium,Office Supplies,610.28,3,2026-06-12,Retail Store,1870.84
ORD-006949,C02939,Ella Hassan | Canada | Plus,Books,554.65,2,2025-08-04,Website,1109.3
ORD-006950,C02592,Daniel Ahmed | United States | Premium,Clothing,570.69,1,2025-03-22,Retail Store,570.69
ORD-006951,C02100,Ella Garcia | Singapore | Plus,Sports,219.51,2,2026-04-15,Website,439.02
ORD-006952,C02535,Jack Lee | United Kingdom | Plus,electronic,452.4,2,2026-02-24,Retail Store,904.8
ORD-006953,C02946,Amelia Walker | France | Basic,Home & Kitchen,239.12,4,2026-06-04,Website,956.48
ORD-006954,C02154,Lucas Brown | UAE | Basic,SPORTS,635.64,4,2026-03-08,Website,2542.56
ORD-006955,C02663,Jack Hassan | Singapore | Basic,Office Supplies,226.79,3,2025-02-26,Retail Store,680.37
ORD-006956,C01410,Yusuf Martin | France | Basic,Books,82.48,5,2026-05-06,Mobile App,412.4
ORD-006957,C01717,Omar Carter | Canada | Premium,Boks,622.11,5,2025-10-04,Marketplace,3110.55
ORD-006958,C01257,Ethan Clark | Canada | Basic,Sports,577.04,2,2026-06-19,Marketplace,1154.08
ORD-006959,C02818,Maya Clark | Singapore | Plus,Clothing,43.78,1,2026-04-13,Retail Store,43.78
ORD-006960,C00444,Layla Walker | France | Plus,Office Supplies,250.31,4,2025-09-10,Marketplace,1001.24
ORD-006961,C02007,Daniel Baker | Germany | Plus,ELECTRONICS,333.6,6,2026-07-06,Retail Store,2001.6
ORD-006962,C02130,Emma Carter | UAE | Premium,Sports,307.99,1,2025-07-28,Retail Store,307.99
ORD-006963,C01348,Liam Khan | Germany | Basic,Books,75.31,1,2025-05-16,Retail Store,75.31
ORD-006964,C02437,Zoe Smith | Australia | Premium,Beauty,423.95,4,2025-05-17,Marketplace,1695.8
ORD-006965,C02344,Emma Hall | Singapore | Plus,Office Supplies,508.31,5,2025-08-13,Marketplace,2541.55
ORD-006966,C02192,Mia Miller | Canada | Basic,Office Supplies,252.66,6,2025-04-09,Mobile App,1515.96
ORD-006967,C00418,Chloe Patel | United Kingdom | Premium,Electroncs,600.33,5,2025-05-15,Marketplace,3001.65
ORD-006968,C01490,Henry Wright | UAE | Plus,Sports,594.73,1,2026-05-20,Website,594.73
ORD-006969,C02233,Lina Moore | United States | Basic,Beauty Products,93.89,3,2026-04-12,Website,281.67
ORD-006970,C02834,Sara Mitchell | Singapore | Plus,Electronics,270.41,3,2026-03-23,Marketplace,811.23
ORD-006971,C01710,Liam Smith | Singapore | Basic,Clothing,189.62,1,2025-03-27,Website,189.62
ORD-006972,C00881,Nora Lee | Australia | Basic,Office Supplies,131.87,4,2025-11-03,Marketplace,527.48
ORD-006973,C01700,Lucas Clark | United Kingdom | Basic,Office  Supplies,536.54,2,2025-06-15,Marketplace,1073.08
ORD-006974,C02492,Chloe Clark | France | Plus,Office Supplies,55.54,3,2025-12-27,Retail Store,166.62
ORD-006975,C02741,Ella Lee | France | Basic,Beauty,622.9,2,2025-03-08,Website,1245.8
ORD-006976,C01014,Maya Thomas | Germany | Basic,Toys,523.22,2,2025-02-18,Mobile App,1046.44
ORD-006977,C02055,Mia Smith | Canada | Premium,Beauty,319.59,4,2025-06-30,Mobile App,1278.36
ORD-006978,C00067,Emma Ahmed | Canada | Basic,OFFICE SUPPLIES,502.3,1,2025-03-20,Mobile App,502.3
ORD-006979,C01499,Sophia Moore | United States | Plus,Electronic Goods,153.67,6,2026-02-21,Retail Store,922.02
ORD-006980,C02128,Noah Lee | Australia | Plus,BOOKS,396.06,3,2026-05-22,Mobile App,1188.18
ORD-006981,C01747,Lucas Ahmed | Canada | Basic,Office Supplies,322.55,3,2025-06-23,Marketplace,967.65
ORD-006982,C01359,Emma Mitchell | United States | Premium,Office Supplies,590.8,5,2026-01-10,Marketplace,2954.0
ORD-006983,C02317,Isla Young | Canada | Basic,Toys,108.58,4,2026-04-13,Retail Store,434.32
ORD-006984,C00174,James Lewis | UAE | Plus,Books,119.33,6,2026-07-11,Website,715.98
ORD-006985,C01959,Jack Baker | Singapore | Plus,Office Supplies,255.0,1,2025-10-21,Marketplace,255.0
ORD-006986,C01270,Isla Nelson | United Kingdom | Plus,Beautyy,128.39,5,2026-01-23,Mobile App,641.95
ORD-006987,C00712,Noah King | United Kingdom | Basic,Books,206.85,1,2026-01-16,Marketplace,206.85
ORD-006988,C02964,Ethan Taylor | Australia | Basic,Boks,617.84,4,2025-06-19,Website,2471.36
ORD-006989,C00150,Mia Clark | Singapore | Basic,Office Supplies,253.49,1,2025-02-13,Website,253.49
ORD-006990,C01560,Adam Miller | Singapore | Premium,Beauty,405.0,2,2026-05-01,Retail Store,810.0
ORD-006991,C01605,Leo Brown | Canada | Plus,Office  Supplies,89.2,2,2026-07-04,Mobile App,178.4
ORD-006992,C02366,Ryan Miller | UAE | Basic,Home & Kitchen,637.15,6,2025-02-22,Marketplace,3822.9
ORD-006993,C02057,Emma Khan | France | Plus,Boks,496.8,5,2025-11-14,Mobile App,2484.0
ORD-006994,C01130,Leo Green | France | Premium,TOYS,595.13,6,2025-04-29,Website,3570.78
ORD-006995,C02167,Daniel Young | United States | Basic,ELECTRONICS,180.72,6,2026-04-08,Website,1084.32
ORD-006996,C02877,Ethan Lee | UAE | Premium,Electronics,394.25,4,2026-07-07,Marketplace,1577.0
ORD-006997,C02009,Jack Lewis | Germany | Premium,Sports,496.17,1,2026-02-10,Mobile App,496.17
ORD-006998,C02041,Adam Davis | Germany | Premium,Electronics ,115.48,4,2026-01-17,Website,461.92
ORD-006999,C02298,Mia Martin | United Kingdom | Plus,Beauty,264.28,1,2025-11-11,Website,264.28
ORD-007000,C01408,Nora Brown | Canada | Premium,Books,333.47,5,2025-12-01,Website,1667.35
ORD-007001,C00459,Sara Moore | Canada | Basic,Office Supplies,534.7,2,2025-03-04,Website,1069.4
ORD-007002,C00296,Ava Nelson | Germany | Plus,Office Supplies,195.69,1,2025-09-01,Marketplace,195.69
ORD-007003,C01843,Ethan Walker | Canada | Basic,Home & Kitchen,622.4,2,2026-05-13,Website,1244.8
ORD-007004,C00311,Alex Taylor | Germany | Plus,Clothing,325.47,5,2025-05-19,Mobile App,1627.35
ORD-007005,C02402,Ethan Taylor | Singapore | Basic,Beauty,536.63,2,2026-05-30,Website,1073.26
ORD-007006,C00330,Leo Green | France | Premium,Office Supplies,518.75,6,2025-02-26,Retail Store,3112.5
ORD-007007,C01033,Lucas Wright | United Kingdom | Basic,Sports & Fitness,113.21,4,2025-09-16,Mobile App,452.84
ORD-007008,C00685,Lina Clark | UAE | Basic,Sport,34.15,4,2025-08-07,Marketplace,136.6
ORD-007009,C01545,Daniel Nelson | UAE | Basic,Office  Supplies,186.91,5,2025-05-30,Marketplace,934.55
ORD-007010,C01972,Ella Lewis | Singapore | Premium,BEAUTY,587.55,2,2025-10-21,Retail Store,1175.1
ORD-007011,C00612,James Johnson | United States | Basic,Sport,203.26,2,2025-08-30,Mobile App,406.52
ORD-007012,C02592,Daniel Ahmed | United States | Premium,Toys,439.43,6,2025-07-04,Mobile App,2636.58
ORD-007013,C00615,Emma Johnson | France | Plus,Office Supplies,328.04,1,2025-12-29,Mobile App,328.04
ORD-007014,C01251,Yusuf Ahmed | Germany | Plus,Book,534.27,1,2025-08-13,Website,534.27
ORD-007015,C02553,Layla Mitchell | Australia | Plus,Home Kitchen,490.37,5,2025-05-27,Marketplace,2451.85
ORD-007016,C02997,Nora Garcia | Canada | Basic,Beauty,392.72,2,2025-08-20,Marketplace,785.44
ORD-007017,C02468,Adam Khan | Canada | Basic,Office Supplies,336.94,2,2026-06-05,Mobile App,673.88
ORD-007018,C00611,Lina Patel | United States | Basic,Electronic Goods,385.72,2,2025-09-26,Website,771.44
ORD-007019,C00109,Yusuf Walker | United Kingdom | Basic,Beautyy,291.94,4,2026-07-01,Marketplace,1167.76
ORD-007020,C00340,Alex Green | United States | Premium,Boks,180.74,3,2025-11-16,Marketplace,542.22
ORD-007021,C01120,Nora Khan | Canada | Basic,Books,588.19,5,2026-04-20,Mobile App,2940.95
ORD-007022,C02004,Layla Carter | Canada | Basic,Beauty,112.6,2,2025-08-25,Mobile App,225.2
ORD-007023,C01040,Olivia Young | Australia | Basic,Sports,234.3,6,2026-04-04,Mobile App,1405.8
ORD-007024,C02018,Maya Khan | Australia | Plus,Clothing,133.36,5,2025-03-20,Website,666.8
ORD-007025,C01595,Noah Lewis | France | Basic,Clothing,560.06,2,2026-03-07,Marketplace,1120.12
ORD-007026,C01419,Ryan Hassan | Germany | Plus,Toy,250.49,5,2025-12-27,Retail Store,1252.45
ORD-007027,C00144,Yusuf Ahmed | France | Premium,Clothing,67.64,4,2025-03-30,Mobile App,270.56
ORD-007028,C00943,Mia Taylor | France | Basic,Sports,114.73,4,2026-01-16,Marketplace,458.92
ORD-007029,C00071,Henry Brown | Canada | Basic,Home & Kitchen,203.52,5,2025-02-26,Mobile App,1017.6
ORD-007030,C02985,Adam Ahmed | UAE | Plus,Books,290.92,2,2025-05-23,Website,581.84
ORD-007031,C02711,Liam Clark | United States | Plus,Beauty,634.73,1,2026-04-12,Mobile App,634.73
ORD-007032,C02213,Isla Nelson | Germany | Basic,BEAUTY,283.84,6,2025-02-10,Retail Store,1703.04
ORD-007033,C02208,Layla Hall | Germany | Plus,Toy,454.5,5,2026-02-28,Retail Store,2272.5
ORD-007034,C00944,Amelia Martin | United Kingdom | Basic,Electronic Goods,408.83,1,2026-02-28,Marketplace,408.83
ORD-007035,C02228,Jack Ahmed | UAE | Basic,TOYS,488.78,5,2026-06-06,Retail Store,2443.9
ORD-007036,C01282,Adam Wilson | UAE | Premium,Toys,377.69,1,2025-12-06,Website,377.69
ORD-007037,C00354,Sara Smith | France | Premium,Electronics,203.59,5,2025-08-01,Mobile App,1017.95
ORD-007038,C01311,Sophia Brown | United States | Basic,Electronic Goods,101.55,2,2026-03-30,Marketplace,203.1
ORD-007039,C00780,Ryan Moore | United Kingdom | Plus,Beautyy,397.24,4,2026-05-28,Retail Store,1588.96
ORD-007040,C00783,Nora Garcia | United Kingdom | Basic,Beauty,549.63,1,2025-01-14,Retail Store,549.63
ORD-007041,C01323,Daniel Walker | Australia | Basic,Sports,393.34,2,2026-02-06,Website,786.68
ORD-007042,C00401,Ava Lee | Singapore | Basic,Toys,498.69,6,2025-03-17,Marketplace,2992.14
ORD-007043,C00382,Leo Hassan | Singapore | Basic,Toys,505.58,6,2025-09-16,Retail Store,3033.48
ORD-007044,C01365,Omar Thomas | Singapore | Plus,Beauty,506.71,4,2026-04-29,Mobile App,2026.84
ORD-007045,C01772,Daniel Miller | France | Plus,Electronics,9.79,1,2026-04-12,Website,9.79
ORD-007046,C00816,Lina Hall | Singapore | Basic,Beauty,484.79,1,2026-06-25,Marketplace,484.79
ORD-007047,C02704,Isla Baker | United Kingdom | Premium,Sprots,136.78,1,2025-10-01,Retail Store,136.78
ORD-007048,C01005,Olivia Smith | France | Basic,Home & Ktchen,628.77,1,2025-08-06,Mobile App,628.77
ORD-007049,C00414,Adam Moore | United Kingdom | Premium,Beautyy,207.34,1,2025-10-06,Mobile App,207.34
ORD-007050,C02060,Lina Baker | Germany | Plus,Beauty,87.52,4,2025-02-04,Website,350.08
ORD-007051,C00086,Yusuf Nelson | United States | Plus,Office Supplies,408.28,5,2025-07-31,Mobile App,2041.4
ORD-007052,C00281,Leo Baker | Singapore | Plus,BEAUTY,68.22,6,2025-04-10,Marketplace,409.32
ORD-007053,C00408,James Adams | Singapore | Plus,Electronics ,554.49,1,2026-05-17,Marketplace,554.49
ORD-007054,C02308,Nora Lee | Australia | Premium,Office Supply,610.31,3,2025-06-08,Website,1830.93
ORD-007055,C02383,Omar Brown | Singapore | Basic,Office Supply,543.01,4,2026-02-20,Retail Store,2172.04
ORD-007056,C02748,Zoe Miller | France | Basic,Sports,39.91,1,2025-11-14,Marketplace,39.91
ORD-007057,C00824,Lina Hassan | United Kingdom | Basic,Home & Kitchen,413.7,6,2025-05-23,Mobile App,2482.2
ORD-007058,C00880,Sara Wilson | UAE | Plus,Toys,113.15,2,2025-03-23,Marketplace,226.3
ORD-007059,C01973,Maya Hall | United Kingdom | Plus,Beautyy,15.83,3,2026-01-23,Mobile App,47.49
ORD-007060,C00804,Henry Wilson | United Kingdom | Plus,SPORTS,592.27,4,2026-01-17,Website,2369.08
ORD-007061,C02383,Omar Brown | Singapore | Basic,Boks,338.12,3,2025-03-27,Retail Store,1014.36
ORD-007062,C02728,Isla Clark | Australia | Plus,Books & Media,645.13,2,2025-01-10,Website,1290.26
ORD-007063,C01632,Daniel Hassan | Germany | Plus,Home & Kitchen,312.32,5,2026-01-28,Mobile App,1561.6
ORD-007064,C00127,Ava Wright | Singapore | Plus,Office Supplies,105.16,2,2025-11-20,Retail Store,210.32
ORD-007065,C01525,Yusuf Moore | France | Premium,Books,141.49,4,2025-05-02,Retail Store,565.96
ORD-007066,C00134,Daniel Thomas | Canada | Basic,Home & Ktchen,402.39,5,2026-07-13,Website,2011.95
ORD-007067,C00025,Sara Nelson | UAE | Plus,Beauty,364.21,4,2025-05-10,Mobile App,1456.84
ORD-007068,C02755,Mia Garcia | Singapore | Basic,Sprots,442.84,2,2025-12-11,Retail Store,885.68
ORD-007069,C00559,Amelia Johnson | Australia | Premium,Sports,429.35,2,2025-08-22,Marketplace,858.7
ORD-007070,C00538,Sam Clark | Australia | Basic,Beauty,18.2,1,2025-09-22,Marketplace,18.2
ORD-007071,C00579,Emma Green | Canada | Plus,SPORTS,252.31,3,2026-02-04,Marketplace,756.93
ORD-007072,C01794,Nora Clark | United States | Plus,Office Supplies,498.97,6,2025-04-21,Mobile App,2993.82
ORD-007073,C01463,Noah Carter | United States | Plus,Home & Kitchen,201.4,2,2025-05-08,Website,402.8
ORD-007074,C02218,Zoe Anderson | Canada | Plus,Books,352.22,5,2026-06-09,Mobile App,1761.1
ORD-007075,C02860,Ella Patel | United Kingdom | Basic,Electronics,287.16,1,2026-02-26,Marketplace,287.16
ORD-007076,C01597,Amelia Thomas | Singapore | Basic,Toys ,499.42,1,2025-06-03,Retail Store,499.42
ORD-007077,C02724,Alex Carter | Canada | Premium,Office Supplies,229.52,5,2025-04-16,Retail Store,1147.6
ORD-007078,C01738,Nora Hall | United Kingdom | Basic,Toys,323.37,3,2026-01-20,Marketplace,970.11
ORD-007079,C02830,Ava Hassan | France | Premium,Office Supplies,511.74,3,2025-06-11,Retail Store,1535.22
ORD-007080,C01506,Jack Adams | Canada | Basic,Electronics,311.49,2,2026-04-11,Marketplace,622.98
ORD-007081,C01682,Olivia Carter | United States | Basic,Boks,125.26,5,2025-10-25,Marketplace,626.3
ORD-007082,C01917,Maya Khan | Singapore | Plus,Toys,528.82,3,2025-06-25,Website,1586.46
ORD-007083,C00196,Sara Adams | United Kingdom | Basic,Home & Kitchen,255.75,6,2025-09-11,Marketplace,1534.5
ORD-007084,C00653,Lucas Garcia | Singapore | Basic,Home & Kitchen,441.38,2,2025-06-27,Website,882.76
ORD-007085,C01179,Zoe Ahmed | Australia | Basic,Toys & Games,620.95,2,2025-11-17,Mobile App,1241.9
ORD-007086,C00273,Daniel Anderson | Canada | Basic,Office Supply,527.81,3,2026-05-02,Mobile App,1583.43
ORD-007087,C01549,Layla Hassan | United States | Premium,Office Supplies,131.44,5,2025-02-14,Website,657.2
ORD-007088,C00595,Noah Anderson | UAE | Basic,Electronics,130.14,3,2025-02-19,Retail Store,390.42
ORD-007089,C01900,Zoe Walker | UAE | Plus,Electroncs,66.65,6,2025-04-02,Marketplace,399.9
ORD-007090,C00800,Ethan Lee | Singapore | Basic,Beauty,205.94,5,2025-12-13,Marketplace,1029.7
ORD-007091,C01387,Sam Miller | United States | Basic,Electronics ,543.19,4,2026-05-13,Website,2172.76
ORD-007092,C02283,Sara Khan | United States | Basic,Home & Kitchen,53.01,2,2026-07-02,Marketplace,106.02
ORD-007093,C01167,Chloe Green | Germany | Basic,Books & Media,284.99,1,2026-04-06,Retail Store,284.99
ORD-007094,C01110,Mia Baker | Canada | Premium,Toys,-518.59,5,2025-02-03,Retail Store,2592.95
ORD-007095,C01322,Leo Clark | France | Plus,Home & Kitchen,92.52,1,2026-02-15,Marketplace,92.52
ORD-007096,C01025,Noah Lee | United Kingdom | Plus,OFFICE SUPPLIES,31.42,4,2025-06-18,Website,125.68
ORD-007097,C01243,Liam Smith | United Kingdom | Premium,Home & Kitchen,364.04,2,2026-03-26,Retail Store,728.08
ORD-007098,C00244,Lina Garcia | Singapore | Basic,Electronics,226.66,5,2025-12-21,Website,1133.3
ORD-007099,C01667,Nora Wright | France | Basic,SPORTS,312.57,6,2025-09-03,Mobile App,1875.42
ORD-007100,C02110,Adam Green | Australia | Basic,Home & Kitchen,541.64,3,2025-07-18,Mobile App,1624.92
ORD-007101,C01762,Sam Wilson | Canada | Premium,Electronics ,11.17,2,2026-05-21,Retail Store,22.34
ORD-007102,C00230,Nora Anderson | UAE | Basic,Beautyy,412.25,1,2025-02-02,Retail Store,412.25
ORD-007103,C01010,Amelia Taylor | Canada | Premium,Office Supplies,276.88,4,2026-07-04,Website,1107.52
ORD-007104,C00991,Liam Thomas | United States | Premium,Home & Kitchen,420.45,5,2026-03-22,Website,2102.25
ORD-007105,C01839,Ethan Hall | United States | Plus,Electronics,421.27,4,2025-01-23,Website,1685.08
ORD-007106,C01379,Daniel Patel | Singapore | Plus,Clothing,482.59,2,2025-10-13,Mobile App,965.18
ORD-007107,C01122,Ava Miller | United States | Plus,Book,50.88,5,2026-02-03,Website,254.4
ORD-007108,C01491,Adam Anderson | United Kingdom | Premium,Electronics,289.36,5,2025-06-05,Retail Store,1446.8
ORD-007109,C02687,Ethan Taylor | United Kingdom | Basic,Beauty,223.59,3,2025-12-08,Retail Store,670.77
ORD-007110,C01248,Zoe Patel | UAE | Basic,Home and Kitchen,469.5,3,2025-02-14,Website,1408.5
ORD-007111,C01778,Ryan Johnson | Canada | Plus,Toys,157.16,4,2025-01-14,Website,628.64
ORD-007112,C02907,Jack Miller | United States | Plus,TOYS,592.66,1,2025-08-12,Website,592.66
ORD-007113,C01006,Sara Thomas | UAE | Basic,Sports,194.78,2,2025-06-26,Website,389.56
ORD-007114,C01101,Ella Walker | Australia | Basic,Sports,495.62,6,2025-09-21,Marketplace,2973.72
ORD-007115,C01094,Isla Martin | Germany | Basic,Clothing & Apparel,267.86,1,2025-10-07,Retail Store,267.86
ORD-007116,C00393,Liam Davis | UAE | Basic,CLOTHING,331.54,6,2026-07-19,Website,1989.24
ORD-007117,C01343,Ryan Davis | Germany | Plus,Home & Kitchen,201.32,4,2025-01-19,Retail Store,805.28
ORD-007118,C02831,Omar Wright | France | Basic,Books,427.58,4,2025-01-30,Retail Store,1710.32
ORD-007119,C00068,Henry Hassan | UAE | Plus,Home & Kitchen,557.34,4,2026-02-07,Website,2229.36
ORD-007120,C00637,Sophia Wright | UAE | Basic,beauty ,594.05,3,2026-03-25,Website,1782.15
ORD-007121,C01279,Sam King | Australia | Plus,Office Supplies,321.17,4,2026-02-06,Marketplace,1284.68
ORD-007122,C00135,Lucas Green | UAE | Basic,Electronic Goods,19.64,6,2025-04-26,Retail Store,117.84
ORD-007123,C02542,Yusuf Davis | United States | Premium,Office  Supplies,278.27,6,2026-04-01,Website,1669.62
ORD-007124,C02669,Mia Miller | Germany | Plus,Book,433.33,4,2025-03-26,Retail Store,1733.32
ORD-007125,C01398,Ethan King | United States | Plus,Toys,287.9,3,2025-05-18,Marketplace,863.7
ORD-007126,C01689,Olivia Nelson | Australia | Basic,Clothing,50.2,3,2025-05-19,Website,150.6
ORD-007127,C00717,Sam Martin | Germany | Plus,Toys ,122.54,3,2025-06-05,Marketplace,367.62
ORD-007128,C02045,Ava Davis | Canada | Premium,Books,342.54,4,2025-05-06,Mobile App,1370.16
ORD-007129,C01730,Amelia Hall | Germany | Premium,Home and Kitchen,21.55,5,2025-10-09,Marketplace,107.75
ORD-007130,C01541,Sam Smith | France | Basic,Sprots,361.0,6,2025-02-09,Website,2166.0
ORD-007131,C02613,Ethan Thomas | France | Plus,beauty ,620.83,4,2025-05-21,Website,2483.32
ORD-007132,C01830,Lina Hassan | UAE | Basic,Home & Kitchen,93.56,1,2025-07-04,Website,93.56
ORD-007133,C01420,Ethan Green | Germany | Plus,Books,622.01,2,2025-06-22,Retail Store,1244.02
ORD-007134,C02582,Ava Johnson | UAE | Basic,Sports,644.02,2,2025-11-05,Marketplace,1288.04
ORD-007135,C01737,Ryan Clark | Germany | Plus,Electronics,469.85,1,2025-06-13,Marketplace,469.85
ORD-007136,C00525,Noah Martin | Canada | Basic,HOME & KITCHEN,159.23,6,2025-12-17,Mobile App,955.38
ORD-007137,C00549,Ethan Walker | United Kingdom | Basic,beauty ,85.65,2,2025-03-09,Marketplace,171.3
ORD-007138,C00759,Ella Wilson | UAE | Basic,Sports,568.04,3,2025-11-15,Retail Store,1704.12
ORD-007139,C02384,Layla Mitchell | Singapore | Premium,Office Supply,173.0,1,2026-07-01,Mobile App,173.0
ORD-007140,C00321,Chloe Adams | Australia | Basic,Beauty,30.39,6,2025-08-24,Marketplace,182.34
ORD-007141,C01270,Isla Nelson | United Kingdom | Plus,Sports & Fitness,588.68,2,2025-10-11,Marketplace,1177.36
ORD-007142,C02640,Zoe Khan | Australia | Premium,HOME & KITCHEN,434.49,5,2025-08-03,Retail Store,2172.45
ORD-007143,C02852,Daniel Davis | United States | Premium,Books,289.05,1,2025-03-24,Marketplace,289.05
ORD-007144,C02161,Yusuf Ahmed | UAE | Basic,Office Supplies,122.24,3,2025-08-11,Website,366.72
ORD-007145,C00026,Isla Adams | France | Premium,Beauty,350.05,1,2026-05-13,Website,350.05
ORD-007146,C01714,Ryan Mitchell | Germany | Plus,Sports,102.44,5,2025-10-06,Website,512.2
ORD-007147,C00327,Sara Khan | France | Premium,Home & Kitchen,605.65,5,2025-03-31,Retail Store,3028.25
ORD-007148,C02215,Amelia Green | France | Basic,Electronics ,162.92,4,2025-06-25,Website,651.68
ORD-007149,C02353,Yusuf Hassan | Germany | Premium,OFFICE SUPPLIES,422.34,6,2025-02-02,Retail Store,2534.04
ORD-007150,C02011,Sara Adams | Canada | Plus,Beauty,406.44,5,2025-01-19,Retail Store,2032.2
ORD-007151,C01718,Mia Thomas | United States | Plus,Clothes,222.24,6,2026-01-06,Marketplace,1333.44
ORD-007152,C00956,Zoe Baker | United States | Basic,Boks,39.74,1,2025-06-03,Retail Store,39.74
ORD-007153,C02797,Noah Johnson | France | Basic,Office Supplies,299.58,1,2026-04-14,Retail Store,299.58
ORD-007154,C01301,Adam Brown | United Kingdom | Basic,Sport,604.54,5,2025-09-23,Mobile App,3022.7
ORD-007155,C02782,Alex Wilson | UAE | Basic,Home and Kitchen,426.45,6,2025-04-07,Website,2558.7
ORD-007156,C02212,Emma Lee | UAE | Basic,Toys,575.29,1,2025-06-26,Website,575.29
ORD-007157,C02077,Zoe Young | United Kingdom | Basic,Clothing,604.77,5,2025-02-22,Website,3023.85
ORD-007158,C01209,Sophia Miller | UAE | Plus,Book,588.87,2,2025-09-30,Retail Store,1177.74
ORD-007159,C02259,Lina Carter | France | Basic,Office Supplies,269.43,1,2026-02-25,Website,269.43
ORD-007160,C00478,Liam Johnson | Singapore | Basic,Clothing,39.27,6,2025-01-21,Mobile App,235.62
ORD-007161,C00246,Daniel Lewis | United States | Basic,Office Supplies,594.85,5,2026-03-24,Retail Store,2974.25
ORD-007162,C01318,Sara Mitchell | Singapore | Plus,Clothes,580.15,4,2025-12-11,Marketplace,2320.6
ORD-007163,C01977,Ryan Young | UAE | Plus,Beauty,177.98,2,2025-08-24,Retail Store,355.96
ORD-007164,C01285,Zoe Khan | France | Basic,Home & Kitchen,635.06,4,2025-08-24,Retail Store,2540.24
ORD-007165,C00609,Lina Miller | Canada | Plus,Office Supplies,520.56,5,2025-01-30,Retail Store,2602.8
ORD-007166,C00784,Mia Hall | United Kingdom | Plus,Clothes,85.22,2,2025-05-01,Marketplace,170.44
ORD-007167,C00305,Omar Khan | Singapore | Plus,Electronics,631.59,5,2025-04-21,Mobile App,3157.95
ORD-007168,C02559,Amelia Nelson | Singapore | Basic,beauty ,343.39,3,2026-03-19,Website,1030.17
ORD-007169,C00893,Noah Carter | Singapore | Basic,Home & Kitchen,574.66,2,2026-06-17,Website,1149.32
ORD-007170,C01863,Emma Garcia | Germany | Plus,OFFICE SUPPLIES,43.91,1,2025-04-05,Mobile App,43.91
ORD-007171,C00238,Amelia Khan | Australia | Basic,Books & Media,380.38,6,2026-06-08,Retail Store,2282.28
ORD-007172,C02490,Mia Martin | Canada | Basic,Clothes,152.56,4,2025-11-06,Marketplace,610.24
ORD-007173,C01024,Olivia Wright | United Kingdom | Basic,Clothing & Apparel,358.84,4,2025-04-27,Retail Store,1435.36
ORD-007174,C01574,Olivia Brown | Singapore | Premium,BEAUTY,443.89,6,2025-01-10,Mobile App,2663.34
ORD-007175,C01818,Ava Walker | United Kingdom | Plus,Sports,508.53,4,2025-12-19,Retail Store,2034.12
ORD-007176,C00147,Nora Martin | Canada | Basic,Home & Kitchen,353.23,6,2025-01-13,Retail Store,2119.38
ORD-007177,C02028,Mia Brown | Germany | Premium,Sports,345.73,4,2026-02-25,Website,1382.92
ORD-007178,C01191,Amelia Taylor | Germany | Premium,Books,625.96,3,2026-04-04,Marketplace,1877.88
ORD-007179,C00910,Ava Lewis | Canada | Basic,Home & Kitchen,607.37,1,2026-02-25,Retail Store,607.37
ORD-007180,C02289,Isla Lewis | France | Plus,Office Supplies,312.3,2,2026-04-01,Website,624.6
ORD-007181,C01120,Nora Khan | Canada | Basic,Home & Kitchen,232.18,3,2025-04-11,Retail Store,696.54
ORD-007182,C01414,Emma Taylor | United Kingdom | Plus,Sports & Fitness,372.11,4,2025-10-10,Retail Store,1488.44
ORD-007183,C01031,Jack Taylor | Australia | Basic,Electronics,574.22,6,2026-07-19,Retail Store,3445.32
ORD-007184,C01709,Jack Davis | UAE | Premium,Boks,293.17,2,2025-06-13,Marketplace,586.34
ORD-007185,C01050,James Patel | Canada | Basic,CLOTHING,567.74,2,2025-07-13,Mobile App,1135.48
ORD-007186,C01124,Amelia Moore | Australia | Basic,Electronic Goods,128.5,2,2026-06-18,Website,257.0
ORD-007187,C00559,Amelia Johnson | Australia | Premium,BEAUTY,380.48,6,2025-07-19,Retail Store,2282.88
ORD-007188,C00431,Zoe Clark | Singapore | Basic,Clothng,38.17,1,2025-09-10,Marketplace,38.17
ORD-007189,C00476,Henry Khan | United Kingdom | Premium,Book,451.07,6,2025-02-27,Website,2706.42
ORD-007190,C02329,Nora Martin | United Kingdom | Basic,Books,538.75,4,2025-09-24,Website,2155.0
ORD-007191,C02324,Yusuf Ahmed | United Kingdom | Plus,beauty ,97.76,2,2026-01-14,Website,195.52
ORD-007192,C00459,Sara Moore | Canada | Basic,electronic,577.08,4,2026-04-08,Website,2308.32
ORD-007193,C02798,Ava Hassan | UAE | Premium,BEAUTY,48.56,5,2026-03-01,Mobile App,242.8
ORD-007194,C01223,Olivia Davis | Canada | Basic,Office Supply,305.15,4,2025-05-27,Retail Store,1220.6
ORD-007195,C01118,Henry Taylor | Germany | Basic,Toys,594.68,2,2026-04-18,Mobile App,1189.36
ORD-007196,C00484,Alex Baker | Germany | Basic,OFFICE SUPPLIES,54.59,2,2025-05-20,Retail Store,109.18
ORD-007197,C02473,Henry Carter | Australia | Basic,Electroncs,267.31,1,2026-06-10,Marketplace,267.31
ORD-007198,C01612,Ava Lee | Germany | Plus,Books,617.61,4,2025-11-05,Marketplace,2470.44
ORD-007199,C02709,Nora Taylor | UAE | Basic,Office  Supplies,441.78,2,2026-01-10,Retail Store,883.56
ORD-007200,C00791,Sophia Patel | Germany | Plus,Home & Kitchen,242.53,2,2025-07-04,Marketplace,485.06
ORD-007201,C02301,Amelia Taylor | Germany | Basic,Toys,269.49,3,2025-10-25,Marketplace,808.47
ORD-007202,C00920,Nora Brown | Singapore | Plus,Home & Kitchen,78.46,5,2026-01-18,Retail Store,392.3
ORD-007203,C00319,Omar Ahmed | Singapore | Plus,Sports,148.39,2,2025-08-30,Mobile App,296.78
ORD-007204,C02551,Daniel Wilson | France | Basic,Electroncs,9.96,4,2026-06-14,Marketplace,39.84
ORD-007205,C01582,Jack Ahmed | UAE | Basic,Office  Supplies,309.6,1,2025-10-22,Website,309.6
ORD-007206,C02932,Lina Anderson | United Kingdom | Basic,Home & Kitchen,406.74,5,2026-05-10,Website,2033.7
ORD-007207,C02000,Mia Hall | Germany | Basic,Electronics,365.34,3,2025-11-23,Mobile App,1096.02
ORD-007208,C02008,Emma Green | Australia | Plus,Office Supply,238.12,1,2025-06-16,Retail Store,238.12
ORD-007209,C01318,Sara Mitchell | Singapore | Plus,Electronics,623.0,6,2026-03-12,Website,3738.0
ORD-007210,C00979,Sophia Anderson | Singapore | Basic,Beauty,521.7,1,2026-02-12,Mobile App,521.7
ORD-007211,C00667,Ryan Green | United Kingdom | Basic,Beauty,420.43,2,2025-04-08,Retail Store,840.86
ORD-007212,C02307,Lucas Patel | Canada | Plus,Home Kitchen,143.79,0,2026-05-02,Mobile App,143.79
ORD-007213,C01723,Isla Anderson | Germany | Basic,Toys,459.9,5,2026-04-14,Website,2299.5
ORD-007214,C02370,Liam Lewis | Canada | Premium,Office Supplies,513.13,4,2026-03-25,Website,2052.52
ORD-007215,C01560,Adam Miller | Singapore | Premium,Beauty,68.27,4,2025-10-05,Website,273.08
ORD-007216,C01776,Leo Lewis | Australia | Basic,Beauty,241.1,6,2026-05-20,Website,1446.6
ORD-007217,C00223,Yusuf King | UAE | Basic,Office Supplies,643.27,2,2025-04-24,Mobile App,1286.54
ORD-007218,C01852,Lina Wright | France | Premium,Home and Kitchen,62.24,2,2025-12-29,Website,124.48
ORD-007219,C02544,Isla Carter | UAE | Plus,OFFICE SUPPLIES,397.33,1,2026-02-17,Mobile App,397.33
ORD-007220,C01879,James Lewis | UAE | Basic,Sports,312.59,4,2025-09-16,Mobile App,1250.36
ORD-007221,C02270,Isla Baker | United Kingdom | Plus,Books,341.34,4,2025-04-05,Retail Store,1365.36
ORD-007222,C02049,Leo Garcia | UAE | Plus,Books,355.66,3,2025-04-26,Mobile App,1066.98
ORD-007223,C00071,Henry Brown | Canada | Basic,Toys,250.07,6,2026-05-03,Mobile App,1500.42
ORD-007224,C01925,Sam King | Canada | Basic,Electronics,404.96,3,2026-05-30,Retail Store,1214.88
ORD-007225,C01983,Zoe Davis | United Kingdom | Premium,HOME & KITCHEN,243.3,6,2025-05-09,Retail Store,1459.8
ORD-007226,C02273,Amelia Walker | UAE | Premium,HOME & KITCHEN,449.15,2,2026-06-03,Mobile App,898.3
ORD-007227,C00881,Nora Lee | Australia | Basic,Home & Kitchen,435.03,6,2025-08-08,Retail Store,2610.18
ORD-007228,C02055,Mia Smith | Canada | Premium,Toys ,109.51,3,2025-11-20,Website,328.53
ORD-007229,C00331,Mia Lewis | Australia | Basic,Beauty Products,50.26,4,2025-01-08,Website,201.04
ORD-007230,C02965,Lucas Young | United Kingdom | Basic,Beauty,315.39,2,2025-11-19,Retail Store,630.78
ORD-007231,C02697,Noah Martin | United States | Plus,Clothing,519.67,5,2025-08-06,Retail Store,2598.35
ORD-007232,C01753,Chloe Adams | France | Basic,Office Supplies,278.35,2,2025-11-11,Mobile App,556.7
ORD-007233,C01785,Sara Adams | United Kingdom | Plus,Toys & Games,143.53,4,2025-03-31,Marketplace,574.12
ORD-007234,C00545,Chloe Johnson | France | Plus,Sports,319.62,2,2025-10-02,Mobile App,639.24
ORD-007235,C01158,Sara Anderson | Canada | Premium,Electronics ,54.02,4,2026-02-20,Mobile App,216.08
ORD-007236,C02974,Noah Taylor | Singapore | Plus,Office Supplies,316.43,3,2025-11-11,Retail Store,949.29
ORD-007237,C00116,Leo Carter | United States | Premium,Clothing,154.93,1,2025-01-24,Retail Store,154.93
ORD-007238,C01646,Ryan Brown | Canada | Basic,Toys ,472.79,1,2026-05-23,Mobile App,472.79
ORD-007239,C02521,Alex Smith | United Kingdom | Plus,Books,638.21,2,2025-12-30,Retail Store,1276.42
ORD-007240,C00027,Lina Walker | France | Basic,Electronics,518.8,3,2025-01-15,Retail Store,1556.4
ORD-007241,C02272,Adam Johnson | United States | Plus,Home & Kitchen,410.12,4,2026-01-09,Website,1640.48
ORD-007242,C00836,Sara Wright | United Kingdom | Basic,TOYS,509.69,6,2026-03-17,Mobile App,3058.14
ORD-007243,C00929,Maya Lee | UAE | Basic,Office Supplies,648.15,3,2025-10-28,Mobile App,1944.45
ORD-007244,C00631,Sara Hassan | United States | Basic,Beauty Products,632.72,1,2026-05-09,Marketplace,632.72
ORD-007245,C01594,Ava Davis | Germany | Basic,Beauty,248.78,1,2026-06-14,Mobile App,248.78
ORD-007246,C01852,Lina Wright | France | Premium,Clothing,468.07,3,2026-06-22,Retail Store,1404.21
ORD-007247,C02857,Olivia Wilson | France | Basic,Electronic Goods,490.59,2,2026-04-28,Website,981.18
ORD-007248,C00177,Zoe Taylor | Singapore | Premium,Clothing,483.59,1,2026-02-27,Retail Store,483.59
ORD-007249,C01252,Liam Green | United States | Basic,Home & Kitchen,325.65,4,2025-11-22,Mobile App,1302.6
ORD-007250,C01176,Lucas Davis | Canada | Premium,electronic,458.43,4,2025-04-12,Marketplace,1833.72
ORD-007251,C02688,Maya Adams | UAE | Premium,Clothng,299.09,1,2026-05-19,Retail Store,299.09
ORD-007252,C01060,Lina Patel | Australia | Basic,Books,166.6,6,2025-07-07,Website,999.6
ORD-007253,C01246,Maya Garcia | Germany | Plus,Home & Kitchen,114.27,3,2025-10-10,Website,342.81
ORD-007254,C01158,Sara Anderson | Canada | Premium,Sports,485.79,3,2025-03-23,Website,1457.37
ORD-007255,C02918,Layla Carter | Singapore | Plus,Toys,121.27,6,2025-05-22,Mobile App,727.62
ORD-007256,C01750,Jack Martin | United Kingdom | Premium,Clothng,324.24,4,2025-06-10,Retail Store,1296.96
ORD-007257,C01538,Sophia Ahmed | Singapore | Basic,Beauty,586.03,3,2025-04-10,Retail Store,1758.09
ORD-007258,C02225,Leo Wilson | Canada | Premium,Home & Ktchen,442.68,5,2025-02-13,Retail Store,2213.4
ORD-007259,C01477,Daniel Hassan | UAE | Basic,Toys,401.32,4,2025-04-30,Website,1605.28
ORD-007260,C02387,Sophia Wilson | Germany | Plus,SPORTS,353.36,4,2026-01-07,Retail Store,1413.44
ORD-007261,C01128,Omar Khan | France | Basic,Home & Kitchen,466.32,2,2026-04-30,Retail Store,932.64
ORD-007262,C01990,Noah Wilson | Australia | Plus,Electroncs,205.59,3,2026-05-01,Website,616.77
ORD-007263,C02207,Daniel Johnson | United States | Plus,Toys,48.36,6,2025-02-23,Marketplace,290.16
ORD-007264,C00151,Chloe Walker | UAE | Basic,Electronics,97.8,4,2026-06-18,Mobile App,391.2
ORD-007265,C01301,Adam Brown | United Kingdom | Basic,Clothes,188.49,1,2026-04-24,Website,188.49
ORD-007266,C02404,Adam Miller | United Kingdom | Basic,Sprots,60.97,5,2025-07-07,Website,304.85
ORD-007267,C00617,Mia Thomas | Germany | Plus,Clothing & Apparel,531.6,5,2025-08-23,Marketplace,2658.0
ORD-007268,C00879,Sophia Davis | UAE | Premium,Beauty Products,84.14,3,2026-03-11,Retail Store,252.42
ORD-007269,C01652,Layla Thomas | Germany | Basic,beauty ,281.03,1,2025-12-01,Retail Store,281.03
ORD-007270,C01690,Zoe Baker | Canada | Basic,ELECTRONICS,9.77,5,2025-06-05,Marketplace,48.85
ORD-007271,C01245,Mia Miller | United States | Basic,Home & Kitchen,466.97,1,2025-05-15,Website,466.97
ORD-007272,C00369,Ava Mitchell | France | Basic,Clothing,571.35,4,2025-12-10,Marketplace,2285.4
ORD-007273,C01042,Zoe Lewis | France | Basic,Beauty,294.07,6,2025-04-04,Marketplace,1764.42
ORD-007274,C00265,Layla Wright | France | Basic,Electronics,95.13,3,2026-06-18,Retail Store,285.39
ORD-007275,C01665,Ethan Adams | Australia | Basic,Books & Media,612.25,5,2025-01-22,Website,3061.25
ORD-007276,C02900,Lina Anderson | Australia | Plus,Boks,213.3,6,2026-01-25,Website,1279.8
ORD-007277,C01374,Liam Brown | Germany | Plus,HOME & KITCHEN,329.98,6,2026-01-13,Marketplace,1979.88
ORD-007278,C01575,Daniel Miller | United States | Basic,Boks,319.92,2,2025-04-20,Website,639.84
ORD-007279,C00523,Sara Taylor | United Kingdom | Plus,Beauty,175.92,3,2026-07-01,Retail Store,527.76
ORD-007280,C00938,Ella Davis | United Kingdom | Basic,Toys,120.08,1,2025-11-22,Marketplace,120.08
ORD-007281,C01098,Zoe Taylor | United States | Plus,Clothing & Apparel,459.72,5,2026-04-03,Marketplace,2298.6
ORD-007282,C00755,James Young | Singapore | Plus,Toys,31.93,4,2025-02-28,Marketplace,127.72
ORD-007283,C01682,Olivia Carter | United States | Basic,Beauty,189.81,3,2025-07-17,Mobile App,569.43
ORD-007284,C02547,Maya Carter | Australia | Basic,Electroncs,64.09,5,2025-04-06,Retail Store,320.45
ORD-007285,C00178,Leo Green | United States | Premium,Toys,165.65,6,2025-12-01,Retail Store,993.9
ORD-007286,C00375,Olivia Mitchell | Germany | Basic,Sports,516.97,3,2025-01-09,Website,1550.91
ORD-007287,C00834,Alex Nelson | UAE | Plus,Office Supplies,554.11,6,2025-06-01,Website,3324.66
ORD-007288,C00616,Sam Lewis | United States | Basic,electronic,601.99,5,2026-01-31,Website,3009.95
ORD-007289,C00202,Emma Ahmed | France | Basic,Office Supplies,218.18,6,2025-04-06,Marketplace,1309.08
ORD-007290,C01484,Noah Nelson | Canada | Basic,Clothing,128.56,6,2025-10-18,Retail Store,771.36
ORD-007291,C01705,Nora Ahmed | Canada | Plus,BOOKS,403.71,6,2025-10-16,Marketplace,2422.26
ORD-007292,C01871,Alex Miller | United States | Basic,Clothes,566.46,6,2025-01-08,Marketplace,3398.76
ORD-007293,C00492,Alex Wilson | Germany | Premium,electronic,405.21,5,2025-03-04,Marketplace,2026.05
ORD-007294,C01541,Sam Smith | France | Basic,ELECTRONICS,257.92,2,2026-02-20,Mobile App,515.84
ORD-007295,C02981,Olivia Walker | UAE | Basic,Clothing & Apparel,157.1,1,2026-01-08,Mobile App,157.1
ORD-007296,C00104,Sara Clark | Singapore | Basic,OFFICE SUPPLIES,153.29,2,2025-06-16,Marketplace,306.58
ORD-007297,C01681,Lucas Lee | UAE | Plus,Office  Supplies,434.45,4,2026-03-07,Retail Store,1737.8
ORD-007298,C02998,Lina Wilson | UAE | Premium,Electronics,65.18,3,2026-06-05,Website,195.54
ORD-007299,C02551,Daniel Wilson | France | Basic,Home & Kitchen,107.77,6,2026-03-21,Retail Store,646.62
ORD-007300,C00701,Sam Lewis | Singapore | Premium,Beauty,225.14,5,2025-04-29,Marketplace,1125.7
ORD-007301,C02587,Ryan Wright | UAE | Plus,Office Supplies,173.41,2,2025-10-17,Website,346.82
ORD-007302,C01799,Noah Hall | France | Basic,Home and Kitchen,157.36,1,2025-12-17,Retail Store,157.36
ORD-007303,C02564,Yusuf King | France | Premium,Electronics,153.31,5,2025-08-13,Marketplace,766.55
ORD-007304,C02428,Maya Miller | United States | Basic,Books,190.21,4,2026-01-19,Website,760.84
ORD-007305,C01760,Omar Hassan | Singapore | Premium,Sports,622.91,5,2025-08-02,Mobile App,3114.55
ORD-007306,C02078,James Lee | Germany | Premium,Toys & Games,608.17,4,2025-08-27,Marketplace,2432.68
ORD-007307,C02762,Lina Walker | Canada | Plus,HOME & KITCHEN,95.47,3,2026-03-05,Marketplace,286.41
ORD-007308,C00416,Ella Lee | United States | Plus,Toys,284.73,1,2025-10-31,Mobile App,284.73
ORD-007309,C02892,Sara Hassan | United States | Plus,SPORTS,229.33,1,2025-03-04,Retail Store,229.33
ORD-007310,C02335,Ava Baker | Australia | Basic,Toys,335.99,3,2026-01-30,Mobile App,1007.97
ORD-007311,C01869,Isla Wright | UAE | Basic,Beauty,596.55,2,2025-09-11,Website,1193.1
ORD-007312,C00256,Nora Garcia | United Kingdom | Plus,BEAUTY,186.43,2,2025-03-16,Website,372.86
ORD-007313,C01943,Amelia Lewis | France | Basic,Office Supplies,459.56,3,2026-03-16,Retail Store,1378.68
ORD-007314,C00992,Ryan Hall | UAE | Premium,Home Kitchen,615.22,3,2025-03-09,Website,1845.66
ORD-007315,C01402,Olivia Taylor | Canada | Premium,Beauty,516.64,6,2025-06-12,Retail Store,3099.84
ORD-007316,C02464,Lina Martin | United States | Premium,Sports,385.04,5,2025-02-10,Retail Store,1925.2
ORD-007317,C00779,Olivia Garcia | United States | Basic,Clothing,67.71,2,2025-09-04,Retail Store,135.42
ORD-007318,C02217,Ella Ahmed | Australia | Basic,Toys,197.0,5,2025-05-25,Mobile App,985.0
ORD-007319,C00040,Zoe Hassan | United States | Basic,OFFICE SUPPLIES,494.88,4,2025-11-05,Marketplace,1979.52
ORD-007320,C01021,Ryan Smith | Singapore | Basic,Office  Supplies,30.66,4,2026-02-09,Marketplace,122.64
ORD-007321,C00638,Sophia Taylor | UAE | Plus,Beauty,334.06,2,2026-01-08,Website,668.12
ORD-007322,C01781,Alex King | United Kingdom | Premium,Electronics ,106.68,1,2025-03-25,Marketplace,106.68
ORD-007323,C01085,Ryan Thomas | Canada | Basic,Beauty Products,600.71,5,2025-11-16,Marketplace,3003.55
ORD-007324,C01130,Leo Green | France | Premium,Electronics,466.59,4,2025-04-16,Marketplace,1866.36
ORD-007325,C01044,Daniel Baker | Australia | Basic,Toys,241.34,2,2025-05-23,Mobile App,482.68
ORD-007326,C02046,Ava Mitchell | Singapore | Plus,Home & Ktchen,633.85,2,2025-01-10,Retail Store,1267.7
ORD-007327,C01240,Yusuf Garcia | France | Premium,Books,196.14,1,2026-06-15,Retail Store,196.14
ORD-007328,C00671,Omar Clark | Singapore | Basic,Office Supplies,639.51,2,2026-06-01,Marketplace,1279.02
ORD-007329,C01324,Ryan Hassan | Singapore | Basic,Sports,498.39,2,2025-05-08,Retail Store,996.78
ORD-007330,C01778,Ryan Johnson | Canada | Plus,ELECTRONICS,15.18,6,2025-01-29,Mobile App,91.08
ORD-007331,C01733,Lina Garcia | Germany | Basic,Office Supplies,100.57,4,2026-01-12,Website,402.28
ORD-007332,C02184,Nora Young | France | Basic,Book,626.11,4,2025-10-17,Marketplace,2504.44
ORD-007333,C00171,Noah Miller | Germany | Premium,Electronics,449.01,3,2025-09-13,Website,1347.03
ORD-007334,C02748,Zoe Miller | France | Basic,Beauty,538.3,6,2025-11-03,Mobile App,3229.8
ORD-007335,C00908,Amelia Walker | Singapore | Plus,Beauty,415.03,3,2026-01-03,Website,1245.09
ORD-007336,C00909,Liam Thomas | Germany | Plus,Sports,427.53,4,2025-11-25,Mobile App,1710.12
ORD-007337,C02909,Chloe Anderson | United Kingdom | Basic,Sports,135.51,3,2026-04-30,Retail Store,406.53
ORD-007338,C02645,Jack Walker | France | Plus,Books & Media,419.03,2,2026-03-29,Website,838.06
ORD-007339,C01558,Liam Khan | Singapore | Plus,Books,495.67,2,2025-05-05,Marketplace,991.34
ORD-007340,C01472,Noah Khan | United States | Basic,Books & Media,93.82,4,2025-02-10,Marketplace,375.28
ORD-007341,C01405,Henry Davis | United States | Basic,Sports,581.44,3,2025-12-25,Marketplace,1744.32
ORD-007342,C02342,Ryan Adams | UAE | Premium,Home Kitchen,347.65,6,2025-03-05,Mobile App,2085.9
ORD-007343,C01097,Noah King | France | Basic,Office Supplies,183.23,3,2025-12-24,Marketplace,549.69
ORD-007344,C00867,Olivia Thomas | Singapore | Basic,Home & Kitchen,150.85,1,2025-02-25,Mobile App,150.85
ORD-007345,C00594,Amelia Hall | Germany | Plus,Home & Ktchen,556.9,1,2026-03-14,Website,556.9
ORD-007346,C02655,Emma Anderson | Australia | Basic,Office Supplies,615.07,3,2026-04-12,Mobile App,1845.21
ORD-007347,C02781,Omar Wilson | Australia | Basic,Home and Kitchen,517.34,2,2026-06-14,Mobile App,1034.68
ORD-007348,C00895,Lucas Baker | United Kingdom | Plus,Home & Kitchen,606.31,3,2025-05-25,Website,1818.93
ORD-007349,C00007,James Taylor | France | Plus,ELECTRONICS,522.53,3,2026-07-14,Retail Store,1567.59
ORD-007350,C00310,Leo Green | Singapore | Premium,Electronics,194.93,5,2025-10-08,Mobile App,974.65
ORD-007351,C02278,Noah Garcia | France | Premium,Electronics,270.34,4,2025-12-05,Website,1081.36
ORD-007352,C01289,Lucas Walker | United Kingdom | Basic,Sport,107.51,4,2025-09-05,Mobile App,430.04
ORD-007353,C02518,Lucas Johnson | France | Plus,Sports,375.66,4,2025-10-01,Marketplace,1502.64
ORD-007354,C01766,Maya Khan | United States | Basic,Clothes,588.91,5,2025-05-27,Website,2944.55
ORD-007355,C01486,Omar King | UAE | Plus,Books,240.21,5,2026-04-24,Mobile App,1201.05
ORD-007356,C00616,Sam Lewis | United States | Basic,Clothing,270.12,1,2025-02-28,Retail Store,270.12
ORD-007357,C01953,Adam Wilson | Canada | Plus,Beauty,241.66,2,2025-08-04,Mobile App,483.32
ORD-007358,C00163,Emma Davis | Germany | Plus,Toys,639.87,4,2025-05-17,Marketplace,2559.48
ORD-007359,C00138,Sam Wilson | Singapore | Basic,Office Supplies,504.03,2,2025-01-13,Marketplace,1008.06
ORD-007360,C00188,Layla Lee | UAE | Basic,Office Supplies,336.32,5,2025-05-14,Mobile App,1681.6
ORD-007361,C01962,Ava Garcia | France | Premium,Beautyy,213.63,5,2025-08-18,Website,1068.15
ORD-007362,C02028,Mia Brown | Germany | Premium,Clothing,535.93,5,2026-05-11,Mobile App,2679.65
ORD-007363,C01119,Emma Young | United Kingdom | Basic,Electronics ,354.51,2,2026-05-06,Retail Store,709.02
ORD-007364,C01800,Alex Baker | Singapore | Premium,Office  Supplies,128.6,6,2026-05-08,Mobile App,771.6
ORD-007365,C01812,Zoe Hassan | Canada | Plus,Toys ,364.38,2,2025-02-10,Mobile App,728.76
ORD-007366,C01675,Adam Carter | France | Basic,OFFICE SUPPLIES,610.1,6,2025-09-14,Retail Store,3660.6
ORD-007367,C01513,Ethan Johnson | Germany | Basic,Electronics,644.44,2,2026-05-10,Mobile App,1288.88
ORD-007368,C00715,Zoe Carter | UAE | Basic,Sport,633.17,3,2026-04-18,Website,1899.51
ORD-007369,C02221,Olivia Mitchell | United Kingdom | Premium,Sports,105.0,4,2025-05-25,Marketplace,420.0
ORD-007370,C02769,Ava Carter | Canada | Plus,Sports,54.56,3,2026-07-06,Retail Store,163.68
ORD-007371,C02008,Emma Green | Australia | Plus,Office  Supplies,225.15,3,2025-10-10,Website,675.45
ORD-007372,C02054,Ella Ahmed | Australia | Premium,Sports,10.88,6,2026-06-23,Website,65.28
ORD-007373,C02401,Olivia Wilson | United Kingdom | Premium,Sports,391.98,4,2025-10-19,Marketplace,1567.92
ORD-007374,C02968,Nora Carter | France | Plus,Home & Kitchen,618.45,3,2025-12-30,Mobile App,1855.35
ORD-007375,C01375,Mia Moore | Germany | Plus,Sports,409.97,1,2025-12-26,Marketplace,409.97
ORD-007376,C00568,Sophia Ahmed | United States | Basic,Clothing,495.26,1,2025-07-17,Website,495.26
ORD-007377,C02229,Noah Baker | France | Basic,Office  Supplies,313.07,6,2026-02-24,Website,1878.42
ORD-007378,C02713,Leo Lee | France | Basic,Beauty,312.02,5,2025-07-23,Mobile App,1560.1
ORD-007379,C00546,Leo Lewis | France | Basic,Home & Ktchen,569.62,3,2026-05-28,Mobile App,1708.86
ORD-007380,C02578,Henry Taylor | United Kingdom | Basic,Toys,461.39,2,2025-05-09,Marketplace,922.78
ORD-007381,C02150,Emma Johnson | Canada | Basic,Toys,151.32,3,2026-01-29,Website,453.96
ORD-007382,C01196,Zoe Khan | Canada | Plus,Sports,480.23,2,2025-04-27,Retail Store,960.46
ORD-007383,C03000,Mia Ahmed | UAE | Plus,Clothing,449.32,1,2025-10-28,Retail Store,449.32
ORD-007384,C00267,Sara Wilson | France | Premium,Electroncs,440.24,4,2025-12-20,Website,1760.96
ORD-007385,C00953,Liam Brown | Australia | Plus,Home & Kitchen,112.46,3,2026-02-21,Retail Store,337.38
ORD-007386,C00822,Sara Carter | UAE | Basic,Electronics,521.67,4,2026-07-16,Retail Store,2086.68
ORD-007387,C00837,Ava Adams | France | Plus,Toys,46.57,1,2026-04-12,Website,46.57
ORD-007388,C00704,Liam Ahmed | Singapore | Plus,Office Supplies,172.65,5,2025-05-06,Retail Store,863.25
ORD-007389,C01739,Adam Brown | Germany | Premium,CLOTHING,620.86,3,2026-07-20,Mobile App,1862.58
ORD-007390,C00903,Alex Adams | United States | Premium,Home & Kitchen,317.56,2,2025-10-28,Website,635.12
ORD-007391,C01167,Chloe Green | Germany | Basic,Home & Kitchen,274.88,3,2025-05-11,Mobile App,824.64
ORD-007392,C00971,Noah Walker | France | Plus,Sports,159.55,6,2026-02-16,Retail Store,957.3
ORD-007393,C00736,Yusuf Green | Canada | Basic,Electronics,97.79,4,2025-11-11,Retail Store,391.16
ORD-007394,C00242,Sara Carter | Germany | Basic,Books,639.01,5,2025-03-30,Mobile App,3195.05
ORD-007395,C00215,Lina Green | Singapore | Basic,Office Supplies,102.05,3,2025-02-05,Website,306.15
ORD-007396,C00812,Adam Brown | Singapore | Plus,Clothes,418.77,2,2026-01-11,Retail Store,837.54
ORD-007397,C02649,Maya Walker | United Kingdom | Basic,ELECTRONICS,381.07,2,2025-05-15,Mobile App,762.14
ORD-007398,C01703,Leo Wilson | France | Plus,Sports & Fitness,611.48,1,2025-07-30,Website,611.48
ORD-007399,C02035,James Mitchell | France | Basic,Sport,547.56,1,2026-02-24,Marketplace,547.56
ORD-007400,C00605,Layla Nelson | Germany | Plus,Books & Media,72.39,4,2025-12-28,Retail Store,289.56
ORD-007401,C02499,Sam King | Canada | Premium,Home & Ktchen,128.81,2,2025-05-01,Retail Store,257.62
ORD-007402,C00119,Lina Moore | Singapore | Plus,Sports,400.8,6,2025-07-09,Marketplace,2404.8
ORD-007403,C01650,James Lee | Canada | Basic,SPORTS,640.38,1,2025-10-26,Website,640.38
ORD-007404,C00697,Isla Martin | Australia | Plus,Home & Kitchen,645.71,1,2025-01-16,Marketplace,645.71
ORD-007405,C00227,Nora Garcia | Canada | Plus,Beauty,53.83,4,2026-05-16,Website,215.32
ORD-007406,C00692,Sara Hall | Singapore | Premium,Sports,184.6,2,2026-01-18,Marketplace,369.2
ORD-007407,C00564,Amelia Clark | Australia | Basic,Beauty Products,437.53,2,2025-03-29,Retail Store,875.06
ORD-007408,C02787,Olivia Young | Canada | Premium,Office Supplies,121.67,4,2025-04-25,Marketplace,486.68
ORD-007409,C00656,Ella Hassan | Canada | Basic,Office Supplies,284.93,6,2026-03-25,Website,1709.58
ORD-007410,C01957,Amelia Hall | France | Basic,Toys,171.01,6,2025-05-04,Retail Store,1026.06
ORD-007411,C00896,Sara Smith | Singapore | Plus,Clothing,48.73,2,2025-07-11,Website,97.46
ORD-007412,C00094,Zoe Patel | France | Premium,Toy,555.07,1,2025-03-12,Website,555.07
ORD-007413,C01597,Amelia Thomas | Singapore | Basic,Books,127.17,5,2025-01-26,Marketplace,635.85
ORD-007414,C00264,Mia Mitchell | United Kingdom | Basic,Beauty Products,238.38,3,2026-01-20,Website,715.14
ORD-007415,C02444,Daniel Miller | United Kingdom | Basic,BOOKS,166.47,3,2026-04-21,Website,499.41
ORD-007416,C02559,Amelia Nelson | Singapore | Basic,Beauty,437.0,5,,Mobile App,2185.0
ORD-007417,C00750,Alex Taylor | UAE | Basic,Sports,547.04,6,2026-01-25,Retail Store,3282.24
ORD-007418,C01801,Lina Baker | United Kingdom | Basic,electronic,534.22,5,2025-07-28,Marketplace,2671.1
ORD-007419,C00601,Liam King | Germany | Basic,Clothes,326.34,1,2025-05-05,Mobile App,326.34
ORD-007420,C02900,Lina Anderson | Australia | Plus,Clothing,443.34,1,2025-05-04,Marketplace,443.34
ORD-007421,C01533,Isla Anderson | United States | Plus,Clothng,366.78,3,2025-09-13,Website,1100.34
ORD-007422,C02069,Yusuf Brown | France | Plus,Office Supplies,495.48,1,2026-02-18,Website,495.48
ORD-007423,C02277,Ethan Clark | France | Premium,Electronics,74.06,1,2025-07-05,Website,74.06
ORD-007424,C02706,Liam Johnson | Australia | Plus,Beauty,386.74,1,2025-01-05,Retail Store,386.74
ORD-007425,C02826,Zoe Adams | United States | Basic,Home & Kitchen,473.63,2,2026-02-04,Retail Store,947.26
ORD-007426,C01096,Maya Mitchell | Australia | Premium,TOYS,309.25,5,2026-06-08,Website,1546.25
ORD-007427,C00794,Jack Nelson | Australia | Plus,Books,74.82,2,2025-08-27,Mobile App,149.64
ORD-007428,C02849,Jack Hassan | Germany | Premium,Books,240.9,3,2025-11-16,Website,722.7
ORD-007429,C02220,Nora King | UAE | Basic,Clothing,61.07,4,2026-03-30,Website,244.28
ORD-007430,C01310,Noah Garcia | France | Premium,Clothing,377.1,5,2026-01-21,Marketplace,1885.5
ORD-007431,C00966,Nora Baker | Australia | Plus,Beauty,508.17,3,2026-01-31,Mobile App,1524.51
ORD-007432,C00438,James Mitchell | Canada | Premium,Home & Kitchen,389.98,5,2026-03-07,Website,1949.9
ORD-007433,C02403,Nora Adams | United Kingdom | Plus,Sports & Fitness,413.1,6,2026-02-02,Mobile App,2478.6
ORD-007434,C01031,Jack Taylor | Australia | Basic,Sports,284.21,2,2025-01-20,Marketplace,568.42
ORD-007435,C02099,Omar Ahmed | United States | Premium,Beauty,525.16,1,2025-12-22,Mobile App,525.16
ORD-007436,C00288,Yusuf Hassan | Canada | Plus,Office Supples,78.37,5,2025-03-11,Retail Store,391.85
ORD-007437,C00977,Nora Baker | United Kingdom | Plus,Sport,190.43,2,2026-05-04,Website,380.86
ORD-007438,C01402,Olivia Taylor | Canada | Premium,Beauty,403.08,5,2026-02-13,Retail Store,2015.4
ORD-007439,C00959,Mia Taylor | Singapore | Basic,Electronics,373.06,4,2025-06-30,Website,1492.24
ORD-007440,C02210,James Brown | United States | Plus,Clothes,168.37,5,2026-04-14,Mobile App,841.85
ORD-007441,C01185,Daniel Ahmed | Singapore | Premium,Sports,592.88,1,2026-07-17,Marketplace,592.88
ORD-007442,C02572,Henry Wilson | UAE | Basic,Office Supply,260.96,3,2026-06-13,Retail Store,782.88
ORD-007443,C02898,Ryan Thomas | United States | Plus,Office Supplies,531.69,5,2026-05-01,Website,2658.45
ORD-007444,C00382,Leo Hassan | Singapore | Basic,Clothing & Apparel,191.77,6,2025-06-05,Mobile App,1150.62
ORD-007445,C02710,Lina Johnson | Singapore | Basic,Office Supplies,557.6,6,2026-01-19,Retail Store,3345.6
ORD-007446,C01865,Lucas Anderson | UAE | Basic,Beauty,470.29,1,2025-08-28,Retail Store,470.29
ORD-007447,C02249,Ella Garcia | United Kingdom | Basic,electronic,183.16,4,2025-11-17,Mobile App,732.64
ORD-007448,C02232,Alex Smith | United States | Plus,Beauty,308.8,5,2026-02-27,Retail Store,1544.0
ORD-007449,C02852,Daniel Davis | United States | Premium,Home & Kitchen,180.24,5,2025-09-16,Website,901.2
ORD-007450,C00285,Alex Hall | Germany | Basic,Clothing,628.85,1,2025-04-21,Mobile App,628.85
ORD-007451,C02878,Ryan Hall | Germany | Basic,Office Supples,131.73,4,2026-01-30,Retail Store,526.92
ORD-007452,C00732,Adam Lee | France | Basic,Electronics ,422.28,4,2025-06-04,Retail Store,1689.12
ORD-007453,C00513,Olivia Khan | France | Basic,Boks,299.36,3,2025-01-13,Retail Store,898.08
ORD-007454,C01928,Ava Adams | Germany | Premium,Books,49.12,4,2025-05-29,Mobile App,196.48
ORD-007455,C02421,Lucas Johnson | Canada | Premium,BEAUTY,93.01,3,2025-12-22,Marketplace,279.03
ORD-007456,C01363,Amelia Khan | Germany | Premium,Office  Supplies,269.49,4,2026-06-11,Website,1077.96
ORD-007457,C00455,Lucas Johnson | Singapore | Basic,BEAUTY,30.8,1,2026-01-02,Retail Store,30.8
ORD-007458,C01314,James Khan | Australia | Premium,Clothing,38.75,2,2025-09-16,Website,77.5
ORD-007459,C01975,Amelia Smith | Australia | Basic,Books,138.55,5,2026-04-15,Mobile App,692.75
ORD-007460,C02711,Liam Clark | United States | Plus,OFFICE SUPPLIES,427.34,4,2026-01-06,Mobile App,1709.36
ORD-007461,C00931,Chloe Khan | Singapore | Basic,Clothes,191.26,2,2025-07-19,Marketplace,382.52
ORD-007462,C01027,Alex Taylor | Australia | Basic,Beauty,357.51,2,2025-01-13,Website,715.02
ORD-007463,C01932,Ella Hassan | Australia | Basic,Home & Kitchen,320.26,2,2025-03-19,Website,640.52
ORD-007464,C02235,James Wilson | Germany | Basic,Toys,527.74,5,2026-07-11,Mobile App,2638.7
ORD-007465,C02393,Lucas Davis | Singapore | Basic,Clothing & Apparel,185.52,2,2025-12-08,Retail Store,371.04
ORD-007466,C02848,Ava Adams | United Kingdom | Basic,Home & Kitchen,190.5,5,2025-08-12,Marketplace,952.5
ORD-007467,C00255,Adam King | United States | Plus,Clothing,305.57,5,2025-01-07,Marketplace,1527.85
ORD-007468,C02513,Sam Walker | Australia | Premium,Home & Kitchen,358.95,1,2026-04-18,Mobile App,358.95
ORD-007469,C00532,Sara Moore | United States | Basic,Sports & Fitness,72.95,3,2025-12-03,Website,218.85
ORD-007470,C02521,Alex Smith | United Kingdom | Plus,Toys ,548.03,2,2025-11-09,Marketplace,1096.06
ORD-007471,C00106,Layla Young | France | Basic,Clothng,475.39,6,2025-09-08,Mobile App,2852.34
ORD-007472,C00996,Nora Young | United Kingdom | Basic,Sports,342.4,6,2025-07-29,Mobile App,2054.4
ORD-007473,C01338,Sam Adams | Germany | Basic,Electronics,111.33,5,2026-06-28,Marketplace,556.65
ORD-007474,C02329,Nora Martin | United Kingdom | Basic,Home & Kitchen,352.04,5,2025-11-28,Marketplace,1760.2
ORD-007475,C00274,Leo Green | United Kingdom | Basic,Clothing,183.66,4,2025-11-05,Mobile App,734.64
ORD-007476,C00750,Alex Taylor | UAE | Basic,Office Supplies,274.19,1,2026-02-05,Marketplace,274.19
ORD-007477,C01898,Sara Walker | Singapore | Basic,Electronics,315.17,5,2025-10-28,Mobile App,1575.85
ORD-007478,C02173,Nora Moore | Singapore | Basic,Electronics ,355.01,6,2025-04-22,Mobile App,2130.06
ORD-007479,C02542,Yusuf Davis | United States | Premium,Boks,292.07,3,2025-08-08,Mobile App,876.21
ORD-007480,C02604,Chloe Nelson | France | Basic,Office Supplies,375.19,5,2025-09-03,Website,1875.95
ORD-007481,C01042,Zoe Lewis | France | Basic,Office Supples,164.1,1,2025-01-10,Mobile App,164.1
ORD-007482,C01859,Sam Lee | France | Plus,TOYS,387.94,3,2025-04-11,Retail Store,1163.82
ORD-007483,C02437,Zoe Smith | Australia | Premium,Office Supplies,299.97,3,2026-04-04,Mobile App,899.91
ORD-007484,C00409,Daniel Martin | United Kingdom | Plus,Electronics,118.84,6,2025-03-13,Mobile App,713.04
ORD-007485,C01730,Amelia Hall | Germany | Premium,BEAUTY,589.96,2,2026-01-12,Retail Store,1179.92
ORD-007486,C02132,Sara Thomas | Singapore | Plus,Books,13.45,5,2025-06-02,Mobile App,67.25
ORD-007487,C00549,Ethan Walker | United Kingdom | Basic,Home & Kitchen,333.15,6,2026-03-13,Website,1998.9
ORD-007488,C02273,Amelia Walker | UAE | Premium,Toys,573.32,1,2025-01-15,Marketplace,573.32
ORD-007489,C00327,Sara Khan | France | Premium,Clothng,109.96,4,2025-09-16,Website,439.84
ORD-007490,C01684,Daniel Lee | Australia | Plus,Clothing & Apparel,416.69,6,2025-12-25,Mobile App,2500.14
ORD-007491,C02974,Noah Taylor | Singapore | Plus,Toys,635.63,5,2025-03-17,Website,3178.15
ORD-007492,C01431,Sophia Smith | France | Premium,Sports & Fitness,13.5,3,2025-08-16,Marketplace,40.5
ORD-007493,C02036,Zoe Taylor | United Kingdom | Basic,Books,537.77,6,2025-08-06,Website,3226.62
ORD-007494,C02815,Lina Wilson | Singapore | Basic,Home Kitchen,473.41,4,2025-08-26,Marketplace,1893.64
ORD-007495,C01451,Omar Khan | United States | Basic,Toys,386.42,2,2025-01-28,Retail Store,772.84
ORD-007496,C02734,Alex Brown | Australia | Plus,Beauty,555.62,3,2025-11-27,Mobile App,1666.86
ORD-007497,C02999,Sara Mitchell | Canada | Premium,Sport,211.14,2,2025-03-22,Retail Store,422.28
ORD-007498,C02254,Henry Baker | United States | Basic,Electroncs,316.46,2,2025-11-21,Mobile App,632.92
ORD-007499,C00570,Leo Taylor | United Kingdom | Basic,Office Supplies,111.14,6,2025-05-23,Retail Store,666.84
ORD-007500,C00818,Chloe Clark | France | Plus,Toys,78.32,4,2025-03-06,Mobile App,313.28
ORD-007501,C02247,Lucas Garcia | France | Premium,Sports,512.81,1,2026-06-04,Website,512.81
ORD-007502,C00120,Omar Taylor | Australia | Premium,Clothing,638.2,6,2025-01-13,Mobile App,3829.2
ORD-007503,C01287,Olivia Martin | United Kingdom | Basic,Office  Supplies,143.46,5,2025-11-15,Mobile App,717.3
ORD-007504,C00293,Amelia Green | Germany | Basic,HOME & KITCHEN,573.45,2,2025-12-13,Retail Store,1146.9
ORD-007505,C02533,Noah Lee | United States | Basic,Toys,198.17,3,2025-03-03,Marketplace,594.51
ORD-007506,C01875,Alex Martin | France | Premium,Office Supply,149.23,3,2025-12-16,Mobile App,447.69
ORD-007507,C00667,Ryan Green | United Kingdom | Basic,Office Supples,61.67,5,2025-01-14,Retail Store,308.35
ORD-007508,C01250,Alex Brown | Germany | Plus,Toys,268.25,1,2025-08-31,Website,268.25
ORD-007509,C00736,Yusuf Green | Canada | Basic,Electronics,488.72,5,2025-12-22,Mobile App,2443.6
ORD-007510,C00773,Yusuf Smith | UAE | Basic,Beauty,543.02,2,2025-10-23,Mobile App,1086.04
ORD-007511,C00607,Layla Taylor | United States | Basic,Books,175.58,1,2026-06-19,Marketplace,175.58
ORD-007512,C02053,Lucas Nelson | UAE | Premium,Clothing,136.75,1,2026-05-10,Mobile App,136.75
ORD-007513,C01212,Ella Patel | France | Premium,Clothing,159.8,5,2025-02-24,Website,799.0
ORD-007514,C02163,Chloe Nelson | Australia | Plus,CLOTHING,360.94,6,2026-03-30,Marketplace,2165.64
ORD-007515,C00594,Amelia Hall | Germany | Plus,Home & Ktchen,110.32,2,2025-11-01,Marketplace,220.64
ORD-007516,C02709,Nora Taylor | UAE | Basic,Toys,20.1,1,2025-04-29,Mobile App,20.1
ORD-007517,C00111,Lina Wilson | Singapore | Premium,Office Supplies,597.61,3,2025-08-08,Marketplace,1792.83
ORD-007518,C02020,Emma Anderson | France | Basic,Home and Kitchen,579.21,4,2026-03-10,Mobile App,2316.84
ORD-007519,C00053,Amelia Taylor | United Kingdom | Plus,Beauty,325.44,5,2025-07-16,Marketplace,1627.2
ORD-007520,C02279,Sophia Patel | Germany | Basic,Sports,341.37,3,2026-05-20,Marketplace,1024.11
ORD-007521,C00577,Amelia Moore | UAE | Plus,Toys,84.18,1,2025-12-27,Website,84.18
ORD-007522,C00391,Zoe Ahmed | Australia | Basic,Office Supplies,297.55,3,2025-12-23,Website,892.65
ORD-007523,C00903,Alex Adams | United States | Premium,HOME & KITCHEN,524.77,6,2026-06-12,Website,3148.62
ORD-007524,C01466,Sophia Carter | United States | Plus,Office Supplies,207.34,4,2025-01-15,Retail Store,829.36
ORD-007525,C02295,Ella Nelson | France | Basic,Electronics,19.65,1,2025-01-22,Website,19.65
ORD-007526,C02876,Emma Young | Singapore | Basic,Office Supples,204.84,6,2026-02-20,Marketplace,1229.04
ORD-007527,C02550,Emma Carter | United States | Plus,Clothing,582.82,3,2026-07-08,Marketplace,1748.46
ORD-007528,C00045,Emma Wilson | Canada | Basic,SPORTS,50.87,2,2025-07-29,Website,101.74
ORD-007529,C01258,Sophia Smith | UAE | Premium,Home & Kitchen,341.59,1,2025-11-02,Mobile App,341.59
ORD-007530,C02401,Olivia Wilson | United Kingdom | Premium,Toys,190.61,6,2025-06-10,Website,1143.66
ORD-007531,C02255,Daniel Lewis | United Kingdom | Basic,Office Supplies,203.38,5,2025-05-23,Mobile App,1016.9
ORD-007532,C00409,Daniel Martin | United Kingdom | Plus,Clothing & Apparel,514.57,2,2025-10-31,Mobile App,1029.14
ORD-007533,C02478,Noah Adams | UAE | Premium,Office Supplies,99.14,5,2025-12-25,Mobile App,495.7
ORD-007534,C01000,Emma Young | United States | Basic,Home & Kitchen,311.59,3,2025-08-03,Mobile App,934.77
ORD-007535,C02641,Alex Hall | Germany | Basic,Clothng,234.83,4,2025-09-01,Mobile App,939.32
ORD-007536,C01485,Leo Taylor | France | Basic,Electronics,453.85,3,2025-09-16,Website,1361.55
ORD-007537,C00774,Sam Hall | United States | Premium,Electronics ,418.69,4,2025-10-08,Marketplace,1674.76
ORD-007538,C01018,Sara Baker | France | Premium,Beauty,92.41,5,2025-01-03,Mobile App,462.05
ORD-007539,C00561,Mia Taylor | France | Basic,Beauty,158.45,2,2026-04-09,Website,316.9
ORD-007540,C02693,Liam Wilson | Canada | Basic,Sports,453.11,6,2026-06-22,Retail Store,2718.66
ORD-007541,C00243,Ella Garcia | Singapore | Plus,beauty ,286.23,6,2025-03-01,Marketplace,1717.38
ORD-007542,C00570,Leo Taylor | United Kingdom | Basic,Electronics,27.09,1,2026-06-21,Marketplace,27.09
ORD-007543,C00448,Liam Green | United States | Plus,Electronic Goods,496.46,4,2026-05-23,Retail Store,1985.84
ORD-007544,C02814,Chloe Anderson | United States | Premium,Office Supplies,163.13,2,2026-02-07,Mobile App,326.26
ORD-007545,C02723,Ava Miller | UAE | Basic,Office Supplies,477.28,4,2025-05-29,Website,1909.12
ORD-007546,C01812,Zoe Hassan | Canada | Plus,Clothing & Apparel,310.32,6,2025-06-23,Website,1861.92
ORD-007547,C02963,Yusuf Wilson | Germany | Plus,Books & Media,261.93,2,2025-04-02,Retail Store,523.86
ORD-007548,C01208,Lucas Garcia | UAE | Plus,Beauty Products,591.14,5,2026-07-03,Retail Store,2955.7
ORD-007549,C02469,Daniel King | United States | Basic,Home & Kitchen,343.21,1,2026-07-06,Website,343.21
ORD-007550,C01944,Daniel Adams | Canada | Basic,Books,91.62,6,2026-04-06,Marketplace,549.72
ORD-007551,C02614,Ella Davis | Canada | Plus,Sports,578.75,1,2025-09-15,Website,578.75
ORD-007552,C00139,Emma Green | Germany | Premium,Beauty Products,551.16,2,2025-06-13,Retail Store,1102.32
ORD-007553,C01174,Layla Nelson | Canada | Basic,Home & Kitchen,88.39,5,2026-04-28,Website,441.95
ORD-007554,C01000,Emma Young | United States | Basic,Sport,438.09,1,2026-03-14,Marketplace,438.09
ORD-007555,C02384,Layla Mitchell | Singapore | Premium,Electronic Goods,464.91,4,2026-04-07,Website,1859.64
ORD-007556,C01735,Layla Carter | France | Premium,Office Supplies,149.83,6,2025-01-31,Website,898.98
ORD-007557,C00160,Alex Walker | Germany | Basic,Home & Kitchen,181.97,3,2026-01-19,Retail Store,545.91
ORD-007558,C01063,Emma Miller | Australia | Plus,Books,573.41,1,2026-07-23,Website,573.41
ORD-007559,C02848,Ava Adams | United Kingdom | Basic,Office Supplies,318.19,3,2025-01-23,Retail Store,954.57
ORD-007560,C02509,Henry Brown | Singapore | Basic,Beauty,245.25,5,2025-08-29,Retail Store,1226.25
ORD-007561,C01018,Sara Baker | France | Premium,Toys,452.66,1,2026-04-01,Retail Store,452.66
ORD-007562,C00619,Ethan Adams | United Kingdom | Basic,Electroncs,114.55,4,2026-02-21,Mobile App,458.2
ORD-007563,C00501,Ella Ahmed | Germany | Basic,Clothing & Apparel,118.78,3,2025-04-14,Retail Store,356.34
ORD-007564,C00582,Yusuf Smith | UAE | Premium,Clothing,603.8,3,2025-08-07,Marketplace,1811.4
ORD-007565,C02784,Ethan Moore | UAE | Basic,Office Supplies,170.89,2,2025-10-27,Website,341.78
ORD-007566,C02417,Layla Young | United Kingdom | Basic,Sports & Fitness,255.61,2,2025-06-10,Retail Store,511.22
ORD-007567,C00908,Amelia Walker | Singapore | Plus,Books,142.62,5,2025-09-15,Website,713.1
ORD-007568,C00075,Chloe Garcia | United Kingdom | Basic,Clothng,428.77,3,2026-06-27,Retail Store,1286.31
ORD-007569,C00045,Emma Wilson | Canada | Basic,Home & Kitchen,298.86,6,2025-06-23,Retail Store,1793.16
ORD-007570,C02045,Ava Davis | Canada | Premium,Clothes,267.18,4,2026-07-05,Website,1068.72
ORD-007571,C02013,James Ahmed | Canada | Premium,Sports,449.85,6,2026-04-16,Website,2699.1
ORD-007572,C00096,Adam Nelson | France | Basic,Office Supplies,21.77,5,2025-12-27,Marketplace,108.85
ORD-007573,C00154,Lina Walker | United States | Basic,Beauty,93.7,4,2025-07-26,Website,374.8
ORD-007574,C01071,Henry Mitchell | Australia | Basic,Toy,37.14,2,2025-01-14,Retail Store,74.28
ORD-007575,C01617,Nora Young | Canada | Premium,Clothng,284.16,5,2026-02-09,Retail Store,1420.8
ORD-007576,C01430,Ryan Patel | Australia | Basic,Home and Kitchen,154.03,3,2025-10-31,Marketplace,462.09
ORD-007577,C01899,Yusuf Moore | United Kingdom | Basic,OFFICE SUPPLIES,487.32,4,2025-08-26,Retail Store,1949.28
ORD-007578,C02893,Isla Young | UAE | Premium,Toys,294.35,2,2026-03-14,Website,588.7
ORD-007579,C00745,Layla Taylor | Canada | Plus,ELECTRONICS,640.28,3,2026-05-21,Retail Store,1920.84
ORD-007580,C01680,Emma Wilson | Australia | Basic,OFFICE SUPPLIES,630.45,6,2025-09-16,Website,3782.7
ORD-007581,C01035,Daniel Taylor | France | Basic,Clothng,261.86,1,2025-06-20,Marketplace,261.86
ORD-007582,C00349,Sam Clark | UAE | Basic,Home & Kitchen,247.22,6,2025-12-18,Mobile App,1483.32
ORD-007583,C02525,Chloe Johnson | United Kingdom | Plus,Beauty,87.46,5,2025-07-14,Retail Store,437.3
ORD-007584,C00589,Nora Miller | Singapore | Premium,Book,503.56,1,2025-09-30,Retail Store,503.56
ORD-007585,C01972,Ella Lewis | Singapore | Premium,Office  Supplies,586.54,2,2026-07-24,Mobile App,1173.08
ORD-007586,C02389,James Garcia | Singapore | Basic,Clothing & Apparel,104.5,1,2026-04-20,Retail Store,104.5
ORD-007587,C02710,Lina Johnson | Singapore | Basic,Beautyy,137.13,4,2025-04-21,Marketplace,548.52
ORD-007588,C00368,Layla Hassan | Germany | Basic,Sports,131.49,1,2026-04-07,Marketplace,131.49
ORD-007589,C00334,Mia Adams | Canada | Plus,BOOKS,17.65,2,2025-03-10,Website,35.3
ORD-007590,C02384,Layla Mitchell | Singapore | Premium,Electronics,155.35,4,2026-03-04,Marketplace,621.4
ORD-007591,C00717,Sam Martin | Germany | Plus,Sports,618.49,6,2026-04-21,Retail Store,3710.94
ORD-007592,C00500,Mia Hall | United Kingdom | Basic,Home & Kitchen,479.25,5,2026-05-05,Mobile App,2396.25
ORD-007593,C02078,James Lee | Germany | Premium,Books,78.91,5,2025-03-05,Marketplace,394.55
ORD-007594,C00579,Emma Green | Canada | Plus,Home & Kitchen,435.93,1,2026-05-06,Retail Store,435.93
ORD-007595,C02964,Ethan Taylor | Australia | Basic,Toys,458.2,4,2025-04-14,Retail Store,1832.8
ORD-007596,C01562,Ella Anderson | France | Basic,Books,339.6,2,2026-04-12,Mobile App,679.2
ORD-007597,C00836,Sara Wright | United Kingdom | Basic,Home & Kitchen,536.1,4,2025-11-05,Retail Store,2144.4
ORD-007598,C01639,Lina Hall | United Kingdom | Plus,Electronics ,33.2,1,2026-03-31,Retail Store,33.2
ORD-007599,C00781,Maya Garcia | France | Basic,Clothing,270.57,5,2025-03-23,Marketplace,1352.85
ORD-007600,C01265,Sophia Hassan | United Kingdom | Plus,Home & Kitchen,315.81,3,2026-07-03,Website,947.43
ORD-007601,C00719,Yusuf Khan | France | Premium,Office Supples,402.15,1,2025-07-21,Marketplace,402.15
ORD-007602,C00672,Liam Wright | UAE | Basic,Clothing,620.66,1,2026-06-28,Retail Store,620.66
ORD-007603,C01468,Lucas Johnson | Australia | Basic,Clothing,264.64,6,2025-02-27,Website,1587.84
ORD-007604,C01173,Sara Lee | Canada | Basic,Office Supplies,302.77,5,2025-04-12,Mobile App,1513.85
ORD-007605,C02126,Chloe Green | France | Plus,Electronics ,28.39,4,2025-10-08,Website,113.56
ORD-007606,C00494,Sam Adams | Germany | Basic,Toys,54.98,4,2025-04-04,Website,219.92
ORD-007607,C02171,James Hassan | Australia | Plus,Sports,132.09,3,2025-05-22,Retail Store,396.27
ORD-007608,C02280,Jack Thomas | UAE | Plus,Electronics,217.49,6,2025-02-08,Retail Store,1304.94
ORD-007609,C00790,Yusuf Davis | Singapore | Basic,Books,97.63,4,2026-07-12,Marketplace,390.52
ORD-007610,C00434,Maya Patel | UAE | Plus,Books,257.47,3,2025-01-30,Marketplace,772.41
ORD-007611,C02030,Sara Walker | Australia | Basic,Beauty,477.68,6,2026-07-10,Mobile App,2866.08
ORD-007612,C02341,James Baker | United States | Basic,Clothing,353.85,6,2025-12-19,Mobile App,2123.1
ORD-007613,C02167,Daniel Young | United States | Basic,Sports,88.48,4,2025-10-01,Website,353.92
ORD-007614,C02492,Chloe Clark | France | Plus,Clothing,265.58,5,2025-04-12,Mobile App,1327.9
ORD-007615,C01897,Amelia Wilson | UAE | Basic,Toy,422.1,5,2026-02-27,Retail Store,2110.5
ORD-007616,C02960,Emma Miller | United Kingdom | Basic,TOYS,458.47,4,2026-04-22,Marketplace,1833.88
ORD-007617,C01569,Amelia Mitchell | United Kingdom | Basic,Electronic Goods,214.62,5,2026-02-22,Retail Store,1073.1
ORD-007618,C01429,Noah Wright | Singapore | Basic,Beauty,556.32,4,2025-08-12,Marketplace,2225.28
ORD-007619,C02154,Lucas Brown | UAE | Basic,Office Supplies,488.62,4,2026-06-18,Website,1954.48
ORD-007620,C00512,Olivia Baker | United Kingdom | Plus,Electronics,425.01,1,2026-06-02,Marketplace,425.01
ORD-007621,C00569,Isla Mitchell | UAE | Premium,Toys ,483.56,1,2025-06-10,Mobile App,483.56
ORD-007622,C00207,Lucas Taylor | UAE | Basic,Clothing,378.95,3,2025-11-27,Retail Store,1136.85
ORD-007623,C02265,Amelia Green | Singapore | Plus,Electroncs,230.07,2,2026-01-21,Mobile App,460.14
ORD-007624,C02976,Chloe Green | Singapore | Basic,Office Supplies,595.1,6,2025-07-04,Retail Store,3570.6
ORD-007625,C01624,Daniel Lee | UAE | Basic,Electronics,300.4,6,2026-02-12,Mobile App,1802.4
ORD-007626,C01500,Noah Thomas | Germany | Premium,Electronics ,569.65,1,2026-04-28,Mobile App,569.65
ORD-007627,C01653,Nora Smith | United States | Basic,Home & Kitchen,353.62,6,2025-03-04,Marketplace,2121.72
ORD-007628,C01791,Maya Carter | Singapore | Basic,Electronic Goods,375.65,6,2025-09-01,Mobile App,2253.9
ORD-007629,C01004,Sophia Walker | Singapore | Basic,Beauty Products,322.5,4,2025-09-03,Retail Store,1290.0
ORD-007630,C02851,Omar Garcia | UAE | Premium,Clothes,619.19,6,2025-02-18,Website,3715.14
ORD-007631,C02306,Nora Mitchell | UAE | Premium,Office Supplies,65.18,1,2025-06-24,Website,65.18
ORD-007632,C02999,Sara Mitchell | Canada | Premium,BEAUTY,121.77,2,2026-02-08,Mobile App,243.54
ORD-007633,C00276,Emma Wilson | Germany | Basic,Office Supplies,410.02,6,2025-08-17,Mobile App,2460.12
ORD-007634,C02705,Amelia Taylor | United States | Plus,Office Supplies,590.35,3,2025-01-17,Marketplace,1771.05
ORD-007635,C02208,Layla Hall | Germany | Plus,Toys,287.98,3,2025-07-09,Mobile App,863.94
ORD-007636,C00571,Ella Adams | Australia | Plus,Toys & Games,96.86,4,2025-06-05,Retail Store,387.44
ORD-007637,C01542,Olivia Lewis | France | Basic,Sports,185.62,4,2026-01-30,Retail Store,742.48
ORD-007638,C00835,Olivia Garcia | Canada | Basic,Sports,408.5,6,2025-06-28,Mobile App,2451.0
ORD-007639,C02162,Nora Martin | United States | Basic,Electronics,420.29,2,2025-02-26,Retail Store,840.58
ORD-007640,C00088,Sophia Green | Germany | Plus,Sports,301.93,1,2025-09-09,Mobile App,301.93
ORD-007641,C01596,Zoe King | Australia | Basic,Home & Kitchen,147.28,5,2026-07-15,Website,736.4
ORD-007642,C02245,Lina Garcia | United Kingdom | Plus,Books,187.2,6,2026-03-29,Marketplace,1123.2
ORD-007643,C00333,Lucas Hassan | United States | Basic,Clothing,445.18,5,2026-03-26,Mobile App,2225.9
ORD-007644,C01426,Lina Wright | Germany | Premium,Electronics ,301.13,4,2025-03-19,Mobile App,1204.52
ORD-007645,C00581,Liam Wright | Singapore | Basic,BEAUTY,296.92,2,2025-01-17,Website,593.84
ORD-007646,C00976,Adam Anderson | Canada | Basic,Home & Kitchen,208.16,4,2025-08-21,Website,832.64
ORD-007647,C02878,Ryan Hall | Germany | Basic,Home & Kitchen,149.86,2,2025-12-10,Mobile App,299.72
ORD-007648,C00775,Ryan Carter | UAE | Basic,BEAUTY,239.32,4,2025-01-14,Website,957.28
ORD-007649,C00715,Zoe Carter | UAE | Basic,Home & Kitchen,512.69,6,2025-08-16,Retail Store,3076.14
ORD-007650,C01228,Yusuf Lewis | Singapore | Premium,Clothing,166.12,1,2025-02-23,Website,166.12
ORD-007651,C01588,Nora Martin | United States | Plus,Office  Supplies,388.23,5,2025-07-27,Marketplace,1941.15
ORD-007652,C01673,Olivia Thomas | Singapore | Premium,Electronics,254.18,1,2026-02-10,Website,254.18
ORD-007653,C00593,Lina Patel | Germany | Basic,Home and Kitchen,548.21,4,2026-04-29,Mobile App,2192.84
ORD-007654,C01691,Ava Anderson | United States | Basic,Office Supplies,553.02,3,2026-03-21,Retail Store,1659.06
ORD-007655,C02033,Adam Brown | United States | Plus,Beauty,599.49,3,2025-07-23,Retail Store,1798.47
ORD-007656,C01596,Zoe King | Australia | Basic,Office Supples,141.24,4,2025-11-03,Mobile App,564.96
ORD-007657,C00419,Isla Moore | UAE | Premium,Electroncs,401.67,5,2025-07-29,Website,2008.35
ORD-007658,C01628,Ava Smith | UAE | Premium,BEAUTY,470.51,2,2026-01-16,Mobile App,941.02
ORD-007659,C02928,Ryan Hassan | United Kingdom | Basic,Books,599.72,6,2025-12-04,Retail Store,3598.32
ORD-007660,C01664,Mia Khan | United States | Basic,Electronics ,593.88,2,2025-06-25,Retail Store,1187.76
ORD-007661,C01846,Sophia Hall | Canada | Plus,Clothng,573.66,3,2026-07-07,Website,1720.98
ORD-007662,C01533,Isla Anderson | United States | Plus,Sport,520.8,1,2026-02-11,Website,520.8
ORD-007663,C00037,Omar Baker | Singapore | Premium,ELECTRONICS,286.88,6,2025-01-21,Marketplace,1721.28
ORD-007664,C00447,Leo Ahmed | France | Basic,Electronics ,585.01,1,2025-12-16,Website,585.01
ORD-007665,C00191,Ryan Hall | Germany | Basic,Office Supplies,567.73,3,2025-05-27,Retail Store,1703.19
ORD-007666,C00417,Ava Ahmed | Canada | Plus,Toys ,521.72,3,2025-01-10,Marketplace,1565.16
ORD-007667,C02350,Omar Nelson | Canada | Basic,Sprots,545.86,6,2025-12-08,Marketplace,3275.16
ORD-007668,C00321,Chloe Adams | Australia | Basic,CLOTHING,108.69,6,2026-05-23,Marketplace,652.14
ORD-007669,C00759,Ella Wilson | UAE | Basic,Books & Media,103.34,3,2025-11-30,Website,310.02
ORD-007670,C02558,Emma Carter | France | Basic,Clothes,492.04,4,2026-03-15,Marketplace,1968.16
ORD-007671,C00368,Layla Hassan | Germany | Basic,Books,250.79,3,2025-04-23,Retail Store,752.37
ORD-007672,C00122,Lina King | Canada | Basic,Sports,432.6,5,2026-06-08,Marketplace,2163.0
ORD-007673,C02749,Lina Khan | Canada | Basic,Office Supplies,202.15,5,2026-05-21,Mobile App,1010.75
ORD-007674,C01764,Henry Garcia | United Kingdom | Premium,Sport,93.31,3,2026-07-19,Mobile App,279.93
ORD-007675,C02057,Emma Khan | France | Plus,Electroncs,110.72,5,2025-08-08,Website,553.6
ORD-007676,C01279,Sam King | Australia | Plus,Sprots,31.97,6,2025-06-05,Marketplace,191.82
ORD-007677,C00611,Lina Patel | United States | Basic,Electronics,505.7,2,2026-06-14,Website,1011.4
ORD-007678,C01188,Noah Adams | UAE | Basic,Beautyy,454.04,5,2025-02-16,Retail Store,2270.2
ORD-007679,C02226,Liam Thomas | United States | Basic,BEAUTY,175.49,2,2026-05-23,Website,350.98
ORD-007680,C02403,Nora Adams | United Kingdom | Plus,OFFICE SUPPLIES,488.44,5,2025-02-07,Retail Store,2442.2
ORD-007681,C00290,Omar Carter | Canada | Plus,Toys,425.47,1,2025-05-05,Retail Store,425.47
ORD-007682,C02162,Nora Martin | United States | Basic,Home & Kitchen,259.57,2,2026-02-17,Retail Store,519.14
ORD-007683,C01100,Leo Hassan | Singapore | Basic,Beauty,571.05,2,2025-08-22,Marketplace,1142.1
ORD-007684,C01248,Zoe Patel | UAE | Basic,Books,303.37,1,2025-11-21,Marketplace,303.37
ORD-007685,C02433,Lina Wright | Canada | Basic,Clothng,532.18,4,2025-03-27,Retail Store,2128.72
ORD-007686,C00043,Lucas Carter | United States | Basic,Book,421.03,3,2025-11-13,Website,1263.09
ORD-007687,C01489,Chloe Johnson | UAE | Basic,Sports,173.06,1,2025-03-15,Mobile App,173.06
ORD-007688,C00304,Liam Patel | UAE | Premium,Sports,345.88,6,2026-01-22,Retail Store,2075.28
ORD-007689,C00163,Emma Davis | Germany | Plus,BOOKS,595.12,1,2026-02-07,Website,595.12
ORD-007690,C00046,Amelia Green | United Kingdom | Plus,Electronics ,284.96,2,2026-04-23,Retail Store,569.92
ORD-007691,C02100,Ella Garcia | Singapore | Plus,Clothing,647.32,3,2025-02-28,Retail Store,1941.96
ORD-007692,C01180,Henry Wilson | France | Basic,Electronics ,223.71,1,2025-10-22,Marketplace,223.71
ORD-007693,C01422,Omar Garcia | Germany | Plus,Home Kitchen,330.44,2,2025-06-25,Retail Store,660.88
ORD-007694,C00574,Jack Hassan | United Kingdom | Plus,Books & Media,406.53,5,2025-03-19,Website,2032.65
ORD-007695,C01732,Ryan Carter | United States | Plus,TOYS,528.57,3,2026-05-03,Mobile App,1585.71
ORD-007696,C02748,Zoe Miller | France | Basic,Books,518.46,2,2025-11-20,Marketplace,1036.92
ORD-007697,C02029,Liam Khan | Singapore | Plus,Book,407.03,3,2025-08-13,Mobile App,1221.09
ORD-007698,C02046,Ava Mitchell | Singapore | Plus,Clothing,151.16,2,2026-01-11,Mobile App,302.32
ORD-007699,C00849,Leo Carter | Germany | Basic,Home & Kitchen,262.77,1,2025-09-16,Retail Store,262.77
ORD-007700,C01799,Noah Hall | France | Basic,Clothing,436.61,5,2025-05-20,Mobile App,2183.05
ORD-007701,C01270,Isla Nelson | United Kingdom | Plus,Office Supplies,311.03,1,2025-12-04,Retail Store,311.03
ORD-007702,C02714,Zoe Wright | UAE | Plus,Office Supplies,54.27,6,2025-04-06,Marketplace,325.62
ORD-007703,C01141,Liam Davis | United States | Premium,Toys,428.57,4,2025-06-04,Website,1714.28
ORD-007704,C00890,Yusuf Martin | Singapore | Plus,TOYS,102.3,4,2025-10-19,Marketplace,409.2
ORD-007705,C01092,Zoe Brown | United Kingdom | Basic,Office Supply,513.81,2,2025-05-19,Marketplace,1027.62
ORD-007706,C01453,Noah Patel | Germany | Basic,Clothes,392.68,4,2026-07-02,Retail Store,1570.72
ORD-007707,C01281,Omar Garcia | France | Basic,Home & Kitchen,347.06,3,2025-09-13,Mobile App,1041.18
ORD-007708,C02940,Zoe Brown | Australia | Basic,Sports,403.92,2,2026-03-18,Website,807.84
ORD-007709,C00275,Sophia Hall | UAE | Premium,Boks,80.29,4,2026-04-15,Retail Store,321.16
ORD-007710,C02697,Noah Martin | United States | Plus,Home & Kitchen,183.06,6,2026-01-08,Retail Store,1098.36
ORD-007711,C00322,Liam Patel | Australia | Basic,Books,581.29,5,2026-04-11,Retail Store,2906.45
ORD-007712,C01266,Layla King | Germany | Plus,HOME & KITCHEN,73.75,3,2025-05-26,Retail Store,221.25
ORD-007713,C01033,Lucas Wright | United Kingdom | Basic,Electronics,626.62,2,2025-05-19,Mobile App,1253.24
ORD-007714,C00714,James Nelson | Canada | Basic,beauty ,384.64,4,2026-05-13,Mobile App,1538.56
ORD-007715,C02850,Adam Patel | Canada | Basic,Electronics,123.51,4,2026-06-07,Retail Store,494.04
ORD-007716,C01143,Daniel Wright | United States | Basic,CLOTHING,149.62,6,2026-03-22,Website,897.72
ORD-007717,C01647,Alex Patel | France | Basic,Home & Kitchen,375.47,3,2025-08-16,Marketplace,1126.41
ORD-007718,C01414,Emma Taylor | United Kingdom | Plus,Beauty,618.15,6,2025-04-13,Website,3708.9
ORD-007719,C01452,Lina Wright | Australia | Premium,Clothing & Apparel,40.15,4,2026-03-02,Retail Store,160.6
ORD-007720,C00970,Maya Green | United States | Basic,electronic,275.65,5,2025-05-13,Website,1378.25
ORD-007721,C01415,Liam Adams | Germany | Plus,Toy,598.48,2,2025-09-23,Website,1196.96
ORD-007722,C02371,Nora Mitchell | Canada | Plus,Office Supplies,566.53,5,2026-03-30,Website,2832.65
ORD-007723,C02705,Amelia Taylor | United States | Plus,Beauty Products,360.69,5,2026-02-25,Mobile App,1803.45
ORD-007724,C00503,Ethan Anderson | France | Premium,Electronic Goods,491.75,4,2026-04-12,Mobile App,1967.0
ORD-007725,C01532,Nora Young | Germany | Basic,Books,502.16,4,2025-09-16,Website,2008.64
ORD-007726,C01702,Nora Martin | Canada | Basic,beauty ,146.23,3,2026-06-16,Website,438.69
ORD-007727,C00553,Zoe Mitchell | United Kingdom | Premium,Office Supplies,493.41,1,2026-04-20,Marketplace,493.41
ORD-007728,C02781,Omar Wilson | Australia | Basic,Beautyy,395.88,5,2025-09-29,Mobile App,1979.4
ORD-007729,C01959,Jack Baker | Singapore | Plus,Office Supplies,303.84,2,2026-05-29,Website,607.68
ORD-007730,C01118,Henry Taylor | Germany | Basic,Electroncs,542.47,3,2025-12-06,Website,1627.41
ORD-007731,C02953,Chloe Wilson | Canada | Premium,Clothing,575.97,4,2026-03-28,Website,2303.88
ORD-007732,C01532,Nora Young | Germany | Basic,Books,560.94,5,2026-04-23,Marketplace,2804.7
ORD-007733,C00783,Nora Garcia | United Kingdom | Basic,Books,413.38,6,2025-08-10,Mobile App,2480.28
ORD-007734,C02202,Daniel Brown | United Kingdom | Basic,Books,336.15,5,2025-08-29,Mobile App,1680.75
ORD-007735,C00568,Sophia Ahmed | United States | Basic,Home and Kitchen,63.48,4,2025-02-06,Mobile App,253.92
ORD-007736,C00586,Mia Davis | United States | Plus,Home & Kitchen,145.36,1,2025-09-21,Retail Store,145.36
ORD-007737,C01874,Layla Young | Singapore | Premium,Clothng,403.31,6,2025-09-11,Mobile App,2419.86
ORD-007738,C01573,Liam Green | United Kingdom | Basic,Office Supples,236.96,2,2026-07-19,Marketplace,473.92
ORD-007739,C01398,Ethan King | United States | Plus,Books,357.05,6,2026-05-15,Website,2142.3
ORD-007740,C00859,Ava Green | United States | Plus,Beauty Products,450.93,6,2025-04-12,Retail Store,2705.58
ORD-007741,C02925,Amelia Johnson | UAE | Basic,Office Supples,438.95,4,2026-04-08,Marketplace,1755.8
ORD-007742,C02730,Olivia Ahmed | Canada | Premium,SPORTS,250.25,3,2025-09-10,Mobile App,750.75
ORD-007743,C02090,James Martin | Germany | Plus,Beauty,646.14,1,2026-04-29,Retail Store,646.14
ORD-007744,C01868,Omar Wilson | Canada | Basic,Office Supplies,530.47,5,2025-07-04,Marketplace,2652.35
ORD-007745,C00248,Jack Green | France | Premium,OFFICE SUPPLIES,416.35,1,2025-08-06,Retail Store,416.35
ORD-007746,C02209,Layla Garcia | Canada | Basic,Home and Kitchen,434.21,6,2026-03-09,Mobile App,2605.26
ORD-007747,C01586,Omar Anderson | Singapore | Plus,Sports,63.9,1,2025-12-19,Marketplace,63.9
ORD-007748,C01539,Daniel Wilson | Australia | Plus,Home & Kitchen,477.38,3,2025-04-04,Mobile App,1432.14
ORD-007749,C02621,Layla Lewis | France | Basic,Beauty,415.54,6,2026-04-03,Mobile App,2493.24
ORD-007750,C00426,Liam Khan | Singapore | Basic,Books & Media,428.22,6,2025-09-20,Mobile App,2569.32
ORD-007751,C02641,Alex Hall | Germany | Basic,Toys ,212.45,6,2025-04-17,Website,1274.7
ORD-007752,C02178,Isla Clark | Australia | Plus,Clothes,43.19,5,2025-07-01,Website,215.95
ORD-007753,C00742,Sara Ahmed | Australia | Plus,Sports,508.85,6,2025-06-20,Website,3053.1
ORD-007754,C02733,Maya Miller | Canada | Premium,electronic,52.37,4,2025-11-14,Mobile App,209.48
ORD-007755,C00253,Olivia Patel | France | Plus,Home & Kitchen,485.07,3,2025-11-29,Retail Store,1455.21
ORD-007756,C00920,Nora Brown | Singapore | Plus,Electronic Goods,42.17,5,2025-11-24,Retail Store,210.85
ORD-007757,C00598,Sara Anderson | Singapore | Plus,OFFICE SUPPLIES,38.18,5,2026-03-03,Marketplace,190.9
ORD-007758,C02264,Liam Martin | UAE | Plus,BOOKS,132.32,4,2025-09-14,Marketplace,529.28
ORD-007759,C01181,Ella Garcia | Germany | Basic,Electronic Goods,285.14,2,2026-02-14,Marketplace,570.28
ORD-007760,C01729,Ella Davis | France | Plus,Home Kitchen,409.56,3,2026-06-18,Marketplace,1228.68
ORD-007761,C02803,Maya Nelson | United States | Plus,Beauty,311.05,6,2026-03-24,Mobile App,1866.3
ORD-007762,C00611,Lina Patel | United States | Basic,Beauty,189.43,6,2026-02-27,Retail Store,1136.58
ORD-007763,C00439,Sophia Adams | Australia | Basic,Books,430.06,1,2025-07-14,Mobile App,430.06
ORD-007764,C01854,Sara Thomas | United Kingdom | Basic,Books,292.77,6,2026-01-29,Retail Store,1756.62
ORD-007765,C02678,Zoe Wright | Singapore | Basic,Book,71.45,1,2026-06-16,Marketplace,71.45
ORD-007766,C01902,Sara Young | United Kingdom | Plus,Toys ,391.87,5,2026-01-10,Mobile App,1959.35
ORD-007767,C01411,Amelia Mitchell | Australia | Basic,Toys,101.15,1,2025-02-24,Marketplace,101.15
ORD-007768,C02749,Lina Khan | Canada | Basic,Office Supplies,106.8,6,2025-01-30,Marketplace,640.8
ORD-007769,C01563,Amelia Smith | UAE | Premium,Beauty,496.78,3,2025-05-08,Website,1490.34
ORD-007770,C00769,James Mitchell | Singapore | Premium,Home & Ktchen,413.41,3,2025-09-03,Retail Store,1240.23
ORD-007771,C00423,Jack Green | Germany | Plus,ELECTRONICS,576.48,6,2026-06-20,Mobile App,3458.88
ORD-007772,C01556,Maya Walker | United Kingdom | Plus,electronic,30.5,6,2025-01-27,Retail Store,183.0
ORD-007773,C01292,Sam Lee | Canada | Plus,Electronics,299.22,5,2025-05-29,Mobile App,1496.1
ORD-007774,C00304,Liam Patel | UAE | Premium,Office Supplies,270.58,4,2026-03-31,Marketplace,1082.32
ORD-007775,C02052,Yusuf Carter | United Kingdom | Premium,Home & Kitchen,14.77,2,2025-03-10,Retail Store,29.54
ORD-007776,C00831,Ella Davis | Australia | Basic,Toys,88.07,3,2026-03-11,Mobile App,264.21
ORD-007777,C00868,Liam Green | Canada | Basic,Toys,68.32,5,2025-09-01,Marketplace,341.6
ORD-007778,C01396,Isla Ahmed | United Kingdom | Basic,Toys,306.5,2,2026-07-18,Retail Store,613.0
ORD-007779,C02262,Emma Garcia | UAE | Basic,Home and Kitchen,514.68,5,2025-09-19,Website,2573.4
ORD-007780,C02965,Lucas Young | United Kingdom | Basic,BOOKS,126.3,4,2025-08-31,Website,505.2
ORD-007781,C00647,Jack Brown | United States | Plus,TOYS,44.73,4,2025-10-24,Retail Store,178.92
ORD-007782,C00286,Noah Johnson | United States | Plus,Toys,63.84,4,2026-02-21,Marketplace,255.36
ORD-007783,C00298,Lina Lee | Singapore | Basic,Home & Kitchen,40.88,4,2025-03-31,Mobile App,163.52
ORD-007784,C02401,Olivia Wilson | United Kingdom | Premium,Sports,502.04,2,2025-05-31,Website,1004.08
ORD-007785,C02710,Lina Johnson | Singapore | Basic,Beautyy,525.43,5,2025-01-05,Website,2627.15
ORD-007786,C00871,Adam Baker | Singapore | Basic,Books,538.72,6,2026-03-21,Retail Store,3232.32
ORD-007787,C01002,Alex Green | Canada | Plus,Toys,50.88,3,2026-03-18,Marketplace,152.64
ORD-007788,C00860,Amelia Carter | Canada | Basic,OFFICE SUPPLIES,645.31,4,2025-09-06,Mobile App,2581.24
ORD-007789,C01971,Zoe Thomas | Singapore | Plus,Book,62.64,5,2025-08-26,Mobile App,313.2
ORD-007790,C02528,Sophia Martin | UAE | Plus,Office Supply,227.74,1,2025-08-13,Website,227.74
ORD-007791,C02255,Daniel Lewis | United Kingdom | Basic,Sports,496.84,4,2025-02-07,Website,1987.36
ORD-007792,C01201,Isla Brown | United Kingdom | Plus,Toys ,597.57,4,2025-12-25,Website,2390.28
ORD-007793,C00340,Alex Green | United States | Premium,BEAUTY,162.24,1,2025-06-23,Marketplace,162.24
ORD-007794,C02958,Zoe Ahmed | Canada | Premium,Home & Kitchen,203.92,1,2025-07-19,Retail Store,203.92
ORD-007795,C01097,Noah King | France | Basic,Clothing,261.33,6,2025-09-11,Marketplace,1567.98
ORD-007796,C00073,Yusuf Moore | United Kingdom | Basic,Home & Kitchen,326.69,2,2026-06-04,Marketplace,653.38
ORD-007797,C02904,Mia Anderson | France | Basic,Beauty,388.41,3,2026-04-08,Mobile App,1165.23
ORD-007798,C00700,Yusuf Smith | United States | Basic,Office Supply,60.89,1,2025-06-04,Marketplace,60.89
ORD-007799,C02676,Sara Thomas | Germany | Basic,Toys,209.67,5,2026-01-28,Mobile App,1048.35
ORD-007800,C01008,Amelia Miller | United States | Basic,Office Supplies,53.36,6,2025-07-25,Marketplace,320.16
ORD-007801,C00485,Yusuf Clark | United States | Basic,Office Supplies,300.33,5,2025-04-24,Retail Store,1501.65
ORD-007802,C01284,Leo Hall | United States | Premium,Electronics,308.03,1,2025-07-28,Retail Store,308.03
ORD-007803,C01620,Sophia King | UAE | Basic,Home & Kitchen,192.45,2,2026-07-19,Website,384.9
ORD-007804,C01754,Mia Johnson | Australia | Plus,Books,463.4,6,2025-09-23,Marketplace,2780.4
ORD-007805,C01407,Olivia Nelson | Canada | Basic,Books,528.83,6,2026-04-21,Mobile App,3172.98
ORD-007806,C01141,Liam Davis | United States | Premium,Book,229.68,4,2025-07-27,Retail Store,918.72
ORD-007807,C02581,Leo Walker | Canada | Plus,Beautyy,188.91,1,2026-06-15,Mobile App,188.91
ORD-007808,C02507,Sam Moore | United States | Basic,Beauty,399.66,4,2025-07-04,Marketplace,1598.64
ORD-007809,C02775,Amelia Johnson | United States | Plus,Toys,214.19,6,2026-01-24,Retail Store,1285.14
ORD-007810,C00105,Lucas King | Australia | Plus,Home & Ktchen,265.8,1,2025-12-11,Retail Store,265.8
ORD-007811,C01450,Leo Ahmed | Australia | Basic,Home & Kitchen,160.32,1,2026-01-08,Marketplace,160.32
ORD-007812,C02264,Liam Martin | UAE | Plus,Home Kitchen,442.8,5,2025-02-22,Retail Store,2214.0
ORD-007813,C01638,Emma Carter | France | Basic,Electronics,648.96,6,2026-05-11,Retail Store,3893.76
ORD-007814,C02697,Noah Martin | United States | Plus,Beautyy,626.64,2,2025-01-19,Website,1253.28
ORD-007815,C02202,Daniel Brown | United Kingdom | Basic,Books & Media,354.41,2,2025-01-25,Retail Store,708.82
ORD-007816,C01007,Daniel Johnson | Canada | Basic,Sports,507.71,2,2025-09-07,Retail Store,1015.42
ORD-007817,C02397,Ethan Nelson | Australia | Plus,Home & Kitchen,405.97,6,2026-05-27,Retail Store,2435.82
ORD-007818,C00692,Sara Hall | Singapore | Premium,Home & Kitchen,134.67,4,2025-01-07,Website,538.68
ORD-007819,C01770,Noah Wright | Canada | Plus,Clothing,34.48,5,2025-10-04,Retail Store,172.4
ORD-007820,C00755,James Young | Singapore | Plus,Home & Kitchen,310.6,3,2025-02-02,Website,931.8
ORD-007821,C02511,Lina Adams | UAE | Basic,Sports,570.58,4,2026-05-12,Website,2282.32
ORD-007822,C00763,Jack Anderson | France | Plus,Electronics,233.24,6,2025-12-02,Marketplace,1399.44
ORD-007823,C00059,Emma Moore | United States | Basic,Home Kitchen,613.19,4,2025-01-13,Website,2452.76
ORD-007824,C02673,Alex Davis | United States | Basic,Clothng,396.68,5,2025-09-27,Mobile App,1983.4
ORD-007825,C00922,Lina Lewis | United Kingdom | Basic,Beauty,177.63,6,2025-07-26,Mobile App,1065.78
ORD-007826,C01056,Henry Clark | Australia | Plus,Beautyy,119.38,2,2025-03-27,Mobile App,238.76
ORD-007827,C02774,Liam Adams | Canada | Basic,Books,98.13,1,2026-06-12,Mobile App,98.13
ORD-007828,C01009,Liam Khan | Canada | Basic,Electronics,54.4,6,2025-05-19,Mobile App,326.4
ORD-007829,C02013,James Ahmed | Canada | Premium,Toys & Games,579.86,1,2026-05-11,Marketplace,579.86
ORD-007830,C01222,Amelia Clark | United States | Plus,OFFICE SUPPLIES,15.18,2,2026-06-10,Website,30.36
ORD-007831,C00496,Alex Khan | Singapore | Basic,ELECTRONICS,591.79,4,2026-07-24,Website,2367.16
ORD-007832,C02983,Sara Thomas | Australia | Plus,Office Supplies,316.21,4,2025-11-09,Marketplace,1264.84
ORD-007833,C00845,Liam Patel | Germany | Basic,Sports,130.34,6,2025-09-06,Marketplace,782.04
ORD-007834,C02778,Isla Martin | United States | Basic,Office Supplies,300.21,2,2025-03-13,Website,600.42
ORD-007835,C02079,Zoe Martin | Singapore | Plus,Electronics,639.3,6,2025-03-27,Mobile App,3835.8
ORD-007836,C01605,Leo Brown | Canada | Plus,Sports,22.95,3,2025-01-23,Marketplace,68.85
ORD-007837,C00247,Sam Khan | Germany | Basic,Sports,604.6,6,2025-04-10,Website,3627.6
ORD-007838,C01619,Adam Taylor | United States | Plus,Sports & Fitness,431.73,6,2026-05-06,Marketplace,2590.38
ORD-007839,C01450,Leo Ahmed | Australia | Basic,Office Supply,272.53,2,2025-06-22,Marketplace,545.06
ORD-007840,C00988,Ethan Clark | United Kingdom | Premium,Electronics,425.25,6,2026-03-20,Website,2551.5
ORD-007841,C00692,Sara Hall | Singapore | Premium,OFFICE SUPPLIES,601.66,2,2026-02-16,Mobile App,1203.32
ORD-007842,C01845,Mia Nelson | Australia | Basic,Beautyy,24.24,4,2025-07-08,Marketplace,96.96
ORD-007843,C00058,Alex Thomas | France | Basic,electronic,219.71,4,2025-03-13,Website,878.84
ORD-007844,C00764,Layla Johnson | United Kingdom | Basic,Sport,177.44,6,2025-01-12,Retail Store,1064.64
ORD-007845,C01442,Ava Garcia | France | Basic,Toys,372.6,5,2026-01-02,Retail Store,1863.0
ORD-007846,C01125,Liam Walker | Singapore | Plus,Clothes,614.12,6,2025-04-04,Retail Store,3684.72
ORD-007847,C00263,Alex Baker | United States | Plus,SPORTS,150.27,1,2025-05-29,Marketplace,150.27
ORD-007848,C01222,Amelia Clark | United States | Plus,Beauty Products,143.72,1,2025-10-27,Mobile App,143.72
ORD-007849,C00892,Lina Adams | Canada | Premium,Beauty,571.83,2,2025-08-24,Website,1143.66
ORD-007850,C00252,Jack Moore | Germany | Basic,Electronics,406.68,2,2026-01-20,Website,813.36
ORD-007851,C00778,Daniel Davis | United Kingdom | Basic,Electronic Goods,135.2,5,2025-01-02,Marketplace,676.0
ORD-007852,C02064,Henry Young | United Kingdom | Plus,Office Supply,116.59,1,2026-04-09,Marketplace,116.59
ORD-007853,C00628,Amelia Green | Germany | Basic,Electronics,118.16,6,2026-01-01,Retail Store,708.96
ORD-007854,C02434,Jack Lewis | UAE | Basic,Sports,12.03,4,2025-06-15,Mobile App,48.12
ORD-007855,C02613,Ethan Thomas | France | Plus,Home & Kitchen,315.81,5,2025-11-05,Mobile App,1579.05
ORD-007856,C02022,Noah Garcia | France | Basic,Sports,633.97,2,2026-03-06,Mobile App,1267.94
ORD-007857,C01999,Nora Wilson | United States | Basic,Toys,480.2,1,2026-05-17,Retail Store,480.2
ORD-007858,C00940,Ava Taylor | UAE | Premium,Beauty,429.54,4,2026-03-27,Retail Store,1718.16
ORD-007859,C01990,Noah Wilson | Australia | Plus,Books,156.25,1,2025-04-07,Marketplace,156.25
ORD-007860,C00600,Sara Thomas | UAE | Plus,Electronics,240.36,4,2026-02-07,Marketplace,961.44
ORD-007861,C00257,Lucas Taylor | United States | Basic,Books,26.15,3,2025-08-29,Retail Store,78.45
ORD-007862,C02863,Amelia Baker | Canada | Premium,Books,243.9,5,2025-07-26,Retail Store,1219.5
ORD-007863,C00424,Ella Lee | Singapore | Basic,BOOKS,351.68,2,2025-10-16,Website,703.36
ORD-007864,C02199,Liam Johnson | Germany | Basic,Clothing,329.85,2,2025-07-07,Marketplace,659.7
ORD-007865,C00609,Lina Miller | Canada | Plus,Home & Kitchen,38.89,1,2025-10-21,Website,38.89
ORD-007866,C01656,Nora Davis | United States | Basic,Boks,238.58,6,2025-04-06,Marketplace,1431.48
ORD-007867,C01442,Ava Garcia | France | Basic,Toys,539.12,4,2025-07-12,Mobile App,2156.48
ORD-007868,C00496,Alex Khan | Singapore | Basic,Office Supplies,243.37,5,2025-02-11,Marketplace,1216.85
ORD-007869,C00675,Omar Young | United Kingdom | Basic,Sport,404.37,3,2025-01-09,Mobile App,1213.11
ORD-007870,C00284,Nora Garcia | Canada | Basic,Toys,36.54,6,2026-03-12,Website,219.24
ORD-007871,C00932,Daniel King | United Kingdom | Basic,Clothes,447.45,2,2026-01-29,Mobile App,894.9
ORD-000038,C00586,Mia Davis | United States | Plus,Book,502.62,4,2026-03-16,Marketplace,2010.48
ORD-007873,C01491,Adam Anderson | United Kingdom | Premium,Toys,323.0,6,2026-04-07,Mobile App,1938.0
ORD-007874,C00939,Olivia Miller | Australia | Basic,Clothes,634.53,1,2025-05-16,Retail Store,634.53
ORD-007875,C01150,Jack Lee | Singapore | Basic,Books,445.76,5,2026-04-24,Website,2228.8
ORD-007876,C01448,Lucas Taylor | UAE | Basic,Boks,250.28,3,2026-04-06,Mobile App,750.84
ORD-007877,C01292,Sam Lee | Canada | Plus,Sports,461.34,4,2025-10-21,Marketplace,1845.36
ORD-007878,C02042,Alex Johnson | Germany | Plus,Electronics,321.87,6,2025-01-05,Website,1931.22
ORD-007879,C02801,Lucas Patel | Canada | Basic,Beauty,415.98,2,2026-04-12,Website,831.96
ORD-007880,C00096,Adam Nelson | France | Basic,Office Supples,24.12,1,2025-10-31,Website,24.12
ORD-007881,C00594,Amelia Hall | Germany | Plus,Sports,440.05,3,2026-06-05,Retail Store,1320.15
ORD-007882,C02307,Lucas Patel | Canada | Plus,Electronics,351.56,5,2025-04-12,Marketplace,1757.8
ORD-007883,C02151,Omar Ahmed | Germany | Premium,Books,207.21,5,2025-12-03,Marketplace,1036.05
ORD-007884,C00302,Lina Lewis | UAE | Plus,Home & Kitchen,119.62,6,2025-05-28,Retail Store,717.72
ORD-007885,C00243,Ella Garcia | Singapore | Plus,Toys & Games,167.91,1,2026-07-24,Mobile App,167.91
ORD-007886,C02994,Liam Wilson | France | Basic,Home & Kitchen,484.13,2,2025-11-17,Mobile App,968.26
ORD-007887,C02817,Jack King | Canada | Basic,Home & Kitchen,292.37,4,2025-05-27,Mobile App,1169.48
ORD-007888,C02702,Daniel Carter | Singapore | Basic,Toys,469.73,4,2026-02-26,Marketplace,1878.92
ORD-007889,C02396,Leo Garcia | United Kingdom | Premium,Book,262.75,5,2026-04-06,Retail Store,1313.75
ORD-007890,C02628,Noah Smith | Canada | Plus,Clothing,293.19,6,2025-04-23,Website,1759.14
ORD-007891,C02137,Liam Miller | UAE | Basic,Office Supply,467.42,3,2025-04-27,Retail Store,1402.26
ORD-007892,C00075,Chloe Garcia | United Kingdom | Basic,Toys,411.98,4,2026-04-12,Marketplace,1647.92
ORD-007893,C01822,James Anderson | France | Basic,Beauty Products,470.97,4,2025-06-18,Retail Store,1883.88
ORD-007894,C02126,Chloe Green | France | Plus,Home & Kitchen,223.86,1,2025-08-16,Retail Store,223.86
ORD-007895,C01264,Maya Miller | Canada | Premium,Electronics,93.2,4,2025-06-30,Mobile App,372.8
ORD-007896,C02920,James Brown | Germany | Plus,Electronics,646.77,6,2025-11-26,Retail Store,3880.62
ORD-007897,C00744,Ryan Hall | UAE | Plus,Books,599.54,2,2025-05-27,Marketplace,1199.08
ORD-007898,C01408,Nora Brown | Canada | Premium,Home Kitchen,442.75,2,2025-03-16,Marketplace,885.5
ORD-007899,C02705,Amelia Taylor | United States | Plus,Home & Kitchen,528.93,1,2026-06-18,Mobile App,528.93
ORD-007900,C01404,Daniel Ahmed | Germany | Plus,Boks,480.33,3,2025-05-01,Marketplace,1440.99
ORD-007901,C00898,Jack Miller | Canada | Plus,Books,229.36,2,2025-02-27,Retail Store,458.72
ORD-007902,C02755,Mia Garcia | Singapore | Basic,beauty ,51.96,3,2025-07-17,Marketplace,155.88
ORD-007903,C02840,Lina Mitchell | Australia | Basic,Home & Kitchen,490.61,3,2025-05-21,Mobile App,1471.83
ORD-007904,C01158,Sara Anderson | Canada | Premium,Books,234.03,2,2025-05-19,Retail Store,468.06
ORD-007905,C00249,Adam Thomas | Canada | Plus,Toys,423.21,4,2025-03-18,Marketplace,1692.84
ORD-007906,C02460,Olivia Miller | Canada | Basic,Office Supplies,156.35,2,2025-04-20,Retail Store,312.7
ORD-007907,C02635,Daniel Ahmed | Germany | Premium,Electronics,208.27,2,2025-07-06,Mobile App,416.54
ORD-007908,C01158,Sara Anderson | Canada | Premium,HOME & KITCHEN,301.18,6,2025-06-05,Website,1807.08
ORD-007909,C02768,Ryan Adams | France | Plus,Home & Kitchen,242.1,1,2025-10-22,Marketplace,242.1
ORD-007910,C02547,Maya Carter | Australia | Basic,Toys,68.27,1,2026-04-29,Website,68.27
ORD-007911,C01972,Ella Lewis | Singapore | Premium,BEAUTY,439.39,5,2025-10-23,Website,2196.95
ORD-007912,C00641,Liam Walker | United Kingdom | Basic,Office Supples,585.39,6,2025-10-05,Mobile App,3512.34
ORD-007913,C00373,Amelia Walker | Singapore | Plus,Clothing,494.13,1,2026-05-17,Website,494.13
ORD-007914,C01935,Alex Hassan | UAE | Premium,Toys & Games,581.68,3,2026-02-16,Website,1745.04
ORD-007915,C01508,Layla Martin | United States | Premium,Toys,356.31,5,2026-02-13,Marketplace,1781.55
ORD-007916,C02741,Ella Lee | France | Basic,Toy,423.34,3,2025-10-19,Marketplace,1270.02
ORD-007917,C01539,Daniel Wilson | Australia | Plus,Toys,273.93,6,2025-06-13,Marketplace,1643.58
ORD-007918,C00934,Liam Lee | Singapore | Plus,Toys ,431.37,6,2026-05-15,Marketplace,2588.22
ORD-007919,C02477,Sam Taylor | Singapore | Premium,Beauty,347.12,1,2026-04-27,Website,347.12
ORD-007920,C00302,Lina Lewis | UAE | Plus,Sprots,157.47,4,2025-10-23,Mobile App,629.88
ORD-007921,C00481,Maya Walker | Singapore | Premium,Sports,66.72,1,2025-05-25,Retail Store,66.72
ORD-007922,C00214,Nora Taylor | Germany | Plus,Toys & Games,213.11,3,2026-05-07,Mobile App,639.33
ORD-007923,C02340,Chloe Khan | France | Plus,Electronics,311.98,5,2025-04-02,Website,1559.9
ORD-007924,C00980,Olivia Taylor | UAE | Basic,Electronic Goods,539.98,2,2025-04-29,Retail Store,1079.96
ORD-007925,C00291,Zoe Clark | United States | Basic,Clothing & Apparel,403.34,2,2026-02-13,Retail Store,806.68
ORD-007926,C00215,Lina Green | Singapore | Basic,Toys,391.41,1,2025-01-31,Marketplace,391.41
ORD-007927,C01971,Zoe Thomas | Singapore | Plus,Office Supplies,424.23,6,2025-10-25,Website,2545.38
ORD-007928,C01570,Maya Khan | Germany | Basic,Beauty,228.67,1,2025-06-08,Retail Store,228.67
ORD-007929,C00881,Nora Lee | Australia | Basic,Clothng,32.1,3,2026-07-25,Marketplace,96.3
ORD-007930,C00438,James Mitchell | Canada | Premium,Office Supplies,193.88,3,2025-03-18,Mobile App,581.64
ORD-007931,C02159,Omar Miller | Australia | Basic,Beauty,123.79,6,2025-09-09,Marketplace,742.74
ORD-007932,C01407,Olivia Nelson | Canada | Basic,Beauty,139.61,4,2026-07-03,Website,558.44
ORD-007933,C01571,Sophia Nelson | Australia | Plus,Home & Kitchen,393.41,5,2025-02-15,Marketplace,1967.05
ORD-007934,C00856,Leo Garcia | Germany | Plus,HOME & KITCHEN,262.35,1,2025-04-21,Website,262.35
ORD-007935,C01291,Omar Baker | United Kingdom | Premium,Clothing,87.44,4,2025-01-05,Marketplace,349.76
ORD-007936,C02108,Nora Mitchell | United States | Plus,Toys,561.12,1,2026-03-21,Website,561.12
ORD-007937,C01972,Ella Lewis | Singapore | Premium,Sprots,364.96,2,2025-04-20,Website,729.92
ORD-007938,C02459,Maya Carter | Singapore | Basic,Beauty,76.63,5,2025-10-13,Mobile App,383.15
ORD-007939,C00480,Isla Lewis | Singapore | Basic,Toys,376.27,1,2026-06-08,Marketplace,376.27
ORD-007940,C01896,Olivia Lee | Germany | Basic,Sport,148.69,6,2026-01-30,Marketplace,892.14
ORD-007941,C01602,Noah Davis | United States | Basic,electronic,415.06,4,2025-01-15,Retail Store,1660.24
ORD-007942,C00146,Lucas Hassan | United Kingdom | Premium,SPORTS,474.53,5,2025-06-01,Mobile App,2372.65
ORD-007943,C02264,Liam Martin | UAE | Plus,Beauty,143.64,3,2025-11-21,Marketplace,430.92
ORD-007944,C02782,Alex Wilson | UAE | Basic,Office  Supplies,452.11,4,2025-12-08,Mobile App,1808.44
ORD-007945,C02613,Ethan Thomas | France | Plus,Clothing,617.47,1,2026-07-03,Retail Store,617.47
ORD-007946,C00622,Noah Patel | Germany | Premium,Electronics,238.77,4,2026-03-28,Retail Store,955.08
ORD-007947,C01664,Mia Khan | United States | Basic,Office  Supplies,358.8,4,2026-06-01,Retail Store,1435.2
ORD-007948,C00504,Liam Davis | Singapore | Basic,SPORTS,410.01,5,2026-05-30,Mobile App,2050.05
ORD-007949,C02470,Liam Brown | UAE | Basic,Office Supplies,259.24,1,2026-03-12,Mobile App,259.24
ORD-007950,C00533,Lucas Johnson | Singapore | Premium,Clothing,354.99,5,2026-01-20,Marketplace,1774.95
ORD-007951,C01800,Alex Baker | Singapore | Premium,Books,496.82,5,2025-09-06,Retail Store,2484.1
ORD-007952,C01907,Olivia Mitchell | France | Basic,Electronics,371.98,1,2026-05-22,Marketplace,371.98
ORD-007953,C00034,Lucas Lee | Australia | Basic,Electronics,529.09,1,2025-11-02,Website,529.09
ORD-007954,C01055,Emma Taylor | France | Premium,SPORTS,9.07,5,2025-12-29,Mobile App,45.35
ORD-007955,C00288,Yusuf Hassan | Canada | Plus,Clothng,14.18,1,2026-01-05,Mobile App,14.18
ORD-007956,C01520,Layla Miller | UAE | Plus,Sports,213.62,5,2026-07-23,Marketplace,1068.1
ORD-007957,C00754,Isla Moore | UAE | Plus,Clothing,184.44,1,2025-03-06,Retail Store,184.44
ORD-007958,C02133,Jack Khan | United States | Plus,Books,258.07,4,2025-04-11,Mobile App,1032.28
ORD-007959,C00766,Zoe Khan | UAE | Plus,Clothing,336.14,5,2025-05-01,Retail Store,1680.7
ORD-007960,C02443,Chloe Walker | UAE | Basic,Clothes,421.72,2,2026-01-10,Mobile App,843.44
ORD-007961,C01070,Maya Lee | France | Premium,Toys & Games,129.67,5,2026-03-14,Website,648.35
ORD-007962,C01067,Sam Martin | Singapore | Plus,Beauty,21.2,5,2025-01-08,Website,106.0
ORD-007963,C02517,Maya Patel | Australia | Basic,Sprots,474.47,3,2026-06-06,Website,1423.41
ORD-007964,C02896,Ryan Young | Germany | Basic,Books,187.04,2,2025-11-11,Marketplace,374.08
ORD-007965,C02033,Adam Brown | United States | Plus,BOOKS,424.59,3,2025-11-19,Marketplace,1273.77
ORD-007966,C02582,Ava Johnson | UAE | Basic,Home & Kitchen,365.34,2,2025-12-08,Mobile App,730.68
ORD-007967,C02394,Alex Miller | Canada | Basic,SPORTS,583.55,6,2026-05-29,Mobile App,3501.3
ORD-007968,C00423,Jack Green | Germany | Plus,Electronics,252.82,5,2025-12-21,Mobile App,1264.1
ORD-007969,C00404,Leo Taylor | UAE | Plus,Electronics,151.45,4,2025-02-03,Website,605.8
ORD-007970,C00829,Alex Smith | Singapore | Basic,Beauty Products,233.78,6,2026-04-18,Website,1402.68
ORD-007971,C02647,Layla Lee | UAE | Plus,Books,518.26,1,2026-06-06,Mobile App,518.26
ORD-007972,C00609,Lina Miller | Canada | Plus,Books & Media,125.25,1,2025-12-14,Marketplace,125.25
ORD-007973,C02066,Sophia Patel | Singapore | Plus,CLOTHING,586.38,3,2025-08-02,Mobile App,1759.14
ORD-007974,C02481,Noah Wright | Singapore | Basic,Office Supplies,640.14,6,2025-01-08,Marketplace,3840.84
ORD-007975,C01454,Omar Martin | Canada | Basic,Electronics,260.18,6,2026-01-19,Website,1561.08
ORD-007976,C01089,Lina Lewis | United Kingdom | Basic,SPORTS,147.39,3,2026-01-05,Marketplace,442.17
ORD-007977,C01669,Noah Thomas | Germany | Basic,Home & Kitchen,616.73,2,2026-04-28,Website,1233.46
ORD-007978,C01013,Nora Anderson | UAE | Basic,Toy,365.52,5,2026-05-31,Mobile App,1827.6
ORD-007979,C01943,Amelia Lewis | France | Basic,Sports,69.31,1,2025-07-07,Retail Store,69.31
ORD-007980,C01980,Lucas Thomas | Australia | Basic,Sports,355.94,6,2025-04-06,Website,2135.64
ORD-007981,C02178,Isla Clark | Australia | Plus,Books,350.55,4,2025-01-18,Marketplace,1402.2
ORD-007982,C00615,Emma Johnson | France | Plus,Home & Kitchen,193.46,3,2025-01-24,Website,580.38
ORD-007983,C00688,Ryan Carter | Germany | Premium,CLOTHING,301.07,5,2025-06-06,Marketplace,1505.35
ORD-007984,C01899,Yusuf Moore | United Kingdom | Basic,Sprots,21.78,2,2025-06-10,Website,43.56
ORD-007985,C00949,Lucas Green | Australia | Basic,Office Supples,605.65,2,2025-12-21,Marketplace,1211.3
ORD-007986,C00173,Alex Anderson | United States | Premium,Clothes,448.45,2,2025-09-16,Website,896.9
ORD-007987,C00393,Liam Davis | UAE | Basic,Toys,303.15,6,2026-01-05,Website,1818.9
ORD-007988,C02910,Yusuf Thomas | United States | Premium,Toys ,581.79,5,2025-08-23,Mobile App,2908.95
ORD-007989,C02046,Ava Mitchell | Singapore | Plus,Home and Kitchen,234.35,4,2025-11-24,Website,937.4
ORD-007990,C00087,Maya Wright | UAE | Basic,Beauty Products,647.98,6,2025-03-13,Marketplace,3887.88
ORD-007991,C01642,Amelia Green | United States | Basic,Clothing,369.8,1,2025-07-30,Mobile App,369.8
ORD-007992,C00684,Sam Patel | Canada | Basic,Electronic Goods,607.71,4,2025-03-10,Marketplace,2430.84
ORD-007993,C00699,Mia Garcia | United Kingdom | Premium,CLOTHING,392.79,1,2025-03-22,Retail Store,392.79
ORD-007994,C01976,Zoe Patel | Germany | Plus,Office Supplies,551.61,1,2025-11-03,Retail Store,551.61
ORD-007995,C02621,Layla Lewis | France | Basic,Electronics,125.36,4,2025-11-27,Website,501.44
ORD-007996,C00312,Amelia Hassan | Germany | Plus,OFFICE SUPPLIES,400.25,3,2026-04-22,Marketplace,1200.75
ORD-007997,C02239,Sam Patel | UAE | Basic,Electronics ,135.5,2,2025-08-15,Retail Store,271.0
ORD-007998,C00071,Henry Brown | Canada | Basic,Book,19.02,4,2025-01-20,Retail Store,76.08
ORD-007999,C01775,Lina Wilson | Singapore | Plus,Electroncs,403.73,4,2025-11-25,Mobile App,1614.92
ORD-008000,C01936,Lina Ahmed | Singapore | Basic,Sports,165.77,5,2025-03-14,Website,828.85
ORD-008001,C00654,Henry Lee | Germany | Basic,Clothing,96.95,2,2025-03-29,Retail Store,193.9
ORD-008002,C00035,Lucas Moore | United Kingdom | Plus,Home & Kitchen,446.62,2,2025-09-18,Marketplace,893.24
ORD-008003,C01409,Olivia Khan | Canada | Plus,Home & Kitchen,60.42,4,2026-05-16,Website,241.68
ORD-008004,C00999,Noah Thomas | Germany | Basic,Books,437.44,5,2026-05-02,Marketplace,2187.2
ORD-008005,C00921,Liam Wilson | France | Plus,Home & Kitchen,521.77,1,2025-05-23,Retail Store,521.77
ORD-008006,C02606,Jack Khan | Singapore | Plus,Books,610.1,2,2025-04-29,Website,1220.2
ORD-008007,C02801,Lucas Patel | Canada | Basic,Toys,387.64,3,2026-07-07,Website,1162.92
ORD-008008,C01681,Lucas Lee | UAE | Plus,Beauty,210.67,6,2025-05-15,Retail Store,1264.02
ORD-008009,C02513,Sam Walker | Australia | Premium,Clothing,533.71,6,2025-03-02,Retail Store,3202.26
ORD-008010,C00644,Isla Davis | Germany | Plus,Clothing,129.59,5,2025-08-13,Website,647.95
ORD-008011,C00608,Isla Garcia | UAE | Plus,Electronic Goods,126.81,5,2025-05-26,Website,634.05
ORD-008012,C01316,Maya Hall | United States | Basic,Sports & Fitness,189.05,5,2025-06-15,Website,945.25
ORD-008013,C00847,Ryan Baker | United States | Basic,Books,211.04,5,2026-04-03,Marketplace,1055.2
ORD-008014,C00614,Nora Martin | United Kingdom | Premium,Sports,62.64,4,2025-02-03,Mobile App,250.56
ORD-008015,C02253,Sam Miller | France | Basic,Beauty,272.77,5,2025-01-08,Marketplace,1363.85
ORD-008016,C00177,Zoe Taylor | Singapore | Premium,Beauty,49.79,3,2025-02-18,Retail Store,149.37
ORD-008017,C00707,Ethan Baker | France | Basic,Books,646.16,6,2025-10-25,Retail Store,3876.96
ORD-008018,C02013,James Ahmed | Canada | Premium,Electronics,194.86,2,2026-01-22,Mobile App,389.72
ORD-008019,C00296,Ava Nelson | Germany | Plus,Clothing,319.11,2,2025-09-20,Mobile App,638.22
ORD-008020,C00451,Jack Anderson | United Kingdom | Basic,Toys,382.83,1,2026-01-01,Retail Store,382.83
ORD-008021,C01456,Yusuf Young | Australia | Basic,Books,476.25,5,2025-09-14,Marketplace,2381.25
ORD-008022,C01083,Ella Hassan | United States | Basic,Electronics,469.35,3,2026-05-24,Mobile App,1408.05
ORD-008023,C02495,Adam Walker | UAE | Basic,Beauty,402.53,6,2026-06-20,Retail Store,2415.18
ORD-008024,C01752,Sara Taylor | Australia | Basic,Toys,76.89,6,2026-06-25,Retail Store,461.34
ORD-008025,C00236,Liam Garcia | Canada | Basic,Electronics,504.12,5,2026-07-22,Website,2520.6
ORD-008026,C00055,Chloe Young | Australia | Plus,Toys,105.73,1,2025-02-03,Mobile App,105.73
ORD-008027,C00471,Olivia Martin | Canada | Basic,Clothing,304.25,4,2025-11-21,Mobile App,1217.0
ORD-008028,C00472,Olivia Ahmed | Australia | Basic,Toys,521.62,5,2025-06-11,Marketplace,2608.1
ORD-008029,C01148,Zoe Hall | United Kingdom | Premium,Boks,587.73,3,2025-01-30,Retail Store,1763.19
ORD-008030,C01780,Sara Khan | United Kingdom | Basic,Clothing,647.43,5,2026-06-09,Website,3237.15
ORD-008031,C01297,Emma Mitchell | UAE | Basic,Clothes,351.46,5,2026-04-23,Retail Store,1757.3
ORD-008032,C01486,Omar King | UAE | Plus,Home & Ktchen,212.53,2,2026-05-28,Website,425.06
ORD-008033,C02037,Ella King | United States | Plus,Books,111.24,1,2025-07-16,Retail Store,111.24
ORD-008034,C00875,Sophia Davis | France | Plus,Toys,201.52,1,2025-07-11,Mobile App,176.52
ORD-008035,C00725,Amelia Johnson | Germany | Premium,Sports,77.64,5,2025-10-23,Mobile App,388.2
ORD-008036,C02612,Ethan Lewis | UAE | Basic,Electronics,320.71,1,2025-08-06,Marketplace,320.71
ORD-008037,C00900,Olivia Moore | Canada | Basic,Books,52.97,4,2026-06-07,Marketplace,211.88
ORD-008038,C01682,Olivia Carter | United States | Basic,Toys,164.09,1,2025-12-05,Website,164.09
ORD-008039,C02659,Jack Wright | UAE | Plus,Books,141.32,6,2025-08-27,Website,847.92
ORD-008040,C01013,Nora Anderson | UAE | Basic,SPORTS,30.39,6,2025-12-31,Retail Store,182.34
ORD-008041,C00608,Isla Garcia | UAE | Plus,Electroncs,64.51,2,2026-01-05,Retail Store,129.02
ORD-008042,C02006,Amelia Wilson | United States | Basic,Toy,330.57,2,2026-03-14,Marketplace,661.14
ORD-008043,C02179,Sam Martin | Singapore | Basic,Beauty,513.79,1,2026-01-21,Website,513.79
ORD-008044,C02064,Henry Young | United Kingdom | Plus,Electronics,145.76,6,2026-03-25,Marketplace,874.56
ORD-008045,C00646,Ella Lewis | UAE | Basic,Toys,12.41,3,2025-12-29,Marketplace,37.23
ORD-008046,C02020,Emma Anderson | France | Basic,Clothing,546.4,3,2026-02-16,Mobile App,1639.2
ORD-008047,C00642,Lina Carter | UAE | Plus,Beautyy,53.92,5,2026-07-15,Website,269.6
ORD-008048,C00668,Sophia Adams | France | Plus,electronic,527.07,1,2025-03-28,Retail Store,527.07
ORD-008049,C01925,Sam King | Canada | Basic,Electronics,345.47,6,2026-05-15,Retail Store,2072.82
ORD-008050,C02648,Sophia Davis | United Kingdom | Basic,Home & Kitchen,267.31,3,2026-06-16,Marketplace,801.93
ORD-008051,C02596,Ryan Taylor | Canada | Plus,OFFICE SUPPLIES,86.45,4,2025-03-24,Retail Store,345.8
ORD-008052,C02005,Zoe Hassan | United States | Plus,Boks,207.06,3,2025-12-20,Retail Store,621.18
ORD-008053,C01475,Mia Green | Australia | Basic,Office Supplies,580.85,4,2025-12-10,Mobile App,2323.4
ORD-008054,C01201,Isla Brown | United Kingdom | Plus,Home & Kitchen,514.07,5,2025-04-30,Website,2570.35
ORD-008055,C00389,Ethan Khan | United States | Premium,Beautyy,233.51,3,2025-10-07,Marketplace,700.53
ORD-008056,C01298,Nora King | UAE | Plus,Office  Supplies,114.17,3,2025-09-27,Website,342.51
ORD-008057,C01832,Maya Mitchell | United States | Premium,Home and Kitchen,554.03,3,2025-03-27,Mobile App,1662.09
ORD-008058,C00441,Chloe Smith | Germany | Basic,Electronics,246.27,6,2026-05-26,Marketplace,1477.62
ORD-008059,C00227,Nora Garcia | Canada | Plus,Books,213.72,3,2025-08-05,Website,641.16
ORD-008060,C02596,Ryan Taylor | Canada | Plus,Beauty,346.83,2,2025-06-30,Retail Store,693.66
ORD-008061,C01308,Lina Johnson | Australia | Plus,Home & Kitchen,171.51,5,2025-07-09,Mobile App,857.55
ORD-008062,C01661,Layla Taylor | Australia | Basic,Sports,587.48,1,2025-02-04,Marketplace,587.48
ORD-008063,C00497,Lucas Patel | UAE | Basic,Home & Kitchen,397.26,6,2025-03-27,Mobile App,2383.56
ORD-008064,C00597,Nora Davis | Australia | Basic,Beauty,71.01,4,2026-07-21,Marketplace,284.04
ORD-008065,C00620,Adam Clark | Australia | Basic,Clothes,592.13,1,2026-07-09,Retail Store,592.13
ORD-008066,C02839,Ethan Young | Singapore | Plus,Boks,160.78,2,2025-12-03,Mobile App,321.56
ORD-008067,C00359,Sophia Mitchell | Canada | Basic,Sports,232.8,4,2025-01-27,Mobile App,931.2
ORD-008068,C01194,Olivia Miller | France | Basic,electronic,476.09,1,2026-07-03,Website,476.09
ORD-008069,C01097,Noah King | France | Basic,Clothing,100.76,4,2026-03-27,Marketplace,403.04
ORD-008070,C02133,Jack Khan | United States | Plus,Home & Kitchen,82.01,2,2026-07-21,Marketplace,164.02
ORD-008071,C00553,Zoe Mitchell | United Kingdom | Premium,Office Supplies,531.9,2,2026-06-05,Marketplace,1063.8
ORD-008072,C02684,Sara Green | Australia | Premium,Toys,387.05,1,2026-02-17,Website,387.05
ORD-008073,C01997,Ethan Martin | United Kingdom | Basic,Clothes,542.28,4,2025-06-02,Retail Store,2169.12
ORD-008074,C02875,Ava Hall | United States | Plus,Books,39.62,5,2025-02-24,Mobile App,198.1
ORD-008075,C02540,Jack Anderson | UAE | Basic,Home & Kitchen,96.15,1,2025-03-25,Website,96.15
ORD-008076,C00435,Nora Young | Australia | Premium,Home & Kitchen,20.63,3,2026-05-24,Retail Store,61.89
ORD-008077,C00943,Mia Taylor | France | Basic,Office Supplies,247.56,1,2025-05-01,Retail Store,247.56
ORD-008078,C02983,Sara Thomas | Australia | Plus,Electronics,596.64,4,2026-05-10,Website,2386.56
ORD-008079,C02575,Isla Brown | Australia | Basic,Home & Kitchen,628.11,2,2026-03-10,Mobile App,1256.22
ORD-008080,C02372,Daniel Mitchell | Australia | Basic,Clothing,597.87,1,2026-04-08,Retail Store,597.87
ORD-008081,C00459,Sara Moore | Canada | Basic,Toy,286.52,4,2025-09-20,Website,1146.08
ORD-008082,C02811,Lina Miller | United Kingdom | Plus,Toys,267.79,1,2026-07-16,Marketplace,267.79
ORD-008083,C02251,Adam Lee | Canada | Plus,Books & Media,178.27,3,2025-05-20,Marketplace,534.81
ORD-008084,C01398,Ethan King | United States | Plus,ELECTRONICS,403.68,6,2026-06-04,Retail Store,2422.08
ORD-008085,C01194,Olivia Miller | France | Basic,Clothing,366.66,4,2025-10-27,Marketplace,1466.64
ORD-008086,C00437,Adam Wright | Germany | Basic,Beauty,324.55,2,2026-03-02,Retail Store,649.1
ORD-008087,C01822,James Anderson | France | Basic,Sprots,244.49,3,2025-11-20,Marketplace,733.47
ORD-008088,C00377,Leo Lewis | Singapore | Basic,OFFICE SUPPLIES,591.99,2,2025-04-01,Website,1183.98
ORD-008089,C00620,Adam Clark | Australia | Basic,Toys ,362.67,1,2026-06-14,Marketplace,362.67
ORD-008090,C00098,Lina Wilson | France | Plus,Toys,626.95,3,2026-06-24,Marketplace,1880.85
ORD-008091,C01707,Adam Anderson | France | Basic,Office  Supplies,8.33,1,2026-01-12,Retail Store,8.33
ORD-008092,C02068,Sam Smith | United States | Plus,Beauty,159.3,6,2025-06-30,Marketplace,955.8
ORD-008093,C00749,Daniel Brown | Germany | Basic,Sports,348.35,2,2026-06-17,Retail Store,696.7
ORD-008094,C00048,Lina Walker | United States | Premium,Electronics,60.24,3,2025-08-03,Retail Store,180.72
ORD-008095,C00746,Sam Patel | Australia | Basic,Office  Supplies,217.91,2,2026-02-17,Website,435.82
ORD-008096,C02076,Amelia Smith | Germany | Basic,Beauty,172.63,6,2026-07-16,Marketplace,1035.78
ORD-008097,C02979,Olivia Smith | Germany | Plus,Office Supplies,80.53,4,2025-11-16,Retail Store,322.12
ORD-008098,C00479,Daniel Smith | France | Basic,Beauty,248.75,6,2025-05-09,Retail Store,1492.5
ORD-008099,C01533,Isla Anderson | United States | Plus,Office Supply,587.24,2,2025-07-08,Website,1174.48
ORD-008100,C00101,Zoe Mitchell | France | Basic,Toys,441.71,6,2025-08-17,Retail Store,2650.26
ORD-008101,C02268,Daniel King | Australia | Basic,Clothng,453.78,5,2026-04-26,Marketplace,2268.9
ORD-008102,C02211,Daniel Smith | Germany | Plus,Electronics,132.26,6,2026-01-03,Mobile App,793.56
ORD-008103,C00983,Olivia Smith | Australia | Basic,CLOTHING,170.58,6,2026-01-18,Retail Store,1023.48
ORD-008104,C00965,Jack Garcia | United States | Plus,Sprots,339.08,6,2026-02-05,Website,2034.48
ORD-008105,C01845,Mia Nelson | Australia | Basic,Books,260.07,1,2026-06-19,Website,260.07
ORD-008106,C01298,Nora King | UAE | Plus,Clothing,131.83,1,2026-03-15,Website,131.83
ORD-008107,C02749,Lina Khan | Canada | Basic,Books,592.99,3,2025-04-30,Website,1778.97
ORD-008108,C01190,Ryan Anderson | Canada | Basic,Beauty,213.37,2,2026-07-24,Marketplace,426.74
ORD-008109,C01612,Ava Lee | Germany | Plus,Clothing,380.89,5,2025-07-24,Mobile App,1904.45
ORD-008110,C01388,Nora Ahmed | Singapore | Premium,Office Supplies,358.94,4,2026-01-04,Mobile App,1435.76
ORD-008111,C02080,Amelia Mitchell | United States | Plus,Books,21.62,3,2025-10-04,Retail Store,64.86
ORD-008112,C01904,Ryan Moore | UAE | Basic,Beauty,106.52,4,2025-01-25,Mobile App,426.08
ORD-008113,C02038,Zoe Moore | United States | Plus,Office Supples,198.32,1,2025-01-25,Marketplace,198.32
ORD-008114,C01544,Ava Garcia | Canada | Basic,Books,393.98,4,2025-04-13,Retail Store,1575.92
ORD-008115,C00967,Sophia Wilson | Germany | Basic,Toys,224.08,5,2025-12-18,Mobile App,1120.4
ORD-008116,C01109,Mia Brown | Germany | Basic,Clothing,258.42,1,2025-06-18,Website,258.42
ORD-008117,C02838,Alex Mitchell | United Kingdom | Basic,Home & Kitchen,39.88,5,2025-06-22,Marketplace,199.4
ORD-008118,C01033,Lucas Wright | United Kingdom | Basic,Clothing,612.48,6,2025-03-25,Mobile App,3674.88
ORD-008119,C00461,Sara Garcia | Australia | Basic,Clothing,512.9,3,2025-09-09,Mobile App,1538.7
ORD-008120,C01013,Nora Anderson | UAE | Basic,Home Kitchen,311.41,6,2026-07-03,Marketplace,1868.46
ORD-008121,C00605,Layla Nelson | Germany | Plus,Office  Supplies,590.61,5,2025-04-14,Retail Store,2953.05
ORD-008122,C01914,Sam Adams | Singapore | Basic,ELECTRONICS,420.88,5,2025-12-04,Mobile App,2104.4
ORD-008123,C00806,Nora Nelson | UAE | Plus,Office Supplies,392.63,1,2025-08-30,Retail Store,392.63
ORD-008124,C00932,Daniel King | United Kingdom | Basic,Toys & Games,580.92,1,2025-08-10,Retail Store,580.92
ORD-008125,C01028,Mia Moore | Canada | Basic,Toys,465.63,4,2025-02-26,Marketplace,1862.52
ORD-008126,C01279,Sam King | Australia | Plus,Clothing,33.38,5,2025-06-20,Retail Store,166.9
ORD-008127,C01943,Amelia Lewis | France | Basic,Home & Kitchen,352.56,3,2025-10-09,Website,1057.68
ORD-008128,C01209,Sophia Miller | UAE | Plus,Office Supplies,333.45,1,2025-09-11,Website,333.45
ORD-008129,C01794,Nora Clark | United States | Plus,Sports,277.54,3,2025-01-16,Retail Store,832.62
ORD-008130,C02381,Nora Wilson | Germany | Plus,Office Supples,415.09,1,2026-04-28,Retail Store,415.09
ORD-008131,C02114,Omar Adams | United States | Plus,Clothing & Apparel,173.44,3,2025-06-05,Marketplace,520.32
ORD-008132,C01392,Lucas Johnson | United Kingdom | Basic,Sports,578.98,5,2026-01-26,Marketplace,2894.9
ORD-008133,C01263,Ryan Johnson | Australia | Plus,Toys,88.09,1,2025-01-16,Retail Store,88.09
ORD-008134,C01729,Ella Davis | France | Plus,Books,51.74,2,2026-05-25,Marketplace,103.48
ORD-008135,C02818,Maya Clark | Singapore | Plus,Clothing,448.54,2,2026-04-30,Marketplace,897.08
ORD-008136,C00523,Sara Taylor | United Kingdom | Plus,Sports,85.98,6,2025-06-06,Mobile App,515.88
ORD-008137,C01178,Nora Walker | United States | Basic,Sport,22.56,4,2026-04-18,Marketplace,90.24
ORD-008138,C00766,Zoe Khan | UAE | Plus,TOYS,336.89,4,2026-05-05,Marketplace,1347.56
ORD-008139,C00935,Noah Hassan | UAE | Plus,Home & Kitchen,74.14,5,2025-09-27,Retail Store,370.7
ORD-008140,C02257,Leo Nelson | Singapore | Plus,Sports,258.95,4,2025-04-01,Retail Store,1035.8
ORD-008141,C00892,Lina Adams | Canada | Premium,Books,302.11,1,2025-06-02,Marketplace,302.11
ORD-008142,C00482,Isla King | UAE | Basic,Beauty Products,203.41,4,2025-05-02,Marketplace,813.64
ORD-008143,C00856,Leo Garcia | Germany | Plus,Beauty,40.82,6,2026-01-22,Mobile App,244.92
ORD-008144,C02480,James Brown | Canada | Basic,Home and Kitchen,345.81,1,2025-12-26,Marketplace,345.81
ORD-008145,C00705,Emma Carter | United Kingdom | Basic,Electronic Goods,399.71,1,2025-09-13,Retail Store,399.71
ORD-008146,C00218,Ava Brown | UAE | Basic,Electroncs,375.47,5,2025-09-22,Mobile App,1877.35
ORD-008147,C01388,Nora Ahmed | Singapore | Premium,Electronics,298.64,4,2025-07-29,Mobile App,1194.56
ORD-008148,C00130,Yusuf Garcia | Singapore | Plus,Office Supplies,161.52,1,2026-03-17,Marketplace,161.52
ORD-008149,C01847,Nora Lewis | United States | Plus,Toys & Games,79.74,5,2025-09-07,Mobile App,398.7
ORD-008150,C00249,Adam Thomas | Canada | Plus,Beauty,71.15,1,2025-08-16,Mobile App,71.15
ORD-008151,C02291,James Hall | Australia | Plus,Home & Kitchen,569.49,6,2025-11-26,Marketplace,3416.94
ORD-008152,C00857,Henry Wilson | Australia | Basic,Home & Kitchen,269.71,6,2025-09-14,Website,1618.26
ORD-008153,C02867,Yusuf Miller | UAE | Basic,ELECTRONICS,11.64,3,2025-11-04,Mobile App,34.92
ORD-008154,C01838,Zoe Thomas | Singapore | Basic,Home & Ktchen,82.62,1,2026-01-19,Retail Store,82.62
ORD-008155,C02941,Adam King | Germany | Premium,Sports,571.18,1,2026-02-27,Mobile App,571.18
ORD-008156,C01083,Ella Hassan | United States | Basic,Electronics,578.46,1,2025-02-07,Website,578.46
ORD-008157,C01432,Ella Anderson | United States | Premium,Office Supplies,247.57,5,2025-07-11,Retail Store,1277.85
ORD-008158,C02316,Daniel Wright | Singapore | Basic,Home & Kitchen,149.17,2,2025-05-07,Retail Store,298.34
ORD-008159,C01992,Adam Mitchell | France | Basic,Home & Kitchen,391.58,2,2026-03-02,Website,783.16
ORD-008160,C02700,Ella Anderson | United States | Plus,Office Supples,364.57,3,2025-04-06,Marketplace,1093.71
ORD-008161,C01208,Lucas Garcia | UAE | Plus,Beautyy,148.58,2,2025-06-09,Website,297.16
ORD-008162,C01291,Omar Baker | United Kingdom | Premium,Toys,438.84,2,2025-06-22,Marketplace,877.68
ORD-008163,C02031,Lucas Moore | Singapore | Basic,Boks,614.13,5,2026-05-07,Mobile App,3070.65
ORD-008164,C02023,Emma Miller | UAE | Basic,Home & Kitchen,480.84,3,2025-08-24,Retail Store,1442.52
ORD-008165,C00223,Yusuf King | UAE | Basic,Sport,526.23,6,2026-04-08,Retail Store,3157.38
ORD-008166,C02221,Olivia Mitchell | United Kingdom | Premium,electronic,414.91,5,2025-10-24,Website,2074.55
ORD-008167,C01876,Ava Thomas | Canada | Plus,Toys ,404.07,4,2025-08-18,Mobile App,1616.28
ORD-008168,C01784,Ava Wright | Australia | Premium,Sports,488.77,6,2025-12-04,Retail Store,2932.62
ORD-008169,C00759,Ella Wilson | UAE | Basic,Electronics,582.16,2,2025-06-17,Website,1164.32
ORD-008170,C00254,Amelia Wilson | Singapore | Basic,Books,83.7,1,2025-09-23,Retail Store,83.7
ORD-008171,C02167,Daniel Young | United States | Basic,Home & Kitchen,552.22,5,2025-08-21,Mobile App,2761.1
ORD-008172,C00301,Jack Baker | Australia | Premium,Sports,447.89,2,2025-10-23,Mobile App,895.78
ORD-008173,C00882,Ryan Thomas | France | Premium,Clothes,500.39,6,2025-10-13,Mobile App,3002.34
ORD-008174,C01998,Olivia Taylor | Singapore | Premium,Home & Kitchen,71.4,3,2026-02-12,Mobile App,214.2
ORD-008175,C02277,Ethan Clark | France | Premium,CLOTHING,569.15,1,2025-09-13,Website,569.15
ORD-008176,C00290,Omar Carter | Canada | Plus,Toys,482.32,1,2025-01-27,Mobile App,482.32
ORD-008177,C02514,Sophia Davis | Canada | Premium,Office Supples,264.64,6,2025-04-29,Website,1587.84
ORD-008178,C02164,Sam Hall | Australia | Basic,Electronics,185.19,1,2026-05-31,Website,185.19
ORD-008179,C00442,Omar Young | UAE | Premium,Book,52.43,2,2025-04-25,Mobile App,104.86
ORD-008180,C00001,Maya Taylor | United States | Basic,Toys,606.25,3,2025-03-07,Marketplace,1818.75
ORD-008181,C00086,Yusuf Nelson | United States | Plus,Home and Kitchen,508.67,4,2025-10-26,Website,2034.68
ORD-008182,C01393,Maya Hassan | France | Plus,electronic,613.39,3,2025-12-05,Retail Store,1840.17
ORD-008183,C02159,Omar Miller | Australia | Basic,Home & Kitchen,169.86,2,2025-03-20,Marketplace,339.72
ORD-008184,C00914,Noah Smith | United Kingdom | Premium,Beauty,174.03,1,2025-08-26,Mobile App,174.03
ORD-008185,C02119,Daniel Thomas | UAE | Plus,Beauty Products,243.32,2,2026-02-16,Mobile App,486.64
ORD-008186,C01136,Yusuf Miller | Canada | Premium,OFFICE SUPPLIES,503.92,2,2026-03-16,Mobile App,1007.84
ORD-008187,C02992,James Green | United States | Basic,BOOKS,582.87,1,2025-08-28,Website,582.87
ORD-008188,C01723,Isla Anderson | Germany | Basic,CLOTHING,292.66,2,2026-03-29,Mobile App,560.32
ORD-008189,C00023,Ryan Smith | Germany | Basic,Office Supply,169.39,6,2025-01-11,Mobile App,1016.34
ORD-008190,C01623,Chloe Mitchell | France | Basic,Books,15.47,1,2025-06-19,Marketplace,15.47
ORD-008191,C02711,Liam Clark | United States | Plus,Books,180.44,6,2026-01-26,Retail Store,1082.64
ORD-008192,C01731,Daniel Walker | United States | Basic,Clothng,101.29,4,2026-05-27,Marketplace,405.16
ORD-008193,C00900,Olivia Moore | Canada | Basic,Beauty,138.04,2,2026-01-28,Marketplace,276.08
ORD-008194,C01361,Isla Ahmed | Australia | Basic,Toys,174.82,1,2025-07-20,Website,174.82
ORD-008195,C00128,Noah Green | United Kingdom | Basic,Home Kitchen,403.87,3,2025-08-12,Mobile App,1211.61
ORD-008196,C01041,Liam Clark | France | Basic,Electronics,112.98,5,2026-06-04,Mobile App,564.9
ORD-008197,C01268,Maya Johnson | Australia | Premium,Sports,244.91,3,2026-03-11,Mobile App,734.73
ORD-008198,C00096,Adam Nelson | France | Basic,Electronics,208.5,5,2025-02-24,Marketplace,1042.5
ORD-008199,C02507,Sam Moore | United States | Basic,Books,626.08,4,2025-11-05,Marketplace,2504.32
ORD-008200,C01672,Ava Green | UAE | Plus,Clothing,67.91,4,2025-06-05,Mobile App,271.64
ORD-008201,C00207,Lucas Taylor | UAE | Basic,Electronics ,330.93,5,2025-10-12,Mobile App,1654.65
ORD-008202,C02197,Yusuf Green | Germany | Premium,BOOKS,218.21,3,2025-02-12,Retail Store,654.63
ORD-008203,C01271,Adam Clark | United States | Plus,BEAUTY,338.43,6,2026-07-12,Website,2030.58
ORD-008204,C00804,Henry Wilson | United Kingdom | Plus,Office  Supplies,183.43,6,2025-01-31,Website,1100.58
ORD-008205,C00042,Olivia Mitchell | United Kingdom | Basic,Home & Kitchen,285.96,3,2026-05-11,Retail Store,857.88
ORD-008206,C02447,Lucas Nelson | UAE | Basic,Electronics,285.21,6,2025-09-21,Retail Store,1711.26
ORD-008207,C01245,Mia Miller | United States | Basic,Books,105.72,6,2025-04-28,Retail Store,634.32
ORD-008208,C02386,Ava Smith | United Kingdom | Plus,TOYS,397.44,5,2025-06-23,Retail Store,1987.2
ORD-008209,C02310,Chloe Patel | Singapore | Plus,Office Supplies,624.36,4,2025-08-28,Marketplace,2497.44
ORD-008210,C02049,Leo Garcia | UAE | Plus,Clothes,555.7,2,2026-05-01,Mobile App,1111.4
ORD-008211,C00527,Chloe Young | United States | Plus,Sports & Fitness,88.88,3,2026-02-17,Website,266.64
ORD-008212,C01476,Daniel Martin | Singapore | Plus,Office Supplies,51.67,5,2026-04-14,Marketplace,258.35
ORD-008213,C02172,Omar Green | Singapore | Premium,HOME & KITCHEN,57.19,1,2026-01-13,Marketplace,57.19
ORD-008214,C01264,Maya Miller | Canada | Premium,Office Supplies,175.27,2,2026-01-16,Retail Store,350.54
ORD-008215,C00963,Lucas Hall | France | Premium,Office Supply,355.09,6,2026-06-08,Website,2130.54
ORD-008216,C02884,Henry Wilson | UAE | Premium,Electronics,526.77,1,2025-08-17,Mobile App,526.77
ORD-008217,C02124,Nora Young | Germany | Plus,OFFICE SUPPLIES,291.37,1,2026-06-19,Retail Store,291.37
ORD-008218,C02927,Olivia Lewis | Canada | Premium,Home & Kitchen,569.2,6,2025-08-29,Mobile App,3415.2
ORD-008219,C02716,Amelia Hall | Australia | Plus,Beauty,391.84,1,2025-04-17,Marketplace,391.84
ORD-008220,C02950,Maya Anderson | United States | Premium,Clothing,-121.7,2,2025-05-29,Mobile App,243.4
ORD-008221,C00994,Henry Wilson | Singapore | Plus,Beauty,65.39,1,2026-01-03,Marketplace,65.39
ORD-008222,C00590,Daniel Hassan | United States | Basic,Toy,463.23,6,2026-06-18,Mobile App,2779.38
ORD-008223,C00685,Lina Clark | UAE | Basic,Electronics ,376.62,5,2025-03-23,Mobile App,1883.1
ORD-008224,C01117,Sara Carter | UAE | Premium,Beauty,128.53,5,2025-02-08,Retail Store,642.65
ORD-008225,C00323,Nora Wilson | France | Plus,Books & Media,454.26,4,2026-05-11,Mobile App,1817.04
ORD-008226,C01796,Liam Nelson | UAE | Premium,Clothing,93.47,1,2025-08-04,Marketplace,93.47
ORD-008227,C02284,Leo Davis | Germany | Premium,Books,58.58,4,2026-02-08,Retail Store,234.32
ORD-008228,C00958,Isla Lee | Germany | Basic,Sport,472.92,6,2025-06-07,Website,2837.52
ORD-008229,C00995,Mia Patel | United Kingdom | Basic,Office Supplies,143.95,5,2025-06-10,Retail Store,719.75
ORD-008230,C01075,Alex Smith | United States | Basic,ELECTRONICS,634.03,2,2026-03-24,Marketplace,1268.06
ORD-008231,C02617,Ethan Nelson | Germany | Basic,Office Supples,174.75,2,2026-07-06,Website,349.5
ORD-008232,C01477,Daniel Hassan | UAE | Basic,Office Supply,497.88,6,2026-01-16,Website,2987.28
ORD-008233,C01532,Nora Young | Germany | Basic,Electronics,265.3,5,2025-09-24,Marketplace,1326.5
ORD-008234,C02492,Chloe Clark | France | Plus,Beauty,82.68,3,2025-03-28,Retail Store,248.04
ORD-008235,C01673,Olivia Thomas | Singapore | Premium,Sports,362.05,1,2025-01-28,Marketplace,362.05
ORD-008236,C01234,Omar Miller | United States | Premium,electronic,576.99,2,2025-07-19,Mobile App,1153.98
ORD-008237,C01470,James Taylor | United States | Plus,Sports,386.55,3,2026-01-05,Mobile App,1159.65
ORD-008238,C02448,Lina Taylor | Canada | Plus,Office Supplies,489.74,6,2025-11-29,Retail Store,2938.44
ORD-008239,C00065,Ryan Miller | Australia | Basic,electronic,490.98,6,2025-10-28,Mobile App,2945.88
ORD-008240,C00010,Ethan Young | Germany | Plus,BEAUTY,372.35,3,2025-09-10,Retail Store,1117.05
ORD-008241,C01900,Zoe Walker | UAE | Plus,Electronics,34.93,1,2025-01-23,Website,34.93
ORD-008242,C00350,Jack Wright | Canada | Basic,Sport,151.39,1,2025-06-16,Mobile App,151.39
ORD-008243,C02729,Jack Ahmed | Canada | Premium,Beauty,203.33,6,2025-07-23,Retail Store,1219.98
ORD-008244,C02953,Chloe Wilson | Canada | Premium,Books,458.35,4,2025-12-10,Retail Store,1833.4
ORD-008245,C00155,Ryan Mitchell | Singapore | Plus,Beauty,207.86,6,2025-04-13,Mobile App,1247.16
ORD-008246,C00331,Mia Lewis | Australia | Basic,Toys,113.7,5,2025-11-18,Retail Store,568.5
ORD-008247,C00765,Liam Taylor | Australia | Basic,beauty ,593.62,2,2026-05-15,Mobile App,1187.24
ORD-008248,C01141,Liam Davis | United States | Premium,Books,472.34,4,2025-02-20,Retail Store,1889.36
ORD-008249,C02859,Olivia Taylor | Germany | Plus,Electronic Goods,129.74,5,2025-03-23,Website,648.7
ORD-008250,C01434,Chloe Hassan | UAE | Basic,Home & Kitchen,483.87,1,2025-03-13,Website,483.87
ORD-008251,C02175,Emma Young | United States | Plus,Home & Kitchen,136.04,3,2025-12-16,Marketplace,408.12
ORD-008252,C02995,Lucas Anderson | UAE | Basic,Home Kitchen,610.47,6,2025-06-08,Website,3662.82
ORD-008253,C02928,Ryan Hassan | United Kingdom | Basic,Beauty,246.56,6,2025-10-06,Mobile App,1479.36
ORD-008254,C02665,Yusuf Ahmed | United Kingdom | Premium,Book,13.27,3,2025-03-23,Marketplace,39.81
ORD-008255,C00698,Sam Lewis | Australia | Basic,Electronics,176.5,4,2026-06-24,Retail Store,706.0
ORD-008256,C00501,Ella Ahmed | Germany | Basic,Clothing,517.7,4,2025-08-05,Mobile App,2070.8
ORD-008257,C01099,Liam Clark | Australia | Premium,Toys & Games,264.66,6,2025-09-30,Mobile App,1587.96
ORD-008258,C02144,Maya Hall | Canada | Basic,Toys,404.51,5,2026-02-26,Website,2022.55
ORD-008259,C00424,Ella Lee | Singapore | Basic,Beauty Products,373.82,4,2025-07-17,Website,1495.28
ORD-008260,C00139,Emma Green | Germany | Premium,Clothing,187.17,4,2025-06-22,Marketplace,748.68
ORD-008261,C02532,Omar Miller | United States | Basic,Books,368.83,6,2026-07-08,Website,2212.98
ORD-008262,C02108,Nora Mitchell | United States | Plus,Sports,60.43,3,2025-06-12,Retail Store,181.29
ORD-008263,C01620,Sophia King | UAE | Basic,Home & Kitchen,124.42,5,2026-03-26,Mobile App,622.1
ORD-008264,C02481,Noah Wright | Singapore | Basic,OFFICE SUPPLIES,161.15,1,2025-01-23,Retail Store,161.15
ORD-008265,C01754,Mia Johnson | Australia | Plus,Electronics,384.09,2,2025-08-23,Website,768.18
ORD-008266,C01682,Olivia Carter | United States | Basic,CLOTHING,464.9,1,2025-10-09,Website,464.9
ORD-008267,C01212,Ella Patel | France | Premium,Electronic Goods,208.02,2,2025-04-10,Retail Store,416.04
ORD-008268,C01711,Ella Brown | United States | Premium,Electroncs,321.13,5,2025-07-25,Retail Store,1605.65
ORD-008269,C01956,Ella Ahmed | Australia | Plus,OFFICE SUPPLIES,341.45,2,2025-11-01,Website,682.9
ORD-008270,C01073,Maya Anderson | United States | Basic,OFFICE SUPPLIES,537.01,3,2025-06-05,Website,1611.03
ORD-008271,C02705,Amelia Taylor | United States | Plus,Toys & Games,198.4,6,2026-06-28,Retail Store,1190.4
ORD-008272,C00773,Yusuf Smith | UAE | Basic,Clothes,179.73,6,2025-01-15,Website,1078.38
ORD-008273,C00609,Lina Miller | Canada | Plus,Beauty,83.23,3,2025-09-07,Marketplace,249.69
ORD-008274,C01030,Sophia Ahmed | Australia | Basic,Sports,528.2,4,2025-01-14,Marketplace,2112.8
ORD-008275,C00165,Maya Wright | United Kingdom | Basic,beauty ,491.99,1,2025-05-23,Marketplace,491.99
ORD-008276,C02544,Isla Carter | UAE | Plus,Sports,184.03,2,2026-06-18,Marketplace,368.06
ORD-008277,C02600,Alex Johnson | Australia | Premium,ELECTRONICS,196.77,4,2025-07-23,Mobile App,787.08
ORD-008278,C01086,Leo Lee | UAE | Plus,Home & Kitchen,552.0,2,2025-05-30,Marketplace,1104.0
ORD-008279,C02649,Maya Walker | United Kingdom | Basic,Beauty,205.54,3,2025-01-27,Mobile App,616.62
ORD-008280,C02333,Sam Baker | UAE | Basic,HOME & KITCHEN,94.88,2,2026-05-06,Retail Store,189.76
ORD-008281,C00084,Sara King | France | Basic,Sports,518.74,2,2025-04-16,Retail Store,1037.48
ORD-008282,C01339,Jack Young | France | Basic,Electronics,589.59,2,2026-06-09,Marketplace,1179.18
ORD-008283,C01359,Emma Mitchell | United States | Premium,Home & Kitchen,333.27,5,2026-02-18,Mobile App,1666.35
ORD-008284,C00461,Sara Garcia | Australia | Basic,Electronics,522.42,2,2025-01-09,Retail Store,1044.84
ORD-008285,C01601,Daniel Moore | United Kingdom | Premium,Electronic Goods,610.43,3,2025-07-24,Marketplace,1831.29
ORD-008286,C00095,Liam Ahmed | Canada | Plus,Office Supplies,77.73,6,2026-07-04,Marketplace,466.38
ORD-008287,C02545,Sara Mitchell | France | Premium,SPORTS,239.95,4,2025-08-12,Marketplace,959.8
ORD-008288,C02438,Ava Lee | Singapore | Basic,Book,637.46,5,2025-11-19,Mobile App,3187.3
ORD-008289,C00792,Jack Johnson | Australia | Premium,Beautyy,410.52,6,2025-09-11,Mobile App,2463.12
ORD-008290,C02948,Sophia Miller | France | Premium,CLOTHING,377.49,4,2026-06-23,Marketplace,1509.96
ORD-008291,C01246,Maya Garcia | Germany | Plus,Sports,405.32,5,2025-06-14,Marketplace,2026.6
ORD-008292,C01089,Lina Lewis | United Kingdom | Basic,Office Supples,594.0,6,2026-04-30,Website,3564.0
ORD-008293,C01613,Liam Thomas | UAE | Premium,Toys,362.09,3,2026-02-21,Retail Store,1086.27
ORD-008294,C02241,Ella Ahmed | France | Premium,Toys,263.38,2,2026-05-28,Marketplace,526.76
ORD-008295,C02930,Mia Johnson | Australia | Basic,Clothing,500.06,4,2025-02-24,Website,2000.24
ORD-008296,C00423,Jack Green | Germany | Plus,Sports,642.15,4,2025-08-20,Retail Store,2568.6
ORD-008297,C00050,Sophia Patel | Canada | Basic,Clothing,270.63,3,2025-12-11,Website,811.89
ORD-008298,C01370,Sara Lewis | Australia | Plus,Book,120.53,3,2025-08-14,Retail Store,361.59
ORD-008299,C00312,Amelia Hassan | Germany | Plus,Books,203.4,5,2025-08-19,Mobile App,1017.0
ORD-008300,C00637,Sophia Wright | UAE | Basic,Clothing & Apparel,179.22,1,2025-02-04,Website,179.22
ORD-008301,C02605,Amelia Thomas | Singapore | Basic,Electronics ,85.48,6,2025-01-26,Marketplace,512.88
ORD-008302,C00143,Omar Moore | UAE | Basic,Books & Media,117.15,6,2026-07-10,Website,702.9
ORD-008303,C01719,Lucas Garcia | Canada | Plus,Boks,449.54,5,2025-02-05,Website,2247.7
ORD-008304,C00141,Emma Patel | UAE | Premium,Toy,236.57,3,2026-05-18,Mobile App,709.71
ORD-000023,C01634,Liam Lewis | United States | Premium,Sports,237.03,3,2026-03-03,Marketplace,711.09
ORD-008306,C02260,Daniel Martin | Singapore | Premium,Beauty,365.51,4,2025-11-20,Marketplace,1462.04
ORD-008307,C01463,Noah Carter | United States | Plus,Office Supplies,245.57,1,2025-05-04,Website,245.57
ORD-008308,C01571,Sophia Nelson | Australia | Plus,Electronics,282.42,2,2025-11-05,Retail Store,564.84
ORD-008309,C01949,Sara Adams | Singapore | Plus,OFFICE SUPPLIES,483.65,4,2025-07-01,Website,1934.6
ORD-008310,C00544,Sam Lewis | Canada | Basic,Office Supplies,294.32,4,2025-12-22,Marketplace,1177.28
ORD-008311,C02718,Zoe Brown | Australia | Plus,Office Supply,472.41,3,2025-04-17,Mobile App,1417.23
ORD-008312,C01569,Amelia Mitchell | United Kingdom | Basic,Toys,66.35,1,2025-06-18,Marketplace,66.35
ORD-008313,C00831,Ella Davis | Australia | Basic,Clothing,535.04,5,2026-02-12,Mobile App,2675.2
ORD-008314,C02353,Yusuf Hassan | Germany | Premium,Home & Kitchen,383.27,6,2026-04-24,Marketplace,2299.62
ORD-008315,C02484,Amelia Johnson | United States | Plus,Sprots,415.32,4,2026-05-05,Marketplace,1661.28
ORD-008316,C00405,Yusuf Wilson | France | Basic,Sports,341.69,3,2026-01-24,Mobile App,1025.07
ORD-008317,C00096,Adam Nelson | France | Basic,Office Supplies,556.12,2,2025-09-15,Retail Store,1112.24
ORD-008318,C02729,Jack Ahmed | Canada | Premium,Office  Supplies,223.41,5,2025-02-23,Retail Store,1117.05
ORD-008319,C02398,Daniel Smith | United Kingdom | Premium,Boks,402.75,2,2025-10-08,Website,805.5
ORD-008320,C00423,Jack Green | Germany | Plus,beauty ,200.1,4,2026-02-21,Mobile App,800.4
ORD-008321,C02650,Layla Clark | France | Basic,Clothing,263.9,5,2025-06-09,Website,1319.5
ORD-008322,C01628,Ava Smith | UAE | Premium,Books,464.78,1,2026-01-15,Website,464.78
ORD-008323,C00917,Henry Thomas | United Kingdom | Premium,Office Supplies,584.62,1,2026-02-24,Website,584.62
ORD-008324,C01323,Daniel Walker | Australia | Basic,Clothing,185.87,1,2026-05-07,Retail Store,185.87
ORD-008325,C02737,Ryan King | Canada | Plus,HOME & KITCHEN,156.67,2,2025-06-30,Retail Store,313.34
ORD-008326,C02899,Isla Johnson | Australia | Plus,Sports,542.39,4,2026-06-16,Marketplace,2169.56
ORD-008327,C01778,Ryan Johnson | Canada | Plus,Books,230.8,4,2025-03-04,Marketplace,923.2
ORD-008328,C01163,Liam Moore | Australia | Premium,Office Supplies,289.24,6,2025-09-17,Website,1735.44
ORD-008329,C01732,Ryan Carter | United States | Plus,Toys,185.96,6,2026-02-08,Website,1115.76
ORD-008330,C02825,Chloe Nelson | Canada | Plus,CLOTHING,427.51,6,2025-01-15,Website,2565.06
ORD-008331,C02280,Jack Thomas | UAE | Plus,Electronics,241.19,2,2026-07-03,Mobile App,482.38
ORD-008332,C01407,Olivia Nelson | Canada | Basic,Home & Kitchen,437.49,4,2026-04-28,Website,1749.96
ORD-008333,C02958,Zoe Ahmed | Canada | Premium,Office Supply,165.77,1,2025-09-29,Marketplace,165.77
ORD-008334,C00910,Ava Lewis | Canada | Basic,Electronics,301.82,6,2025-07-13,Marketplace,1810.92
ORD-008335,C00360,Emma Green | Australia | Basic,Clothing,493.83,3,2025-06-07,Website,1481.49
ORD-008336,C00580,Maya Anderson | UAE | Basic,Home & Kitchen,398.84,1,2025-10-31,Mobile App,398.84
ORD-008337,C02154,Lucas Brown | UAE | Basic,Electronics,563.83,5,2026-07-08,Retail Store,2819.15
ORD-008338,C02895,Lucas Khan | Germany | Premium,Clothing & Apparel,632.61,4,2025-04-20,Mobile App,2530.44
ORD-008339,C02971,Jack Nelson | Singapore | Premium,Toys,630.54,2,2026-03-10,Retail Store,1261.08
ORD-008340,C01092,Zoe Brown | United Kingdom | Basic,Clothes,255.47,5,2026-06-19,Marketplace,1277.35
ORD-008341,C00536,Adam Young | UAE | Plus,Electronics,351.89,3,2026-04-13,Mobile App,1055.67
ORD-008342,C02736,Amelia Hassan | Canada | Plus,ELECTRONICS,99.5,5,2025-07-19,Retail Store,497.5
ORD-008343,C01425,Daniel Baker | United Kingdom | Basic,Clothing,209.01,1,2026-07-06,Marketplace,209.01
ORD-008344,C02146,Isla Adams | United States | Basic,Electronics,620.32,2,2025-04-15,Marketplace,1240.64
ORD-008345,C01909,James Adams | Australia | Basic,Home & Kitchen,394.53,1,2025-11-01,Retail Store,394.53
ORD-008346,C01873,Sara Johnson | Canada | Basic,Beauty,496.43,1,2025-10-23,Marketplace,496.43
ORD-008347,C00436,Sam Lee | United Kingdom | Basic,Clothes,52.48,4,2025-03-21,Mobile App,209.92
ORD-008348,C02060,Lina Baker | Germany | Plus,SPORTS,229.04,6,2025-09-24,Retail Store,1374.24
ORD-008349,C01011,Zoe Baker | France | Plus,Clothing,264.31,4,2026-07-03,Marketplace,1057.24
ORD-008350,C02199,Liam Johnson | Germany | Basic,CLOTHING,474.74,6,2026-02-23,Mobile App,2848.44
ORD-008351,C00008,Zoe Lee | United Kingdom | Plus,Toys ,461.75,2,2025-10-18,Retail Store,923.5
ORD-008352,C01985,Jack Mitchell | Germany | Basic,Sports,126.38,6,2026-05-04,Retail Store,758.28
ORD-008353,C00495,Zoe Taylor | Germany | Basic,OFFICE SUPPLIES,96.45,2,2026-03-08,Marketplace,192.9
ORD-008354,C02951,Jack Mitchell | France | Plus,Home & Kitchen,126.54,6,2026-01-07,Website,759.24
ORD-008355,C01200,Ava Wright | UAE | Basic,Clothing,218.36,5,2025-05-08,Mobile App,1091.8
ORD-008356,C02398,Daniel Smith | United Kingdom | Premium,electronic,605.5,1,2025-02-27,Mobile App,605.5
ORD-008357,C01551,Lina Nelson | UAE | Basic,SPORTS,444.72,5,2025-01-14,Website,2223.6
ORD-008358,C02466,Ella Lee | Australia | Basic,Electronics,372.08,2,2025-10-06,Mobile App,744.16
ORD-008359,C01251,Yusuf Ahmed | Germany | Plus,ELECTRONICS,30.9,5,2025-01-01,Retail Store,154.5
ORD-008360,C02689,Mia Wilson | Canada | Basic,OFFICE SUPPLIES,588.68,1,2026-04-18,Mobile App,588.68
ORD-008361,C02437,Zoe Smith | Australia | Premium,Office Supplies,209.51,3,2026-01-17,Mobile App,628.53
ORD-008362,C02725,Daniel Khan | Australia | Basic,Electronics,590.1,3,2025-10-19,Mobile App,1770.3
ORD-008363,C02513,Sam Walker | Australia | Premium,Office Supplies,215.91,2,2026-05-19,Mobile App,431.82
ORD-008364,C00040,Zoe Hassan | United States | Basic,BOOKS,74.51,2,2025-11-25,Mobile App,149.02
ORD-008365,C02082,Sophia Mitchell | UAE | Premium,beauty ,161.65,2,2025-04-03,Mobile App,323.3
ORD-008366,C02944,Sara Garcia | Canada | Plus,Electronics,147.82,5,2026-01-29,Mobile App,739.1
ORD-008367,C00560,Sophia Smith | United States | Basic,Toys,166.14,2,2026-03-07,Website,332.28
ORD-008368,C00262,Alex Young | Australia | Premium,Books,189.22,1,2025-12-02,Retail Store,189.22
ORD-008369,C00565,Ethan Taylor | Germany | Basic,Office Supplies,166.31,2,2025-12-14,Mobile App,332.62
ORD-008370,C00290,Omar Carter | Canada | Plus,Books,461.29,3,2026-02-04,Website,1383.87
ORD-008371,C01225,Liam Moore | Canada | Basic,Sports,616.88,2,2026-05-16,Website,1233.76
ORD-008372,C01764,Henry Garcia | United Kingdom | Premium,Electronics,301.55,4,2025-03-01,Retail Store,1206.2
ORD-008373,C02434,Jack Lewis | UAE | Basic,Toys,261.67,1,2025-01-28,Website,261.67
ORD-008374,C00597,Nora Davis | Australia | Basic,Sports,202.14,6,2025-03-27,Marketplace,1212.84
ORD-008375,C00139,Emma Green | Germany | Premium,Office Supplies,557.64,3,2025-03-25,Website,1672.92
ORD-008376,C01302,Layla Johnson | Singapore | Basic,Books,516.71,6,2025-03-29,Mobile App,3100.26
ORD-008377,C01813,James Nelson | Australia | Plus,Home & Kitchen,175.16,6,2026-05-18,Mobile App,1050.96
ORD-008378,C00629,James Brown | Australia | Basic,Home & Kitchen,568.59,5,2026-03-28,Retail Store,2842.95
ORD-008379,C02220,Nora King | UAE | Basic,CLOTHING,616.87,5,2025-11-28,Website,3084.35
ORD-008380,C02779,Sara Green | Germany | Plus,Beauty,441.82,6,2025-05-01,Retail Store,2650.92
ORD-008381,C01777,Henry Hall | France | Plus,Toys & Games,630.98,2,2025-08-30,Marketplace,1261.96
ORD-008382,C02012,James Wilson | United Kingdom | Premium,Toys,278.64,3,2025-03-27,Retail Store,835.92
ORD-008383,C00488,Adam Thomas | UAE | Basic,Clothes,50.35,1,2026-02-26,Website,50.35
ORD-008384,C01383,Lina Hassan | United States | Premium,Electronics,575.36,1,2025-01-14,Retail Store,575.36
ORD-008385,C02189,Layla Baker | Singapore | Basic,Toys,455.83,1,2025-09-19,Website,455.83
ORD-008386,C02807,Noah Moore | United Kingdom | Plus,Office Supplies,156.18,1,2026-04-21,Website,156.18
ORD-008387,C00140,Lucas Moore | France | Basic,Beauty,318.01,2,2025-11-04,Retail Store,636.02
ORD-008388,C01158,Sara Anderson | Canada | Premium,Toys,631.01,6,2025-02-14,Retail Store,3786.06
ORD-008389,C01067,Sam Martin | Singapore | Plus,Office Supplies,369.55,1,2025-09-06,Mobile App,369.55
ORD-008390,C02816,Isla King | Australia | Plus,Clothing,55.66,1,2026-06-04,Marketplace,55.66
ORD-008391,C02316,Daniel Wright | Singapore | Basic,Office Supplies,386.57,1,2025-05-12,Marketplace,386.57
ORD-008392,C01980,Lucas Thomas | Australia | Basic,Clothing,57.29,4,2025-10-30,Website,229.16
ORD-008393,C00788,Henry Thomas | United Kingdom | Plus,Books,212.59,4,2026-02-19,Retail Store,850.36
ORD-008394,C00825,Olivia Adams | France | Basic,Home Kitchen,87.76,1,2026-01-29,Retail Store,87.76
ORD-008395,C00010,Ethan Young | Germany | Plus,Beauty,445.44,1,2026-03-01,Website,445.44
ORD-008396,C01409,Olivia Khan | Canada | Plus,Books,337.26,5,2026-01-11,Retail Store,1686.3
ORD-008397,C02466,Ella Lee | Australia | Basic,Home & Kitchen,573.31,5,2025-11-02,Website,2866.55
ORD-008398,C00237,Maya Miller | Singapore | Basic,Electronics,418.27,3,2025-08-04,Mobile App,1254.81
ORD-008399,C00454,Henry Hassan | United Kingdom | Plus,Office Supplies,100.3,2,2026-03-20,Marketplace,200.6
ORD-008400,C02387,Sophia Wilson | Germany | Plus,Home & Kitchen,482.6,6,2026-05-04,Website,2895.6
ORD-008401,C00813,Ethan Moore | France | Basic,TOYS,435.41,4,2026-06-19,Marketplace,1741.64
ORD-008402,C01013,Nora Anderson | UAE | Basic,Office Supply,45.73,5,2025-09-04,Retail Store,228.65
ORD-008403,C02743,James Anderson | UAE | Plus,Beauty,323.73,1,2025-07-10,Retail Store,323.73
ORD-008404,C00426,Liam Khan | Singapore | Basic,Sports,217.89,6,2026-06-12,Mobile App,1307.34
ORD-008405,C01343,Ryan Davis | Germany | Plus,Electronics,186.53,2,2025-07-08,Website,373.06
ORD-008406,C00481,Maya Walker | Singapore | Premium,Beauty,561.04,5,2025-07-07,Mobile App,2805.2
ORD-008407,C02406,Ethan Adams | Australia | Premium,Home & Kitchen,573.13,3,2026-04-25,Website,1719.39
ORD-008408,C02643,Leo Walker | Canada | Basic,Clothng,594.27,3,2025-08-03,Mobile App,1782.81
ORD-008409,C00383,Adam Taylor | Australia | Plus,Beauty,237.81,6,2025-10-28,Mobile App,1426.86
ORD-008410,C00577,Amelia Moore | UAE | Plus,Books,482.76,2,2025-07-07,Mobile App,965.52
ORD-008411,C00245,Chloe Johnson | Germany | Plus,Office Supplies,419.23,6,2025-01-26,Marketplace,2515.38
ORD-008412,C02965,Lucas Young | United Kingdom | Basic,ELECTRONICS,365.55,5,2025-10-04,Website,1827.75
ORD-008413,C02215,Amelia Green | France | Basic,Home & Kitchen,110.72,4,2025-08-08,Retail Store,442.88
ORD-008414,C02396,Leo Garcia | United Kingdom | Premium,Sports,612.44,6,2026-04-21,Mobile App,3674.64
ORD-008415,C02102,Liam Martin | Singapore | Basic,Clothing,192.96,2,2025-08-06,Marketplace,385.92
ORD-008416,C01738,Nora Hall | United Kingdom | Basic,OFFICE SUPPLIES,190.91,5,2025-12-20,Marketplace,954.55
ORD-008417,C02750,Ryan Mitchell | France | Basic,ELECTRONICS,276.65,3,2026-04-01,Marketplace,829.95
ORD-008418,C01505,Olivia Smith | France | Plus,Clothing,364.48,4,2025-02-09,Website,1457.92
ORD-008419,C02132,Sara Thomas | Singapore | Plus,Office  Supplies,217.04,6,2025-08-21,Website,1302.24
ORD-008420,C00022,Ella Khan | Australia | Basic,Toys,387.9,1,2025-04-09,Mobile App,387.9
ORD-008421,C02644,Mia Baker | Australia | Basic,Beauty,446.81,2,2025-08-22,Retail Store,893.62
ORD-008422,C00452,Olivia Lewis | United Kingdom | Basic,Home & Kitchen,307.38,5,2026-02-21,Marketplace,1536.9
ORD-008423,C00540,Lucas Lewis | Canada | Basic,Sports,329.87,6,2025-02-07,Retail Store,1979.22
ORD-008424,C02308,Nora Lee | Australia | Premium,Electroncs,303.57,3,2025-12-23,Mobile App,910.71
ORD-008425,C00808,Maya Thomas | UAE | Basic,Electronic Goods,452.28,2,2025-11-17,Website,904.56
ORD-008426,C00432,Sam Wright | UAE | Basic,Beauty,11.13,5,2025-02-21,Website,55.65
ORD-008427,C00477,Sophia Anderson | Singapore | Basic,BEAUTY,159.0,5,2025-04-19,Marketplace,795.0
ORD-008428,C02809,Isla Thomas | Germany | Basic,Beauty,562.7,2,2026-01-15,Website,1125.4
ORD-008429,C00424,Ella Lee | Singapore | Basic,electronic,457.73,1,2026-07-10,Marketplace,457.73
ORD-008430,C00202,Emma Ahmed | France | Basic,Toys,393.75,3,2025-08-20,Marketplace,1181.25
ORD-008431,C01621,Omar Taylor | United States | Premium,Home Kitchen,23.17,1,2025-04-11,Marketplace,23.17
ORD-008432,C02767,James Wright | Australia | Plus,Clothing,577.8,6,2026-07-19,Retail Store,3466.8
ORD-008433,C00047,Ryan Young | United Kingdom | Basic,Toys,526.13,2,2026-05-11,Marketplace,1052.26
ORD-008434,C01074,Alex Miller | Canada | Plus,Office Supples,169.09,4,2025-12-07,Mobile App,676.36
ORD-008435,C00569,Isla Mitchell | UAE | Premium,Book,177.11,5,2026-07-14,Retail Store,885.55
ORD-008436,C01635,Adam Baker | United States | Plus,Sports,26.64,4,2026-04-05,Retail Store,106.56
ORD-008437,C02330,Olivia King | UAE | Basic,Books,216.89,4,2026-04-21,Website,867.56
ORD-008438,C00299,Leo Taylor | France | Plus,Clothing,231.14,5,2026-03-04,Mobile App,1155.7
ORD-008439,C01377,Alex Patel | UAE | Plus,Books,633.48,6,2026-03-31,Marketplace,3800.88
ORD-008440,C00912,Ava Nelson | United States | Premium,Electronics,256.59,3,2025-12-20,Website,769.77
ORD-008441,C02273,Amelia Walker | UAE | Premium,Toys,418.66,2,2025-08-03,Mobile App,837.32
ORD-008442,C01306,Ethan Davis | United States | Basic,Electronics ,636.84,6,2025-04-02,Website,3821.04
ORD-008443,C00521,Olivia King | France | Premium,Office Supplies,600.94,5,2025-04-13,Retail Store,3004.7
ORD-008444,C00585,Omar Patel | Australia | Basic,Toys & Games,348.12,5,2025-06-27,Website,1740.6
ORD-008445,C01392,Lucas Johnson | United Kingdom | Basic,Toy,221.77,1,2025-07-18,Mobile App,221.77
ORD-008446,C02637,Alex Ahmed | Canada | Plus,Home & Kitchen,265.4,3,2026-02-08,Mobile App,796.2
ORD-008447,C02585,Jack Miller | Singapore | Premium,Beauty,37.08,5,2026-06-23,Retail Store,185.4
ORD-008448,C02613,Ethan Thomas | France | Plus,Toys,406.99,6,2026-02-28,Website,2441.94
ORD-008449,C00907,Lucas King | France | Basic,Home & Kitchen,32.83,6,2026-05-27,Marketplace,196.98
ORD-008450,C00134,Daniel Thomas | Canada | Basic,beauty ,381.48,5,2026-03-06,Marketplace,1907.4
ORD-008451,C02641,Alex Hall | Germany | Basic,Electronics,607.74,6,2025-09-13,Website,3646.44
ORD-008452,C02500,Isla Khan | Canada | Plus,Electronics,365.0,4,2026-07-24,Mobile App,1460.0
ORD-008453,C01298,Nora King | UAE | Plus,BOOKS,19.61,2,2026-01-22,Marketplace,39.22
ORD-008454,C00517,Omar Nelson | Singapore | Basic,Electronics,544.19,3,2026-02-03,Website,1632.57
ORD-008455,C00737,James Smith | UAE | Basic,Clothing & Apparel,312.74,2,2026-06-05,Website,625.48
ORD-008456,C00368,Layla Hassan | Germany | Basic,Toys ,447.3,1,2026-03-25,Mobile App,447.3
ORD-008457,C01810,Liam Johnson | Singapore | Basic,Sports,245.76,5,2026-05-20,Retail Store,1228.8
ORD-008458,C02415,Leo Johnson | United Kingdom | Premium,Office Supplies,487.04,3,2025-01-01,Marketplace,1461.12
ORD-008459,C00676,Sam Nelson | France | Plus,Beauty,630.99,1,2026-06-25,Mobile App,630.99
ORD-008460,C01799,Noah Hall | France | Basic,Beauty,250.0,1,2026-05-05,Retail Store,250.0
ORD-008461,C02086,Ryan Adams | France | Basic,Beauty Products,590.19,5,2026-03-23,Retail Store,2950.95
ORD-008462,C00602,Isla King | Germany | Basic,BEAUTY,74.69,3,2026-04-18,Retail Store,224.07
ORD-008463,C02075,Noah Patel | Germany | Basic,Electronics,353.81,5,2026-06-08,Mobile App,1769.05
ORD-008464,C01341,Sara Wright | Canada | Plus,TOYS,106.76,6,2025-10-31,Website,640.56
ORD-008465,C02481,Noah Wright | Singapore | Basic,Clothing,409.1,1,2026-04-30,Website,409.1
ORD-008466,C01947,Henry Walker | United Kingdom | Basic,Toys,251.9,5,2025-06-29,Mobile App,1259.5
ORD-008467,C01474,Sophia Davis | Singapore | Basic,Office Supplies,220.98,3,2025-12-11,Website,662.94
ORD-008468,C01079,Ryan Wright | Australia | Basic,Toys ,385.09,5,2025-08-23,Website,1925.45
ORD-008469,C01101,Ella Walker | Australia | Basic,Sprots,601.63,5,2025-12-20,Mobile App,3008.15
ORD-008470,C00649,Lucas Anderson | Canada | Basic,Home & Kitchen,75.57,2,2026-01-07,Mobile App,151.14
ORD-008471,C00192,Olivia Wilson | United States | Plus,Clothes,602.84,6,2026-01-13,Marketplace,3617.04
ORD-008472,C02228,Jack Ahmed | UAE | Basic,SPORTS,330.8,6,2025-02-15,Retail Store,1984.8
ORD-008473,C02046,Ava Mitchell | Singapore | Plus,Home & Kitchen,190.38,4,2026-01-08,Website,761.52
ORD-008474,C02103,Henry Ahmed | France | Plus,Toy,218.33,6,2026-02-26,Retail Store,1309.98
ORD-008475,C02737,Ryan King | Canada | Plus,Office Supplies,428.91,4,2025-05-09,Marketplace,1715.64
ORD-008476,C02757,Adam Patel | UAE | Plus,electronic,232.78,6,2026-01-21,Website,1396.68
ORD-008477,C01010,Amelia Taylor | Canada | Premium,Sports,174.5,4,2026-01-08,Website,698.0
ORD-008478,C00199,Ava Taylor | United States | Plus,Books,354.15,1,2026-01-02,Website,354.15
ORD-008479,C00040,Zoe Hassan | United States | Basic,Toys,627.53,1,2026-06-16,Marketplace,627.53
ORD-008480,C00977,Nora Baker | United Kingdom | Plus,Toys,345.59,3,2025-03-26,Marketplace,1036.77
ORD-008481,C02951,Jack Mitchell | France | Plus,Toys,626.01,5,2025-07-17,Marketplace,3130.05
ORD-008482,C00127,Ava Wright | Singapore | Plus,Books,601.88,5,2025-09-12,Marketplace,3009.4
ORD-008483,C00293,Amelia Green | Germany | Basic,Sprots,18.07,4,2026-06-19,Retail Store,72.28
ORD-008484,C00118,Amelia Wright | Singapore | Basic,SPORTS,534.72,2,2025-03-31,Marketplace,1069.44
ORD-008485,C00272,Maya Garcia | Canada | Plus,Home & Kitchen,413.26,4,2026-03-18,Website,1653.04
ORD-008486,C01592,Alex Hall | Australia | Basic,beauty ,59.45,6,2026-03-28,Retail Store,356.7
ORD-008487,C01120,Nora Khan | Canada | Basic,Toys,571.65,3,2025-11-02,Mobile App,1714.95
ORD-008488,C00001,Maya Taylor | United States | Basic,Clothing,350.0,1,2025-01-10,Website,350.0
ORD-008489,C00257,Lucas Taylor | United States | Basic,Beauty,450.22,1,2025-07-09,Website,450.22
ORD-008490,C00483,Lucas Khan | United States | Plus,Home and Kitchen,515.94,1,2026-07-03,Retail Store,515.94
ORD-008491,C00020,Sara Khan | Germany | Basic,electronic,112.38,3,2025-06-03,Retail Store,337.14
ORD-008492,C02613,Ethan Thomas | France | Plus,Toys,231.85,3,2025-11-13,Marketplace,695.55
ORD-008493,C00147,Nora Martin | Canada | Basic,Books & Media,315.08,6,2025-10-28,Mobile App,1890.48
ORD-008494,C02639,Chloe Johnson | United States | Plus,CLOTHING,88.31,2,2025-06-20,Website,176.62
ORD-008495,C00933,Amelia Johnson | Germany | Basic,Clothing & Apparel,311.02,1,2026-02-28,Marketplace,311.02
ORD-008496,C02789,Mia Lee | United Kingdom | Plus,Sports,105.17,2,2026-03-07,Website,210.34
ORD-008497,C02640,Zoe Khan | Australia | Premium,Sport,33.22,4,2025-12-17,Retail Store,132.88
ORD-008498,C01968,Ella Adams | United States | Basic,Books,278.55,6,2026-03-10,Mobile App,1671.3
ORD-008499,C00480,Isla Lewis | Singapore | Basic,Book,369.7,6,2025-11-10,Marketplace,2218.2
ORD-008500,C01966,Adam Hall | Australia | Basic,Home & Kitchen,375.36,6,2025-08-17,Retail Store,2252.16
ORD-008501,C02985,Adam Ahmed | UAE | Plus,Home & Kitchen,248.81,3,2025-06-24,Retail Store,746.43
ORD-008502,C02191,Lucas Clark | United States | Basic,Home & Ktchen,437.33,3,2026-01-10,Marketplace,1311.99
ORD-008503,C02698,Omar Moore | United States | Basic,Electronics ,197.31,6,2026-04-12,Website,1183.86
ORD-008504,C00050,Sophia Patel | Canada | Basic,Book,319.21,1,2025-07-14,Mobile App,319.21
ORD-008505,C01876,Ava Thomas | Canada | Plus,Clothing,73.81,1,2025-06-24,Retail Store,73.81
ORD-008506,C02865,Layla Green | France | Premium,Home & Kitchen,338.93,5,2025-12-14,Marketplace,1694.65
ORD-008507,C01833,Chloe Ahmed | UAE | Plus,Electronics,70.0,1,2025-03-30,Marketplace,70.0
ORD-008508,C02349,Mia Lee | France | Basic,Boks,452.97,3,2025-11-29,Mobile App,1358.91
ORD-008509,C01480,Yusuf Taylor | France | Basic,Sports,200.64,5,,Retail Store,1003.2
ORD-008510,C01465,Sara King | France | Basic,Clothes,624.03,3,2025-01-04,Website,1872.09
ORD-008511,C02995,Lucas Anderson | UAE | Basic,Clothing,428.06,2,2026-06-15,Mobile App,856.12
ORD-008512,C00473,Isla Davis | UAE | Premium,Clothing & Apparel,504.2,5,2026-03-13,Mobile App,2521.0
ORD-008513,C00048,Lina Walker | United States | Premium,Sport,315.08,6,2026-05-05,Mobile App,1890.48
ORD-008514,C02692,Mia Garcia | Singapore | Plus,Clothing,592.72,5,2025-08-23,Mobile App,2963.6
ORD-008515,C02297,Noah Wright | Singapore | Basic,Clothing,639.86,5,2025-02-04,Mobile App,3199.3
ORD-008516,C01592,Alex Hall | Australia | Basic,Sports,275.78,6,2025-08-13,Marketplace,1654.68
ORD-008517,C01207,Amelia Wright | Australia | Basic,Books,319.37,6,2026-04-04,Marketplace,1916.22
ORD-008518,C01307,Ethan Brown | United States | Basic,Books,358.67,5,2025-06-24,Mobile App,1793.35
ORD-008519,C00988,Ethan Clark | United Kingdom | Premium,Books,293.99,1,2026-05-30,Marketplace,293.99
ORD-008520,C01988,Adam Walker | United Kingdom | Premium,Boks,100.15,5,2026-05-25,Mobile App,500.75
ORD-008521,C02292,Maya Clark | Australia | Basic,Beauty,645.5,5,2026-04-09,Retail Store,3227.5
ORD-008522,C02149,Jack Carter | United States | Basic,Electronics,497.52,5,2025-02-16,Marketplace,2487.6
ORD-008523,C00500,Mia Hall | United Kingdom | Basic,Sports,381.69,4,2025-06-11,Mobile App,1526.76
ORD-008524,C00833,Omar Martin | UAE | Basic,Toys & Games,177.77,2,2026-06-01,Retail Store,355.54
ORD-008525,C00696,James Thomas | UAE | Basic,Sports,427.57,2,2025-06-03,Marketplace,855.14
ORD-008526,C02898,Ryan Thomas | United States | Plus,BOOKS,357.55,5,2025-04-19,Marketplace,1787.75
ORD-008527,C01526,Lucas Lee | United Kingdom | Plus,Office Supplies,302.49,6,2026-06-29,Retail Store,1814.94
ORD-008528,C02236,Nora Young | Canada | Plus,Electronics,302.06,6,2025-11-17,Website,1812.36
ORD-008529,C00505,Leo Smith | Germany | Premium,Clothing,531.6,4,2026-06-24,Retail Store,2126.4
ORD-008530,C00348,Sara Davis | Germany | Basic,Electroncs,494.96,1,2025-01-02,Website,494.96
ORD-008531,C01006,Sara Thomas | UAE | Basic,Clothes,312.57,6,2025-04-11,Retail Store,1875.42
ORD-008532,C02602,James Khan | United Kingdom | Basic,Beauty,90.3,2,2025-11-10,Retail Store,180.6
ORD-008533,C02857,Olivia Wilson | France | Basic,Sports,468.6,1,2025-02-12,Mobile App,468.6
ORD-008534,C02490,Mia Martin | Canada | Basic,Books & Media,244.56,6,2026-01-03,Mobile App,1467.36
ORD-008535,C02065,Lina Mitchell | Singapore | Plus,Home & Kitchen,411.67,4,2026-04-22,Mobile App,1646.68
ORD-008536,C01924,Henry Walker | UAE | Plus,Electronics,82.48,5,2026-06-11,Retail Store,412.4
ORD-008537,C00513,Olivia Khan | France | Basic,Home & Kitchen,447.82,2,2025-09-09,Retail Store,895.64
ORD-008538,C00009,Sam Clark | United Kingdom | Basic,Toy,552.81,4,2026-06-02,Marketplace,2211.24
ORD-008539,C01030,Sophia Ahmed | Australia | Basic,Office Supplies,163.24,5,2026-04-08,Mobile App,816.2
ORD-008540,C00810,Omar Walker | Singapore | Basic,Beauty,553.94,4,2025-10-13,Website,2215.76
ORD-008541,C01899,Yusuf Moore | United Kingdom | Basic,BEAUTY,146.85,3,2026-06-07,Marketplace,440.55
ORD-008542,C01576,Sophia Patel | France | Premium,SPORTS,330.47,2,2026-05-16,Marketplace,660.94
ORD-008543,C02878,Ryan Hall | Germany | Basic,SPORTS,95.43,3,2025-02-23,Marketplace,286.29
ORD-008544,C00069,Leo Walker | Australia | Plus,Beauty,541.58,5,2025-12-28,Website,2707.9
ORD-008545,C02291,James Hall | Australia | Plus,Sports & Fitness,190.7,6,2025-02-28,Mobile App,1144.2
ORD-008546,C01851,Nora Nelson | UAE | Basic,Sports,122.93,5,2026-01-29,Mobile App,614.65
ORD-008547,C01405,Henry Davis | United States | Basic,Beauty,246.19,4,2026-01-11,Marketplace,984.76
ORD-008548,C00356,Henry Baker | United States | Plus,BEAUTY,606.95,2,2026-06-04,Retail Store,1213.9
ORD-008549,C00132,Maya Mitchell | Australia | Basic,Electronics,283.31,2,2025-04-01,Mobile App,566.62
ORD-008550,C02469,Daniel King | United States | Basic,Beauty,384.38,2,2026-06-01,Retail Store,768.76
ORD-008551,C02933,Layla Brown | France | Premium,Boks,421.52,6,2025-12-03,Website,2529.12
ORD-008552,C00658,Daniel Miller | Singapore | Plus,Beauty,448.82,6,2025-01-03,Retail Store,2692.92
ORD-008553,C02189,Layla Baker | Singapore | Basic,Toys,604.28,4,2026-02-18,Marketplace,2417.12
ORD-008554,C01183,Olivia Young | France | Premium,Beauty Products,31.65,4,2026-05-16,Website,126.6
ORD-008555,C00948,Liam Adams | United Kingdom | Premium,Clothes,107.71,5,2025-08-29,Mobile App,538.55
ORD-008556,C00361,Maya Moore | United States | Basic,Beauty,328.98,5,2025-04-30,Website,1644.9
ORD-008557,C02082,Sophia Mitchell | UAE | Premium,Toys & Games,230.56,1,2025-05-11,Mobile App,230.56
ORD-008558,C00309,Chloe Johnson | United States | Plus,Home and Kitchen,593.98,0,2025-12-28,Retail Store,2375.92
ORD-008559,C01109,Mia Brown | Germany | Basic,Books,325.04,6,2026-01-31,Marketplace,1950.24
ORD-008560,C01402,Olivia Taylor | Canada | Premium,Electronics,429.53,3,2025-10-01,Mobile App,1288.59
ORD-008561,C01043,Daniel Adams | Canada | Plus,Beauty,97.97,5,2025-11-23,Website,489.85
ORD-008562,C02195,Leo Lewis | Australia | Basic,Clothing & Apparel,58.48,1,2025-11-10,Marketplace,58.48
ORD-008563,C01845,Mia Nelson | Australia | Basic,CLOTHING,448.68,0,2026-03-10,Marketplace,448.68
ORD-008564,C00883,Emma Moore | UAE | Basic,BOOKS,200.44,3,2025-06-06,Mobile App,601.32
ORD-008565,C02053,Lucas Nelson | UAE | Premium,Electroncs,105.85,6,2025-01-03,Mobile App,710.1
ORD-008566,C02334,Ella Walker | United Kingdom | Basic,Office Supply,486.96,6,2025-10-24,Website,2921.76
ORD-008567,C01322,Leo Clark | France | Plus,Office Supplies,536.77,6,2026-07-22,Retail Store,3220.62
ORD-008568,C02742,Ryan Martin | Singapore | Plus,Sprots,112.25,3,2025-04-13,Retail Store,336.75
ORD-008569,C01617,Nora Young | Canada | Premium,Home & Kitchen,574.54,6,2026-04-03,Retail Store,3447.24
ORD-008570,C00821,Chloe Wilson | Singapore | Basic,Electronics,582.68,5,2026-03-09,Retail Store,2913.4
ORD-008571,C02947,Emma Wilson | France | Basic,Clothing,430.87,6,2025-03-20,Marketplace,2585.22
ORD-008572,C01904,Ryan Moore | UAE | Basic,Home and Kitchen,59.21,2,2026-06-17,Retail Store,118.42
ORD-008573,C02282,Omar Mitchell | United States | Basic,Beautyy,462.1,5,2026-01-01,Marketplace,2310.5
ORD-008574,C00495,Zoe Taylor | Germany | Basic,Clothing,570.98,6,2025-09-08,Marketplace,3425.88
ORD-008575,C01656,Nora Davis | United States | Basic,Toys,332.76,1,2026-07-08,Website,332.76
ORD-008576,C01065,Layla Miller | Canada | Plus,Electronics,477.05,2,2025-05-12,Retail Store,954.1
ORD-008577,C02852,Daniel Davis | United States | Premium,Books,58.96,1,2025-05-05,Website,58.96
ORD-008578,C01498,Olivia Carter | France | Plus,Toys ,158.78,4,2025-05-04,Website,635.12
ORD-008579,C00108,Sophia Lee | Singapore | Plus,Books,300.69,3,2025-07-16,Mobile App,902.07
ORD-008580,C02121,Jack Smith | France | Basic,Home & Ktchen,19.9,3,2025-10-20,Retail Store,59.7
ORD-008581,C01663,Ella Clark | Canada | Premium,Toys,185.06,4,2025-09-28,Retail Store,740.24
ORD-008582,C00357,Layla Hassan | Canada | Basic,Clothes,80.76,1,2025-11-24,Mobile App,80.76
ORD-008583,C02352,Ryan Patel | Singapore | Basic,Office Supply,300.35,1,2025-07-27,Website,300.35
ORD-008584,C01121,Ava Hassan | UAE | Premium,Sport,604.62,1,2025-03-13,Mobile App,604.62
ORD-008585,C02066,Sophia Patel | Singapore | Plus,OFFICE SUPPLIES,590.61,1,2025-07-15,Website,590.61
ORD-008586,C02608,Ava Adams | Australia | Premium,Electronic Goods,575.02,6,2025-04-18,Retail Store,3450.12
ORD-008587,C00925,Amelia Adams | Singapore | Basic,Clothes,593.79,6,2026-05-17,Website,3562.74
ORD-008588,C01960,Lucas Lewis | France | Basic,Office Supplies,283.0,1,2025-10-23,Website,283.0
ORD-008589,C00324,Jack Smith | France | Plus,Toys ,369.73,3,2025-07-20,Marketplace,1109.19
ORD-008590,C01473,Isla Smith | United Kingdom | Premium,Books,96.95,4,2025-02-01,Mobile App,387.8
ORD-008591,C02028,Mia Brown | Germany | Premium,Beauty,637.19,3,2026-03-16,Website,1911.57
ORD-008592,C01605,Leo Brown | Canada | Plus,SPORTS,210.39,6,2025-04-19,Marketplace,1262.34
ORD-008593,C02268,Daniel King | Australia | Basic,Home Kitchen,594.41,1,2025-06-23,Retail Store,594.41
ORD-008594,C00113,Liam Davis | United Kingdom | Basic,Sports,467.19,3,2025-12-27,Retail Store,1401.57
ORD-008595,C01631,Sara Wilson | United Kingdom | Basic,Home Kitchen,238.84,1,2025-05-24,Retail Store,238.84
ORD-008596,C00709,Henry Clark | United Kingdom | Plus,Sport,531.57,4,2025-11-14,Mobile App,2126.28
ORD-008597,C01330,Lucas Adams | United Kingdom | Plus,Books,621.85,5,2025-02-27,Website,3109.25
ORD-008598,C01308,Lina Johnson | Australia | Plus,Beauty,14.54,6,2025-10-31,Retail Store,87.24
ORD-008599,C02319,Olivia Ahmed | UAE | Plus,Sports,128.15,5,2026-05-12,Marketplace,640.75
ORD-008600,C01834,Henry King | France | Basic,HOME & KITCHEN,447.06,6,2026-02-14,Marketplace,2682.36
ORD-008601,C02340,Chloe Khan | France | Plus,Home & Kitchen,234.07,3,2025-08-20,Mobile App,702.21
ORD-008602,C02911,Ava Garcia | Singapore | Premium,Sports,415.15,3,2025-04-26,Marketplace,1245.45
ORD-008603,C00652,Henry Moore | UAE | Plus,Office Supplies,218.43,6,2025-04-16,Marketplace,1310.58
ORD-008604,C02464,Lina Martin | United States | Premium,Toys,579.73,3,2026-07-10,Mobile App,1739.19
ORD-008605,C01976,Zoe Patel | Germany | Plus,Sports,22.56,2,2025-04-28,Retail Store,45.12
ORD-008606,C02080,Amelia Mitchell | United States | Plus,Sport,115.33,3,2025-05-03,Marketplace,345.99
ORD-008607,C00074,Lina Ahmed | France | Basic,Books,14.84,1,2025-01-21,Retail Store,14.84
ORD-008608,C02017,Adam Nelson | Australia | Basic,ELECTRONICS,325.11,6,2026-02-13,Mobile App,1950.66
ORD-008609,C01098,Zoe Taylor | United States | Plus,Electronics,367.02,2,2025-08-09,Website,734.04
ORD-008610,C00127,Ava Wright | Singapore | Plus,Beauty,341.93,2,2025-06-06,Mobile App,683.86
ORD-008611,C01299,Lucas Anderson | UAE | Premium,Office Supplies,465.72,2,2026-02-14,Retail Store,931.44
ORD-008612,C00647,Jack Brown | United States | Plus,Home & Kitchen,321.99,3,2025-03-19,Marketplace,965.97
ORD-008613,C01854,Sara Thomas | United Kingdom | Basic,Office Supplies,620.16,1,2025-12-03,Mobile App,620.16
ORD-008614,C01663,Ella Clark | Canada | Premium,Sport,502.46,5,2025-02-13,Mobile App,2512.3
ORD-008615,C01609,Olivia Lewis | Canada | Basic,Home & Ktchen,569.25,5,2025-09-03,Retail Store,2846.25
ORD-008616,C02195,Leo Lewis | Australia | Basic,Beauty,338.51,5,2025-07-12,Mobile App,1692.55
ORD-008617,C01687,Noah Mitchell | Germany | Basic,Home & Kitchen,76.86,4,2026-07-16,Mobile App,307.44
ORD-008618,C00043,Lucas Carter | United States | Basic,Electroncs,411.65,1,2026-01-24,Marketplace,411.65
ORD-008619,C01031,Jack Taylor | Australia | Basic,Home & Kitchen,267.23,5,2026-05-12,Marketplace,1336.15
ORD-008620,C02135,Sophia Hassan | UAE | Basic,Beautyy,298.82,5,2026-07-04,Mobile App,1494.1
ORD-008621,C02801,Lucas Patel | Canada | Basic,Sprots,648.85,1,2025-09-07,Website,648.85
ORD-008622,C00532,Sara Moore | United States | Basic,Home & Kitchen,-161.45,4,2025-06-08,Website,645.8
ORD-008623,C02189,Layla Baker | Singapore | Basic,Sport,556.48,1,2026-01-22,Mobile App,556.48
ORD-008624,C00582,Yusuf Smith | UAE | Premium,Office Supplies,157.2,4,2025-03-31,Website,628.8
ORD-008625,C00064,Liam King | Australia | Basic,Beauty,342.03,3,2025-04-25,Retail Store,1026.09
ORD-008626,C00391,Zoe Ahmed | Australia | Basic,Home & Kitchen,642.71,4,2026-07-25,Marketplace,2570.84
ORD-008627,C01960,Lucas Lewis | France | Basic,Electronics,488.81,5,2026-02-22,Retail Store,2444.05
ORD-008628,C00443,Zoe Brown | United States | Basic,Toys,285.61,6,2025-09-03,Website,1713.66
ORD-008629,C00679,Jack Clark | Singapore | Basic,TOYS,402.3,4,2025-02-17,Mobile App,1609.2
ORD-008630,C00568,Sophia Ahmed | United States | Basic,Office Supples,369.22,2,2026-02-21,Retail Store,738.44
ORD-008631,C01575,Daniel Miller | United States | Basic,Beauty,51.29,5,2026-04-13,Marketplace,256.45
ORD-008632,C00276,Emma Wilson | Germany | Basic,Beauty,470.04,2,2025-03-15,Retail Store,940.08
ORD-008633,C01413,Mia Moore | Australia | Basic,Toys,37.19,3,2026-07-01,Mobile App,111.57
ORD-008634,C00534,Adam Davis | Singapore | Plus,ELECTRONICS,324.83,3,2025-08-14,Website,974.49
ORD-008635,C00390,Liam Smith | United Kingdom | Basic,Beauty,25.28,6,2026-04-03,Marketplace,151.68
ORD-008636,C02089,Sara Patel | United States | Basic,Beauty,636.37,5,2025-08-10,Marketplace,3181.85
ORD-008637,C01718,Mia Thomas | United States | Plus,Office Supplies,443.96,4,2025-03-06,Website,1775.84
ORD-008638,C00448,Liam Green | United States | Plus,Books & Media,478.37,2,2025-05-24,Retail Store,956.74
ORD-008639,C00709,Henry Clark | United Kingdom | Plus,Beauty,528.33,5,2026-07-05,Website,2641.65
ORD-008640,C02519,Daniel Garcia | Germany | Basic,Electroncs,518.24,3,2025-03-18,Retail Store,1554.72
ORD-008641,C01162,Daniel Hassan | United Kingdom | Plus,Toys,646.75,1,2026-07-04,Retail Store,646.75
ORD-008642,C01969,Layla Moore | Germany | Basic,Sports,160.84,3,2026-07-02,Marketplace,482.52
ORD-008643,C00262,Alex Young | Australia | Premium,Clothing,385.67,3,2025-07-07,Website,1157.01
ORD-008644,C00554,Layla Walker | France | Premium,Electronics,467.22,4,2026-02-15,Marketplace,1868.88
ORD-008645,C00433,Liam Hall | Germany | Basic,Clothing,323.62,3,2025-06-13,Mobile App,970.86
ORD-008646,C02748,Zoe Miller | France | Basic,Books,284.05,6,2026-03-05,Marketplace,1704.3
ORD-008647,C01795,Zoe Taylor | Canada | Basic,Book,520.71,3,2025-01-08,Mobile App,1562.13
ORD-008648,C00985,Ethan Miller | Canada | Basic,Clothing,332.11,4,2025-02-18,Website,1328.44
ORD-008649,C01314,James Khan | Australia | Premium,Beauty,231.94,4,2026-02-07,Website,927.76
ORD-008650,C01010,Amelia Taylor | Canada | Premium,Electronics,570.8,3,2026-05-29,Marketplace,1712.4
ORD-008651,C01674,Zoe Ahmed | Canada | Plus,SPORTS,407.21,6,2026-03-01,Mobile App,2443.26
ORD-008652,C00542,Zoe Taylor | United States | Plus,Beauty,398.18,1,2025-12-11,Retail Store,398.18
ORD-008653,C01543,Layla Lee | Canada | Premium,Sport,147.92,3,2025-09-11,Retail Store,443.76
ORD-008654,C00285,Alex Hall | Germany | Basic,Beauty,646.24,2,2026-03-23,Website,1292.48
ORD-008655,C02487,Noah Miller | United States | Premium,Sprots,467.03,4,2026-04-24,Website,1868.12
ORD-008656,C01624,Daniel Lee | UAE | Basic,Home and Kitchen,566.37,4,2025-02-18,Website,2265.48
ORD-008657,C02249,Ella Garcia | United Kingdom | Basic,OFFICE SUPPLIES,271.87,1,2026-01-29,Mobile App,271.87
ORD-008658,C01094,Isla Martin | Germany | Basic,Home & Kitchen,252.84,3,2025-06-18,Marketplace,758.52
ORD-008659,C00525,Noah Martin | Canada | Basic,OFFICE SUPPLIES,29.85,2,2026-03-30,Marketplace,59.7
ORD-008660,C00731,Leo Smith | France | Plus,Office Supplies,605.97,4,2025-03-06,Mobile App,2423.88
ORD-008661,C01799,Noah Hall | France | Basic,CLOTHING,528.89,4,2026-07-25,Retail Store,2115.56
ORD-008662,C01808,Amelia Hall | France | Basic,Home & Kitchen,272.77,2,2026-06-30,Mobile App,545.54
ORD-008663,C01537,Sara Wright | Australia | Basic,HOME & KITCHEN,583.52,3,2025-01-12,Retail Store,1750.56
ORD-008664,C02825,Chloe Nelson | Canada | Plus,Electronics,244.38,2,2026-06-25,Mobile App,488.76
ORD-008665,C02286,James Adams | United Kingdom | Plus,Home & Ktchen,36.59,4,2025-11-30,Mobile App,146.36
ORD-008666,C00966,Nora Baker | Australia | Plus,Books,623.6,1,2025-06-25,Mobile App,623.6
ORD-008667,C00137,Ella Smith | Canada | Premium,Home & Kitchen,53.39,2,2025-01-26,Mobile App,106.78
ORD-008668,C00610,Liam Mitchell | Australia | Basic,Sports,606.67,6,2026-05-14,Mobile App,3680.02
ORD-008669,C01715,Ava Hassan | France | Plus,Sports,133.29,5,2025-08-16,Website,666.45
ORD-008670,C00050,Sophia Patel | Canada | Basic,BEAUTY,356.25,2,2025-11-27,Mobile App,712.5
ORD-008671,C00492,Alex Wilson | Germany | Premium,Beauty,257.56,1,2025-05-22,Mobile App,257.56
ORD-008672,C01109,Mia Brown | Germany | Basic,Home & Kitchen,484.48,3,2026-02-19,Website,1453.44
ORD-008673,C00089,Isla Davis | United Kingdom | Basic,Toys,447.23,5,2026-05-31,Mobile App,2236.15
ORD-008674,C01027,Alex Taylor | Australia | Basic,Office Supply,23.69,5,2025-06-23,Website,118.45
ORD-008675,C00717,Sam Martin | Germany | Plus,Office Supplies,397.39,6,2025-01-23,Marketplace,2384.34
ORD-008676,C01292,Sam Lee | Canada | Plus,Electroncs,127.29,5,2025-06-23,Retail Store,636.45
ORD-008677,C02957,Sara Hassan | France | Basic,Beauty,534.51,2,2026-05-18,Mobile App,1069.02
ORD-008678,C01358,Ava Young | Germany | Plus,Sports,456.05,2,2026-05-17,Marketplace,912.1
ORD-008679,C01296,Leo Khan | Singapore | Plus,Sports,55.76,1,2025-07-10,Retail Store,55.76
ORD-008680,C02222,Isla Thomas | United States | Basic,Books & Media,594.7,1,2026-07-04,Marketplace,594.7
ORD-008681,C01706,Layla Anderson | Canada | Plus,Books,13.56,6,2025-12-06,Mobile App,81.36
ORD-008682,C00482,Isla King | UAE | Basic,beauty ,160.95,5,2026-06-29,Mobile App,804.75
ORD-008683,C01841,Jack Garcia | UAE | Basic,Electronics,631.58,3,2025-11-08,Marketplace,1894.74
ORD-008684,C01849,Ava Ahmed | United Kingdom | Premium,Sports,484.27,5,2025-10-07,Website,2421.35
ORD-008685,C00890,Yusuf Martin | Singapore | Plus,Beauty,609.31,4,2025-03-15,Retail Store,2437.24
ORD-008686,C00751,Alex Anderson | Singapore | Basic,Clothing,612.11,1,2026-07-20,Website,612.11
ORD-008687,C02447,Lucas Nelson | UAE | Basic,Office Supplies,131.1,6,2025-09-26,Marketplace,786.6
ORD-008688,C01365,Omar Thomas | Singapore | Plus,Beauty Products,235.99,3,2025-06-01,Marketplace,707.97
ORD-008689,C00597,Nora Davis | Australia | Basic,Electronics,446.08,4,2025-07-26,Website,1784.32
ORD-008690,C02642,Noah Adams | Australia | Plus,Office Supples,80.54,6,2025-05-04,Retail Store,483.24
ORD-008691,C02874,Alex Clark | France | Basic,Toys,530.04,6,2025-12-13,Marketplace,3180.24
ORD-008692,C02939,Ella Hassan | Canada | Plus,Electronics,532.21,2,2025-01-09,Mobile App,1064.42
ORD-008693,C02904,Mia Anderson | France | Basic,Toys & Games,641.39,5,2026-03-05,Marketplace,3206.95
ORD-008694,C00421,Emma Green | United Kingdom | Basic,Beauty,549.78,1,2026-05-16,Website,549.78
ORD-008695,C02915,Lina Mitchell | UAE | Premium,Beauty,20.76,6,2025-08-27,Mobile App,124.56
ORD-008696,C00241,Adam Lewis | United States | Plus,Electronics,147.5,1,2025-01-13,Website,147.5
ORD-008697,C00449,Liam Smith | UAE | Basic,electronic,372.02,1,2025-06-27,Mobile App,372.02
ORD-008698,C00461,Sara Garcia | Australia | Basic,Electronics,549.47,5,2026-06-27,Retail Store,2747.35
ORD-008699,C02096,Ethan King | Australia | Premium,Home & Kitchen,75.03,3,2026-05-31,Mobile App,225.09
ORD-008700,C01743,Mia Carter | Singapore | Premium,Clothing,520.72,1,2026-02-08,Mobile App,520.72
ORD-008701,C01153,Leo Ahmed | United Kingdom | Basic,Beauty,583.66,6,2026-01-13,Mobile App,3501.96
ORD-008702,C02090,James Martin | Germany | Plus,Office Supplies,618.57,4,2025-04-02,Marketplace,2474.28
ORD-008703,C02716,Amelia Hall | Australia | Plus,Books,598.69,2,2025-02-22,Marketplace,1197.38
ORD-008704,C02249,Ella Garcia | United Kingdom | Basic,Sprots,341.71,6,2026-04-26,Website,2050.26
ORD-008705,C02854,Sophia Davis | UAE | Premium,Clothng,219.12,4,2025-09-18,Retail Store,876.48
ORD-008706,C00879,Sophia Davis | UAE | Premium,Beauty,648.45,2,2026-02-06,Retail Store,1296.9
ORD-008707,C00238,Amelia Khan | Australia | Basic,Books,172.19,5,2025-10-01,Mobile App,860.95
ORD-008708,C00753,Lina Baker | Australia | Plus,ELECTRONICS,16.85,1,2025-10-26,Mobile App,16.85
ORD-008709,C00402,Maya Hall | France | Plus,Electronics ,419.25,4,,Website,1677.0
ORD-008710,C01765,Ryan Ahmed | Germany | Premium,Office Supply,469.54,3,2025-01-12,Mobile App,1408.62
ORD-008711,C01119,Emma Young | United Kingdom | Basic,HOME & KITCHEN,145.88,5,2025-12-23,Website,729.4
ORD-008712,C02063,James Green | United States | Basic,Electronics,139.12,2,2025-12-25,Retail Store,278.24
ORD-008713,C01162,Daniel Hassan | United Kingdom | Plus,Home & Kitchen,494.87,5,2025-05-06,Mobile App,2474.35
ORD-008714,C01026,Daniel Taylor | Canada | Basic,Beautyy,337.81,6,2026-01-06,Website,2026.86
ORD-008715,C02696,Omar Taylor | Germany | Basic,Books,371.89,2,2025-01-10,Marketplace,743.78
ORD-008716,C00916,Henry Garcia | UAE | Plus,Office Supplies,467.59,6,2025-04-19,Marketplace,2805.54
ORD-008717,C02698,Omar Moore | United States | Basic,CLOTHING,362.28,2,2026-05-10,Retail Store,724.56
ORD-008718,C02254,Henry Baker | United States | Basic,Book,342.77,1,2025-04-15,Retail Store,342.77
ORD-008719,C00522,Alex Ahmed | France | Basic,Beauty,135.22,6,2026-02-08,Mobile App,811.32
ORD-008720,C01067,Sam Martin | Singapore | Plus,Sport,83.63,6,2025-03-28,Retail Store,501.78
ORD-008721,C02747,James Clark | Germany | Basic,Sport,212.85,5,2025-08-23,Mobile App,1064.25
ORD-008722,C02428,Maya Miller | United States | Basic,CLOTHING,473.48,3,2025-01-29,Marketplace,1420.44
ORD-008723,C02984,Daniel Martin | United States | Basic,Clothing,255.42,6,2025-05-24,Website,1532.52
ORD-008724,C02269,Ethan Patel | Australia | Plus,Beauty,560.58,1,2026-02-05,Mobile App,560.58
ORD-008725,C01759,Amelia Baker | United States | Basic,Toys,366.16,1,2025-11-03,Marketplace,366.16
ORD-008726,C01934,Sam Brown | United States | Plus,Toys ,321.22,6,2026-05-20,Retail Store,1927.32
ORD-008727,C02804,Ella Johnson | Canada | Plus,Beauty,611.3,4,2025-08-12,Mobile App,2445.2
ORD-008728,C00812,Adam Brown | Singapore | Plus,CLOTHING,213.3,2,2026-07-24,Website,426.6
ORD-008729,C01257,Ethan Clark | Canada | Basic,Toy,114.62,3,2025-11-26,Website,343.86
ORD-008730,C01014,Maya Thomas | Germany | Basic,Home Kitchen,395.64,2,2025-12-10,Mobile App,791.28
ORD-008731,C00266,Nora Green | Germany | Premium,Sports,551.73,3,2025-03-10,Marketplace,1655.19
ORD-008732,C02963,Yusuf Wilson | Germany | Plus,Clothes,56.29,3,2025-10-01,Mobile App,168.87
ORD-008733,C00261,Chloe Walker | UAE | Plus,beauty ,271.31,6,2025-03-22,Retail Store,1627.86
ORD-008734,C02817,Jack King | Canada | Basic,Sports,297.82,3,2026-03-14,Marketplace,893.46
ORD-008735,C01236,Sara Mitchell | Singapore | Plus,Beauty,430.31,5,2026-02-07,Website,2151.55
ORD-008736,C00481,Maya Walker | Singapore | Premium,Boks,73.56,6,2026-03-10,Website,441.36
ORD-008737,C02206,Lucas Clark | United States | Basic,Home & Ktchen,198.86,4,2025-12-11,Mobile App,795.44
ORD-008738,C01453,Noah Patel | Germany | Basic,Book,610.05,5,2026-02-18,Website,3050.25
ORD-008739,C02642,Noah Adams | Australia | Plus,Clothing,239.57,5,2025-04-24,Website,1197.85
ORD-008740,C00201,Omar Smith | Singapore | Premium,ELECTRONICS,17.08,2,2025-04-29,Marketplace,34.16
ORD-008741,C01211,Maya Martin | United States | Premium,Office Supplies,304.93,3,2026-04-22,Website,914.79
ORD-008742,C01016,Sam Hall | Canada | Plus,Office Supplies,64.28,1,2025-11-13,Mobile App,64.28
ORD-008743,C02839,Ethan Young | Singapore | Plus,Office Supplies,134.58,1,2026-01-30,Retail Store,134.58
ORD-008744,C00038,Emma Smith | France | Premium,Toys,459.12,5,2026-04-29,Website,2295.6
ORD-008745,C01440,Omar Hassan | Germany | Basic,Books & Media,223.77,6,2025-03-04,Retail Store,1342.62
ORD-008746,C02344,Emma Hall | Singapore | Plus,Clothng,644.39,6,2025-04-21,Marketplace,3866.34
ORD-008747,C00728,Ryan Young | Singapore | Plus,Books,209.0,6,2025-03-02,Website,1254.0
ORD-008748,C00417,Ava Ahmed | Canada | Plus,TOYS,223.82,1,2026-02-05,Marketplace,223.82
ORD-008749,C01143,Daniel Wright | United States | Basic,Sports & Fitness,112.96,4,2025-01-16,Website,451.84
ORD-008750,C01017,James Carter | Germany | Basic,Electronics,232.95,6,2025-06-24,Website,1397.7
ORD-008751,C02158,Sophia Thomas | United Kingdom | Basic,Beauty,563.11,1,2026-01-23,Mobile App,563.11
ORD-008752,C00274,Leo Green | United Kingdom | Basic,Home & Kitchen,134.75,4,2026-06-06,Retail Store,539.0
ORD-008753,C02030,Sara Walker | Australia | Basic,Toys,183.76,3,2025-06-03,Website,551.28
ORD-008754,C02439,Sam Young | Germany | Basic,Home & Kitchen,252.99,1,2025-05-28,Website,252.99
ORD-008755,C02047,Adam Hall | Singapore | Plus,Books,478.95,4,2025-07-21,Mobile App,1915.8
ORD-008756,C00060,Adam Walker | Australia | Basic,Electronic Goods,433.12,2,2025-01-23,Mobile App,866.24
ORD-008757,C02556,Chloe Ahmed | France | Basic,Home & Kitchen,233.51,2,2025-11-15,Mobile App,467.02
ORD-008758,C02077,Zoe Young | United Kingdom | Basic,Sports & Fitness,365.83,6,2025-04-23,Mobile App,2194.98
ORD-008759,C00472,Olivia Ahmed | Australia | Basic,Electronics,568.94,4,2025-03-29,Mobile App,2275.76
ORD-008760,C02803,Maya Nelson | United States | Plus,Book,459.04,2,2025-07-22,Retail Store,918.08
ORD-008761,C00030,Olivia Adams | Australia | Plus,Beauty,158.67,4,2025-07-03,Mobile App,634.68
ORD-008762,C02444,Daniel Miller | United Kingdom | Basic,Home & Kitchen,167.85,2,2025-07-11,Website,335.7
ORD-008763,C02450,Sam Mitchell | UAE | Basic,CLOTHING,8.67,3,2025-07-19,Marketplace,26.01
ORD-008764,C00940,Ava Taylor | UAE | Premium,Toys & Games,505.56,6,2026-03-03,Website,3033.36
ORD-008765,C01146,Omar Moore | Singapore | Basic,Electronics,517.7,4,2026-01-17,Retail Store,2070.8
ORD-008766,C02815,Lina Wilson | Singapore | Basic,Sports,472.92,1,2025-02-09,Mobile App,472.92
ORD-008767,C02082,Sophia Mitchell | UAE | Premium,Office Supplies,274.26,3,2026-04-06,Retail Store,822.78
ORD-008768,C00329,Emma Adams | UAE | Premium,Sports,91.42,5,2025-07-17,Marketplace,457.1
ORD-008769,C01107,Emma Patel | Germany | Premium,SPORTS,168.85,6,2025-04-03,Marketplace,1013.1
ORD-008770,C00705,Emma Carter | United Kingdom | Basic,Office Supplies,230.33,1,2025-07-17,Marketplace,230.33
ORD-008771,C01168,Olivia Brown | Germany | Basic,Home & Kitchen,493.79,1,2025-05-01,Website,493.79
ORD-008772,C00325,Olivia Johnson | France | Plus,Beauty,212.15,2,2026-02-26,Website,424.3
ORD-008773,C02447,Lucas Nelson | UAE | Basic,TOYS,499.75,2,2026-02-17,Retail Store,999.5
ORD-008774,C00584,Sara Hassan | Australia | Plus,Clothing,308.11,2,2025-05-27,Retail Store,616.22
ORD-008775,C01623,Chloe Mitchell | France | Basic,Electronics,393.42,3,2026-06-10,Marketplace,1180.26
ORD-008776,C02704,Isla Baker | United Kingdom | Premium,Sports,557.76,2,2025-11-14,Retail Store,1115.52
ORD-008777,C02437,Zoe Smith | Australia | Premium,Books,188.76,4,2026-05-30,Mobile App,755.04
ORD-008778,C00194,Yusuf Brown | United States | Basic,Office Supples,268.06,6,2025-03-18,Mobile App,1608.36
ORD-008779,C01920,Nora Anderson | Singapore | Plus,ELECTRONICS,419.95,1,2025-05-31,Retail Store,419.95
ORD-008780,C02548,Sara Adams | Canada | Premium,Clothing,40.23,5,2026-03-06,Mobile App,201.15
ORD-008781,C02484,Amelia Johnson | United States | Plus,Books,245.4,1,2025-01-23,Mobile App,245.4
ORD-008782,C00154,Lina Walker | United States | Basic,Toys & Games,578.97,4,2025-04-15,Mobile App,2315.88
ORD-008783,C02294,James Hall | UAE | Plus,Office Supplies,148.03,2,2025-10-23,Website,296.06
ORD-008784,C02665,Yusuf Ahmed | United Kingdom | Premium,Electronics,521.59,4,2025-11-12,Marketplace,2086.36
ORD-008785,C02030,Sara Walker | Australia | Basic,Books & Media,84.66,2,2025-06-30,Marketplace,169.32
ORD-008786,C01076,Chloe Wright | Germany | Basic,Beauty,509.73,5,2026-07-24,Website,2548.65
ORD-008787,C01206,Liam Lewis | United States | Basic,Clothing,382.49,4,2025-06-23,Retail Store,1529.96
ORD-008788,C00641,Liam Walker | United Kingdom | Basic,CLOTHING,565.35,6,2026-05-02,Website,3392.1
ORD-008789,C01971,Zoe Thomas | Singapore | Plus,Beauty,530.18,4,2026-01-08,Website,2120.72
ORD-008790,C01441,Henry Lewis | United Kingdom | Basic,Sports,518.92,3,2025-03-30,Retail Store,1556.76
ORD-008791,C01231,Nora Hall | United States | Basic,Electronics,549.56,6,2026-01-05,Website,3297.36
ORD-008792,C01965,Sam Young | Singapore | Basic,ELECTRONICS,293.05,5,2025-10-21,Website,1465.25
ORD-008793,C01915,Chloe Ahmed | United Kingdom | Basic,Sports,147.21,4,2025-04-28,Website,588.84
ORD-008794,C02375,Mia Ahmed | UAE | Basic,ELECTRONICS,136.1,5,2025-08-04,Website,680.5
ORD-008795,C02134,Ryan Moore | United States | Premium,Toy,436.55,2,2026-06-21,Marketplace,873.1
ORD-008796,C02357,Zoe Walker | Canada | Premium,Home & Ktchen,253.96,6,2025-09-07,Retail Store,1523.76
ORD-008797,C01542,Olivia Lewis | France | Basic,Toys,442.92,1,2025-02-21,Website,442.92
ORD-008798,C02387,Sophia Wilson | Germany | Plus,Home & Kitchen,578.22,1,2025-08-28,Mobile App,578.22
ORD-008799,C00388,Yusuf Khan | United Kingdom | Plus,Clothing,593.67,6,2026-05-17,Mobile App,3562.02
ORD-008800,C01138,Amelia Smith | France | Basic,Toys,573.94,6,2026-04-11,Retail Store,3443.64
ORD-008801,C01282,Adam Wilson | UAE | Premium,Books,318.82,1,2026-01-07,Retail Store,318.82
ORD-008802,C02062,Yusuf Green | Singapore | Basic,Toys,507.5,3,2026-05-24,Website,1522.5
ORD-008803,C02925,Amelia Johnson | UAE | Basic,Electronics,129.6,6,2026-06-30,Marketplace,777.6
ORD-008804,C02361,Omar King | France | Basic,Office Supply,606.44,4,2025-04-03,Mobile App,2425.76
ORD-008805,C02551,Daniel Wilson | France | Basic,Beauty,42.86,4,2025-11-30,Marketplace,171.44
ORD-008806,C01595,Noah Lewis | France | Basic,Toys,633.3,1,2025-09-22,Retail Store,633.3
ORD-008807,C02372,Daniel Mitchell | Australia | Basic,Office Supply,571.86,2,2025-05-22,Retail Store,1143.72
ORD-008808,C02441,Daniel Baker | Canada | Basic,Books,435.96,2,2026-01-18,Mobile App,871.92
ORD-008809,C02416,Lina Lewis | France | Basic,Clothing & Apparel,413.17,3,2025-01-31,Marketplace,1239.51
ORD-008810,C01190,Ryan Anderson | Canada | Basic,Clothing,93.66,3,2025-04-22,Marketplace,280.98
ORD-008811,C02951,Jack Mitchell | France | Plus,SPORTS,598.95,6,2026-02-24,Marketplace,3593.7
ORD-008812,C00469,Mia Garcia | United Kingdom | Basic,Books,432.64,4,2025-09-25,Website,1730.56
ORD-008813,C00572,James Baker | Australia | Basic,Home & Kitchen,591.94,4,2025-08-12,Mobile App,2367.76
ORD-008814,C00765,Liam Taylor | Australia | Basic,Toys,22.39,1,2026-07-07,Marketplace,22.39
ORD-008815,C02082,Sophia Mitchell | UAE | Premium,Books,84.5,5,2025-12-06,Marketplace,422.5
ORD-008816,C00412,James Davis | United States | Plus,Clothes,385.59,1,2025-07-19,Retail Store,385.59
ORD-008817,C02862,Noah Johnson | Singapore | Plus,Beauty,25.37,6,2025-03-24,Retail Store,152.22
ORD-008818,C00579,Emma Green | Canada | Plus,Toys,283.8,4,2025-05-09,Marketplace,1135.2
ORD-008819,C00528,Ella Baker | United Kingdom | Basic,Electronics,221.29,1,2026-07-10,Mobile App,221.29
ORD-008820,C02980,Noah Smith | UAE | Premium,Electronic Goods,318.44,2,2025-10-28,Marketplace,636.88
ORD-008821,C02579,Lucas Davis | Germany | Basic,Electronic Goods,465.78,1,2026-06-18,Mobile App,465.78
ORD-008822,C01578,Maya Mitchell | United States | Premium,Toys,154.22,5,2026-01-26,Retail Store,771.1
ORD-008823,C01032,Henry Taylor | UAE | Premium,Electronics,243.79,4,2025-02-09,Website,975.16
ORD-008824,C00676,Sam Nelson | France | Plus,Beauty,592.27,6,2026-05-18,Website,3553.62
ORD-008825,C00915,Yusuf Khan | United Kingdom | Basic,Books,230.21,2,2026-01-19,Mobile App,460.42
ORD-008826,C01107,Emma Patel | Germany | Premium,Home & Kitchen,316.15,1,2026-06-19,Retail Store,316.15
ORD-008827,C01612,Ava Lee | Germany | Plus,Office Supplies,578.1,2,2026-07-20,Website,1156.2
ORD-008828,C02457,Liam Patel | Singapore | Basic,Clothing,552.05,5,2025-11-12,Retail Store,2760.25
ORD-008829,C02862,Noah Johnson | Singapore | Plus,Sprots,293.31,4,2025-09-21,Website,1173.24
ORD-000021,C01421,Layla Ahmed | Australia | Plus,Books & Media,569.6,4,2025-08-12,Marketplace,2278.4
ORD-008831,C02786,Yusuf Brown | France | Basic,Boks,400.94,1,2025-03-31,Mobile App,400.94
ORD-008832,C02268,Daniel King | Australia | Basic,Electronics ,50.11,5,2025-07-25,Marketplace,250.55
ORD-008833,C00597,Nora Davis | Australia | Basic,ELECTRONICS,329.39,3,2025-03-11,Marketplace,988.17
ORD-008834,C01474,Sophia Davis | Singapore | Basic,Office Supplies,254.78,3,2025-05-20,Mobile App,764.34
ORD-008835,C01865,Lucas Anderson | UAE | Basic,Home and Kitchen,276.98,6,2026-07-17,Website,1661.88
ORD-008836,C01901,James Wright | Germany | Basic,Clothng,42.05,6,2026-02-01,Retail Store,252.3
ORD-008837,C00018,Yusuf Brown | France | Plus,SPORTS,346.44,5,2026-06-24,Website,1732.2
ORD-008838,C01757,Ryan Clark | Canada | Basic,Office  Supplies,347.71,2,2026-06-04,Retail Store,695.42
ORD-008839,C02083,Ella King | Singapore | Plus,Home and Kitchen,104.44,4,2025-12-13,Mobile App,417.76
ORD-008840,C02288,Zoe Lee | Germany | Basic,Home & Kitchen,129.81,1,2025-06-23,Retail Store,129.81
ORD-008841,C00402,Maya Hall | France | Plus,Electronics,550.25,2,2026-04-28,Retail Store,1100.5
ORD-008842,C00066,Yusuf Hall | United Kingdom | Plus,Books,194.96,2,2026-01-15,Website,389.92
ORD-008843,C01670,Amelia Martin | Germany | Basic,Sports,492.28,5,2025-07-02,Retail Store,2461.4
ORD-008844,C02781,Omar Wilson | Australia | Basic,Home & Kitchen,214.16,4,2026-07-13,Website,856.64
ORD-008845,C00474,Jack Nelson | Australia | Basic,Home Kitchen,402.92,1,2025-04-03,Retail Store,402.92
ORD-008846,C01788,Olivia Adams | France | Basic,Electroncs,373.5,5,2025-04-21,Website,1867.5
ORD-008847,C00637,Sophia Wright | UAE | Basic,Home & Kitchen,70.81,4,2025-09-01,Marketplace,283.24
ORD-008848,C00133,Olivia Clark | United Kingdom | Premium,Home Kitchen,225.32,1,2025-10-18,Website,225.32
ORD-008849,C02810,Sophia Davis | Germany | Basic,Sports,401.12,3,2026-03-11,Website,1203.36
ORD-008850,C00249,Adam Thomas | Canada | Plus,Office Supplies,138.31,3,2026-03-15,Mobile App,414.93
ORD-008851,C02992,James Green | United States | Basic,Office Supplies,362.63,1,2026-06-14,Retail Store,362.63
ORD-008852,C02195,Leo Lewis | Australia | Basic,Sports,325.21,4,2025-06-30,Retail Store,1300.84
ORD-008853,C00219,Mia Mitchell | United Kingdom | Plus,Books & Media,579.64,2,2026-05-07,Marketplace,1159.28
ORD-008854,C01519,Lina Patel | United Kingdom | Basic,Sports,492.37,3,2026-02-16,Retail Store,1477.11
ORD-008855,C02253,Sam Miller | France | Basic,Beauty,44.95,6,2026-02-17,Mobile App,269.7
ORD-008856,C02297,Noah Wright | Singapore | Basic,Electronics,404.04,4,2026-01-18,Mobile App,1616.16
ORD-008857,C00172,Olivia Davis | Australia | Plus,Sports,25.02,1,2025-08-09,Retail Store,25.02
ORD-008858,C01574,Olivia Brown | Singapore | Premium,Toys,538.56,2,2025-11-17,Marketplace,1077.12
ORD-008859,C00248,Jack Green | France | Premium,Sports,443.43,3,2025-03-24,Website,1330.29
ORD-008860,C01720,Adam Lewis | Canada | Basic,Office Supplies,612.0,1,2025-09-11,Retail Store,612.0
ORD-008861,C01835,Mia Hassan | Canada | Basic,Beauty,44.88,1,2025-05-04,Website,44.88
ORD-008862,C02553,Layla Mitchell | Australia | Plus,Boks,306.07,5,2025-04-17,Mobile App,1530.35
ORD-008863,C00126,Olivia Baker | Germany | Basic,Home & Kitchen,151.16,4,2026-07-11,Website,604.64
ORD-008864,C01539,Daniel Wilson | Australia | Plus,Sprots,80.99,5,2025-01-22,Marketplace,404.95
ORD-008865,C00084,Sara King | France | Basic,Beauty Products,618.61,2,2025-12-05,Retail Store,1237.22
ORD-008866,C01871,Alex Miller | United States | Basic,Beauty,211.97,5,2025-11-13,Mobile App,1059.85
ORD-008867,C01586,Omar Anderson | Singapore | Plus,Home and Kitchen,129.66,4,2025-12-25,Marketplace,518.64
ORD-008868,C02231,Alex Lewis | United States | Premium,Beauty,345.11,3,2025-06-06,Mobile App,1035.33
ORD-008869,C02150,Emma Johnson | Canada | Basic,ELECTRONICS,220.73,5,2026-01-25,Mobile App,1103.65
ORD-008870,C02711,Liam Clark | United States | Plus,Sports,377.62,2,2026-02-24,Website,755.24
ORD-008871,C01024,Olivia Wright | United Kingdom | Basic,Clothing & Apparel,206.97,2,2025-12-18,Marketplace,413.94
ORD-008872,C00724,Lucas Clark | Canada | Plus,Clothng,615.07,5,2025-02-22,Website,3075.35
ORD-008873,C01606,Isla Ahmed | UAE | Plus,Sports,511.56,4,2026-05-31,Mobile App,2046.24
ORD-008874,C00178,Leo Green | United States | Premium,Clothing,308.1,2,2025-06-26,Mobile App,616.2
ORD-008875,C02520,Sara Nelson | United States | Premium,Home & Kitchen,264.18,1,2025-10-18,Mobile App,264.18
ORD-008876,C00453,Sam Carter | UAE | Basic,Toy,359.95,6,2025-03-02,Website,2159.7
ORD-008877,C01682,Olivia Carter | United States | Basic,Books,56.49,6,2026-03-14,Website,338.94
ORD-008878,C00675,Omar Young | United Kingdom | Basic,ELECTRONICS,597.29,6,2025-06-22,Mobile App,3583.74
ORD-008879,C00436,Sam Lee | United Kingdom | Basic,Beauty,512.59,3,2026-05-18,Mobile App,1537.77
ORD-008880,C00969,Amelia Green | Singapore | Premium,OFFICE SUPPLIES,562.18,5,2025-10-20,Mobile App,2810.9
ORD-008881,C02649,Maya Walker | United Kingdom | Basic,Toys,17.46,5,2025-05-12,Mobile App,87.3
ORD-008882,C01377,Alex Patel | UAE | Plus,electronic,247.52,2,2026-04-24,Website,495.04
ORD-008883,C00882,Ryan Thomas | France | Premium,Office Supply,526.08,2,2025-04-19,Marketplace,1052.16
ORD-008884,C00322,Liam Patel | Australia | Basic,Clothing & Apparel,372.22,1,2026-01-19,Mobile App,372.22
ORD-008885,C00502,Adam Lewis | United Kingdom | Basic,Electronic Goods,520.61,4,2025-12-18,Mobile App,2082.44
ORD-008886,C01657,Ava Mitchell | United Kingdom | Plus,Home & Kitchen,199.09,6,2025-10-25,Retail Store,1194.54
ORD-008887,C02747,James Clark | Germany | Basic,Toy,459.11,1,2025-10-20,Marketplace,459.11
ORD-008888,C00818,Chloe Clark | France | Plus,Books,58.33,1,2026-03-02,Website,58.33
ORD-008889,C02471,Lucas Ahmed | UAE | Plus,BOOKS,245.73,6,2025-11-19,Marketplace,1474.38
ORD-008890,C02880,Nora Garcia | France | Plus,Clothing,245.33,3,2026-06-09,Retail Store,735.99
ORD-008891,C00515,Zoe Johnson | UAE | Plus,Clothing,534.11,3,2025-05-31,Marketplace,1602.33
ORD-008892,C00281,Leo Baker | Singapore | Plus,Home & Kitchen,420.41,0,2025-03-31,Marketplace,1681.64
ORD-008893,C01252,Liam Green | United States | Basic,Electronic Goods,369.92,5,2025-06-26,Mobile App,1849.6
ORD-008894,C01186,Liam Ahmed | Australia | Basic,Toys,297.04,5,2026-01-11,Marketplace,1485.2
ORD-008895,C02268,Daniel King | Australia | Basic,Sports,467.61,3,2025-11-21,Retail Store,1402.83
ORD-008896,C00766,Zoe Khan | UAE | Plus,Toys,485.29,5,2025-12-10,Website,2426.45
ORD-008897,C00197,Layla Patel | Canada | Basic,Beauty,398.62,1,2026-04-18,Mobile App,398.62
ORD-008898,C02438,Ava Lee | Singapore | Basic,Toy,570.67,5,2026-07-09,Retail Store,2853.35
ORD-008899,C01552,Henry Carter | United States | Plus,Home & Kitchen,572.88,2,2025-12-02,Website,1185.76
ORD-008900,C01102,Leo Lewis | Australia | Premium,Electronics,373.27,1,2025-11-10,Mobile App,373.27
ORD-008901,C01158,Sara Anderson | Canada | Premium,Home & Kitchen,538.76,2,2025-01-18,Website,1077.52
ORD-008902,C02716,Amelia Hall | Australia | Plus,Sports,519.28,1,2025-09-08,Mobile App,519.28
ORD-008903,C01594,Ava Davis | Germany | Basic,Sports,362.34,5,2026-06-12,Marketplace,1811.7
ORD-008904,C02425,Liam Anderson | Singapore | Basic,Toys,267.43,5,2025-07-25,Marketplace,1337.15
ORD-008905,C02098,Lina Moore | Canada | Premium,Home & Ktchen,161.52,6,2025-03-30,Mobile App,969.12
ORD-008906,C00690,James Brown | Canada | Premium,Home & Kitchen,131.26,3,2026-02-15,Website,393.78
ORD-008907,C01298,Nora King | UAE | Plus,Toys,495.08,3,2026-02-27,Marketplace,1485.24
ORD-008908,C02863,Amelia Baker | Canada | Premium,Books,528.62,6,2025-09-24,Marketplace,3171.72
ORD-008909,C00564,Amelia Clark | Australia | Basic,Home Kitchen,271.09,1,2025-01-15,Website,271.09
ORD-008910,C01475,Mia Green | Australia | Basic,Sport,154.84,1,2026-02-24,Website,154.84
ORD-008911,C01387,Sam Miller | United States | Basic,Home and Kitchen,303.75,5,2025-02-03,Marketplace,1518.75
ORD-008912,C00081,Mia Wilson | Australia | Plus,Books,175.6,4,2026-02-15,Mobile App,702.4
ORD-008913,C02177,Isla Hall | Australia | Basic,Beauty,32.23,3,2025-03-09,Marketplace,96.69
ORD-008914,C02983,Sara Thomas | Australia | Plus,Books & Media,559.18,5,2026-05-12,Website,2795.9
ORD-008915,C02853,Lucas Thomas | Germany | Basic,Clothes,148.42,6,2026-06-03,Website,890.52
ORD-008916,C01362,Layla Wright | Australia | Premium,Books,74.69,2,2025-06-13,Retail Store,149.38
ORD-008917,C01464,Sam Adams | United Kingdom | Basic,Electronic Goods,430.58,4,2025-06-12,Website,1722.32
ORD-008918,C01372,Ryan Carter | United Kingdom | Basic,Sport,446.04,1,2025-01-16,Marketplace,446.04
ORD-008919,C00097,Sam Wright | Singapore | Basic,Toys ,465.64,4,2025-10-20,Website,1862.56
ORD-008920,C01826,Layla Thomas | United States | Basic,Electronics,158.04,6,2025-02-03,Mobile App,948.24
ORD-008921,C02427,Olivia Hall | UAE | Plus,Sports,434.97,6,2026-06-08,Website,2609.82
ORD-008922,C00881,Nora Lee | Australia | Basic,Electroncs,65.13,2,2025-01-24,Marketplace,130.26
ORD-008923,C01161,Sam Lee | Germany | Plus,CLOTHING,353.85,1,2025-07-31,Marketplace,353.85
ORD-008924,C00468,Lina Davis | Germany | Basic,Electronics,24.93,5,2025-05-01,Retail Store,124.65
ORD-008925,C02324,Yusuf Ahmed | United Kingdom | Plus,Home & Ktchen,498.45,5,2025-12-07,Mobile App,2492.25
ORD-008926,C01703,Leo Wilson | France | Plus,Home & Kitchen,25.69,4,2026-02-10,Retail Store,102.76
ORD-008927,C01971,Zoe Thomas | Singapore | Plus,Electronics,347.29,6,2025-05-06,Mobile App,2083.74
ORD-008928,C01945,Isla Patel | Canada | Basic,Home & Kitchen,620.14,2,2025-06-11,Retail Store,1240.28
ORD-008929,C02208,Layla Hall | Germany | Plus,Clothing & Apparel,325.11,6,2025-03-14,Website,1950.66
ORD-008930,C01411,Amelia Mitchell | Australia | Basic,Beauty,47.78,3,2026-07-19,Retail Store,143.34
ORD-008931,C00958,Isla Lee | Germany | Basic,HOME & KITCHEN,246.19,3,2025-11-21,Retail Store,738.57
ORD-008932,C01877,Omar Johnson | Singapore | Basic,Toys & Games,289.25,5,2025-01-03,Marketplace,1446.25
ORD-008933,C01232,Alex Smith | Australia | Premium,HOME & KITCHEN,435.31,4,2026-01-25,Website,1741.24
ORD-008934,C00354,Sara Smith | France | Premium,Clothing,626.36,1,2025-11-21,Mobile App,626.36
ORD-008935,C01246,Maya Garcia | Germany | Plus,Beauty,501.27,5,2026-02-26,Retail Store,2506.35
ORD-008936,C02336,Nora Moore | UAE | Plus,Office Supplies,402.91,4,2025-01-11,Website,1611.64
ORD-008937,C01915,Chloe Ahmed | United Kingdom | Basic,Beauty,264.67,1,2025-01-13,Marketplace,264.67
ORD-008938,C00469,Mia Garcia | United Kingdom | Basic,Sports,420.33,6,2025-10-05,Website,2521.98
ORD-008939,C01189,Leo Baker | United States | Basic,Office Supplies,158.44,5,2025-04-08,Website,792.2
ORD-008940,C00977,Nora Baker | United Kingdom | Plus,Home & Ktchen,244.98,1,2026-05-12,Retail Store,244.98
ORD-008941,C00223,Yusuf King | UAE | Basic,Home & Kitchen,605.63,1,2026-04-29,Marketplace,605.63
ORD-008942,C02509,Henry Brown | Singapore | Basic,Electronics,645.01,3,2026-01-22,Website,1935.03
ORD-008943,C02802,James King | UAE | Premium,Boks,23.28,2,2025-07-21,Website,46.56
ORD-008944,C00619,Ethan Adams | United Kingdom | Basic,Beauty,167.96,6,2025-12-22,Marketplace,1007.76
ORD-008945,C00211,Nora Johnson | United States | Premium,Sports,157.26,1,2025-07-23,Marketplace,157.26
ORD-008946,C01032,Henry Taylor | UAE | Premium,Office Supplies,362.2,4,2025-05-14,Website,1448.8
ORD-008947,C02441,Daniel Baker | Canada | Basic,Toys ,537.51,6,2026-05-07,Mobile App,3225.06
ORD-008948,C01515,Olivia Lee | United States | Basic,Home & Kitchen,638.12,3,2026-01-25,Website,1914.36
ORD-008949,C02754,Lucas Mitchell | United States | Basic,Toys,459.97,4,2026-03-22,Retail Store,1839.88
ORD-008950,C01091,Maya Green | UAE | Basic,Office Supplies,141.96,3,2026-02-19,Mobile App,425.88
ORD-008951,C01076,Chloe Wright | Germany | Basic,Clothing,226.55,4,2025-12-03,Retail Store,906.2
ORD-008952,C02442,Ethan Johnson | United States | Plus,Electronics,156.56,5,2026-03-09,Retail Store,782.8
ORD-008953,C02606,Jack Khan | Singapore | Plus,Sports,621.66,4,2025-08-26,Website,2486.64
ORD-008954,C00289,Lina Carter | Canada | Plus,OFFICE SUPPLIES,341.46,5,2025-06-08,Website,1707.3
ORD-008955,C00168,Isla Johnson | Germany | Basic,Clothes,363.42,4,2025-09-07,Mobile App,1453.68
ORD-008956,C00736,Yusuf Green | Canada | Basic,Clothes,248.66,6,2025-08-24,Marketplace,1491.96
ORD-008957,C01304,Lina Thomas | UAE | Plus,Home & Kitchen,57.11,6,2025-02-26,Retail Store,342.66
ORD-008958,C01417,James Mitchell | France | Plus,Home & Kitchen,146.74,1,2025-06-03,Mobile App,146.74
ORD-008959,C00676,Sam Nelson | France | Plus,Toys,250.97,2,2025-12-14,Mobile App,501.94
ORD-008960,C01125,Liam Walker | Singapore | Plus,TOYS,104.06,3,2025-02-04,Marketplace,312.18
ORD-008961,C02240,Yusuf Hall | UAE | Basic,BEAUTY,251.68,2,2026-04-23,Website,503.36
ORD-008962,C00790,Yusuf Davis | Singapore | Basic,Clothing,265.27,5,2025-10-19,Website,1326.35
ORD-008963,C02511,Lina Adams | UAE | Basic,BOOKS,575.41,4,2026-06-26,Mobile App,2301.64
ORD-008964,C02439,Sam Young | Germany | Basic,Home and Kitchen,11.32,5,2026-05-24,Retail Store,56.6
ORD-008965,C01718,Mia Thomas | United States | Plus,HOME & KITCHEN,237.21,3,2026-06-16,Website,711.63
ORD-008966,C02693,Liam Wilson | Canada | Basic,Toys,290.91,5,2025-01-28,Website,1454.55
ORD-008967,C00881,Nora Lee | Australia | Basic,Toys,126.15,2,2025-03-06,Retail Store,252.3
ORD-008968,C00829,Alex Smith | Singapore | Basic,Clothing,75.04,5,2026-02-19,Marketplace,375.2
ORD-008969,C02645,Jack Walker | France | Plus,Office Supplies,527.67,6,2026-07-15,Marketplace,3166.02
ORD-008970,C01565,Ella Johnson | France | Premium,Books,469.19,1,2025-05-13,Marketplace,469.19
ORD-008971,C00853,Adam Green | Canada | Plus,CLOTHING,175.2,1,2025-02-07,Website,175.2
ORD-008972,C02616,James Anderson | United Kingdom | Basic,Books,594.52,4,2026-02-14,Mobile App,2378.08
ORD-008973,C00610,Liam Mitchell | Australia | Basic,CLOTHING,235.16,1,2025-04-04,Website,235.16
ORD-008974,C02908,Adam Clark | United States | Plus,Book,355.83,1,2025-10-26,Marketplace,355.83
ORD-008975,C00908,Amelia Walker | Singapore | Plus,Home & Kitchen,117.16,1,2025-02-16,Marketplace,117.16
ORD-008976,C01838,Zoe Thomas | Singapore | Basic,Clothing,287.78,4,2025-03-31,Retail Store,1151.12
ORD-008977,C00447,Leo Ahmed | France | Basic,Sports,50.85,3,2026-06-04,Marketplace,152.55
ORD-008978,C01691,Ava Anderson | United States | Basic,Home & Kitchen,201.06,5,2025-03-29,Mobile App,1005.3
ORD-008979,C01852,Lina Wright | France | Premium,Home and Kitchen,105.03,5,2025-06-25,Marketplace,525.15
ORD-008980,C00352,Nora Martin | Germany | Basic,Office Supplies,529.62,2,2025-08-28,Mobile App,1059.24
ORD-008981,C00227,Nora Garcia | Canada | Plus,Toys,406.3,6,2026-04-07,Retail Store,2437.8
ORD-008982,C00285,Alex Hall | Germany | Basic,Sports,461.42,2,2025-01-05,Mobile App,922.84
ORD-008983,C00529,Sara Davis | Germany | Plus,Office Supply,430.76,1,2026-04-13,Website,430.76
ORD-008984,C00139,Emma Green | Germany | Premium,Home & Ktchen,36.97,5,2025-12-19,Marketplace,184.85
ORD-008985,C02831,Omar Wright | France | Basic,Home & Kitchen,387.02,6,2026-07-14,Mobile App,2322.12
ORD-008986,C00908,Amelia Walker | Singapore | Plus,Home & Kitchen,375.0,5,2026-07-18,Mobile App,1875.0
ORD-008987,C01485,Leo Taylor | France | Basic,Books,442.82,2,2026-02-11,Marketplace,885.64
ORD-008988,C00086,Yusuf Nelson | United States | Plus,Toys,262.16,3,2025-08-02,Mobile App,786.48
ORD-008989,C02487,Noah Miller | United States | Premium,Electronics,399.69,5,2025-01-11,Website,1998.45
ORD-008990,C01369,Liam Wright | United States | Premium,Office Supply,607.37,4,2025-01-04,Retail Store,2429.48
ORD-008991,C02880,Nora Garcia | France | Plus,Sprots,116.87,4,2026-07-04,Mobile App,467.48
ORD-008992,C00663,Mia Johnson | UAE | Premium,Clothing,334.54,2,2025-11-24,Mobile App,669.08
ORD-008993,C00383,Adam Taylor | Australia | Plus,Beauty,178.24,5,2025-09-29,Mobile App,891.2
ORD-008994,C00250,James Walker | Germany | Basic,Books,197.36,3,2026-03-18,Mobile App,592.08
ORD-008995,C00182,Jack Moore | Australia | Basic,BOOKS,205.21,2,2026-05-27,Retail Store,410.42
ORD-008996,C00765,Liam Taylor | Australia | Basic,Office Supplies,520.49,1,2025-06-16,Website,520.49
ORD-008997,C00441,Chloe Smith | Germany | Basic,Electronics,497.37,6,2025-06-13,Mobile App,2984.22
ORD-008998,C02223,Liam Johnson | Germany | Plus,Electronics,347.26,2,2025-12-18,Retail Store,694.52
ORD-008999,C00705,Emma Carter | United Kingdom | Basic,Electronics,646.27,2,2026-03-17,Marketplace,1292.54
ORD-009000,C00502,Adam Lewis | United Kingdom | Basic,CLOTHING,418.99,4,2026-04-12,Mobile App,1675.96
ORD-009001,C00778,Daniel Davis | United Kingdom | Basic,Office Supplies,299.55,1,2025-05-22,Retail Store,299.55
ORD-009002,C01917,Maya Khan | Singapore | Plus,Office Supples,219.38,6,2026-05-16,Mobile App,1316.28
ORD-009003,C00622,Noah Patel | Germany | Premium,Books,433.69,3,2025-02-06,Marketplace,1301.07
ORD-009004,C00072,Henry Walker | Australia | Basic,Beautyy,391.93,1,2025-12-05,Website,391.93
ORD-009005,C02949,Lina Hall | Canada | Basic,Clothing,634.44,6,2025-08-12,Retail Store,3806.64
ORD-009006,C02919,Liam Garcia | United Kingdom | Basic,Beauty,302.11,1,2025-02-19,Mobile App,302.11
ORD-009007,C01146,Omar Moore | Singapore | Basic,Clothes,424.48,3,2025-06-01,Retail Store,1273.44
ORD-009008,C01860,Sam Garcia | Germany | Basic,Books,593.66,6,2025-08-30,Marketplace,3561.96
ORD-009009,C01245,Mia Miller | United States | Basic,Sports,645.43,2,2026-07-19,Mobile App,1290.86
ORD-009010,C01825,Layla Lee | United States | Basic,BEAUTY,12.64,2,2026-05-22,Mobile App,25.28
ORD-009011,C00764,Layla Johnson | United Kingdom | Basic,Beauty Products,202.13,3,2025-10-23,Website,606.39
ORD-009012,C02632,Layla Nelson | Germany | Basic,Electronics,146.78,3,2025-10-23,Marketplace,440.34
ORD-009013,C01611,Amelia Patel | Australia | Plus,BEAUTY,625.84,4,2025-05-17,Website,2503.36
ORD-009014,C02022,Noah Garcia | France | Basic,Beauty,504.29,3,2025-07-22,Marketplace,1512.87
ORD-009015,C01916,Leo Miller | France | Basic,Office Supplies,178.15,1,2026-06-30,Marketplace,178.15
ORD-009016,C01175,Ava Garcia | UAE | Basic,Sprots,646.62,4,2025-05-30,Mobile App,2586.48
ORD-009017,C01379,Daniel Patel | Singapore | Plus,Clothing,520.11,3,2025-10-23,Mobile App,1560.33
ORD-009018,C02033,Adam Brown | United States | Plus,Clothing,244.2,3,2026-07-19,Retail Store,732.6
ORD-009019,C01777,Henry Hall | France | Plus,Boks,609.03,2,2025-01-04,Retail Store,1218.06
ORD-009020,C00383,Adam Taylor | Australia | Plus,Electronics,223.24,2,2025-04-23,Retail Store,446.48
ORD-009021,C02310,Chloe Patel | Singapore | Plus,Sports & Fitness,125.62,5,2025-09-28,Marketplace,628.1
ORD-009022,C01584,Emma Thomas | Australia | Basic,Books,574.43,4,2026-01-28,Marketplace,2297.72
ORD-009023,C01647,Alex Patel | France | Basic,Toys,25.53,6,2026-03-13,Mobile App,153.18
ORD-009024,C01146,Omar Moore | Singapore | Basic,Clothing,476.69,2,2026-02-22,Website,953.38
ORD-009025,C00577,Amelia Moore | UAE | Plus,Office Supples,461.5,3,2025-12-08,Retail Store,1384.5
ORD-009026,C02454,Ava Johnson | Germany | Basic,Boks,55.52,3,2026-07-25,Marketplace,166.56
ORD-009027,C02820,Sophia Martin | United States | Basic,Books,441.71,3,2025-11-24,Mobile App,1325.13
ORD-009028,C01803,Sam Taylor | United States | Basic,Electronics,182.09,3,2025-10-30,Website,546.27
ORD-009029,C01354,Olivia Walker | United Kingdom | Basic,Office Supplies,86.02,5,2025-01-13,Mobile App,430.1
ORD-009030,C00577,Amelia Moore | UAE | Plus,Beauty Products,50.7,3,2026-07-12,Marketplace,152.1
ORD-009031,C02713,Leo Lee | France | Basic,Office  Supplies,62.33,5,2026-01-25,Marketplace,311.65
ORD-009032,C01441,Henry Lewis | United Kingdom | Basic,ELECTRONICS,342.88,6,2025-04-26,Marketplace,2057.28
ORD-009033,C02440,Nora Patel | Australia | Basic,ELECTRONICS,278.65,4,2025-05-01,Marketplace,1114.6
ORD-009034,C01906,Omar Wright | Australia | Plus,Books,45.98,1,2026-06-01,Retail Store,45.98
ORD-009035,C02363,Zoe Lee | France | Premium,Electronics,563.19,1,2025-06-08,Retail Store,563.19
ORD-009036,C02040,Liam Walker | France | Plus,Beauty,17.51,5,2025-09-01,Marketplace,87.55
ORD-009037,C00538,Sam Clark | Australia | Basic,Office Supplies,296.41,5,2026-06-01,Marketplace,1482.05
ORD-009038,C01873,Sara Johnson | Canada | Basic,Clothing,514.94,5,2026-01-15,Marketplace,2574.7
ORD-009039,C00318,Yusuf Clark | Australia | Basic,Clothing,199.15,6,2025-08-28,Retail Store,1194.9
ORD-009040,C00573,Ryan Taylor | Singapore | Premium,CLOTHING,606.47,6,2025-05-19,Website,3638.82
ORD-009041,C01117,Sara Carter | UAE | Premium,Sports,44.39,4,2025-05-23,Retail Store,177.56
ORD-009042,C00944,Amelia Martin | United Kingdom | Basic,Office Supplies,418.44,5,2026-05-07,Mobile App,2092.2
ORD-009043,C02342,Ryan Adams | UAE | Premium,Books,591.06,5,2026-06-05,Marketplace,2955.3
ORD-009044,C01874,Layla Young | Singapore | Premium,Toys ,18.64,3,2025-11-26,Retail Store,55.92
ORD-009045,C01490,Henry Wright | UAE | Plus,Office Supplies,480.06,2,2025-06-17,Website,960.12
ORD-009046,C02183,Jack Young | UAE | Plus,Home and Kitchen,228.52,1,2026-05-28,Marketplace,228.52
ORD-009047,C01695,Daniel Adams | Australia | Basic,Clothng,602.34,5,2026-07-02,Mobile App,3011.7
ORD-009048,C01479,Ryan Khan | France | Plus,Electronics,39.92,2,2026-01-30,Mobile App,79.84
ORD-009049,C02779,Sara Green | Germany | Plus,ELECTRONICS,561.53,3,2026-02-13,Website,1684.59
ORD-009050,C00580,Maya Anderson | UAE | Basic,Books,85.01,6,2026-05-11,Mobile App,510.06
ORD-009051,C02061,Lina Ahmed | Australia | Basic,Book,478.18,2,2025-09-26,Mobile App,956.36
ORD-009052,C02922,Daniel Nelson | Australia | Plus,Toys,205.7,6,2026-01-08,Website,1234.2
ORD-009053,C01814,Isla Martin | Canada | Basic,Electronics,201.8,6,2025-06-28,Mobile App,1210.8
ORD-009054,C01329,Sophia Wilson | United Kingdom | Plus,Clothing & Apparel,204.41,3,2025-01-26,Marketplace,613.23
ORD-009055,C02048,Amelia Taylor | Australia | Premium,HOME & KITCHEN,646.74,6,2025-05-13,Website,3880.44
ORD-009056,C02088,Daniel Taylor | Germany | Plus,Electronics,424.97,1,2025-02-22,Marketplace,424.97
ORD-009057,C00362,Noah Khan | United States | Basic,beauty ,613.28,5,2026-06-03,Retail Store,3066.4
ORD-009058,C02820,Sophia Martin | United States | Basic,Electronics,259.75,6,2025-05-20,Mobile App,1558.5
ORD-009059,C01284,Leo Hall | United States | Premium,electronic,27.55,6,2025-04-18,Marketplace,165.3
ORD-009060,C01377,Alex Patel | UAE | Plus,Beauty,97.26,4,2025-05-20,Retail Store,389.04
ORD-009061,C00165,Maya Wright | United Kingdom | Basic,Beauty Products,90.55,1,2025-05-11,Retail Store,90.55
ORD-009062,C02378,Jack Carter | Canada | Premium,OFFICE SUPPLIES,168.95,1,2025-07-06,Retail Store,168.95
ORD-009063,C00450,Layla Adams | Canada | Basic,Sports & Fitness,14.62,1,2026-06-12,Marketplace,14.62
ORD-009064,C02389,James Garcia | Singapore | Basic,Clothing,32.49,3,2025-01-09,Mobile App,97.47
ORD-009065,C01493,Ava Wilson | France | Plus,Home Kitchen,363.46,6,2025-08-06,Marketplace,2180.76
ORD-009066,C01296,Leo Khan | Singapore | Plus,Office Supplies,369.99,3,2026-03-30,Retail Store,1109.97
ORD-009067,C02544,Isla Carter | UAE | Plus,Beauty,475.67,6,2025-03-14,Website,2854.02
ORD-009068,C01660,Alex Baker | Australia | Basic,Home & Kitchen,173.36,6,2026-01-27,Retail Store,1040.16
ORD-009069,C02747,James Clark | Germany | Basic,Sports,150.91,4,2025-03-24,Mobile App,603.64
ORD-009070,C02444,Daniel Miller | United Kingdom | Basic,Office Supplies,560.63,6,2026-04-16,Retail Store,3363.78
ORD-009071,C02225,Leo Wilson | Canada | Premium,Beauty,417.66,5,2026-06-03,Marketplace,2088.3
ORD-009072,C00354,Sara Smith | France | Premium,Toys,609.12,2,2026-03-13,Mobile App,1218.24
ORD-009073,C01407,Olivia Nelson | Canada | Basic,Office Supples,452.29,3,2025-10-28,Marketplace,1356.87
ORD-009074,C00709,Henry Clark | United Kingdom | Plus,Books,642.1,3,2025-04-26,Retail Store,1926.3
ORD-009075,C02194,Layla Miller | Canada | Plus,Sports & Fitness,570.57,1,2025-07-02,Website,570.57
ORD-009076,C02743,James Anderson | UAE | Plus,Books,160.01,6,2026-06-15,Website,960.06
ORD-009077,C00780,Ryan Moore | United Kingdom | Plus,Beauty,220.86,3,2025-10-13,Website,662.58
ORD-009078,C00693,Liam Lewis | United Kingdom | Plus,Office  Supplies,589.49,1,2025-06-27,Marketplace,589.49
ORD-009079,C00917,Henry Thomas | United Kingdom | Premium,beauty ,220.78,6,2025-06-13,Website,1324.68
ORD-009080,C02945,Emma Lee | Canada | Plus,Office Supply,422.17,1,2025-06-03,Retail Store,422.17
ORD-009081,C02771,Lucas Ahmed | France | Basic,Toys,164.71,6,2026-04-24,Retail Store,988.26
ORD-009082,C00794,Jack Nelson | Australia | Plus,Book,240.12,5,2026-07-05,Marketplace,1200.6
ORD-009083,C02802,James King | UAE | Premium,Beautyy,565.48,3,2025-01-08,Mobile App,1696.44
ORD-009084,C02853,Lucas Thomas | Germany | Basic,HOME & KITCHEN,78.18,1,2025-06-22,Retail Store,78.18
ORD-009085,C02478,Noah Adams | UAE | Premium,Toys,502.81,3,2026-02-19,Marketplace,1508.43
ORD-009086,C02587,Ryan Wright | UAE | Plus,Beauty,313.49,1,2026-05-17,Website,313.49
ORD-009087,C00047,Ryan Young | United Kingdom | Basic,Beauty,213.22,1,2025-08-06,Website,213.22
ORD-009088,C01008,Amelia Miller | United States | Basic,Electronics,86.43,6,2026-05-27,Website,518.58
ORD-009089,C00676,Sam Nelson | France | Plus,Home & Kitchen,524.34,2,2025-02-26,Retail Store,1048.68
ORD-009090,C02103,Henry Ahmed | France | Plus,Sports,20.13,1,2026-04-16,Mobile App,20.13
ORD-009091,C01437,Omar Anderson | UAE | Plus,Electronics,383.37,1,2025-12-13,Mobile App,383.37
ORD-009092,C00232,Emma Brown | Germany | Basic,Toy,182.53,5,2026-06-05,Mobile App,912.65
ORD-009093,C02542,Yusuf Davis | United States | Premium,Home & Kitchen,510.73,2,2025-10-06,Website,1021.46
ORD-009094,C02803,Maya Nelson | United States | Plus,Home & Kitchen,99.26,4,2025-10-06,Mobile App,397.04
ORD-009095,C02482,Layla Wilson | Singapore | Basic,Sports,306.33,1,2026-03-19,Website,306.33
ORD-009096,C00777,Emma Carter | Australia | Plus,Toys ,80.73,1,2026-01-25,Marketplace,80.73
ORD-009097,C02569,Nora Khan | France | Basic,CLOTHING,446.52,5,2026-04-15,Website,2232.6
ORD-009098,C02239,Sam Patel | UAE | Basic,Clothng,259.96,4,2025-09-26,Website,1039.84
ORD-009099,C02894,Yusuf Ahmed | Canada | Basic,Toys,78.95,2,2026-03-14,Marketplace,157.9
ORD-009100,C00118,Amelia Wright | Singapore | Basic,Beautyy,156.82,4,2025-08-11,Website,627.28
ORD-009101,C02949,Lina Hall | Canada | Basic,Books,304.66,6,2025-10-13,Website,1827.96
ORD-009102,C02755,Mia Garcia | Singapore | Basic,Beautyy,282.84,5,2025-09-12,Retail Store,1414.2
ORD-009103,C01967,Mia Taylor | France | Basic,ELECTRONICS,107.76,3,2025-08-13,Website,323.28
ORD-009104,C01951,Sam Martin | UAE | Premium,Electronics ,305.01,4,2026-05-12,Mobile App,1220.04
ORD-009105,C00403,Yusuf Martin | Canada | Plus,Office Supply,428.38,5,2026-05-19,Mobile App,2141.9
ORD-009106,C02212,Emma Lee | UAE | Basic,Office Supplies,500.38,2,2025-12-15,Website,1000.76
ORD-009107,C00195,Isla Green | France | Plus,Sports,606.78,2,2026-01-18,Marketplace,1213.56
ORD-009108,C02102,Liam Martin | Singapore | Basic,Sports,212.08,2,2026-01-21,Retail Store,424.16
ORD-009109,C00462,Lucas Nelson | Germany | Premium,Sprots,385.53,2,2025-07-22,Website,771.06
ORD-009110,C00605,Layla Nelson | Germany | Plus,Home & Kitchen,231.43,5,2025-06-09,Mobile App,1157.15
ORD-009111,C02428,Maya Miller | United States | Basic,Sprots,391.41,3,2025-03-23,Website,1174.23
ORD-009112,C01463,Noah Carter | United States | Plus,Home & Kitchen,34.49,3,2026-05-11,Retail Store,103.47
ORD-009113,C00513,Olivia Khan | France | Basic,Beauty,39.35,1,2025-04-25,Retail Store,39.35
ORD-009114,C00034,Lucas Lee | Australia | Basic,Clothing,149.3,1,2026-07-15,Website,149.3
ORD-009115,C00416,Ella Lee | United States | Plus,Sports,156.27,1,2025-01-23,Retail Store,156.27
ORD-009116,C00120,Omar Taylor | Australia | Premium,Sports,369.46,3,2026-02-15,Website,1108.38
ORD-009117,C00691,Chloe Nelson | Canada | Premium,Toys,296.95,1,2026-05-30,Website,296.95
ORD-009118,C01927,Emma Baker | UAE | Plus,Sport,516.5,3,2026-03-16,Retail Store,1549.5
ORD-009119,C02487,Noah Miller | United States | Premium,electronic,38.28,1,2025-08-10,Website,38.28
ORD-009120,C02366,Ryan Miller | UAE | Basic,Sports,541.05,6,2026-06-01,Website,3246.3
ORD-009121,C01109,Mia Brown | Germany | Basic,BOOKS,10.99,1,2025-03-25,Marketplace,10.99
ORD-009122,C02402,Ethan Taylor | Singapore | Basic,Beauty,452.34,5,2025-06-13,Website,2261.7
ORD-009123,C00726,Ryan Lewis | Singapore | Premium,OFFICE SUPPLIES,516.1,6,2025-02-25,Marketplace,3096.6
ORD-009124,C02366,Ryan Miller | UAE | Basic,Office Supplies,218.36,1,2025-02-17,Website,218.36
ORD-009125,C01218,Chloe Smith | UAE | Plus,Books,74.57,1,2025-03-10,Retail Store,74.57
ORD-009126,C01994,Amelia Baker | Australia | Basic,Electronic Goods,95.73,1,2025-03-17,Website,95.73
ORD-009127,C01943,Amelia Lewis | France | Basic,Clothing,134.4,3,2025-10-28,Mobile App,403.2
ORD-009128,C01009,Liam Khan | Canada | Basic,Toys,603.84,2,2026-05-06,Marketplace,1207.68
ORD-009129,C01526,Lucas Lee | United Kingdom | Plus,Book,415.8,2,2025-07-03,Retail Store,831.6
ORD-009130,C01271,Adam Clark | United States | Plus,Beauty,180.27,1,2026-06-13,Marketplace,180.27
ORD-009131,C02541,Yusuf Hassan | United Kingdom | Basic,Toys,196.71,5,2026-02-20,Marketplace,983.55
ORD-009132,C02681,Omar Green | UAE | Basic,Clothing,637.54,4,2026-07-19,Mobile App,2550.16
ORD-009133,C02658,Ethan Martin | UAE | Premium,Electronics,83.9,4,2025-07-02,Retail Store,335.6
ORD-009134,C02487,Noah Miller | United States | Premium,Beauty,90.72,4,2026-06-12,Website,362.88
ORD-009135,C00271,Henry Mitchell | Germany | Premium,CLOTHING,296.11,1,2026-03-07,Mobile App,296.11
ORD-009136,C00847,Ryan Baker | United States | Basic,Beauty Products,582.34,1,2025-04-25,Website,582.34
ORD-009137,C01144,Daniel Baker | United States | Plus,Toys ,142.02,3,2025-02-03,Website,426.06
ORD-009138,C01289,Lucas Walker | United Kingdom | Basic,Office Supplies,295.49,3,2025-02-07,Website,886.47
ORD-009139,C01128,Omar Khan | France | Basic,SPORTS,101.38,1,2026-03-30,Retail Store,101.38
ORD-009140,C01854,Sara Thomas | United Kingdom | Basic,Home and Kitchen,183.73,2,2025-10-09,Website,367.46
ORD-009141,C01149,Liam Baker | Germany | Plus,Beauty Products,90.07,2,2025-06-23,Website,180.14
ORD-009142,C00169,Liam Patel | Germany | Basic,Clothing,604.5,1,2025-10-29,Mobile App,604.5
ORD-009143,C02452,Jack Walker | France | Plus,Office Supply,311.94,4,2025-10-31,Mobile App,1247.76
ORD-009144,C01684,Daniel Lee | Australia | Plus,Sports & Fitness,142.06,6,2025-05-06,Mobile App,852.36
ORD-009145,C00647,Jack Brown | United States | Plus,Clothing,62.11,2,2025-06-27,Retail Store,124.22
ORD-009146,C01125,Liam Walker | Singapore | Plus,Home & Ktchen,449.76,6,2025-01-14,Marketplace,2698.56
ORD-009147,C01511,Lucas King | UAE | Premium,Home & Kitchen,504.34,0,2026-04-25,Retail Store,3026.04
ORD-009148,C00622,Noah Patel | Germany | Premium,Home & Kitchen,497.25,6,2026-03-07,Mobile App,2983.5
ORD-009149,C01143,Daniel Wright | United States | Basic,Toys,261.93,3,2026-07-15,Retail Store,785.79
ORD-009150,C02563,Daniel Garcia | Australia | Basic,Beauty,384.12,6,2025-12-05,Mobile App,2304.72
ORD-009151,C00244,Lina Garcia | Singapore | Basic,Office Supplies,178.3,1,2026-01-29,Marketplace,178.3
ORD-009152,C02181,Omar Baker | United States | Plus,SPORTS,555.17,6,2025-03-24,Marketplace,3331.02
ORD-009153,C00862,Amelia Mitchell | United Kingdom | Plus,Electronics,129.74,4,2025-04-25,Retail Store,518.96
ORD-009154,C01139,Lina King | Singapore | Plus,HOME & KITCHEN,302.06,4,2025-08-20,Website,1208.24
ORD-009155,C00598,Sara Anderson | Singapore | Plus,Home Kitchen,302.83,2,2025-12-24,Retail Store,605.66
ORD-009156,C01862,Lina Clark | United Kingdom | Basic,Sprots,327.37,6,2025-07-15,Website,1964.22
ORD-009157,C01963,Sophia Nelson | United Kingdom | Basic,Boks,632.88,1,2026-03-12,Marketplace,632.88
ORD-009158,C01890,Henry Wilson | Canada | Basic,Clothing & Apparel,546.39,1,2025-04-21,Marketplace,546.39
ORD-009159,C01919,Ryan Clark | Singapore | Basic,Clothing,247.41,1,2026-03-16,Website,247.41
ORD-009160,C02714,Zoe Wright | UAE | Plus,Books & Media,608.97,5,2025-08-25,Marketplace,3044.85
ORD-009161,C00564,Amelia Clark | Australia | Basic,Beauty,345.92,4,2026-03-09,Mobile App,1383.68
ORD-009162,C00631,Sara Hassan | United States | Basic,Sport,557.0,2,2025-07-03,Mobile App,1114.0
ORD-009163,C00489,Ryan Carter | United States | Premium,Sprots,464.27,2,2026-03-06,Retail Store,928.54
ORD-009164,C02841,Chloe Ahmed | Germany | Premium,Office Supplies,372.46,3,2026-02-02,Website,1117.38
ORD-009165,C02501,Layla Lee | France | Plus,SPORTS,188.37,5,2026-01-01,Marketplace,941.85
ORD-009166,C02539,Alex Adams | Singapore | Basic,Sports,105.29,2,2026-06-12,Website,210.58
ORD-009167,C00408,James Adams | Singapore | Plus,Book,188.93,5,2025-03-17,Retail Store,944.65
ORD-009168,C01859,Sam Lee | France | Plus,Electroncs,55.28,4,2025-10-17,Marketplace,221.12
ORD-009169,C02320,Olivia Adams | Canada | Basic,Clothing,447.0,2,2026-01-30,Mobile App,894.0
ORD-009170,C00979,Sophia Anderson | Singapore | Basic,Toy,531.82,4,2026-07-23,Mobile App,2127.28
ORD-009171,C01773,Liam Anderson | Canada | Premium,Sports,19.54,6,2026-05-30,Marketplace,117.24
ORD-009172,C02335,Ava Baker | Australia | Basic,Toys,520.93,3,2025-03-10,Marketplace,1562.79
ORD-009173,C01983,Zoe Davis | United Kingdom | Premium,Beauty,220.43,5,2026-02-07,Marketplace,1102.15
ORD-009174,C01151,Ryan Mitchell | Singapore | Premium,Toys,590.46,5,2026-04-26,Mobile App,2952.3
ORD-009175,C00017,Daniel Brown | United States | Basic,Office  Supplies,188.17,1,2026-02-24,Retail Store,188.17
ORD-009176,C00243,Ella Garcia | Singapore | Plus,Clothes,457.17,2,2026-02-25,Website,914.34
ORD-009177,C00560,Sophia Smith | United States | Basic,Books,572.88,2,2025-01-23,Marketplace,1145.76
ORD-009178,C00660,Henry Clark | France | Plus,Electronics,24.21,6,2025-03-07,Website,145.26
ORD-009179,C02973,Alex Green | Canada | Premium,Office Supples,263.44,1,2025-08-23,Marketplace,263.44
ORD-009180,C01216,Isla Clark | Germany | Basic,Home Kitchen,563.34,1,2025-03-31,Website,563.34
ORD-009181,C01087,Alex Johnson | Canada | Premium,ELECTRONICS,209.43,1,2026-07-01,Website,209.43
ORD-009182,C01643,Daniel Walker | United States | Basic,Office  Supplies,146.27,5,2026-04-12,Website,731.35
ORD-009183,C01197,Zoe Garcia | United States | Plus,Sports,125.94,2,2026-04-27,Website,251.88
ORD-009184,C00877,James Taylor | Singapore | Basic,Toys,149.19,5,2026-06-01,Retail Store,745.95
ORD-009185,C01399,Daniel Brown | United Kingdom | Premium,Beauty,564.85,4,2026-07-12,Retail Store,2259.4
ORD-009186,C01425,Daniel Baker | United Kingdom | Basic,Beauty,288.66,2,2026-05-24,Retail Store,577.32
ORD-009187,C01381,Daniel Khan | Australia | Basic,Beauty,71.82,2,2026-04-17,Website,143.64
ORD-009188,C02473,Henry Carter | Australia | Basic,Home & Kitchen,464.36,3,2025-12-07,Mobile App,1393.08
ORD-009189,C01549,Layla Hassan | United States | Premium,Sprots,452.68,3,2025-10-28,Marketplace,1358.04
ORD-009190,C02515,Alex Wilson | United Kingdom | Basic,Electronics,564.36,2,2026-01-09,Marketplace,1128.72
ORD-009191,C02306,Nora Mitchell | UAE | Premium,Electronics,223.64,6,2025-05-03,Website,1341.84
ORD-009192,C02911,Ava Garcia | Singapore | Premium,Books,58.01,1,2026-07-20,Retail Store,58.01
ORD-009193,C02640,Zoe Khan | Australia | Premium,Beauty,18.63,6,2025-11-11,Retail Store,111.78
ORD-009194,C00398,Ethan Khan | France | Basic,Sports,88.93,5,2026-01-21,Retail Store,444.65
ORD-009195,C01744,Ethan Taylor | France | Plus,Clothing & Apparel,558.55,6,2026-06-06,Website,3351.3
ORD-009196,C02661,Ava Khan | Germany | Plus,Sports & Fitness,10.24,6,2025-10-02,Retail Store,61.44
ORD-009197,C00907,Lucas King | France | Basic,Home Kitchen,490.34,2,2025-12-04,Marketplace,980.68
ORD-009198,C02549,Ethan Davis | Australia | Plus,Office Supplies,68.85,3,2026-05-22,Retail Store,206.55
ORD-009199,C02029,Liam Khan | Singapore | Plus,Books,349.99,2,2026-05-13,Marketplace,699.98
ORD-009200,C02995,Lucas Anderson | UAE | Basic,Home & Kitchen,601.85,1,2025-09-02,Website,601.85
ORD-009201,C02392,Ella Clark | Canada | Basic,Clothing,583.67,3,2026-05-03,Mobile App,1751.01
ORD-009202,C01387,Sam Miller | United States | Basic,Clothing,74.85,4,2026-07-08,Mobile App,299.4
ORD-009203,C01219,Sara King | United Kingdom | Plus,ELECTRONICS,363.97,2,2026-04-08,Mobile App,727.94
ORD-009204,C01810,Liam Johnson | Singapore | Basic,BOOKS,250.32,1,2026-05-26,Website,250.32
ORD-009205,C02182,Henry Mitchell | France | Plus,Office Supplies,375.33,3,2026-02-21,Website,1125.99
ORD-009206,C01975,Amelia Smith | Australia | Basic,Sprots,315.43,2,2026-01-07,Retail Store,630.86
ORD-009207,C02406,Ethan Adams | Australia | Premium,BOOKS,484.26,2,2026-01-02,Website,968.52
ORD-009208,C00125,Maya Green | Canada | Premium,Electronic Goods,515.9,5,2025-10-01,Mobile App,2579.5
ORD-009209,C01596,Zoe King | Australia | Basic,Clothing,8.75,6,2026-05-16,Marketplace,52.5
ORD-009210,C01143,Daniel Wright | United States | Basic,Clothing,127.55,6,2025-08-05,Mobile App,765.3
ORD-009211,C01792,James Lewis | Singapore | Premium,Electronics,-388.15,6,2025-07-17,Marketplace,2328.9
ORD-009212,C01817,Olivia Anderson | United States | Plus,Beauty,379.76,4,2025-08-13,Mobile App,1519.04
ORD-009213,C00425,Zoe Wilson | Singapore | Premium,Clothing,379.22,6,2026-02-10,Website,2275.32
ORD-009214,C01850,Daniel Hall | Germany | Basic,Electronics ,237.79,5,2025-10-02,Website,1188.95
ORD-009215,C02293,Adam Clark | France | Plus,Beauty,521.4,5,2025-01-15,Marketplace,2607.0
ORD-009216,C00346,Ryan Clark | Germany | Basic,Beauty,318.31,3,2025-11-02,Retail Store,954.93
ORD-009217,C00836,Sara Wright | United Kingdom | Basic,Sports,201.86,2,2026-07-06,Marketplace,403.72
ORD-009218,C00018,Yusuf Brown | France | Plus,Books,374.05,5,2025-10-31,Mobile App,1870.25
ORD-009219,C02621,Layla Lewis | France | Basic,TOYS,463.6,4,2026-05-20,Website,1854.4
ORD-009220,C01363,Amelia Khan | Germany | Premium,Book,517.42,1,2026-02-13,Website,517.42
ORD-009221,C00922,Lina Lewis | United Kingdom | Basic,Electronics,316.43,3,2025-02-22,Retail Store,949.29
ORD-009222,C00507,Ava Mitchell | Singapore | Basic,Sports,26.29,5,2025-06-08,Retail Store,131.45
ORD-009223,C02176,Mia Carter | UAE | Basic,Clothing,93.21,6,2025-10-01,Marketplace,559.26
ORD-009224,C00128,Noah Green | United Kingdom | Basic,Toys,569.9,2,2025-03-17,Retail Store,1139.8
ORD-009225,C00329,Emma Adams | UAE | Premium,Office Supplies,363.47,1,2025-05-11,Mobile App,363.47
ORD-009226,C00318,Yusuf Clark | Australia | Basic,Sprots,292.63,1,2025-08-26,Retail Store,292.63
ORD-009227,C02961,Ethan Hall | Canada | Basic,Home & Kitchen,504.46,6,2026-07-12,Website,3026.76
ORD-009228,C00088,Sophia Green | Germany | Plus,Electronic Goods,222.16,5,2025-11-03,Website,1110.8
ORD-009229,C02138,Ethan Nelson | Singapore | Plus,Office Supplies,27.13,3,2025-07-28,Marketplace,81.39
ORD-009230,C01691,Ava Anderson | United States | Basic,Office Supplies,578.03,4,2025-07-26,Retail Store,2312.12
ORD-009231,C02745,Isla Anderson | United Kingdom | Basic,Books,46.16,3,2025-06-29,Mobile App,138.48
ORD-009232,C01589,Adam King | United States | Basic,Clothing,485.73,2,2025-10-06,Marketplace,971.46
ORD-009233,C02887,Ryan Anderson | Germany | Basic,Toys,365.65,6,2025-06-02,Mobile App,2193.9
ORD-009234,C00891,Lucas Martin | France | Plus,Books,558.31,4,2025-04-17,Website,2233.24
ORD-009235,C02095,Ryan Walker | United States | Plus,Sport,52.51,6,2025-12-18,Website,315.06
ORD-009236,C02880,Nora Garcia | France | Plus,Office Supplies,28.92,2,2026-05-06,Mobile App,57.84
ORD-009237,C02807,Noah Moore | United Kingdom | Plus,Electronics,537.73,6,2026-07-06,Website,3226.38
ORD-009238,C02245,Lina Garcia | United Kingdom | Plus,Beauty,592.18,3,2025-05-09,Mobile App,1776.54
ORD-009239,C01353,Isla Anderson | France | Plus,Electronics ,364.61,5,2025-09-01,Mobile App,1823.05
ORD-009240,C00262,Alex Young | Australia | Premium,Book,184.45,6,2026-03-06,Retail Store,1106.7
ORD-009241,C00883,Emma Moore | UAE | Basic,Home & Kitchen,554.47,5,2025-01-07,Marketplace,2772.35
ORD-009242,C00321,Chloe Adams | Australia | Basic,Home & Kitchen,461.09,4,2025-12-13,Marketplace,1844.36
ORD-009243,C00816,Lina Hall | Singapore | Basic,Beauty Products,70.88,5,2025-04-21,Mobile App,354.4
ORD-009244,C01179,Zoe Ahmed | Australia | Basic,Toys,619.21,5,2026-07-24,Website,3096.05
ORD-009245,C01844,Adam Young | Singapore | Basic,Electronics,323.95,4,2025-01-23,Mobile App,1295.8
ORD-009246,C02535,Jack Lee | United Kingdom | Plus,beauty ,123.28,2,2025-05-29,Website,246.56
ORD-009247,C02602,James Khan | United Kingdom | Basic,Electronics,604.74,3,2025-07-20,Marketplace,1814.22
ORD-009248,C02810,Sophia Davis | Germany | Basic,BOOKS,463.72,4,2025-04-22,Mobile App,1854.88
ORD-009249,C00513,Olivia Khan | France | Basic,Beauty,289.66,1,2025-04-06,Marketplace,289.66
ORD-009250,C00175,Adam Miller | Australia | Basic,Toys,645.97,5,2026-05-25,Mobile App,3229.85
ORD-000041,C00535,Lucas Young | Singapore | Basic,Electronics,575.93,1,2025-04-30,Marketplace,575.93
ORD-009252,C02369,Yusuf Smith | Australia | Premium,Office Supplies,298.18,2,2026-06-27,Marketplace,596.36
ORD-009253,C01139,Lina King | Singapore | Plus,Clothing,598.36,6,2026-02-21,Retail Store,3590.16
ORD-009254,C01778,Ryan Johnson | Canada | Plus,Sports,84.81,3,2025-08-02,Website,254.43
ORD-009255,C02919,Liam Garcia | United Kingdom | Basic,Beautyy,127.17,2,2025-08-21,Marketplace,254.34
ORD-009256,C02017,Adam Nelson | Australia | Basic,ELECTRONICS,39.24,1,2025-01-31,Retail Store,14.24
ORD-009257,C01793,Emma Smith | Singapore | Premium,Home & Kitchen,430.49,4,2025-08-04,Retail Store,1721.96
ORD-009258,C02182,Henry Mitchell | France | Plus,Clothing,434.35,5,2025-03-06,Website,2171.75
ORD-009259,C02371,Nora Mitchell | Canada | Plus,Office Supples,350.72,3,2025-07-10,Website,1052.16
ORD-009260,C01136,Yusuf Miller | Canada | Premium,Clothing,323.73,3,2025-05-11,Retail Store,971.19
ORD-009261,C02596,Ryan Taylor | Canada | Plus,Toys,274.6,3,2026-01-01,Retail Store,823.8
ORD-009262,C00606,Zoe Patel | France | Premium,BEAUTY,314.01,2,2025-04-07,Marketplace,628.02
ORD-009263,C01274,Leo Davis | United Kingdom | Premium,Beautyy,338.97,5,2025-12-11,Mobile App,1694.85
ORD-009264,C00383,Adam Taylor | Australia | Plus,Toys,256.71,5,2025-02-10,Website,1283.55
ORD-009265,C00769,James Mitchell | Singapore | Premium,Sports,304.55,4,2026-02-05,Mobile App,1218.2
ORD-009266,C02440,Nora Patel | Australia | Basic,Beauty,42.6,3,2025-10-30,Marketplace,127.8
ORD-009267,C00953,Liam Brown | Australia | Plus,BEAUTY,347.7,6,2025-11-06,Marketplace,2086.2
ORD-009268,C02770,Yusuf Wilson | UAE | Premium,Electronics,302.59,3,2026-07-22,Marketplace,907.77
ORD-009269,C02100,Ella Garcia | Singapore | Plus,Sports,106.98,4,2025-04-15,Website,427.92
ORD-009270,C02195,Leo Lewis | Australia | Basic,Toys,305.78,1,2026-07-14,Marketplace,305.78
ORD-009271,C02807,Noah Moore | United Kingdom | Plus,Clothng,618.22,5,2026-01-12,Marketplace,3091.1
ORD-009272,C00944,Amelia Martin | United Kingdom | Basic,Books,230.0,3,2025-08-01,Marketplace,690.0
ORD-009273,C00694,Alex Hall | France | Plus,Home & Kitchen,57.03,1,2025-03-23,Website,57.03
ORD-009274,C02955,Ella Johnson | Australia | Basic,Clothing,304.58,6,2025-10-15,Mobile App,1827.48
ORD-009275,C00701,Sam Lewis | Singapore | Premium,Sports & Fitness,165.49,1,2025-11-10,Mobile App,165.49
ORD-009276,C01696,Amelia Thomas | United States | Plus,Beauty,353.46,6,2025-08-06,Retail Store,2120.76
ORD-009277,C01301,Adam Brown | United Kingdom | Basic,Home and Kitchen,214.93,4,2025-10-11,Marketplace,859.72
ORD-009278,C02833,Leo Smith | Singapore | Basic,Toys ,231.93,2,2026-01-27,Website,463.86
ORD-009279,C02545,Sara Mitchell | France | Premium,Office Supplies,407.54,6,2025-09-25,Website,2445.24
ORD-009280,C01961,James Young | Singapore | Basic,Toy,434.48,6,2026-04-24,Website,2606.88
ORD-009281,C01981,Liam Davis | France | Basic,Office  Supplies,178.12,5,2025-04-09,Mobile App,890.6
ORD-009282,C00011,Yusuf Khan | UAE | Plus,Electronics,578.44,3,2026-01-25,Retail Store,1735.32
ORD-009283,C00797,Noah Green | United States | Basic,Office Supplies,272.27,1,2026-06-15,Retail Store,272.27
ORD-009284,C00113,Liam Davis | United Kingdom | Basic,HOME & KITCHEN,642.71,2,2026-03-22,Retail Store,1285.42
ORD-009285,C02867,Yusuf Miller | UAE | Basic,Office Supplies,147.08,4,2025-05-20,Mobile App,588.32
ORD-009286,C00841,Lina Walker | Australia | Basic,Office Supplies,144.78,1,2025-01-25,Mobile App,144.78
ORD-009287,C02593,Layla Garcia | UAE | Basic,Office Supplies,-64.22,3,2025-08-12,Mobile App,192.66
ORD-009288,C01769,Amelia Wright | United Kingdom | Plus,Electronics,599.76,4,2025-07-15,Retail Store,2399.04
ORD-009289,C01006,Sara Thomas | UAE | Basic,Office Supplies,317.04,2,2025-11-02,Mobile App,634.08
ORD-009290,C00195,Isla Green | France | Plus,Toys,72.77,2,2025-04-24,Mobile App,145.54
ORD-009291,C02796,Layla Hall | Canada | Plus,BOOKS,267.19,1,2025-10-19,Marketplace,267.19
ORD-009292,C02648,Sophia Davis | United Kingdom | Basic,Office Supply,563.46,4,2026-07-05,Mobile App,2253.84
ORD-009293,C01049,Emma Green | Germany | Basic,Sports,59.92,6,2025-09-24,Marketplace,359.52
ORD-009294,C02797,Noah Johnson | France | Basic,Office Supples,248.32,1,2025-01-14,Mobile App,248.32
ORD-009295,C00395,Ava Brown | Canada | Plus,Books,443.02,3,2026-06-20,Website,1329.06
ORD-009296,C01554,Adam Young | France | Basic,HOME & KITCHEN,203.06,4,2025-09-09,Mobile App,812.24
ORD-009297,C01617,Nora Young | Canada | Premium,Toy,79.95,4,2025-08-03,Marketplace,319.8
ORD-009298,C01151,Ryan Mitchell | Singapore | Premium,Clothing,305.35,3,2025-12-30,Marketplace,916.05
ORD-009299,C01009,Liam Khan | Canada | Basic,Toys,523.48,6,2026-01-13,Marketplace,3140.88
ORD-009300,C01601,Daniel Moore | United Kingdom | Premium,ELECTRONICS,492.01,5,2025-07-14,Mobile App,2460.05
ORD-009301,C02121,Jack Smith | France | Basic,Beauty,588.42,4,2025-05-06,Mobile App,2353.68
ORD-009302,C02883,Ava Davis | Canada | Plus,Electronics,73.57,2,2025-07-06,Mobile App,147.14
ORD-009303,C02150,Emma Johnson | Canada | Basic,Clothing,531.7,3,2025-07-17,Marketplace,1595.1
ORD-009304,C02520,Sara Nelson | United States | Premium,Electronics,560.75,1,2026-04-22,Website,560.75
ORD-009305,C01460,Sophia Wright | Canada | Premium,Home & Kitchen,517.28,3,2026-07-17,Retail Store,1551.84
ORD-009306,C00745,Layla Taylor | Canada | Plus,Home & Ktchen,17.04,1,2026-04-26,Website,17.04
ORD-009307,C00796,Chloe Patel | United States | Basic,Beautyy,67.86,1,2025-04-23,Website,67.86
ORD-009308,C02192,Mia Miller | Canada | Basic,beauty ,396.73,4,2025-11-08,Website,1586.92
ORD-009309,C01505,Olivia Smith | France | Plus,Beauty,496.45,3,2026-06-20,Retail Store,1489.35
ORD-009310,C01453,Noah Patel | Germany | Basic,Beautyy,236.29,5,2025-07-05,Marketplace,1181.45
ORD-009311,C01301,Adam Brown | United Kingdom | Basic,Clothng,594.64,1,2025-04-07,Retail Store,594.64
ORD-009312,C00970,Maya Green | United States | Basic,Electronics,542.18,6,2025-08-01,Marketplace,3253.08
ORD-009313,C02433,Lina Wright | Canada | Basic,Clothing,549.33,6,2025-03-16,Mobile App,3295.98
ORD-009314,C02943,Olivia Carter | France | Basic,Beauty Products,536.92,3,2026-05-22,Retail Store,1610.76
ORD-009315,C02631,Sara Baker | United States | Basic,Books,360.8,6,2025-09-24,Website,2164.8
ORD-009316,C00254,Amelia Wilson | Singapore | Basic,BOOKS,431.07,1,2025-04-05,Website,431.07
ORD-009317,C00360,Emma Green | Australia | Basic,Clothing,380.63,2,2026-06-20,Website,761.26
ORD-009318,C02587,Ryan Wright | UAE | Plus,Office Supplies,327.19,6,2026-01-26,Marketplace,1963.14
ORD-009319,C01179,Zoe Ahmed | Australia | Basic,Sport,559.45,2,2025-07-20,Mobile App,1118.9
ORD-009320,C00135,Lucas Green | UAE | Basic,OFFICE SUPPLIES,580.49,2,2025-06-02,Mobile App,1160.98
ORD-009321,C00365,Zoe Patel | United States | Premium,Electronics,355.3,5,2026-03-06,Marketplace,1776.5
ORD-009322,C01109,Mia Brown | Germany | Basic,Electronics,571.47,2,2025-05-22,Website,1142.94
ORD-009323,C02715,Nora Wright | France | Basic,Sports,648.87,6,2025-05-01,Marketplace,3893.22
ORD-009324,C02481,Noah Wright | Singapore | Basic,Beauty Products,123.89,2,2026-03-20,Mobile App,247.78
ORD-009325,C02138,Ethan Nelson | Singapore | Plus,Beauty,392.93,4,2025-04-08,Retail Store,1571.72
ORD-009326,C02461,Ethan Patel | United States | Plus,Home & Kitchen,243.56,3,2025-10-26,Website,730.68
ORD-009327,C00993,Ava Khan | Canada | Premium,Sports,244.63,1,2025-03-11,Website,244.63
ORD-009328,C02657,Sophia Green | Australia | Premium,Sports,33.35,1,2025-12-07,Website,33.35
ORD-009329,C00442,Omar Young | UAE | Premium,BOOKS,199.76,2,2025-05-21,Marketplace,399.52
ORD-009330,C02358,Chloe Clark | Singapore | Premium,Books,480.75,3,2025-05-07,Mobile App,1442.25
ORD-009331,C01480,Yusuf Taylor | France | Basic,BOOKS,134.08,4,2025-01-17,Retail Store,536.32
ORD-009332,C00800,Ethan Lee | Singapore | Basic,Office Supplies,442.04,3,2025-05-04,Website,1326.12
ORD-009333,C00382,Leo Hassan | Singapore | Basic,beauty ,423.87,3,2025-01-06,Marketplace,1271.61
ORD-009334,C00173,Alex Anderson | United States | Premium,Home & Kitchen,623.77,2,2025-11-10,Website,1247.54
ORD-009335,C02513,Sam Walker | Australia | Premium,Office Supplies,334.41,2,2026-04-14,Mobile App,668.82
ORD-009336,C01000,Emma Young | United States | Basic,Home & Kitchen,202.89,3,2026-07-04,Marketplace,608.67
ORD-009337,C01694,Chloe Nelson | Singapore | Basic,beauty ,290.54,3,2026-04-07,Retail Store,871.62
ORD-009338,C02266,Chloe Ahmed | Germany | Basic,Sports,480.45,6,2026-06-24,Retail Store,2882.7
ORD-009339,C01855,Emma Carter | United States | Plus,Sports,102.84,4,2025-11-20,Retail Store,411.36
ORD-009340,C02802,James King | UAE | Premium,Sports,46.61,1,2025-11-19,Website,46.61
ORD-009341,C01613,Liam Thomas | UAE | Premium,Clothing,48.64,5,2025-03-12,Retail Store,243.2
ORD-009342,C02781,Omar Wilson | Australia | Basic,Beauty,451.45,2,2025-12-14,Website,902.9
ORD-009343,C00768,Ethan Miller | UAE | Basic,Home & Kitchen,318.72,1,2025-03-31,Mobile App,318.72
ORD-009344,C00901,Amelia Hassan | United Kingdom | Premium,Office Supplies,92.44,3,2025-05-26,Mobile App,277.32
ORD-009345,C01201,Isla Brown | United Kingdom | Plus,Books & Media,407.17,2,2025-02-28,Retail Store,814.34
ORD-009346,C00495,Zoe Taylor | Germany | Basic,beauty ,160.72,6,2025-06-10,Marketplace,964.32
ORD-009347,C00877,James Taylor | Singapore | Basic,Electronics ,633.89,4,2025-08-19,Mobile App,2535.56
ORD-009348,C01167,Chloe Green | Germany | Basic,Books,186.19,3,2025-12-14,Website,558.57
ORD-009349,C00811,Ethan Smith | Canada | Plus,OFFICE SUPPLIES,357.02,6,2026-04-04,Website,2142.12
ORD-009350,C01466,Sophia Carter | United States | Plus,Clothing,15.21,5,2026-01-02,Retail Store,76.05
ORD-009351,C00737,James Smith | UAE | Basic,Clothing & Apparel,424.41,5,2025-09-17,Marketplace,2122.05
ORD-009352,C02523,Isla Hassan | Canada | Premium,Sports,458.57,5,2026-06-16,Mobile App,2292.85
ORD-009353,C00816,Lina Hall | Singapore | Basic,SPORTS,97.68,6,2025-03-31,Marketplace,586.08
ORD-009354,C00845,Liam Patel | Germany | Basic,Beauty,505.74,2,2025-08-10,Mobile App,1011.48
ORD-009355,C00623,Isla Nelson | Canada | Premium,Electronics,465.19,4,2026-01-20,Mobile App,1860.76
ORD-009356,C01621,Omar Taylor | United States | Premium,Books,42.39,4,2026-06-11,Website,169.56
ORD-009357,C01875,Alex Martin | France | Premium,Office Supplies,616.2,1,2025-08-17,Marketplace,616.2
ORD-009358,C01992,Adam Mitchell | France | Basic,Electronics,535.41,2,2025-06-21,Retail Store,1070.82
ORD-009359,C01073,Maya Anderson | United States | Basic,Sports,543.96,1,2025-08-23,Mobile App,543.96
ORD-009360,C02527,Layla Baker | Germany | Plus,CLOTHING,252.79,2,2025-08-19,Website,505.58
ORD-009361,C01423,Olivia Martin | United States | Plus,Office Supply,300.44,2,2025-02-14,Mobile App,600.88
ORD-009362,C02277,Ethan Clark | France | Premium,Clothing,428.57,2,2026-03-03,Website,857.14
ORD-009363,C00837,Ava Adams | France | Plus,Sports,559.7,4,2025-01-28,Retail Store,2238.8
ORD-009364,C00795,Daniel Mitchell | UAE | Plus,Clothing,388.31,6,2025-01-29,Retail Store,2329.86
ORD-009365,C01796,Liam Nelson | UAE | Premium,Electronics,72.6,6,2026-04-14,Marketplace,435.6
ORD-009366,C00185,Ella Brown | United Kingdom | Basic,Home & Kitchen,219.82,2,2025-04-17,Retail Store,439.64
ORD-009367,C00728,Ryan Young | Singapore | Plus,beauty ,237.14,4,2025-06-11,Website,948.56
ORD-009368,C00450,Layla Adams | Canada | Basic,Toys,312.57,3,2025-07-18,Mobile App,937.71
ORD-009369,C01138,Amelia Smith | France | Basic,Home & Kitchen,392.8,2,2026-01-21,Retail Store,785.6
ORD-009370,C00209,Henry Thomas | Germany | Basic,Toys,646.46,2,2025-03-15,Mobile App,1292.92
ORD-009371,C02717,Ryan Lewis | France | Basic,HOME & KITCHEN,181.17,5,2026-04-09,Retail Store,905.85
ORD-009372,C02046,Ava Mitchell | Singapore | Plus,Office Supplies,26.91,1,2025-02-15,Mobile App,26.91
ORD-009373,C00814,Noah Wright | United States | Premium,Beauty,410.5,4,2025-07-04,Marketplace,1642.0
ORD-009374,C01973,Maya Hall | United Kingdom | Plus,Sports,245.69,5,2025-06-04,Marketplace,1228.45
ORD-009375,C02306,Nora Mitchell | UAE | Premium,HOME & KITCHEN,52.01,5,2026-07-11,Mobile App,260.05
ORD-009376,C00110,Amelia Ahmed | UAE | Basic,Home & Kitchen,158.77,1,2026-03-15,Retail Store,158.77
ORD-009377,C01916,Leo Miller | France | Basic,Clothng,414.97,1,2025-07-05,Retail Store,414.97
ORD-009378,C00941,Zoe Martin | Germany | Basic,Sports,399.79,5,2026-04-07,Mobile App,1998.95
ORD-009379,C00289,Lina Carter | Canada | Plus,CLOTHING,470.67,5,2026-02-20,Marketplace,2353.35
ORD-009380,C01936,Lina Ahmed | Singapore | Basic,Book,336.91,3,2026-06-18,Marketplace,1010.73
ORD-009381,C02216,Jack Thomas | Australia | Plus,Office Supply,126.44,6,2026-05-03,Marketplace,758.64
ORD-009382,C01271,Adam Clark | United States | Plus,Sports,455.66,4,2025-06-08,Mobile App,1822.64
ORD-009383,C01032,Henry Taylor | UAE | Premium,Home Kitchen,388.85,2,2025-04-22,Website,777.7
ORD-009384,C02345,Alex Adams | United Kingdom | Plus,Toys & Games,629.25,5,2026-03-05,Mobile App,3146.25
ORD-009385,C00463,Sam Hassan | Canada | Basic,Home & Ktchen,321.86,2,,Marketplace,643.72
ORD-009386,C02051,Emma Wilson | France | Premium,Office Supples,249.82,1,2026-04-22,Mobile App,249.82
ORD-009387,C00818,Chloe Clark | France | Plus,Books,337.39,1,2026-02-11,Marketplace,337.39
ORD-009388,C02756,Olivia Walker | United Kingdom | Premium,Books,46.48,1,2025-01-30,Mobile App,46.48
ORD-009389,C02148,Jack Garcia | Singapore | Basic,Electronics,623.07,1,2025-05-19,Marketplace,623.07
ORD-009390,C02590,Omar Smith | Germany | Plus,Books,135.5,2,2025-06-23,Retail Store,271.0
ORD-009391,C00934,Liam Lee | Singapore | Plus,Clothing,458.68,6,2026-05-17,Marketplace,2752.08
ORD-009392,C00192,Olivia Wilson | United States | Plus,Sports,109.7,5,2025-03-16,Mobile App,548.5
ORD-009393,C00621,Daniel Nelson | United States | Plus,SPORTS,579.07,6,2025-02-13,Retail Store,3474.42
ORD-009394,C02862,Noah Johnson | Singapore | Plus,BOOKS,489.39,1,2025-04-04,Marketplace,489.39
ORD-009395,C01578,Maya Mitchell | United States | Premium,Sports,87.3,3,2025-08-31,Website,261.9
ORD-009396,C00956,Zoe Baker | United States | Basic,BOOKS,479.26,2,2025-03-10,Mobile App,958.52
ORD-009397,C00771,Zoe Nelson | Australia | Plus,Electronics,103.55,3,2026-07-10,Marketplace,310.65
ORD-009398,C02873,Lina Lewis | Canada | Plus,Home & Kitchen,112.47,6,2025-10-24,Mobile App,674.82
ORD-009399,C00516,Alex Nelson | France | Plus,Clothng,225.47,4,2025-10-20,Marketplace,901.88
ORD-009400,C01677,Sara Miller | Australia | Premium,Books & Media,239.24,3,2025-01-08,Mobile App,717.72
ORD-009401,C00799,Emma Adams | United Kingdom | Basic,TOYS,211.66,3,2025-05-08,Marketplace,634.98
ORD-009402,C01958,Alex Lee | Singapore | Basic,Books,387.56,4,2026-01-15,Retail Store,1550.24
ORD-009403,C01206,Liam Lewis | United States | Basic,Sports,134.22,2,2026-01-24,Website,268.44
ORD-009404,C01138,Amelia Smith | France | Basic,Sports,279.65,6,2025-04-03,Mobile App,1677.9
ORD-009405,C00493,Noah Smith | UAE | Plus,Office Supples,497.19,3,2026-05-01,Retail Store,1491.57
ORD-009406,C01434,Chloe Hassan | UAE | Basic,Electronics ,188.66,5,2025-07-13,Retail Store,943.3
ORD-009407,C00539,Sam Garcia | United States | Premium,Boks,525.49,6,2025-11-11,Website,3152.94
ORD-009408,C02513,Sam Walker | Australia | Premium,Office Supplies,272.09,4,2026-07-12,Website,1088.36
ORD-009409,C01970,Jack Brown | United Kingdom | Plus,Home and Kitchen,100.68,3,2026-05-13,Marketplace,302.04
ORD-009410,C00926,James Clark | United States | Premium,Office Supplies,438.61,1,2026-05-02,Retail Store,438.61
ORD-009411,C02087,Leo Khan | France | Basic,Boks,242.47,2,2025-02-15,Website,484.94
ORD-009412,C01773,Liam Anderson | Canada | Premium,Clothes,317.89,5,2026-04-01,Website,1589.45
ORD-009413,C00276,Emma Wilson | Germany | Basic,TOYS,174.47,4,2026-05-19,Retail Store,697.88
ORD-009414,C01397,Leo Carter | UAE | Basic,SPORTS,102.37,4,2026-04-24,Retail Store,409.48
ORD-009415,C00175,Adam Miller | Australia | Basic,Toys & Games,403.26,5,2026-01-14,Marketplace,2016.3
ORD-009416,C00345,Jack Garcia | Singapore | Plus,Clothing & Apparel,166.5,1,2025-06-04,Mobile App,166.5
ORD-009417,C01781,Alex King | United Kingdom | Premium,Beauty,162.3,3,2026-02-21,Retail Store,486.9
ORD-009418,C01663,Ella Clark | Canada | Premium,Electronics,204.52,5,2025-04-14,Marketplace,1022.6
ORD-009419,C01502,Sophia Davis | Australia | Plus,Clothing,561.75,1,2026-05-14,Marketplace,561.75
ORD-009420,C01303,Emma Hall | France | Basic,Clothing,435.32,5,2026-06-25,Mobile App,2176.6
ORD-009421,C00383,Adam Taylor | Australia | Plus,Clothing,588.99,5,2026-03-08,Marketplace,2944.95
ORD-009422,C01565,Ella Johnson | France | Premium,Beauty Products,631.33,3,2026-03-26,Mobile App,1893.99
ORD-009423,C00879,Sophia Davis | UAE | Premium,Electronics,184.68,3,2025-10-29,Mobile App,554.04
ORD-009424,C01686,Zoe Brown | UAE | Basic,Boks,152.72,5,2025-11-10,Retail Store,763.6
ORD-009425,C02370,Liam Lewis | Canada | Premium,Electroncs,580.39,5,2026-03-16,Mobile App,2901.95
ORD-009426,C02104,Isla Taylor | United Kingdom | Premium,BOOKS,283.14,1,2026-05-13,Website,283.14
ORD-009427,C01499,Sophia Moore | United States | Plus,Office Supply,486.21,4,2025-05-28,Marketplace,1944.84
ORD-009428,C02281,Maya Moore | UAE | Plus,Electronics,468.27,2,2025-12-11,Website,936.54
ORD-009429,C02152,Sophia Baker | Canada | Basic,Toys,511.71,4,2026-04-25,Retail Store,2046.84
ORD-009430,C02294,James Hall | UAE | Plus,electronic,464.24,2,2026-03-22,Retail Store,928.48
ORD-009431,C01566,Emma Anderson | Germany | Basic,Toys,119.29,4,2025-01-25,Mobile App,477.16
ORD-009432,C00930,Leo Ahmed | France | Plus,Home and Kitchen,36.59,5,2025-02-20,Website,182.95
ORD-009433,C00373,Amelia Walker | Singapore | Plus,Books,536.69,1,2026-03-20,Mobile App,536.69
ORD-009434,C01157,James Clark | Singapore | Premium,BOOKS,7.57,3,2025-01-28,Website,22.71
ORD-009435,C00934,Liam Lee | Singapore | Plus,Office Supplies,202.33,2,2025-06-15,Marketplace,404.66
ORD-009436,C00616,Sam Lewis | United States | Basic,Books,264.53,3,2026-03-04,Website,793.59
ORD-009437,C01306,Ethan Davis | United States | Basic,electronic,604.2,2,2025-01-30,Retail Store,1208.4
ORD-009438,C01907,Olivia Mitchell | France | Basic,Beautyy,259.85,3,2025-12-05,Marketplace,779.55
ORD-009439,C01399,Daniel Brown | United Kingdom | Premium,Toys,100.65,2,2025-01-02,Website,201.3
ORD-009440,C01833,Chloe Ahmed | UAE | Plus,Clothng,459.04,4,2025-04-30,Website,1836.16
ORD-009441,C02345,Alex Adams | United Kingdom | Plus,Electronics,630.07,3,2025-11-03,Website,1890.21
ORD-009442,C01455,Henry Smith | UAE | Basic,HOME & KITCHEN,188.84,5,2026-06-20,Mobile App,944.2
ORD-009443,C01528,Daniel Taylor | Singapore | Basic,Home & Ktchen,44.31,6,2025-07-11,Retail Store,265.86
ORD-009444,C00671,Omar Clark | Singapore | Basic,CLOTHING,589.33,5,2025-03-16,Marketplace,2946.65
ORD-009445,C00435,Nora Young | Australia | Premium,Toys,31.37,3,2026-02-17,Marketplace,94.11
ORD-009446,C01814,Isla Martin | Canada | Basic,SPORTS,119.03,2,2025-12-14,Website,238.06
ORD-009447,C01348,Liam Khan | Germany | Basic,Clothing,177.7,4,2025-05-15,Retail Store,710.8
ORD-009448,C01685,Sam Wilson | United Kingdom | Basic,Office Supplies,395.24,6,2025-02-15,Mobile App,2371.44
ORD-009449,C00795,Daniel Mitchell | UAE | Plus,SPORTS,250.85,6,2025-06-02,Retail Store,1505.1
ORD-009450,C02173,Nora Moore | Singapore | Basic,Electronics,303.01,5,2026-05-25,Marketplace,1515.05
ORD-009451,C02013,James Ahmed | Canada | Premium,beauty ,587.57,3,2025-05-17,Website,1762.71
ORD-009452,C02025,Liam Hassan | UAE | Basic,Office Supplies,353.93,1,2025-08-24,Mobile App,353.93
ORD-009453,C02038,Zoe Moore | United States | Plus,Office Supples,516.02,5,2025-09-15,Mobile App,2580.1
ORD-009454,C00509,Jack Thomas | Canada | Basic,Home & Kitchen,37.14,6,2026-07-10,Retail Store,222.84
ORD-009455,C02750,Ryan Mitchell | France | Basic,Electroncs,263.82,2,2026-06-27,Marketplace,527.64
ORD-009456,C02022,Noah Garcia | France | Basic,Electronics,339.29,1,2025-08-21,Marketplace,339.29
ORD-009457,C01736,Yusuf Baker | Singapore | Basic,Books,645.5,1,2026-02-08,Marketplace,645.5
ORD-009458,C00725,Amelia Johnson | Germany | Premium,Home and Kitchen,163.39,4,2025-11-10,Retail Store,653.56
ORD-009459,C02795,Ethan Walker | UAE | Plus,Home Kitchen,436.55,6,2026-04-03,Marketplace,2619.3
ORD-009460,C02809,Isla Thomas | Germany | Basic,Toys,510.52,5,2026-03-03,Mobile App,2552.6
ORD-009461,C02223,Liam Johnson | Germany | Plus,Home & Kitchen,213.32,1,2025-06-06,Retail Store,213.32
ORD-009462,C02258,Zoe Moore | United States | Basic,Beautyy,630.02,6,2025-10-03,Mobile App,3780.12
ORD-009463,C01936,Lina Ahmed | Singapore | Basic,Clothing,260.95,1,2025-03-09,Marketplace,260.95
ORD-009464,C00190,Sam Nelson | United States | Basic,SPORTS,60.12,3,2025-12-25,Retail Store,180.36
ORD-009465,C00909,Liam Thomas | Germany | Plus,Electronics,195.46,4,2026-01-08,Mobile App,781.84
ORD-009466,C01142,Maya Clark | France | Basic,Sports,585.59,2,2025-03-29,Website,1171.18
ORD-009467,C01268,Maya Johnson | Australia | Premium,Clothing,206.5,4,2025-08-27,Mobile App,826.0
ORD-009468,C01227,Isla Thomas | Australia | Basic,Clothing,614.46,2,2025-01-14,Website,1228.92
ORD-009469,C00924,Henry King | Canada | Plus,Clothing,621.9,5,2025-09-27,Retail Store,3109.5
ORD-009470,C02162,Nora Martin | United States | Basic,Books,458.41,1,2026-01-03,Mobile App,458.41
ORD-009471,C00632,Alex Patel | Canada | Basic,Beauty,195.76,4,2025-07-14,Mobile App,783.04
ORD-009472,C00918,Lina Anderson | Germany | Basic,TOYS,408.3,6,2025-06-19,Marketplace,2449.8
ORD-009473,C02442,Ethan Johnson | United States | Plus,Clothes,69.42,1,2025-10-10,Website,69.42
ORD-009474,C01541,Sam Smith | France | Basic,Books & Media,16.37,1,2025-01-05,Retail Store,16.37
ORD-009475,C01942,Jack Anderson | Singapore | Plus,Books,375.64,1,2025-03-14,Mobile App,375.64
ORD-009476,C00144,Yusuf Ahmed | France | Premium,Home & Kitchen,554.44,1,2025-05-30,Mobile App,554.44
ORD-009477,C02831,Omar Wright | France | Basic,Electronic Goods,482.26,3,2025-10-15,Website,1446.78
ORD-009478,C02433,Lina Wright | Canada | Basic,Electroncs,156.26,6,2026-04-12,Website,937.56
ORD-009479,C02516,Nora Hassan | United Kingdom | Plus,Office Supples,622.62,1,2025-05-25,Mobile App,622.62
ORD-009480,C00387,Emma Nelson | France | Plus,ELECTRONICS,272.69,3,2025-06-14,Website,818.07
ORD-009481,C02444,Daniel Miller | United Kingdom | Basic,Office Supply,240.84,2,2025-09-14,Retail Store,481.68
ORD-009482,C02751,Olivia Green | United States | Plus,Electronics,142.92,5,2025-10-24,Marketplace,714.6
ORD-009483,C01862,Lina Clark | United Kingdom | Basic,Beautyy,593.88,1,2025-05-04,Mobile App,593.88
ORD-009484,C00084,Sara King | France | Basic,Toy,457.36,3,2025-11-25,Website,1372.08
ORD-009485,C02385,Noah Garcia | United States | Plus,Electronics,403.62,1,2025-08-05,Website,403.62
ORD-009486,C01505,Olivia Smith | France | Plus,Books,144.69,4,2025-10-12,Marketplace,578.76
ORD-009487,C00493,Noah Smith | UAE | Plus,Clothing,618.63,2,2025-04-10,Mobile App,1237.26
ORD-009488,C02957,Sara Hassan | France | Basic,BOOKS,280.78,2,2025-01-27,Website,561.56
ORD-009489,C00765,Liam Taylor | Australia | Basic,Office Supply,123.98,5,2025-01-06,Website,619.9
ORD-009490,C02011,Sara Adams | Canada | Plus,Toys,540.15,6,2025-01-10,Mobile App,3240.9
ORD-009491,C02821,Amelia Martin | Australia | Premium,Toys,215.16,6,2026-03-09,Retail Store,1290.96
ORD-009492,C02421,Lucas Johnson | Canada | Premium,Clothing,384.29,5,2025-02-03,Website,1921.45
ORD-009493,C01645,Mia Brown | Canada | Premium,Beauty Products,279.8,1,2026-03-17,Retail Store,279.8
ORD-009494,C00171,Noah Miller | Germany | Premium,Sports,356.34,2,2026-07-21,Mobile App,712.68
ORD-009495,C01451,Omar Khan | United States | Basic,Electronics,197.74,6,2025-02-18,Website,1186.44
ORD-009496,C01921,Ava Miller | Singapore | Plus,Electronics,191.87,4,2025-01-13,Mobile App,767.48
ORD-009497,C02666,Nora Smith | UAE | Basic,Home & Kitchen,24.3,4,2025-05-25,Retail Store,97.2
ORD-009498,C00375,Olivia Mitchell | Germany | Basic,Beauty,151.27,2,2026-04-06,Marketplace,302.54
ORD-009499,C02333,Sam Baker | UAE | Basic,Clothing,521.97,5,2026-03-19,Mobile App,2609.85
ORD-009500,C01972,Ella Lewis | Singapore | Premium,Sprots,317.61,3,2026-03-31,Mobile App,952.83
ORD-009501,C01154,Liam Miller | France | Basic,Toys,407.17,0,2026-05-19,Retail Store,1221.51
ORD-009502,C02160,Maya Adams | Australia | Plus,Toys,223.96,1,2025-12-09,Website,223.96
ORD-009503,C01550,Maya Carter | United Kingdom | Basic,Office Supplies,155.8,2,2025-01-09,Mobile App,311.6
ORD-009504,C01382,Alex Hall | UAE | Basic,Beauty,388.73,2,2026-06-13,Retail Store,777.46
ORD-009505,C00567,Omar Green | France | Plus,Office Supples,586.1,6,2025-05-22,Retail Store,3516.6
ORD-009506,C01044,Daniel Baker | Australia | Basic,Beauty,163.44,2,2025-04-17,Mobile App,326.88
ORD-009507,C00325,Olivia Johnson | France | Plus,OFFICE SUPPLIES,455.45,5,2025-04-08,Mobile App,2277.25
ORD-009508,C00985,Ethan Miller | Canada | Basic,Electronics,467.12,3,2025-07-17,Mobile App,1401.36
ORD-009509,C01446,Sara Taylor | Canada | Plus,Home & Kitchen,382.47,3,2025-10-30,Retail Store,1147.41
ORD-009510,C02220,Nora King | UAE | Basic,Book,74.76,4,2025-10-19,Retail Store,299.04
ORD-009511,C00425,Zoe Wilson | Singapore | Premium,Boks,430.99,2,2026-01-17,Website,861.98
ORD-009512,C02702,Daniel Carter | Singapore | Basic,Toys,115.81,4,2025-01-05,Marketplace,463.24
ORD-009513,C01001,Sam Nelson | United Kingdom | Plus,Books,416.85,2,2025-03-06,Mobile App,833.7
ORD-009514,C00930,Leo Ahmed | France | Plus,Sports,619.01,3,2025-10-24,Marketplace,1857.03
ORD-009515,C01760,Omar Hassan | Singapore | Premium,Books,325.28,4,2025-04-06,Marketplace,1301.12
ORD-009516,C00769,James Mitchell | Singapore | Premium,Clothing & Apparel,457.99,2,2025-07-29,Mobile App,915.98
ORD-009517,C01052,Daniel Baker | UAE | Basic,Home & Kitchen,558.03,3,2026-01-31,Mobile App,1674.09
ORD-009518,C02388,Omar Garcia | United States | Premium,electronic,395.59,1,2025-02-08,Website,395.59
ORD-009519,C01139,Lina King | Singapore | Plus,Beauty,419.83,3,2025-06-24,Retail Store,1259.49
ORD-009520,C00961,James Moore | Australia | Basic,Clothing,327.44,3,2025-01-30,Website,1057.32
ORD-009521,C02975,Lina Adams | France | Premium,Sports,644.64,2,2025-08-20,Marketplace,1289.28
ORD-009522,C02874,Alex Clark | France | Basic,Clothing,381.97,3,2026-02-26,Website,1145.91
ORD-009523,C01195,Noah Patel | Singapore | Plus,Beauty,268.84,3,2026-02-15,Website,806.52
ORD-009524,C01960,Lucas Lewis | France | Basic,Home & Kitchen,569.01,4,2025-10-11,Retail Store,2276.04
ORD-009525,C00443,Zoe Brown | United States | Basic,Home & Kitchen,162.14,4,2025-01-16,Retail Store,648.56
ORD-009526,C02305,Alex Baker | United Kingdom | Basic,Electronics,286.9,6,2025-03-28,Mobile App,1721.4
ORD-009527,C00395,Ava Brown | Canada | Plus,Beauty,562.82,2,2026-07-24,Retail Store,1125.64
ORD-009528,C01043,Daniel Adams | Canada | Plus,Toy,159.77,5,2025-04-15,Retail Store,798.85
ORD-009529,C00326,Ryan Anderson | United Kingdom | Basic,Beauty Products,189.2,2,2026-03-14,Website,378.4
ORD-009530,C00320,Layla Green | Germany | Premium,Beauty,389.14,2,2025-07-16,Website,778.28
ORD-009531,C02381,Nora Wilson | Germany | Plus,Electronics ,230.69,6,2026-06-17,Mobile App,1384.14
ORD-009532,C00622,Noah Patel | Germany | Premium,SPORTS,11.63,1,2025-10-03,Retail Store,11.63
ORD-009533,C00912,Ava Nelson | United States | Premium,Boks,363.09,1,2026-01-03,Marketplace,363.09
ORD-009534,C02383,Omar Brown | Singapore | Basic,Toys ,581.15,1,2026-07-20,Website,581.15
ORD-009535,C01091,Maya Green | UAE | Basic,Electroncs,391.75,5,2025-05-10,Website,1958.75
ORD-009536,C00702,Emma Clark | UAE | Plus,Electronics,15.56,6,2025-06-28,Retail Store,93.36
ORD-009537,C00892,Lina Adams | Canada | Premium,TOYS,429.03,2,2026-01-26,Marketplace,858.06
ORD-009538,C01694,Chloe Nelson | Singapore | Basic,Office Supply,385.0,4,2025-12-28,Marketplace,1540.0
ORD-009539,C00738,Jack Smith | Australia | Basic,electronic,363.49,3,2025-06-07,Mobile App,1090.47
ORD-009540,C01843,Ethan Walker | Canada | Basic,Clothing,202.19,6,2026-03-08,Marketplace,1213.14
ORD-009541,C01561,Amelia Young | Australia | Basic,Office Supplies,275.85,6,2025-05-28,Marketplace,1655.1
ORD-009542,C02232,Alex Smith | United States | Plus,Book,53.79,6,2026-01-02,Marketplace,322.74
ORD-009543,C02423,Chloe King | United States | Premium,Home & Ktchen,80.25,3,2026-06-24,Retail Store,240.75
ORD-009544,C00075,Chloe Garcia | United Kingdom | Basic,Clothing,149.03,4,2025-10-09,Marketplace,596.12
ORD-009545,C00049,Isla Taylor | United Kingdom | Basic,Sports,331.28,2,2025-05-25,Marketplace,662.56
ORD-009546,C01104,Henry Lee | France | Plus,Electronics,606.74,1,2025-09-20,Mobile App,606.74
ORD-009547,C00669,Chloe Miller | United Kingdom | Basic,HOME & KITCHEN,134.37,3,2025-06-13,Mobile App,403.11
ORD-009548,C02759,Ryan Lewis | Germany | Basic,Electronics,305.07,5,2025-12-26,Mobile App,1525.35
ORD-009549,C01094,Isla Martin | Germany | Basic,Electronics,622.21,6,2025-10-24,Website,3733.26
ORD-009550,C00603,Yusuf Ahmed | Canada | Plus,Clothng,454.42,2,2026-01-19,Retail Store,908.84
ORD-009551,C02569,Nora Khan | France | Basic,Beauty,201.63,1,2026-02-08,Retail Store,201.63
ORD-009552,C01817,Olivia Anderson | United States | Plus,Books,396.45,3,2025-09-13,Mobile App,1189.35
ORD-009553,C01462,Alex Smith | UAE | Basic,Home & Kitchen,401.52,5,2026-06-08,Retail Store,2007.6
ORD-009554,C01053,Yusuf Patel | Germany | Basic,Beauty,580.72,1,2026-06-09,Retail Store,580.72
ORD-009555,C00643,Ethan Smith | Germany | Plus,SPORTS,600.24,5,2025-12-06,Retail Store,3001.2
ORD-009556,C02306,Nora Mitchell | UAE | Premium,Electronics ,270.45,4,2025-11-23,Mobile App,1081.8
ORD-009557,C01088,Jack Wright | Germany | Premium,Clothng,165.62,1,2026-03-14,Retail Store,165.62
ORD-009558,C02821,Amelia Martin | Australia | Premium,Office Supplies,546.39,3,2025-02-24,Website,1639.17
ORD-009559,C00213,Nora Thomas | Australia | Plus,Clothing,536.17,3,2026-03-23,Retail Store,1608.51
ORD-009560,C00817,Jack Hall | France | Plus,Office Supplies,273.01,2,2026-05-19,Retail Store,546.02
ORD-009561,C00294,Layla Garcia | Singapore | Plus,Beauty Products,180.58,5,2025-04-23,Marketplace,902.9
ORD-009562,C00521,Olivia King | France | Premium,Clothing,277.32,2,2025-06-23,Retail Store,554.64
ORD-009563,C02468,Adam Khan | Canada | Basic,Electroncs,327.4,5,2025-11-20,Retail Store,1637.0
ORD-009564,C02178,Isla Clark | Australia | Plus,Office Supplies,388.94,3,2025-10-04,Marketplace,1166.82
ORD-009565,C01684,Daniel Lee | Australia | Plus,Sprots,329.71,2,2026-01-15,Mobile App,659.42
ORD-009566,C01438,Henry Davis | Singapore | Basic,Office Supplies,107.82,4,2025-02-19,Retail Store,431.28
ORD-009567,C01671,Layla Brown | UAE | Basic,Clothing,219.44,2,2026-01-25,Marketplace,438.88
ORD-009568,C01459,Leo Hassan | Singapore | Plus,Beauty,37.23,5,2025-02-23,Website,186.15
ORD-009569,C02044,Sam Baker | United Kingdom | Basic,Toys,615.58,4,2026-02-08,Retail Store,2462.32
ORD-009570,C02579,Lucas Davis | Germany | Basic,Office Supples,213.59,1,2025-07-24,Website,213.59
ORD-009571,C02597,Maya Garcia | UAE | Premium,OFFICE SUPPLIES,375.88,3,2025-12-16,Retail Store,1127.64
ORD-009572,C02559,Amelia Nelson | Singapore | Basic,Office Supplies,252.09,4,2025-02-19,Website,1008.36
ORD-009573,C00079,Sara Clark | Canada | Plus,Beauty,161.14,1,2025-05-22,Retail Store,161.14
ORD-009574,C01360,Nora Moore | France | Basic,HOME & KITCHEN,208.36,3,2025-12-15,Retail Store,625.08
ORD-009575,C02534,Ella Moore | United States | Basic,BEAUTY,165.75,2,2025-02-18,Mobile App,331.5
ORD-009576,C02828,Ella Patel | United Kingdom | Basic,Home & Kitchen,604.0,5,2025-03-03,Retail Store,3020.0
ORD-009577,C01173,Sara Lee | Canada | Basic,SPORTS,408.88,4,2026-03-26,Retail Store,1635.52
ORD-009578,C02368,Chloe Walker | Germany | Basic,Books,431.43,4,2026-04-22,Marketplace,1725.72
ORD-009579,C02433,Lina Wright | Canada | Basic,Beautyy,567.85,1,2025-02-09,Mobile App,567.85
ORD-009580,C00421,Emma Green | United Kingdom | Basic,Beauty,249.98,2,2025-06-28,Website,499.96
ORD-009581,C02490,Mia Martin | Canada | Basic,Home and Kitchen,494.67,6,2026-04-20,Website,2968.02
ORD-009582,C00122,Lina King | Canada | Basic,Toys,495.22,5,2025-10-11,Retail Store,2476.1
ORD-009583,C02465,Sophia Martin | UAE | Plus,Sprots,483.06,6,2025-05-11,Mobile App,2898.36
ORD-009584,C02415,Leo Johnson | United Kingdom | Premium,BEAUTY,73.45,5,2026-04-27,Marketplace,367.25
ORD-009585,C02754,Lucas Mitchell | United States | Basic,Beauty,285.92,5,2025-01-01,Mobile App,1429.6
ORD-009586,C00125,Maya Green | Canada | Premium,Electronics,117.58,1,2026-03-29,Website,117.58
ORD-009587,C01697,Yusuf Moore | France | Plus,Office Supplies,165.82,1,2025-02-09,Website,165.82
ORD-009588,C02063,James Green | United States | Basic,Home & Kitchen,292.88,6,2025-12-26,Marketplace,1757.28
ORD-009589,C00696,James Thomas | UAE | Basic,Office Supplies,463.7,3,2025-05-27,Retail Store,1391.1
ORD-009590,C02998,Lina Wilson | UAE | Premium,Home & Kitchen,459.18,6,2026-05-28,Mobile App,2755.08
ORD-009591,C01264,Maya Miller | Canada | Premium,Office  Supplies,358.05,4,2025-10-06,Website,1432.2
ORD-009592,C01422,Omar Garcia | Germany | Plus,Toys,445.62,4,2026-06-15,Website,1782.48
ORD-009593,C02074,Ava Green | United Kingdom | Basic,Toys,269.15,4,2025-12-14,Retail Store,1076.6
ORD-009594,C01844,Adam Young | Singapore | Basic,Beauty Products,134.12,2,2026-01-31,Website,268.24
ORD-009595,C02838,Alex Mitchell | United Kingdom | Basic,Office Supplies,570.69,1,2026-05-04,Website,570.69
ORD-009596,C00229,James Thomas | United Kingdom | Basic,Beauty,350.84,4,2025-09-22,Website,1403.36
ORD-009597,C00509,Jack Thomas | Canada | Basic,Books,57.58,4,2025-07-24,Retail Store,230.32
ORD-009598,C02112,Amelia Moore | Singapore | Premium,Books,272.76,5,2025-09-11,Mobile App,1363.8
ORD-009599,C01106,Yusuf Patel | United States | Basic,Toys,65.61,4,2026-02-25,Marketplace,262.44
ORD-009600,C01436,Sara Patel | Canada | Basic,Home & Ktchen,62.15,2,2026-05-12,Retail Store,124.3
ORD-009601,C00875,Sophia Davis | France | Plus,Home & Kitchen,518.91,2,2026-07-03,Website,1037.82
ORD-009602,C01467,Leo Moore | Australia | Plus,Electronics,645.79,2,2025-04-07,Mobile App,1291.58
ORD-009603,C02432,Emma Carter | France | Basic,Home Kitchen,83.21,6,2026-02-01,Mobile App,499.26
ORD-009604,C02475,Sophia King | Canada | Plus,Books,111.15,6,2026-07-13,Marketplace,666.9
ORD-009605,C02855,Layla Martin | Germany | Basic,Home & Kitchen,329.96,1,2026-06-14,Website,329.96
ORD-009606,C02038,Zoe Moore | United States | Plus,Home Kitchen,217.18,6,2026-06-07,Retail Store,1303.08
ORD-009607,C00588,Isla Johnson | Australia | Basic,Boks,142.83,6,2025-08-29,Website,856.98
ORD-009608,C02932,Lina Anderson | United Kingdom | Basic,Toys,49.5,3,2026-05-16,Website,148.5
ORD-009609,C00517,Omar Nelson | Singapore | Basic,Sports,400.41,5,2025-08-08,Retail Store,2002.05
ORD-009610,C02508,Ava Nelson | UAE | Basic,Toys,336.37,4,2026-05-23,Mobile App,1345.48
ORD-009611,C01125,Liam Walker | Singapore | Plus,SPORTS,206.54,2,2025-08-05,Retail Store,413.08
ORD-009612,C01912,Alex Martin | Singapore | Plus,Clothing,473.78,6,2026-03-02,Mobile App,2842.68
ORD-009613,C01913,Lucas Green | United Kingdom | Plus,Home & Kitchen,449.23,6,2026-06-08,Retail Store,2695.38
ORD-009614,C00782,Zoe Wilson | Germany | Basic,SPORTS,275.52,6,2025-03-18,Mobile App,1653.12
ORD-009615,C02604,Chloe Nelson | France | Basic,Electronics,194.77,2,2025-03-20,Marketplace,389.54
ORD-009616,C00938,Ella Davis | United Kingdom | Basic,Clothng,633.94,1,2026-04-12,Retail Store,633.94
ORD-009617,C00533,Lucas Johnson | Singapore | Premium,Home & Kitchen,250.3,1,2025-07-20,Marketplace,250.3
ORD-009618,C01283,Ava Clark | France | Plus,OFFICE SUPPLIES,178.09,5,2025-08-25,Retail Store,890.45
ORD-009619,C01188,Noah Adams | UAE | Basic,Home & Kitchen,86.0,2,2025-05-14,Mobile App,172.0
ORD-009620,C02790,Nora Thomas | United States | Basic,Books,115.34,5,2026-05-18,Mobile App,576.7
ORD-009621,C01814,Isla Martin | Canada | Basic,ELECTRONICS,187.5,2,2026-05-17,Website,375.0
ORD-009622,C00245,Chloe Johnson | Germany | Plus,Home & Kitchen,335.0,2,2025-08-09,Mobile App,670.0
ORD-009623,C00343,Sam Brown | Australia | Basic,Home & Kitchen,588.64,4,2026-04-25,Marketplace,2354.56
ORD-009624,C01045,Daniel Patel | United States | Basic,Clothing,625.58,6,2026-02-27,Retail Store,3753.48
ORD-009625,C02807,Noah Moore | United Kingdom | Plus,Beautyy,103.9,3,2025-06-30,Mobile App,311.7
ORD-009626,C02001,Sophia Wilson | Australia | Plus,Toys,335.99,4,2025-09-13,Website,1343.96
ORD-009627,C00913,Layla Taylor | Singapore | Basic,Electronic Goods,278.05,4,2025-04-16,Mobile App,1112.2
ORD-009628,C02593,Layla Garcia | UAE | Basic,Sport,270.99,5,2025-09-14,Mobile App,1354.95
ORD-009629,C00823,Nora Carter | Australia | Basic,Sports & Fitness,484.4,4,2025-09-26,Marketplace,1937.6
ORD-009630,C02712,Ella Moore | Canada | Premium,Book,104.68,5,2025-09-08,Marketplace,523.4
ORD-009631,C01059,Ava King | France | Plus,Home & Kitchen,185.89,1,2026-06-16,Retail Store,185.89
ORD-009632,C02852,Daniel Davis | United States | Premium,Home & Kitchen,495.27,6,2025-06-16,Retail Store,2971.62
ORD-009633,C02069,Yusuf Brown | France | Plus,Beautyy,424.35,3,2025-12-23,Website,1273.05
ORD-009634,C02406,Ethan Adams | Australia | Premium,Books,578.99,1,2025-12-19,Retail Store,578.99
ORD-009635,C00971,Noah Walker | France | Plus,BEAUTY,224.37,6,2026-01-18,Marketplace,1346.22
ORD-009636,C02654,Noah Hall | UAE | Basic,BEAUTY,429.8,2,2025-03-02,Mobile App,859.6
ORD-009637,C00872,Mia Adams | United Kingdom | Plus,Home & Kitchen,522.25,6,2025-09-14,Website,3133.5
ORD-009638,C02444,Daniel Miller | United Kingdom | Basic,Office Supplies,137.35,2,2025-06-07,Marketplace,274.7
ORD-009639,C01697,Yusuf Moore | France | Plus,electronic,428.49,2,2025-09-18,Mobile App,856.98
ORD-009640,C01703,Leo Wilson | France | Plus,Clothing,247.06,3,2025-12-24,Retail Store,741.18
ORD-009641,C00009,Sam Clark | United Kingdom | Basic,HOME & KITCHEN,304.05,6,2026-04-29,Marketplace,1824.3
ORD-009642,C00868,Liam Green | Canada | Basic,Office Supplies,453.14,3,2026-05-25,Mobile App,1359.42
ORD-009643,C01766,Maya Khan | United States | Basic,Books,96.67,5,2026-02-18,Marketplace,483.35
ORD-009644,C02708,Daniel Martin | France | Plus,Electronics,18.26,1,2025-06-19,Website,18.26
ORD-009645,C00198,Amelia Lee | Canada | Plus,Beauty Products,627.86,6,2025-01-29,Retail Store,3767.16
ORD-009646,C02327,Ella Smith | United States | Basic,Toy,603.63,2,2026-02-06,Website,1207.26
ORD-009647,C00548,Ryan Patel | Germany | Premium,Electronics,628.3,1,2025-07-20,Mobile App,628.3
ORD-009648,C02165,Yusuf Wright | Canada | Basic,Beauty,235.67,6,2025-12-23,Marketplace,1414.02
ORD-009649,C00741,Daniel Martin | Australia | Plus,Electronics ,509.45,2,2026-05-28,Website,1018.9
ORD-009650,C00887,Ella Wright | UAE | Premium,Clothng,425.89,5,2025-09-09,Mobile App,2129.45
ORD-009651,C02222,Isla Thomas | United States | Basic,Clothing,509.96,6,2026-05-13,Retail Store,3059.76
ORD-009652,C01957,Amelia Hall | France | Basic,Toys & Games,42.46,6,2025-08-24,Marketplace,254.76
ORD-009653,C02365,Alex Hassan | United States | Plus,Toys,10.87,1,2025-10-14,Retail Store,10.87
ORD-009654,C02114,Omar Adams | United States | Plus,Sports,463.88,2,2025-04-08,Marketplace,927.76
ORD-009655,C00225,Yusuf Walker | Singapore | Plus,Office Supplies,455.67,2,2025-08-06,Mobile App,911.34
ORD-009656,C01297,Emma Mitchell | UAE | Basic,Office Supplies,380.16,1,2026-03-06,Marketplace,380.16
ORD-009657,C00193,Nora Hall | UAE | Basic,Beauty,42.21,6,2025-12-23,Website,253.26
ORD-009658,C01436,Sara Patel | Canada | Basic,Beauty,68.02,1,2025-06-05,Retail Store,68.02
ORD-009659,C01131,Mia Patel | Canada | Plus,Electroncs,608.01,2,2026-03-11,Retail Store,1216.02
ORD-009660,C01711,Ella Brown | United States | Premium,Books,466.47,5,2025-11-21,Marketplace,2332.35
ORD-009661,C02015,Sophia Wilson | Australia | Basic,Toys,104.59,5,2025-05-21,Marketplace,522.95
ORD-009662,C01860,Sam Garcia | Germany | Basic,Beauty,438.68,6,2025-05-23,Marketplace,2632.08
ORD-009663,C02233,Lina Moore | United States | Basic,ELECTRONICS,69.3,4,2025-05-11,Mobile App,277.2
ORD-009664,C01958,Alex Lee | Singapore | Basic,Electronics,506.27,3,2025-08-19,Retail Store,1518.81
ORD-009665,C01623,Chloe Mitchell | France | Basic,Home & Kitchen,61.31,6,2025-05-21,Mobile App,367.86
ORD-009666,C01893,Daniel Thomas | United States | Basic,Beauty,177.97,1,2026-06-20,Website,177.97
ORD-009667,C00636,James Nelson | United Kingdom | Basic,Beauty Products,336.97,5,2025-12-11,Retail Store,1684.85
ORD-009668,C01081,Ava Nelson | France | Plus,Office Supplies,86.46,3,2025-05-11,Marketplace,259.38
ORD-009669,C00065,Ryan Miller | Australia | Basic,Books,127.58,3,2026-06-25,Mobile App,382.74
ORD-009670,C00982,Daniel Young | France | Plus,Clothing & Apparel,534.05,6,2025-03-24,Marketplace,3204.3
ORD-009671,C02223,Liam Johnson | Germany | Plus,Beauty,108.34,1,2026-01-06,Mobile App,108.34
ORD-009672,C02139,Henry Wilson | Singapore | Plus,Clothing,148.76,2,2025-10-17,Retail Store,297.52
ORD-009673,C00937,Ella Miller | United Kingdom | Plus,Sports,55.63,1,2025-09-17,Retail Store,55.63
ORD-009674,C00136,Sam Brown | Canada | Basic,Home & Ktchen,325.46,1,2025-06-01,Mobile App,325.46
ORD-009675,C02329,Nora Martin | United Kingdom | Basic,Toys,643.74,6,2025-01-18,Website,3862.44
ORD-009676,C02845,Henry Hassan | UAE | Basic,Electronics,105.63,4,2026-05-19,Marketplace,422.52
ORD-009677,C01417,James Mitchell | France | Plus,Toys,147.11,2,2025-02-17,Website,294.22
ORD-009678,C01785,Sara Adams | United Kingdom | Plus,Office  Supplies,647.03,2,2025-06-06,Website,1294.06
ORD-009679,C00524,Chloe Wright | Canada | Plus,ELECTRONICS,158.59,4,2026-03-24,Retail Store,634.36
ORD-009680,C00958,Isla Lee | Germany | Basic,Clothng,407.6,5,2026-06-10,Mobile App,2038.0
ORD-009681,C00631,Sara Hassan | United States | Basic,Toys,181.43,4,2025-05-09,Retail Store,725.72
ORD-009682,C01727,Amelia Patel | Germany | Plus,Sports,272.13,5,2025-08-14,Mobile App,1360.65
ORD-009683,C02149,Jack Carter | United States | Basic,Beauty,315.95,1,2026-05-23,Mobile App,315.95
ORD-009684,C01770,Noah Wright | Canada | Plus,Books & Media,608.04,6,2025-09-01,Mobile App,3648.24
ORD-009685,C01297,Emma Mitchell | UAE | Basic,Books,311.56,1,2025-12-18,Marketplace,311.56
ORD-009686,C01946,Daniel Smith | Germany | Basic,Clothing,359.05,6,2026-01-26,Retail Store,2154.3
ORD-009687,C02075,Noah Patel | Germany | Basic,Toys,389.51,1,2026-02-03,Marketplace,389.51
ORD-009688,C00106,Layla Young | France | Basic,Office Supplies,142.31,4,2026-02-06,Mobile App,569.24
ORD-009689,C00927,Liam Carter | Germany | Plus,Sports,56.39,3,2025-02-16,Website,169.17
ORD-009690,C01914,Sam Adams | Singapore | Basic,Clothing,609.91,1,2025-10-08,Marketplace,609.91
ORD-009691,C01701,Zoe Johnson | United States | Plus,Toys,281.53,3,2025-07-05,Mobile App,844.59
ORD-009692,C02784,Ethan Moore | UAE | Basic,Electronics,246.38,3,2026-07-20,Website,739.14
ORD-009693,C01977,Ryan Young | UAE | Plus,BOOKS,104.11,2,2025-12-20,Website,208.22
ORD-009694,C01144,Daniel Baker | United States | Plus,Toys,595.71,4,2025-06-03,Mobile App,2382.84
ORD-009695,C01911,Sophia Carter | Singapore | Basic,Clothng,571.11,4,2025-04-21,Website,2284.44
ORD-009696,C01026,Daniel Taylor | Canada | Basic,Beauty,424.17,6,2026-02-19,Mobile App,2545.02
ORD-009697,C01246,Maya Garcia | Germany | Plus,Home & Kitchen,425.59,6,2025-10-06,Retail Store,2553.54
ORD-009698,C01129,Henry Clark | UAE | Plus,Clothing & Apparel,155.46,5,2026-01-30,Website,777.3
ORD-009699,C01088,Jack Wright | Germany | Premium,SPORTS,640.85,6,2026-06-10,Mobile App,3845.1
ORD-009700,C00271,Henry Mitchell | Germany | Premium,Home & Kitchen,199.15,1,2026-01-17,Website,199.15
ORD-009701,C01735,Layla Carter | France | Premium,Home & Ktchen,379.43,4,2026-03-13,Mobile App,1517.72
ORD-009702,C01038,Henry Taylor | France | Plus,Books,31.4,6,2026-06-22,Mobile App,188.4
ORD-009703,C01272,Nora Wright | France | Plus,Office Supply,427.26,2,2025-06-18,Retail Store,854.52
ORD-009704,C02181,Omar Baker | United States | Plus,Sports & Fitness,510.89,6,2025-03-27,Retail Store,3065.34
ORD-009705,C02341,James Baker | United States | Basic,Beautyy,401.01,6,2025-07-26,Website,2406.06
ORD-009706,C02098,Lina Moore | Canada | Premium,Clothing & Apparel,556.17,3,2025-06-15,Retail Store,1668.51
ORD-009707,C02034,Daniel Clark | France | Basic,Office Supplies,246.75,3,2025-02-21,Mobile App,740.25
ORD-009708,C01905,Sara Green | UAE | Premium,HOME & KITCHEN,505.26,1,2026-01-27,Mobile App,505.26
ORD-009709,C01261,Chloe Ahmed | United Kingdom | Basic,Office Supplies,210.56,6,2025-01-08,Marketplace,1263.36
ORD-009710,C00821,Chloe Wilson | Singapore | Basic,Books & Media,316.35,6,2026-03-26,Marketplace,1898.1
ORD-009711,C01192,Leo Carter | Singapore | Plus,Clothing,412.99,1,2026-01-01,Marketplace,412.99
ORD-009712,C01393,Maya Hassan | France | Plus,Clothing,606.04,3,2026-03-01,Mobile App,1818.12
ORD-009713,C00877,James Taylor | Singapore | Basic,BEAUTY,373.84,4,2025-10-09,Website,1495.36
ORD-009714,C00425,Zoe Wilson | Singapore | Premium,Toys,229.06,6,2026-04-26,Website,1374.36
ORD-009715,C01665,Ethan Adams | Australia | Basic,Home & Kitchen,393.09,2,2026-04-29,Mobile App,786.18
ORD-009716,C02048,Amelia Taylor | Australia | Premium,Beauty,375.26,2,2026-01-03,Marketplace,750.52
ORD-009717,C02793,Ava Clark | France | Plus,Books,309.19,6,2026-03-18,Website,1855.14
ORD-009718,C01083,Ella Hassan | United States | Basic,Beauty,143.15,5,2025-09-19,Website,715.75
ORD-009719,C01853,Yusuf Hall | Singapore | Basic,CLOTHING,146.25,2,2026-07-24,Retail Store,292.5
ORD-009720,C00275,Sophia Hall | UAE | Premium,beauty ,591.57,4,2025-10-17,Marketplace,2366.28
ORD-009721,C01570,Maya Khan | Germany | Basic,Clothng,67.05,3,2025-08-10,Retail Store,201.15
ORD-009722,C00550,Sara Thomas | UAE | Premium,Sports,157.0,6,2026-06-04,Mobile App,942.0
ORD-009723,C00829,Alex Smith | Singapore | Basic,Beauty,362.88,3,2026-03-19,Retail Store,1088.64
ORD-009724,C02939,Ella Hassan | Canada | Plus,Sports,457.67,4,2025-06-07,Retail Store,1830.68
ORD-009725,C01121,Ava Hassan | UAE | Premium,Beautyy,594.66,3,2025-10-14,Mobile App,1783.98
ORD-009726,C01967,Mia Taylor | France | Basic,Sports & Fitness,416.82,5,2026-06-29,Website,2084.1
ORD-009727,C01433,Adam Smith | Singapore | Basic,ELECTRONICS,385.92,3,2025-10-09,Retail Store,1157.76
ORD-009728,C01745,Jack Taylor | UAE | Premium,Toy,152.25,4,2026-04-22,Mobile App,609.0
ORD-009729,C01074,Alex Miller | Canada | Plus,Toys,554.84,6,2025-06-01,Mobile App,3329.04
ORD-009730,C00459,Sara Moore | Canada | Basic,TOYS,642.0,5,2025-08-21,Mobile App,3210.0
ORD-009731,C02022,Noah Garcia | France | Basic,Clothes,523.14,6,2025-07-12,Retail Store,3138.84
ORD-009732,C00337,Maya Patel | France | Basic,Books,622.91,4,2026-01-15,Mobile App,2491.64
ORD-009733,C01922,Mia Adams | Canada | Basic,Toys,106.55,6,2025-02-25,Website,639.3
ORD-009734,C02472,Chloe Thomas | Germany | Basic,Book,641.91,1,2025-06-16,Marketplace,641.91
ORD-009735,C01175,Ava Garcia | UAE | Basic,Office Supplies,411.73,3,2025-07-16,Website,1235.19
ORD-009736,C02406,Ethan Adams | Australia | Premium,Beauty,403.68,3,2025-06-19,Mobile App,1211.04
ORD-009737,C00365,Zoe Patel | United States | Premium,Office Supplies,405.37,3,2026-01-02,Retail Store,1216.11
ORD-009738,C01978,Liam Smith | United States | Plus,SPORTS,483.01,2,2025-04-20,Mobile App,966.02
ORD-009739,C00450,Layla Adams | Canada | Basic,Toys,127.87,4,2025-02-01,Website,511.48
ORD-009740,C00297,Isla Nelson | Canada | Premium,Electronics,307.57,2,2026-07-06,Mobile App,615.14
ORD-009741,C00546,Leo Lewis | France | Basic,electronic,177.01,3,2026-05-19,Marketplace,531.03
ORD-009742,C00089,Isla Davis | United Kingdom | Basic,Office Supplies,266.8,3,2025-03-15,Mobile App,800.4
ORD-009743,C02763,Daniel Garcia | Singapore | Plus,Beauty,187.56,1,2025-03-21,Retail Store,187.56
ORD-009744,C02028,Mia Brown | Germany | Premium,SPORTS,412.46,5,2026-03-14,Marketplace,2062.3
ORD-009745,C01396,Isla Ahmed | United Kingdom | Basic,Electronics,59.13,4,2025-11-11,Retail Store,236.52
ORD-009746,C02841,Chloe Ahmed | Germany | Premium,HOME & KITCHEN,507.43,4,2026-01-25,Retail Store,2029.72
ORD-009747,C02391,Ryan Hall | Australia | Basic,Sport,26.5,1,2026-07-23,Mobile App,26.5
ORD-009748,C02829,Nora Davis | France | Basic,OFFICE SUPPLIES,372.06,2,2025-06-07,Retail Store,744.12
ORD-009749,C00892,Lina Adams | Canada | Premium,Toys,129.82,1,2025-10-04,Marketplace,129.82
ORD-009750,C00004,Lucas Green | Canada | Plus,Books,184.27,6,2025-09-29,Mobile App,1105.62
ORD-009751,C02149,Jack Carter | United States | Basic,SPORTS,382.74,2,2025-01-15,Retail Store,765.48
ORD-009752,C00503,Ethan Anderson | France | Premium,Sports,504.52,3,2025-04-28,Website,1513.56
ORD-009753,C01771,Daniel Adams | UAE | Premium,Home & Kitchen,510.47,3,2025-09-23,Retail Store,1531.41
ORD-009754,C02374,Omar Miller | Australia | Plus,Books,9.46,1,2025-06-10,Mobile App,9.46
ORD-009755,C01470,James Taylor | United States | Plus,Clothing,299.07,1,2025-12-03,Marketplace,299.07
ORD-009756,C02682,Liam Taylor | France | Basic,Clothing,114.72,1,2025-07-08,Mobile App,114.72
ORD-009757,C00463,Sam Hassan | Canada | Basic,Books,109.2,2,2026-06-18,Mobile App,218.4
ORD-009758,C02818,Maya Clark | Singapore | Plus,Books,134.61,1,2025-04-12,Website,134.61
ORD-009759,C02914,Adam Adams | UAE | Basic,Books & Media,292.52,1,2025-07-02,Retail Store,292.52
ORD-009760,C01288,Amelia Martin | Australia | Premium,Sports,505.49,6,2026-04-04,Marketplace,3032.94
ORD-009761,C02295,Ella Nelson | France | Basic,Beauty,365.03,5,2026-02-08,Retail Store,1825.15
ORD-009762,C01861,James Patel | France | Premium,BEAUTY,339.09,1,2025-11-30,Website,339.09
ORD-009763,C02726,Ella Wright | France | Basic,Home & Kitchen,600.26,2,2026-07-07,Website,1200.52
ORD-009764,C02244,James Thomas | France | Basic,Electronics,387.42,4,2026-03-22,Mobile App,1549.68
ORD-009765,C00976,Adam Anderson | Canada | Basic,Beautyy,113.41,5,2026-06-22,Website,567.05
ORD-009766,C00304,Liam Patel | UAE | Premium,Toys,141.75,6,2025-01-23,Website,850.5
ORD-009767,C00381,Leo Hall | Australia | Basic,Electroncs,132.74,6,2026-06-25,Retail Store,796.44
ORD-009768,C01374,Liam Brown | Germany | Plus,Electronics,256.67,1,2026-01-24,Retail Store,256.67
ORD-009769,C02668,Mia Carter | Australia | Basic,Clothes,225.71,4,2026-07-22,Marketplace,902.84
ORD-009770,C02891,Noah Smith | France | Premium,Beauty,543.38,6,2025-11-11,Website,3260.28
ORD-009771,C00058,Alex Thomas | France | Basic,Toys,163.02,4,2025-05-22,Mobile App,652.08
ORD-009772,C01504,Olivia Baker | UAE | Basic,Home & Ktchen,496.43,1,2025-05-12,Mobile App,496.43
ORD-009773,C00849,Leo Carter | Germany | Basic,Office Supples,410.04,5,2025-09-28,Marketplace,2050.2
ORD-009774,C00238,Amelia Khan | Australia | Basic,CLOTHING,541.84,6,2025-12-28,Mobile App,3251.04
ORD-009775,C02889,Lina Lee | UAE | Plus,Beauty,596.66,6,2026-07-19,Retail Store,3579.96
ORD-009776,C01896,Olivia Lee | Germany | Basic,Books,239.72,1,2026-06-02,Marketplace,239.72
ORD-009777,C02313,Adam King | Canada | Plus,Beauty Products,506.75,4,2025-12-24,Website,2027.0
ORD-009778,C00951,Noah Khan | Germany | Basic,Electroncs,162.45,6,2026-05-12,Mobile App,974.7
ORD-009779,C00623,Isla Nelson | Canada | Premium,Office Supples,370.97,2,2025-04-01,Marketplace,741.94
ORD-009780,C00256,Nora Garcia | United Kingdom | Plus,Beautyy,548.19,4,2025-02-02,Website,2192.76
ORD-009781,C01182,Olivia Brown | United States | Premium,Toys & Games,621.92,2,2025-11-26,Marketplace,1243.84
ORD-009782,C00071,Henry Brown | Canada | Basic,Toy,604.89,4,2026-03-12,Marketplace,2419.56
ORD-009783,C01161,Sam Lee | Germany | Plus,Electronic Goods,385.62,4,2025-09-05,Retail Store,1542.48
ORD-009784,C00109,Yusuf Walker | United Kingdom | Basic,Clothing,84.92,1,2025-08-25,Mobile App,84.92
ORD-009785,C01818,Ava Walker | United Kingdom | Plus,BEAUTY,594.14,3,,Mobile App,1782.42
ORD-009786,C02585,Jack Miller | Singapore | Premium,Clothing,126.65,2,2025-03-11,Retail Store,253.3
ORD-009787,C02164,Sam Hall | Australia | Basic,Books,216.86,4,2025-06-09,Website,867.44
ORD-009788,C00401,Ava Lee | Singapore | Basic,Sports,242.29,1,2025-07-28,Retail Store,242.29
ORD-009789,C00434,Maya Patel | UAE | Plus,Books,28.06,6,2026-05-19,Website,168.36
ORD-009790,C00731,Leo Smith | France | Plus,OFFICE SUPPLIES,326.38,4,2025-04-29,Website,1305.52
ORD-009791,C00237,Maya Miller | Singapore | Basic,Home & Kitchen,258.18,6,2026-06-26,Mobile App,1549.08
ORD-009792,C02696,Omar Taylor | Germany | Basic,beauty ,441.16,1,2025-06-22,Retail Store,441.16
ORD-009793,C00572,James Baker | Australia | Basic,Toys,223.33,4,2026-01-08,Mobile App,893.32
ORD-009794,C02499,Sam King | Canada | Premium,Sport,321.88,2,2026-05-21,Mobile App,643.76
ORD-009795,C00845,Liam Patel | Germany | Basic,Electronics,372.31,2,2025-01-01,Marketplace,744.62
ORD-009796,C02216,Jack Thomas | Australia | Plus,Clothing & Apparel,633.62,6,2025-03-24,Retail Store,3801.72
ORD-009797,C00119,Lina Moore | Singapore | Plus,Toy,502.82,2,2025-04-29,Retail Store,1005.64
ORD-009798,C01190,Ryan Anderson | Canada | Basic,Books & Media,627.74,1,2025-05-26,Retail Store,627.74
ORD-009799,C02142,Adam Anderson | Germany | Premium,Home & Kitchen,127.88,2,2025-06-29,Marketplace,255.76
ORD-009800,C01248,Zoe Patel | UAE | Basic,Clothng,328.44,1,2025-07-03,Retail Store,328.44
ORD-009801,C02265,Amelia Green | Singapore | Plus,beauty ,232.62,1,2025-12-07,Retail Store,232.62
ORD-009802,C02000,Mia Hall | Germany | Basic,Home & Kitchen,604.46,2,2025-03-19,Mobile App,1208.92
ORD-009803,C01067,Sam Martin | Singapore | Plus,BOOKS,291.75,1,2025-12-27,Marketplace,291.75
ORD-009804,C01238,Alex Wilson | United States | Basic,SPORTS,49.9,4,2025-01-28,Retail Store,199.6
ORD-009805,C02876,Emma Young | Singapore | Basic,Sports,160.65,2,2025-07-20,Retail Store,321.3
ORD-009806,C02946,Amelia Walker | France | Basic,Beauty,244.48,5,2025-05-05,Mobile App,1222.4
ORD-009807,C00765,Liam Taylor | Australia | Basic,Electronics,144.88,3,2026-05-19,Marketplace,434.64
ORD-009808,C02176,Mia Carter | UAE | Basic,Clothing,343.98,3,2026-04-18,Retail Store,1031.94
ORD-009809,C02620,Liam Nelson | France | Basic,Books,429.23,2,2026-02-22,Mobile App,858.46
ORD-009810,C02305,Alex Baker | United Kingdom | Basic,ELECTRONICS,199.59,1,2026-04-22,Mobile App,199.59
ORD-009811,C00099,Yusuf Miller | Singapore | Basic,electronic,405.34,1,2025-05-21,Marketplace,405.34
ORD-009812,C01867,Noah Lee | Canada | Basic,Sports,116.64,5,2025-02-16,Marketplace,583.2
ORD-009813,C01661,Layla Taylor | Australia | Basic,Office Supples,156.73,6,2026-06-10,Website,940.38
ORD-009814,C01720,Adam Lewis | Canada | Basic,Toys,272.09,3,2026-04-28,Website,816.27
ORD-009815,C01405,Henry Davis | United States | Basic,Clothng,132.16,3,2025-09-07,Marketplace,396.48
ORD-009816,C01633,Amelia Davis | Germany | Plus,Clothing,318.36,4,2025-11-22,Mobile App,1273.44
ORD-009817,C01128,Omar Khan | France | Basic,Clothing,181.88,6,2025-10-29,Marketplace,1091.28
ORD-009818,C02368,Chloe Walker | Germany | Basic,Beauty,36.22,1,2026-06-09,Mobile App,36.22
ORD-009819,C01974,Sara Ahmed | France | Basic,Electronics,446.21,5,2025-02-08,Marketplace,2231.05
ORD-009820,C00272,Maya Garcia | Canada | Plus,Toys,136.67,4,2026-01-08,Retail Store,546.68
ORD-009821,C01231,Nora Hall | United States | Basic,Electroncs,436.24,1,2025-11-29,Mobile App,436.24
ORD-009822,C02507,Sam Moore | United States | Basic,Electronics,127.56,2,2025-04-23,Marketplace,255.12
ORD-009823,C02919,Liam Garcia | United Kingdom | Basic,Toys,25.98,4,2025-10-27,Website,103.92
ORD-009824,C02839,Ethan Young | Singapore | Plus,beauty ,464.05,3,2025-03-29,Retail Store,1392.15
ORD-009825,C00348,Sara Davis | Germany | Basic,Books,91.91,3,2025-08-30,Website,275.73
ORD-009826,C01349,Lina Walker | United States | Plus,SPORTS,389.47,5,2025-01-12,Website,1947.35
ORD-009827,C02743,James Anderson | UAE | Plus,Electronics,87.98,5,2026-03-27,Marketplace,439.9
ORD-009828,C00822,Sara Carter | UAE | Basic,BOOKS,498.16,6,2026-06-15,Retail Store,2988.96
ORD-009829,C01458,Sophia Ahmed | Singapore | Basic,Toys,466.86,3,2025-11-12,Mobile App,1400.58
ORD-009830,C01651,James Martin | France | Basic,Sports,525.53,2,2025-01-23,Mobile App,1051.06
ORD-009831,C00592,Ava Young | United States | Premium,Boks,314.43,4,2025-05-08,Retail Store,1257.72
ORD-009832,C02577,Liam Green | United Kingdom | Basic,Sports & Fitness,529.8,2,2026-01-12,Retail Store,1059.6
ORD-009833,C00333,Lucas Hassan | United States | Basic,Home & Kitchen,318.54,5,2025-10-30,Retail Store,1592.7
ORD-009834,C01866,Yusuf Mitchell | France | Plus,Office Supplies,251.75,2,2026-04-18,Marketplace,503.5
ORD-009835,C00930,Leo Ahmed | France | Plus,Toys & Games,51.82,1,2025-04-11,Website,51.82
ORD-009836,C00306,Ava Walker | United States | Plus,Books,485.18,1,2025-03-13,Mobile App,485.18
ORD-009837,C02958,Zoe Ahmed | Canada | Premium,Office Supplies,46.24,4,2025-08-28,Marketplace,184.96
ORD-009838,C01637,Isla Anderson | Singapore | Basic,Sprots,298.58,1,2025-01-03,Mobile App,298.58
ORD-009839,C01015,Layla Lee | UAE | Plus,TOYS,413.73,2,2026-03-11,Mobile App,827.46
ORD-009840,C01784,Ava Wright | Australia | Premium,Toy,290.92,6,2026-04-06,Website,1745.52
ORD-009841,C00071,Henry Brown | Canada | Basic,Home & Ktchen,178.75,6,2025-07-27,Mobile App,1072.5
ORD-009842,C00541,Nora Lewis | Australia | Basic,beauty ,311.85,5,2025-11-13,Website,1559.25
ORD-009843,C00631,Sara Hassan | United States | Basic,Beauty,612.59,4,2025-09-11,Website,2450.36
ORD-009844,C00904,Ella Baker | France | Basic,Clothng,45.48,5,2026-07-18,Website,227.4
ORD-009845,C02103,Henry Ahmed | France | Plus,HOME & KITCHEN,614.86,2,2025-02-21,Marketplace,1229.72
ORD-009846,C00248,Jack Green | France | Premium,Beauty,363.99,2,2025-06-19,Website,727.98
ORD-009847,C01257,Ethan Clark | Canada | Basic,Books,288.62,5,2025-12-30,Marketplace,1443.1
ORD-009848,C02531,Ella Young | United States | Basic,Sport,430.97,6,2025-12-11,Marketplace,2585.82
ORD-009849,C01448,Lucas Taylor | UAE | Basic,CLOTHING,507.48,2,2026-06-27,Website,1014.96
ORD-009850,C02241,Ella Ahmed | France | Premium,CLOTHING,197.31,3,2025-09-29,Retail Store,591.93
ORD-009851,C00967,Sophia Wilson | Germany | Basic,Books,336.85,1,2025-07-05,Marketplace,336.85
ORD-009852,C00143,Omar Moore | UAE | Basic,Toy,459.12,5,2025-02-18,Marketplace,2295.6
ORD-009853,C01336,Nora Walker | Singapore | Basic,BEAUTY,314.18,6,2025-03-31,Website,1885.08
ORD-009854,C00712,Noah King | United Kingdom | Basic,BOOKS,596.29,2,2025-10-01,Mobile App,1192.58
ORD-009855,C01123,Emma Lewis | UAE | Premium,Home Kitchen,88.63,3,2025-10-02,Mobile App,265.89
ORD-009856,C01329,Sophia Wilson | United Kingdom | Plus,Electronic Goods,78.79,5,2025-10-26,Marketplace,393.95
ORD-009857,C00952,Noah Taylor | United States | Basic,TOYS,60.22,2,2026-01-10,Mobile App,120.44
ORD-009858,C01146,Omar Moore | Singapore | Basic,Sports,594.27,2,2026-05-14,Mobile App,1188.54
ORD-009859,C01309,Maya Patel | United Kingdom | Plus,Office Supplies,288.56,1,2026-07-19,Marketplace,288.56
ORD-009860,C01488,Leo Young | United Kingdom | Basic,Toys,561.15,5,2026-07-07,Website,2805.75
ORD-009861,C01585,Emma Taylor | Canada | Plus,Sport,464.49,2,2026-07-16,Retail Store,928.98
ORD-009862,C02479,Ryan Johnson | United Kingdom | Plus,Office Supplies,122.86,4,2026-05-17,Retail Store,491.44
ORD-009863,C00637,Sophia Wright | UAE | Basic,Beauty,329.78,4,2025-10-13,Website,1319.12
ORD-009864,C02254,Henry Baker | United States | Basic,BEAUTY,613.47,3,2026-01-07,Mobile App,1840.41
ORD-009865,C02929,Zoe Mitchell | Australia | Plus,Office Supplies,32.45,2,2025-02-26,Mobile App,64.9
ORD-009866,C02804,Ella Johnson | Canada | Plus,Toy,397.57,6,2025-06-09,Website,2385.42
ORD-009867,C02047,Adam Hall | Singapore | Plus,Electronics,548.18,6,2025-03-12,Website,3289.08
ORD-009868,C01396,Isla Ahmed | United Kingdom | Basic,Clothing,463.76,6,2025-06-01,Retail Store,2782.56
ORD-009869,C02407,Amelia Hall | France | Basic,Sports,629.02,2,2026-01-02,Website,1258.04
ORD-009870,C01726,Ava Johnson | Australia | Premium,Clothng,176.06,2,2026-02-21,Retail Store,352.12
ORD-009871,C00237,Maya Miller | Singapore | Basic,Office Supplies,139.49,5,2025-04-08,Website,697.45
ORD-009872,C00617,Mia Thomas | Germany | Plus,Home & Kitchen,367.5,1,2025-02-02,Website,367.5
ORD-009873,C00958,Isla Lee | Germany | Basic,Electronics,17.53,2,2025-07-18,Marketplace,35.06
ORD-009874,C02030,Sara Walker | Australia | Basic,Beautyy,166.52,3,2025-10-03,Website,499.56
ORD-009875,C01037,Chloe Davis | Singapore | Basic,Electronics,296.73,1,2026-04-01,Mobile App,296.73
ORD-009876,C00245,Chloe Johnson | Germany | Plus,Office Supplies,317.5,3,2025-05-24,Retail Store,952.5
ORD-009877,C01782,Olivia Khan | United States | Basic,Books,79.08,1,2025-07-04,Mobile App,79.08
ORD-009878,C02298,Mia Martin | United Kingdom | Plus,Sports & Fitness,217.02,4,2026-07-02,Mobile App,868.08
ORD-009879,C02613,Ethan Thomas | France | Plus,Office Supplies,347.17,3,2025-12-22,Mobile App,1041.51
ORD-009880,C02159,Omar Miller | Australia | Basic,Office Supplies,104.62,4,2026-01-20,Website,418.48
ORD-009881,C02492,Chloe Clark | France | Plus,Toys ,483.92,4,2025-03-17,Retail Store,1935.68
ORD-009882,C02166,Layla Smith | Canada | Plus,Office Supply,177.74,3,2025-05-02,Website,533.22
ORD-009883,C02113,James Martin | UAE | Premium,Books & Media,262.16,4,2026-03-30,Marketplace,1048.64
ORD-009884,C02348,Yusuf King | Canada | Basic,Book,399.74,6,2026-02-20,Website,2398.44
ORD-009885,C01979,Sam Hall | Australia | Basic,Home Kitchen,122.45,1,2026-03-25,Retail Store,122.45
ORD-009886,C02646,Jack Ahmed | UAE | Basic,Sprots,386.63,1,2025-02-21,Website,386.63
ORD-009887,C02578,Henry Taylor | United Kingdom | Basic,Clothing,14.03,6,2026-01-03,Mobile App,84.18
ORD-009888,C00770,Sam Young | France | Premium,Home & Kitchen,172.14,2,2025-08-04,Retail Store,344.28
ORD-009889,C01285,Zoe Khan | France | Basic,Office Supplies,540.75,4,2026-01-24,Marketplace,2163.0
ORD-009890,C01230,Daniel Young | United States | Basic,Beauty,351.1,5,2026-01-22,Retail Store,1755.5
ORD-009891,C01168,Olivia Brown | Germany | Basic,Clothng,289.84,1,2026-05-22,Mobile App,289.84
ORD-009892,C00465,Chloe Moore | France | Basic,Home & Kitchen,621.58,6,2025-03-15,Website,3729.48
ORD-009893,C00652,Henry Moore | UAE | Plus,electronic,632.66,1,2025-04-03,Retail Store,632.66
ORD-009894,C01939,Liam Nelson | United States | Plus,BOOKS,142.22,3,2025-04-02,Mobile App,426.66
ORD-009895,C01332,Maya Lee | Canada | Basic,Sports,492.45,5,2025-10-30,Website,2462.25
ORD-009896,C01765,Ryan Ahmed | Germany | Premium,Clothing,379.01,5,2025-08-02,Website,1895.05
ORD-009897,C02793,Ava Clark | France | Plus,Sports,527.51,2,2025-09-17,Retail Store,1055.02
ORD-009898,C00754,Isla Moore | UAE | Plus,Books,126.72,1,2026-05-08,Retail Store,126.72
ORD-009899,C00238,Amelia Khan | Australia | Basic,Beauty,357.73,2,2025-09-03,Retail Store,715.46
ORD-009900,C02967,Ella Taylor | Canada | Premium,Office Supples,71.66,5,2025-01-18,Mobile App,358.3
ORD-009901,C02711,Liam Clark | United States | Plus,BEAUTY,368.21,1,2026-02-08,Marketplace,368.21
ORD-009902,C02080,Amelia Mitchell | United States | Plus,BEAUTY,47.86,3,2025-10-16,Website,143.58
ORD-009903,C01089,Lina Lewis | United Kingdom | Basic,Clothing,514.09,5,2025-06-23,Marketplace,2570.45
ORD-009904,C00784,Mia Hall | United Kingdom | Plus,Books,355.25,3,2025-04-12,Website,1065.75
ORD-009905,C02421,Lucas Johnson | Canada | Premium,Clothing,272.22,6,2025-09-01,Retail Store,1633.32
ORD-009906,C01799,Noah Hall | France | Basic,Clothing,172.9,2,2025-03-26,Mobile App,345.8
ORD-009907,C01463,Noah Carter | United States | Plus,Sports & Fitness,228.67,5,2026-03-10,Marketplace,1143.35
ORD-009908,C00812,Adam Brown | Singapore | Plus,Sports,531.15,3,2025-08-12,Mobile App,1593.45
ORD-009909,C02892,Sara Hassan | United States | Plus,Electronic Goods,564.23,6,2026-05-05,Website,3385.38
ORD-009910,C02161,Yusuf Ahmed | UAE | Basic,Sports,184.86,6,2026-03-19,Mobile App,1109.16
ORD-009911,C01322,Leo Clark | France | Plus,Home & Kitchen,333.79,5,2025-11-15,Website,1668.95
ORD-009912,C02608,Ava Adams | Australia | Premium,Boks,170.37,6,2025-07-13,Website,1022.22
ORD-009913,C00808,Maya Thomas | UAE | Basic,Toys,216.0,4,2026-01-19,Website,864.0
ORD-009914,C00583,Nora Johnson | United Kingdom | Plus,Home & Kitchen,182.2,5,2026-05-14,Retail Store,911.0
ORD-009915,C01661,Layla Taylor | Australia | Basic,Office Supplies,27.8,5,2025-01-14,Retail Store,139.0
ORD-009916,C02242,James Johnson | United Kingdom | Basic,Beauty,265.53,2,2025-05-08,Retail Store,531.06
ORD-009917,C00008,Zoe Lee | United Kingdom | Plus,TOYS,47.56,2,2025-06-28,Marketplace,95.12
ORD-009918,C02262,Emma Garcia | UAE | Basic,Sprots,468.85,6,2026-01-27,Mobile App,2813.1
ORD-009919,C02756,Olivia Walker | United Kingdom | Premium,Books,482.1,2,2025-08-26,Marketplace,964.2
ORD-009920,C02975,Lina Adams | France | Premium,Toys ,76.61,1,2025-10-21,Marketplace,76.61
ORD-009921,C00932,Daniel King | United Kingdom | Basic,Office Supplies,343.53,5,2026-04-07,Retail Store,1717.65
ORD-009922,C01241,Nora King | Singapore | Premium,Books,459.2,1,2025-11-17,Marketplace,459.2
ORD-009923,C02003,Isla Martin | Canada | Plus,Clothing,22.4,5,2026-04-10,Mobile App,112.0
ORD-009924,C02787,Olivia Young | Canada | Premium,Office Supplies,189.81,2,2025-11-11,Website,379.62
ORD-009925,C02532,Omar Miller | United States | Basic,Home Kitchen,209.52,2,2026-05-21,Marketplace,419.04
ORD-009926,C00771,Zoe Nelson | Australia | Plus,Office Supplies,160.6,6,2025-01-05,Mobile App,963.6
ORD-009927,C00052,Maya Lewis | UAE | Basic,Toys,444.62,6,2025-07-26,Mobile App,2667.72
ORD-009928,C01858,Henry Wilson | Australia | Basic,Home & Kitchen,256.6,5,2026-05-16,Retail Store,1283.0
ORD-009929,C01923,Lina Walker | Canada | Plus,Home & Kitchen,164.95,5,2026-02-11,Marketplace,824.75
ORD-009930,C02258,Zoe Moore | United States | Basic,Office Supplies,620.52,6,2026-05-09,Mobile App,3723.12
ORD-009931,C02075,Noah Patel | Germany | Basic,Home & Ktchen,178.82,5,2026-01-12,Retail Store,894.1
ORD-009932,C01707,Adam Anderson | France | Basic,Electroncs,183.05,2,2025-04-08,Mobile App,366.1
ORD-009933,C01263,Ryan Johnson | Australia | Plus,Toys,112.6,1,2026-01-26,Website,112.6
ORD-009934,C01779,Leo Green | France | Plus,Toys,59.37,1,2025-10-01,Website,59.37
ORD-009935,C02432,Emma Carter | France | Basic,Electronics,22.82,2,2025-07-08,Retail Store,45.64
ORD-009936,C02826,Zoe Adams | United States | Basic,Sprots,422.65,2,2026-03-13,Retail Store,845.3
ORD-009937,C02884,Henry Wilson | UAE | Premium,Home & Kitchen,315.83,6,2025-03-05,Mobile App,1894.98
ORD-009938,C00383,Adam Taylor | Australia | Plus,Beauty,522.95,5,2025-09-12,Mobile App,2614.75
ORD-009939,C00501,Ella Ahmed | Germany | Basic,Boks,227.26,6,2025-06-19,Marketplace,1363.56
ORD-009940,C00744,Ryan Hall | UAE | Plus,BOOKS,352.72,6,2025-07-19,Mobile App,2116.32
ORD-009941,C00585,Omar Patel | Australia | Basic,beauty ,635.87,4,2025-12-24,Website,2543.48
ORD-009942,C01811,Adam Khan | United States | Basic,Clothing,12.56,5,2026-05-10,Marketplace,62.8
ORD-009943,C00265,Layla Wright | France | Basic,Beauty Products,89.59,3,2026-06-19,Retail Store,268.77
ORD-009944,C02323,Leo Nelson | Singapore | Premium,Office Supplies,606.9,6,2025-05-27,Retail Store,3641.4
ORD-009945,C02106,Daniel Taylor | United Kingdom | Basic,Toys,46.5,5,2026-03-01,Retail Store,232.5
ORD-009946,C02830,Ava Hassan | France | Premium,Home & Kitchen,179.21,6,2026-01-24,Mobile App,1075.26
ORD-009947,C00555,Ava Wright | Singapore | Basic,Beauty,439.97,4,2025-04-16,Marketplace,1759.88
ORD-009948,C00530,Sophia Green | Australia | Plus,Toys & Games,128.01,3,2025-01-27,Retail Store,384.03
ORD-009949,C01803,Sam Taylor | United States | Basic,Office Supples,569.46,5,2025-11-27,Marketplace,2847.3
ORD-009950,C01052,Daniel Baker | UAE | Basic,Office Supples,622.94,3,2026-06-13,Mobile App,1868.82
ORD-009951,C01344,Yusuf Green | UAE | Basic,Books,543.67,6,2025-05-08,Marketplace,3262.02
ORD-009952,C02667,Ava Clark | Singapore | Plus,Clothing,438.59,5,2026-05-14,Website,2192.95
ORD-009953,C00066,Yusuf Hall | United Kingdom | Plus,Home & Ktchen,357.96,3,2026-01-02,Retail Store,1073.88
ORD-009954,C01203,Noah Mitchell | Germany | Basic,Electronics,288.79,4,2026-03-11,Website,1155.16
ORD-009955,C00303,Noah Patel | Australia | Basic,Clothing,211.09,1,2026-05-20,Mobile App,211.09
ORD-009956,C01273,Amelia Martin | Singapore | Basic,Beauty,238.37,2,2025-07-13,Retail Store,476.74
ORD-009957,C00471,Olivia Martin | Canada | Basic,HOME & KITCHEN,85.69,2,2025-08-21,Website,171.38
ORD-009958,C02540,Jack Anderson | UAE | Basic,Electroncs,633.75,1,2026-06-07,Website,633.75
ORD-009959,C02268,Daniel King | Australia | Basic,Sports,90.75,1,2026-06-16,Retail Store,90.75
ORD-009960,C00408,James Adams | Singapore | Plus,Sports & Fitness,368.23,2,2026-05-17,Mobile App,736.46
ORD-009961,C01026,Daniel Taylor | Canada | Basic,Electronic Goods,514.25,1,2025-11-02,Mobile App,514.25
ORD-009962,C00635,Amelia Nelson | UAE | Basic,Books,30.91,3,2025-09-30,Website,92.73
ORD-009963,C00408,James Adams | Singapore | Plus,Sports & Fitness,489.22,1,2026-07-10,Website,489.22
ORD-009964,C02630,Yusuf Adams | United Kingdom | Plus,Home & Kitchen,622.05,4,2026-04-23,Mobile App,2488.2
ORD-009965,C01151,Ryan Mitchell | Singapore | Premium,Home & Ktchen,124.87,3,2025-05-13,Retail Store,374.61
ORD-009966,C01299,Lucas Anderson | UAE | Premium,Books,80.14,3,2025-02-24,Website,240.42
ORD-009967,C00005,Ava Lewis | UAE | Premium,Beauty,489.88,6,2025-08-14,Mobile App,2939.28
ORD-009968,C01102,Leo Lewis | Australia | Premium,Electronics,177.37,1,2025-07-03,Retail Store,177.37
ORD-009969,C02758,Daniel Hassan | France | Basic,Toys,209.24,4,2025-07-12,Marketplace,836.96
ORD-009970,C02102,Liam Martin | Singapore | Basic,Office Supplies,161.35,6,2025-11-30,Marketplace,968.1
ORD-009971,C02532,Omar Miller | United States | Basic,Office Supplies,413.45,4,2026-03-23,Mobile App,1653.8
ORD-009972,C00652,Henry Moore | UAE | Plus,Sports,281.59,4,2025-11-04,Mobile App,1126.36
ORD-009973,C02340,Chloe Khan | France | Plus,Office Supply,412.27,0,2025-06-08,Marketplace,1236.81
ORD-009974,C01274,Leo Davis | United Kingdom | Premium,Home & Ktchen,292.43,6,2025-12-25,Mobile App,1754.58
ORD-009975,C02448,Lina Taylor | Canada | Plus,TOYS,240.1,4,2026-02-27,Mobile App,960.4
ORD-009976,C00489,Ryan Carter | United States | Premium,Electronics,153.93,4,2025-12-10,Website,615.72
ORD-009977,C00248,Jack Green | France | Premium,OFFICE SUPPLIES,46.28,5,2025-10-28,Retail Store,231.4
ORD-009978,C01513,Ethan Johnson | Germany | Basic,Toys,511.32,6,2026-04-26,Retail Store,3067.92
ORD-009979,C00149,Ethan Martin | United Kingdom | Plus,Beauty Products,317.09,3,2025-09-23,Marketplace,951.27
ORD-009980,C01294,Sophia Smith | UAE | Basic,ELECTRONICS,182.67,6,2026-07-21,Mobile App,1096.02
ORD-009981,C00841,Lina Walker | Australia | Basic,Book,369.87,5,2025-05-06,Marketplace,1849.35
ORD-009982,C01366,Lina Wilson | United States | Basic,Office Supplies,63.49,2,2025-02-27,Retail Store,126.98
ORD-009983,C02029,Liam Khan | Singapore | Plus,Sprots,553.65,4,2026-03-12,Website,2214.6
ORD-009984,C02789,Mia Lee | United Kingdom | Plus,Toys,583.29,5,2026-04-12,Mobile App,2916.45
ORD-009985,C02117,Olivia Smith | Singapore | Basic,Toys,350.77,1,2025-11-26,Mobile App,350.77
ORD-009986,C02649,Maya Walker | United Kingdom | Basic,Electronics,149.32,3,2026-01-22,Retail Store,447.96
ORD-009987,C02831,Omar Wright | France | Basic,Electronics,559.03,3,2025-05-27,Mobile App,1677.09
ORD-009988,C00673,Leo Mitchell | France | Basic,Books,518.78,6,2026-03-23,Retail Store,3112.68
ORD-009989,C02924,Sam Johnson | United Kingdom | Basic,Toys,169.87,4,2026-01-21,Marketplace,679.48
ORD-009990,C01570,Maya Khan | Germany | Basic,Beauty,550.2,5,2026-03-12,Retail Store,2751.0
ORD-009991,C00825,Olivia Adams | France | Basic,Electronics,74.25,2,2026-04-28,Marketplace,148.5
ORD-009992,C02176,Mia Carter | UAE | Basic,Office Supplies,298.26,4,2026-04-01,Retail Store,1193.04
ORD-009993,C02723,Ava Miller | UAE | Basic,Clothing,139.0,1,2025-04-05,Mobile App,139.0
ORD-009994,C02410,Chloe Johnson | United States | Basic,Office Supplies,105.38,3,2026-03-14,Marketplace,316.14
ORD-009995,C02151,Omar Ahmed | Germany | Premium,Sports,518.79,5,2026-02-22,Website,2593.95
ORD-009996,C02896,Ryan Young | Germany | Basic,HOME & KITCHEN,237.15,5,2025-10-06,Mobile App,1185.75
ORD-009997,C01175,Ava Garcia | UAE | Basic,Electronics,439.98,6,2026-02-16,Mobile App,2639.88
ORD-009998,C01329,Sophia Wilson | United Kingdom | Plus,Clothing & Apparel,513.76,1,2026-06-09,Website,513.76
ORD-009999,C02030,Sara Walker | Australia | Basic,Toys,591.19,4,2025-06-02,Retail Store,2364.76
ORD-010000,C00921,Liam Wilson | France | Plus,Toys,503.22,1,2025-01-02,Mobile App,503.22
